2026-09-18 02:44:45.803808: I tensorflow/core/util/port.cc:113] oneDNN custom operations are on. You may see slightly different numerical results due to floating-point round-off errors from different computation orders. To turn them off, set the environment variable `TF_ENABLE_ONEDNN_OPTS=0`.
2026-09-18 02:44:45.840964: E external/local_xla/xla/stream_executor/cuda/cuda_dnn.cc:9261] Unable to register cuDNN factory: Attempting to register factory for plugin cuDNN when one has already been registered
2026-09-18 02:44:45.840984: E external/local_xla/xla/stream_executor/cuda/cuda_fft.cc:607] Unable to register cuFFT factory: Attempting to register factory for plugin cuFFT when one has already been registered
2026-09-18 02:44:45.842263: E external/local_xla/xla/stream_executor/cuda/cuda_blas.cc:1515] Unable to register cuBLAS factory: Attempting to register factory for plugin cuBLAS when one has already been registered
2026-09-18 02:44:45.848408: I tensorflow/core/platform/cpu_feature_guard.cc:182] This TensorFlow binary is optimized to use available CPU instructions in performance-critical operations.
To enable the following instructions: AVX2 AVX512F AVX512_VNNI FMA, in other operations, rebuild TensorFlow with the appropriate compiler flags.
2026-09-18 02:44:46.609001: W tensorflow/compiler/tf2tensorrt/utils/py_utils.cc:38] TF-TRT Warning: Could not find TensorRT
[robosuite WARNING] No private macro file found! (__init__.py:7)
[robosuite WARNING] It is recommended to use a private macro file (__init__.py:8)
[robosuite WARNING] To setup, run: python /root/miniconda3/envs/qvla-oft/lib/python3.10/site-packages/robosuite/scripts/setup_macros.py (__init__.py:9)
Gym has been unmaintained since 2022 and does not support NumPy 2.0 amongst other critical functionality.
Please upgrade to Gymnasium, the maintained drop-in replacement of Gym, or contact the authors of your software and request that they upgrade.
Users of this version of Gym should be able to simply replace 'import gym' with 'import gymnasium as gym' in the vast majority of cases.
See the migration guide at https://gymnasium.farama.org/introduction/migration_guide/ for additional information.
Using LIBERO constants:
  NUM_ACTIONS_CHUNK = 8
  ACTION_DIM = 7
  PROPRIO_DIM = 8
  ACTION_PROPRIO_NORMALIZATION_TYPE = bounds_q99
If needed, manually set the correct constants in `prismatic/vla/constants.py`!
VILA is not installed. Multimodal features will not be available. To activate, please install VILA at https://github.com/NVlabs/VILA.
[official-quant] scope={"fused_vision": 105, "language": 224, "primary_vision": 93, "total": 422, "unexpected": 0, "vision": 198}
Loading checkpoint shards:   0%|          | 0/4 [00:00<?, ?it/s]Loading checkpoint shards:  25%|██▌       | 1/4 [00:00<00:01,  2.26it/s]Loading checkpoint shards:  50%|█████     | 2/4 [00:00<00:00,  3.52it/s]Loading checkpoint shards:  75%|███████▌  | 3/4 [00:00<00:00,  4.29it/s]Loading checkpoint shards: 100%|██████████| 4/4 [00:00<00:00,  4.80it/s]Loading checkpoint shards: 100%|██████████| 4/4 [00:00<00:00,  4.17it/s]
[official-awq] 1/224 language_model.model.layers.0.self_attn.q_proj
[official-awq] 2/224 language_model.model.layers.0.self_attn.k_proj
[official-awq] 3/224 language_model.model.layers.0.self_attn.v_proj
[official-awq] 4/224 language_model.model.layers.0.self_attn.o_proj
[official-awq] 5/224 language_model.model.layers.0.mlp.gate_proj
[official-awq] 6/224 language_model.model.layers.0.mlp.up_proj
[official-awq] 7/224 language_model.model.layers.0.mlp.down_proj
[official-awq] 8/224 language_model.model.layers.1.self_attn.q_proj
[official-awq] 9/224 language_model.model.layers.1.self_attn.k_proj
[official-awq] 10/224 language_model.model.layers.1.self_attn.v_proj
[official-awq] 11/224 language_model.model.layers.1.self_attn.o_proj
[official-awq] 12/224 language_model.model.layers.1.mlp.gate_proj
[official-awq] 13/224 language_model.model.layers.1.mlp.up_proj
[official-awq] 14/224 language_model.model.layers.1.mlp.down_proj
[official-awq] 15/224 language_model.model.layers.2.self_attn.q_proj
[official-awq] 16/224 language_model.model.layers.2.self_attn.k_proj
[official-awq] 17/224 language_model.model.layers.2.self_attn.v_proj
[official-awq] 18/224 language_model.model.layers.2.self_attn.o_proj
[official-awq] 19/224 language_model.model.layers.2.mlp.gate_proj
[official-awq] 20/224 language_model.model.layers.2.mlp.up_proj
[official-awq] 21/224 language_model.model.layers.2.mlp.down_proj
[official-awq] 22/224 language_model.model.layers.3.self_attn.q_proj
[official-awq] 23/224 language_model.model.layers.3.self_attn.k_proj
[official-awq] 24/224 language_model.model.layers.3.self_attn.v_proj
[official-awq] 25/224 language_model.model.layers.3.self_attn.o_proj
[official-awq] 26/224 language_model.model.layers.3.mlp.gate_proj
[official-awq] 27/224 language_model.model.layers.3.mlp.up_proj
[official-awq] 28/224 language_model.model.layers.3.mlp.down_proj
[official-awq] 29/224 language_model.model.layers.4.self_attn.q_proj
[official-awq] 30/224 language_model.model.layers.4.self_attn.k_proj
[official-awq] 31/224 language_model.model.layers.4.self_attn.v_proj
[official-awq] 32/224 language_model.model.layers.4.self_attn.o_proj
[official-awq] 33/224 language_model.model.layers.4.mlp.gate_proj
[official-awq] 34/224 language_model.model.layers.4.mlp.up_proj
[official-awq] 35/224 language_model.model.layers.4.mlp.down_proj
[official-awq] 36/224 language_model.model.layers.5.self_attn.q_proj
[official-awq] 37/224 language_model.model.layers.5.self_attn.k_proj
[official-awq] 38/224 language_model.model.layers.5.self_attn.v_proj
[official-awq] 39/224 language_model.model.layers.5.self_attn.o_proj
[official-awq] 40/224 language_model.model.layers.5.mlp.gate_proj
[official-awq] 41/224 language_model.model.layers.5.mlp.up_proj
[official-awq] 42/224 language_model.model.layers.5.mlp.down_proj
[official-awq] 43/224 language_model.model.layers.6.self_attn.q_proj
[official-awq] 44/224 language_model.model.layers.6.self_attn.k_proj
[official-awq] 45/224 language_model.model.layers.6.self_attn.v_proj
[official-awq] 46/224 language_model.model.layers.6.self_attn.o_proj
[official-awq] 47/224 language_model.model.layers.6.mlp.gate_proj
[official-awq] 48/224 language_model.model.layers.6.mlp.up_proj
[official-awq] 49/224 language_model.model.layers.6.mlp.down_proj
[official-awq] 50/224 language_model.model.layers.7.self_attn.q_proj
[official-awq] 51/224 language_model.model.layers.7.self_attn.k_proj
[official-awq] 52/224 language_model.model.layers.7.self_attn.v_proj
[official-awq] 53/224 language_model.model.layers.7.self_attn.o_proj
[official-awq] 54/224 language_model.model.layers.7.mlp.gate_proj
[official-awq] 55/224 language_model.model.layers.7.mlp.up_proj
[official-awq] 56/224 language_model.model.layers.7.mlp.down_proj
[official-awq] 57/224 language_model.model.layers.8.self_attn.q_proj
[official-awq] 58/224 language_model.model.layers.8.self_attn.k_proj
[official-awq] 59/224 language_model.model.layers.8.self_attn.v_proj
[official-awq] 60/224 language_model.model.layers.8.self_attn.o_proj
[official-awq] 61/224 language_model.model.layers.8.mlp.gate_proj
[official-awq] 62/224 language_model.model.layers.8.mlp.up_proj
[official-awq] 63/224 language_model.model.layers.8.mlp.down_proj
[official-awq] 64/224 language_model.model.layers.9.self_attn.q_proj
[official-awq] 65/224 language_model.model.layers.9.self_attn.k_proj
[official-awq] 66/224 language_model.model.layers.9.self_attn.v_proj
[official-awq] 67/224 language_model.model.layers.9.self_attn.o_proj
[official-awq] 68/224 language_model.model.layers.9.mlp.gate_proj
[official-awq] 69/224 language_model.model.layers.9.mlp.up_proj
[official-awq] 70/224 language_model.model.layers.9.mlp.down_proj
[official-awq] 71/224 language_model.model.layers.10.self_attn.q_proj
[official-awq] 72/224 language_model.model.layers.10.self_attn.k_proj
[official-awq] 73/224 language_model.model.layers.10.self_attn.v_proj
[official-awq] 74/224 language_model.model.layers.10.self_attn.o_proj
[official-awq] 75/224 language_model.model.layers.10.mlp.gate_proj
[official-awq] 76/224 language_model.model.layers.10.mlp.up_proj
[official-awq] 77/224 language_model.model.layers.10.mlp.down_proj
[official-awq] 78/224 language_model.model.layers.11.self_attn.q_proj
[official-awq] 79/224 language_model.model.layers.11.self_attn.k_proj
[official-awq] 80/224 language_model.model.layers.11.self_attn.v_proj
[official-awq] 81/224 language_model.model.layers.11.self_attn.o_proj
[official-awq] 82/224 language_model.model.layers.11.mlp.gate_proj
[official-awq] 83/224 language_model.model.layers.11.mlp.up_proj
[official-awq] 84/224 language_model.model.layers.11.mlp.down_proj
[official-awq] 85/224 language_model.model.layers.12.self_attn.q_proj
[official-awq] 86/224 language_model.model.layers.12.self_attn.k_proj
[official-awq] 87/224 language_model.model.layers.12.self_attn.v_proj
[official-awq] 88/224 language_model.model.layers.12.self_attn.o_proj
[official-awq] 89/224 language_model.model.layers.12.mlp.gate_proj
[official-awq] 90/224 language_model.model.layers.12.mlp.up_proj
[official-awq] 91/224 language_model.model.layers.12.mlp.down_proj
[official-awq] 92/224 language_model.model.layers.13.self_attn.q_proj
[official-awq] 93/224 language_model.model.layers.13.self_attn.k_proj
[official-awq] 94/224 language_model.model.layers.13.self_attn.v_proj
[official-awq] 95/224 language_model.model.layers.13.self_attn.o_proj
[official-awq] 96/224 language_model.model.layers.13.mlp.gate_proj
[official-awq] 97/224 language_model.model.layers.13.mlp.up_proj
[official-awq] 98/224 language_model.model.layers.13.mlp.down_proj
[official-awq] 99/224 language_model.model.layers.14.self_attn.q_proj
[official-awq] 100/224 language_model.model.layers.14.self_attn.k_proj
[official-awq] 101/224 language_model.model.layers.14.self_attn.v_proj
[official-awq] 102/224 language_model.model.layers.14.self_attn.o_proj
[official-awq] 103/224 language_model.model.layers.14.mlp.gate_proj
[official-awq] 104/224 language_model.model.layers.14.mlp.up_proj
[official-awq] 105/224 language_model.model.layers.14.mlp.down_proj
[official-awq] 106/224 language_model.model.layers.15.self_attn.q_proj
[official-awq] 107/224 language_model.model.layers.15.self_attn.k_proj
[official-awq] 108/224 language_model.model.layers.15.self_attn.v_proj
[official-awq] 109/224 language_model.model.layers.15.self_attn.o_proj
[official-awq] 110/224 language_model.model.layers.15.mlp.gate_proj
[official-awq] 111/224 language_model.model.layers.15.mlp.up_proj
[official-awq] 112/224 language_model.model.layers.15.mlp.down_proj
[official-awq] 113/224 language_model.model.layers.16.self_attn.q_proj
[official-awq] 114/224 language_model.model.layers.16.self_attn.k_proj
[official-awq] 115/224 language_model.model.layers.16.self_attn.v_proj
[official-awq] 116/224 language_model.model.layers.16.self_attn.o_proj
[official-awq] 117/224 language_model.model.layers.16.mlp.gate_proj
[official-awq] 118/224 language_model.model.layers.16.mlp.up_proj
[official-awq] 119/224 language_model.model.layers.16.mlp.down_proj
[official-awq] 120/224 language_model.model.layers.17.self_attn.q_proj
<frozen importlib._bootstrap>:283: DeprecationWarning: the load_module() method is deprecated and slated for removal in Python 3.12; use exec_module() instead
[official-awq] 121/224 language_model.model.layers.17.self_attn.k_proj
[official-awq] 122/224 language_model.model.layers.17.self_attn.v_proj
[official-awq] 123/224 language_model.model.layers.17.self_attn.o_proj
[official-awq] 124/224 language_model.model.layers.17.mlp.gate_proj
[official-awq] 125/224 language_model.model.layers.17.mlp.up_proj
[official-awq] 126/224 language_model.model.layers.17.mlp.down_proj
[official-awq] 127/224 language_model.model.layers.18.self_attn.q_proj
[official-awq] 128/224 language_model.model.layers.18.self_attn.k_proj
[official-awq] 129/224 language_model.model.layers.18.self_attn.v_proj
[official-awq] 130/224 language_model.model.layers.18.self_attn.o_proj
[official-awq] 131/224 language_model.model.layers.18.mlp.gate_proj
[official-awq] 132/224 language_model.model.layers.18.mlp.up_proj
[official-awq] 133/224 language_model.model.layers.18.mlp.down_proj
[official-awq] 134/224 language_model.model.layers.19.self_attn.q_proj
[official-awq] 135/224 language_model.model.layers.19.self_attn.k_proj
[official-awq] 136/224 language_model.model.layers.19.self_attn.v_proj
[official-awq] 137/224 language_model.model.layers.19.self_attn.o_proj
[official-awq] 138/224 language_model.model.layers.19.mlp.gate_proj
[official-awq] 139/224 language_model.model.layers.19.mlp.up_proj
[official-awq] 140/224 language_model.model.layers.19.mlp.down_proj
[official-awq] 141/224 language_model.model.layers.20.self_attn.q_proj
[official-awq] 142/224 language_model.model.layers.20.self_attn.k_proj
[official-awq] 143/224 language_model.model.layers.20.self_attn.v_proj
[official-awq] 144/224 language_model.model.layers.20.self_attn.o_proj
[official-awq] 145/224 language_model.model.layers.20.mlp.gate_proj
[official-awq] 146/224 language_model.model.layers.20.mlp.up_proj
[official-awq] 147/224 language_model.model.layers.20.mlp.down_proj
[official-awq] 148/224 language_model.model.layers.21.self_attn.q_proj
[official-awq] 149/224 language_model.model.layers.21.self_attn.k_proj
[official-awq] 150/224 language_model.model.layers.21.self_attn.v_proj
[official-awq] 151/224 language_model.model.layers.21.self_attn.o_proj
[official-awq] 152/224 language_model.model.layers.21.mlp.gate_proj
[official-awq] 153/224 language_model.model.layers.21.mlp.up_proj
[official-awq] 154/224 language_model.model.layers.21.mlp.down_proj
[official-awq] 155/224 language_model.model.layers.22.self_attn.q_proj
[official-awq] 156/224 language_model.model.layers.22.self_attn.k_proj
[official-awq] 157/224 language_model.model.layers.22.self_attn.v_proj
[official-awq] 158/224 language_model.model.layers.22.self_attn.o_proj
[official-awq] 159/224 language_model.model.layers.22.mlp.gate_proj
[official-awq] 160/224 language_model.model.layers.22.mlp.up_proj
[official-awq] 161/224 language_model.model.layers.22.mlp.down_proj
[official-awq] 162/224 language_model.model.layers.23.self_attn.q_proj
[official-awq] 163/224 language_model.model.layers.23.self_attn.k_proj
[official-awq] 164/224 language_model.model.layers.23.self_attn.v_proj
[official-awq] 165/224 language_model.model.layers.23.self_attn.o_proj
[official-awq] 166/224 language_model.model.layers.23.mlp.gate_proj
[official-awq] 167/224 language_model.model.layers.23.mlp.up_proj
[official-awq] 168/224 language_model.model.layers.23.mlp.down_proj
[official-awq] 169/224 language_model.model.layers.24.self_attn.q_proj
[official-awq] 170/224 language_model.model.layers.24.self_attn.k_proj
[official-awq] 171/224 language_model.model.layers.24.self_attn.v_proj
[official-awq] 172/224 language_model.model.layers.24.self_attn.o_proj
[official-awq] 173/224 language_model.model.layers.24.mlp.gate_proj
[official-awq] 174/224 language_model.model.layers.24.mlp.up_proj
[official-awq] 175/224 language_model.model.layers.24.mlp.down_proj
[official-awq] 176/224 language_model.model.layers.25.self_attn.q_proj
[official-awq] 177/224 language_model.model.layers.25.self_attn.k_proj
[official-awq] 178/224 language_model.model.layers.25.self_attn.v_proj
[official-awq] 179/224 language_model.model.layers.25.self_attn.o_proj
[official-awq] 180/224 language_model.model.layers.25.mlp.gate_proj
[official-awq] 181/224 language_model.model.layers.25.mlp.up_proj
[official-awq] 182/224 language_model.model.layers.25.mlp.down_proj
[official-awq] 183/224 language_model.model.layers.26.self_attn.q_proj
[official-awq] 184/224 language_model.model.layers.26.self_attn.k_proj
[official-awq] 185/224 language_model.model.layers.26.self_attn.v_proj
[official-awq] 186/224 language_model.model.layers.26.self_attn.o_proj
[official-awq] 187/224 language_model.model.layers.26.mlp.gate_proj
[official-awq] 188/224 language_model.model.layers.26.mlp.up_proj
[official-awq] 189/224 language_model.model.layers.26.mlp.down_proj
[official-awq] 190/224 language_model.model.layers.27.self_attn.q_proj
[official-awq] 191/224 language_model.model.layers.27.self_attn.k_proj
[official-awq] 192/224 language_model.model.layers.27.self_attn.v_proj
[official-awq] 193/224 language_model.model.layers.27.self_attn.o_proj
[official-awq] 194/224 language_model.model.layers.27.mlp.gate_proj
[official-awq] 195/224 language_model.model.layers.27.mlp.up_proj
[official-awq] 196/224 language_model.model.layers.27.mlp.down_proj
[official-awq] 197/224 language_model.model.layers.28.self_attn.q_proj
[official-awq] 198/224 language_model.model.layers.28.self_attn.k_proj
[official-awq] 199/224 language_model.model.layers.28.self_attn.v_proj
[official-awq] 200/224 language_model.model.layers.28.self_attn.o_proj
[official-awq] 201/224 language_model.model.layers.28.mlp.gate_proj
[official-awq] 202/224 language_model.model.layers.28.mlp.up_proj
[official-awq] 203/224 language_model.model.layers.28.mlp.down_proj
[official-awq] 204/224 language_model.model.layers.29.self_attn.q_proj
[official-awq] 205/224 language_model.model.layers.29.self_attn.k_proj
[official-awq] 206/224 language_model.model.layers.29.self_attn.v_proj
[official-awq] 207/224 language_model.model.layers.29.self_attn.o_proj
[official-awq] 208/224 language_model.model.layers.29.mlp.gate_proj
[official-awq] 209/224 language_model.model.layers.29.mlp.up_proj
[official-awq] 210/224 language_model.model.layers.29.mlp.down_proj
[official-awq] 211/224 language_model.model.layers.30.self_attn.q_proj
[official-awq] 212/224 language_model.model.layers.30.self_attn.k_proj
[official-awq] 213/224 language_model.model.layers.30.self_attn.v_proj
[official-awq] 214/224 language_model.model.layers.30.self_attn.o_proj
[official-awq] 215/224 language_model.model.layers.30.mlp.gate_proj
[official-awq] 216/224 language_model.model.layers.30.mlp.up_proj
[official-awq] 217/224 language_model.model.layers.30.mlp.down_proj
[official-awq] 218/224 language_model.model.layers.31.self_attn.q_proj
[official-awq] 219/224 language_model.model.layers.31.self_attn.k_proj
[official-awq] 220/224 language_model.model.layers.31.self_attn.v_proj
[official-awq] 221/224 language_model.model.layers.31.self_attn.o_proj
[official-awq] 222/224 language_model.model.layers.31.mlp.gate_proj
[official-awq] 223/224 language_model.model.layers.31.mlp.up_proj
[official-awq] 224/224 language_model.model.layers.31.mlp.down_proj
[official-quant] method=awq weight_bits=2 activation_bits=16 profile_targets=422 scope=language
[official-quant] BF16 exclusions=projector,proprio_projector,action_head,embeddings,norms
[official-quant] candidate={"applied_target_bits": {"2": 224}, "applied_targets": 224, "name": "profile", "profiles": [{"path": "/root/autodl-tmp/qvla-repro/artifacts/awq-language-g64-family-no-clip-derived/w2-g64-language-no-clip-attention.pt", "sha256": "b57bef4ba57e70da0687dfbbb52bf894269d41a29e4c8dd7c526ef5b2a6cf821"}], "removed_language_clips": 0, "scope": "language", "target_group_counts": {"64": 422}, "w4_layers": ""}
[official-quant] using preloaded model
09/18 [02:45:30] INFO     | >> Logging to local log file: run_libero_eval.py:223
                          /root/autodl-tmp/qvla-repro/eva                       
                          l/awq-scope-shard-language-w2-g                       
                          64-no-clip-attention-10-19-2026                       
                          0918-024442-84914/language-w2-g                       
                          64-no-clip-attention/EVAL-liber                       
                          o_spatial-openvla-2026_09_18-02                       
                          _45_04.txt                                            
                 INFO     | >> SEED_PROTOCOL {"env_seed": run_libero_eval.py:238
                          0, "model_seed": 0, "protocol":                       
                          "paired",                                             
                          "pythonhashseed_at_launch":                           
                          "0", "runner_sha256":                                 
                          "fe37e8097c286e1946e5194a1f817a                       
                          2b2362d167a6a5a49443c5aa20314d8                       
                          873", "strict": false}                                
[info] using task orders [0, 1, 2, 3, 4, 5, 6, 7, 8, 9]
                 INFO     | >> Task suite: libero_spatial run_libero_eval.py:238
  0%|          | 0/10 [00:00<?, ?it/s]                 INFO     | >> Using default initial      run_libero_eval.py:238
                          states                                                

  0%|          | 0/10 [00:00<?, ?it/s][A09/18 [02:45:33] INFO     | >>                            run_libero_eval.py:238
                          Task: pick up the black bowl                          
                          between the plate and the                             
                          ramekin and place it on the                           
                          plate                                                 
                 INFO     | >> Starting episode 1...      run_libero_eval.py:238
                 INFO     | >> EPISODE_MANIFEST           run_libero_eval.py:238
                          {"env_seed": 1329864394,                              
                          "init_state_dtype": "float64",                        
                          "init_state_index": 10,                               
                          "init_state_sha256":                                  
                          "f6ce6f7f25326bedc23933bb436b5f                       
                          6eb4810cef61184635c75395e557e18                       
                          08f", "init_state_shape": [92],                       
                          "model_seed": 3620232980,                             
                          "protocol": "paired",                                 
                          "task_id": 0}                                         
huggingface/tokenizers: The current process just got forked, after parallelism has already been used. Disabling parallelism to avoid deadlocks...
To disable this warning, you can either:
	- Avoid using `tokenizers` before the fork if possible
	- Explicitly set the environment variable TOKENIZERS_PARALLELISM=(true | false)
Saved rollout MP4 at path ./rollouts/2026_09_18/2026_09_18-02_45_04--openvla_oft--episode=1--success=False--task=pick_up_the_black_bowl_between_the_plate_and_the_r.mp4
09/18 [02:45:48] INFO     | >> Success: False             run_libero_eval.py:238
                 INFO     | >> # episodes completed so    run_libero_eval.py:238
                          far: 1                                                
                 INFO     | >> # successes: 0 (0.0%)      run_libero_eval.py:238

 10%|█         | 1/10 [00:14<02:14, 14.95s/it][A                 INFO     | >>                            run_libero_eval.py:238
                          Task: pick up the black bowl                          
                          between the plate and the                             
                          ramekin and place it on the                           
                          plate                                                 
                 INFO     | >> Starting episode 2...      run_libero_eval.py:238
                 INFO     | >> EPISODE_MANIFEST           run_libero_eval.py:238
                          {"env_seed": 3367941717,                              
                          "init_state_dtype": "float64",                        
                          "init_state_index": 11,                               
                          "init_state_sha256":                                  
                          "f9b377d4c4ca5e3bef55b3eff25992                       
                          29c22f2d944cd5df22c9a8b68882d9d                       
                          c11", "init_state_shape": [92],                       
                          "model_seed": 2622996838,                             
                          "protocol": "paired",                                 
                          "task_id": 0}                                         
huggingface/tokenizers: The current process just got forked, after parallelism has already been used. Disabling parallelism to avoid deadlocks...
To disable this warning, you can either:
	- Avoid using `tokenizers` before the fork if possible
	- Explicitly set the environment variable TOKENIZERS_PARALLELISM=(true | false)
Saved rollout MP4 at path ./rollouts/2026_09_18/2026_09_18-02_45_04--openvla_oft--episode=2--success=True--task=pick_up_the_black_bowl_between_the_plate_and_the_r.mp4
09/18 [02:45:56] INFO     | >> Success: True              run_libero_eval.py:238
                 INFO     | >> # episodes completed so    run_libero_eval.py:238
                          far: 2                                                
                 INFO     | >> # successes: 1 (50.0%)     run_libero_eval.py:238

 20%|██        | 2/10 [00:22<01:23, 10.43s/it][A                 INFO     | >>                            run_libero_eval.py:238
                          Task: pick up the black bowl                          
                          between the plate and the                             
                          ramekin and place it on the                           
                          plate                                                 
                 INFO     | >> Starting episode 3...      run_libero_eval.py:238
                 INFO     | >> EPISODE_MANIFEST           run_libero_eval.py:238
                          {"env_seed": 1261377523,                              
                          "init_state_dtype": "float64",                        
                          "init_state_index": 12,                               
                          "init_state_sha256":                                  
                          "504db0289ad1061538940e63d39bcf                       
                          c82bf536dbf5f9083a1692a0e3a2852                       
                          d79", "init_state_shape": [92],                       
                          "model_seed": 3415611406,                             
                          "protocol": "paired",                                 
                          "task_id": 0}                                         
huggingface/tokenizers: The current process just got forked, after parallelism has already been used. Disabling parallelism to avoid deadlocks...
To disable this warning, you can either:
	- Avoid using `tokenizers` before the fork if possible
	- Explicitly set the environment variable TOKENIZERS_PARALLELISM=(true | false)
Saved rollout MP4 at path ./rollouts/2026_09_18/2026_09_18-02_45_04--openvla_oft--episode=3--success=False--task=pick_up_the_black_bowl_between_the_plate_and_the_r.mp4
09/18 [02:46:10] INFO     | >> Success: False             run_libero_eval.py:238
                 INFO     | >> # episodes completed so    run_libero_eval.py:238
                          far: 3                                                
                 INFO     | >> # successes: 1 (33.3%)     run_libero_eval.py:238

 30%|███       | 3/10 [00:36<01:25, 12.19s/it][A                 INFO     | >>                            run_libero_eval.py:238
                          Task: pick up the black bowl                          
                          between the plate and the                             
                          ramekin and place it on the                           
                          plate                                                 
                 INFO     | >> Starting episode 4...      run_libero_eval.py:238
                 INFO     | >> EPISODE_MANIFEST           run_libero_eval.py:238
                          {"env_seed": 2986157208,                              
                          "init_state_dtype": "float64",                        
                          "init_state_index": 13,                               
                          "init_state_sha256":                                  
                          "2fd168faf38ffee7943a97f4f9589b                       
                          8e4ed4acb89670c3004a6541dcc4925                       
                          bc6", "init_state_shape": [92],                       
                          "model_seed": 487119605,                              
                          "protocol": "paired",                                 
                          "task_id": 0}                                         
huggingface/tokenizers: The current process just got forked, after parallelism has already been used. Disabling parallelism to avoid deadlocks...
To disable this warning, you can either:
	- Avoid using `tokenizers` before the fork if possible
	- Explicitly set the environment variable TOKENIZERS_PARALLELISM=(true | false)
Saved rollout MP4 at path ./rollouts/2026_09_18/2026_09_18-02_45_04--openvla_oft--episode=4--success=True--task=pick_up_the_black_bowl_between_the_plate_and_the_r.mp4
09/18 [02:46:21] INFO     | >> Success: True              run_libero_eval.py:238
                 INFO     | >> # episodes completed so    run_libero_eval.py:238
                          far: 4                                                
                 INFO     | >> # successes: 2 (50.0%)     run_libero_eval.py:238

 40%|████      | 4/10 [00:48<01:11, 11.96s/it][A09/18 [02:46:22] INFO     | >>                            run_libero_eval.py:238
                          Task: pick up the black bowl                          
                          between the plate and the                             
                          ramekin and place it on the                           
                          plate                                                 
                 INFO     | >> Starting episode 5...      run_libero_eval.py:238
                 INFO     | >> EPISODE_MANIFEST           run_libero_eval.py:238
                          {"env_seed": 3224135206,                              
                          "init_state_dtype": "float64",                        
                          "init_state_index": 14,                               
                          "init_state_sha256":                                  
                          "a695298e9ef752b05e4d30c817ab1e                       
                          2061a6136d65242dac7a2cce63f858b                       
                          9fd", "init_state_shape": [92],                       
                          "model_seed": 4123379645,                             
                          "protocol": "paired",                                 
                          "task_id": 0}                                         
huggingface/tokenizers: The current process just got forked, after parallelism has already been used. Disabling parallelism to avoid deadlocks...
To disable this warning, you can either:
	- Avoid using `tokenizers` before the fork if possible
	- Explicitly set the environment variable TOKENIZERS_PARALLELISM=(true | false)
Saved rollout MP4 at path ./rollouts/2026_09_18/2026_09_18-02_45_04--openvla_oft--episode=5--success=True--task=pick_up_the_black_bowl_between_the_plate_and_the_r.mp4
09/18 [02:46:33] INFO     | >> Success: True              run_libero_eval.py:238
                 INFO     | >> # episodes completed so    run_libero_eval.py:238
                          far: 5                                                
                 INFO     | >> # successes: 3 (60.0%)     run_libero_eval.py:238

 50%|█████     | 5/10 [00:59<00:59, 11.85s/it][A                 INFO     | >>                            run_libero_eval.py:238
                          Task: pick up the black bowl                          
                          between the plate and the                             
                          ramekin and place it on the                           
                          plate                                                 
                 INFO     | >> Starting episode 6...      run_libero_eval.py:238
                 INFO     | >> EPISODE_MANIFEST           run_libero_eval.py:238
                          {"env_seed": 1683549054,                              
                          "init_state_dtype": "float64",                        
                          "init_state_index": 15,                               
                          "init_state_sha256":                                  
                          "51f7d2ae92042fec16a54dd5cd6823                       
                          eac63f9c096a04bae00a5ec737d8db2                       
                          cd8", "init_state_shape": [92],                       
                          "model_seed": 3807370148,                             
                          "protocol": "paired",                                 
                          "task_id": 0}                                         
huggingface/tokenizers: The current process just got forked, after parallelism has already been used. Disabling parallelism to avoid deadlocks...
To disable this warning, you can either:
	- Avoid using `tokenizers` before the fork if possible
	- Explicitly set the environment variable TOKENIZERS_PARALLELISM=(true | false)
Saved rollout MP4 at path ./rollouts/2026_09_18/2026_09_18-02_45_04--openvla_oft--episode=6--success=True--task=pick_up_the_black_bowl_between_the_plate_and_the_r.mp4
09/18 [02:46:41] INFO     | >> Success: True              run_libero_eval.py:238
                 INFO     | >> # episodes completed so    run_libero_eval.py:238
                          far: 6                                                
                 INFO     | >> # successes: 4 (66.7%)     run_libero_eval.py:238

 60%|██████    | 6/10 [01:07<00:41, 10.35s/it][A                 INFO     | >>                            run_libero_eval.py:238
                          Task: pick up the black bowl                          
                          between the plate and the                             
                          ramekin and place it on the                           
                          plate                                                 
                 INFO     | >> Starting episode 7...      run_libero_eval.py:238
                 INFO     | >> EPISODE_MANIFEST           run_libero_eval.py:238
                          {"env_seed": 4202172176,                              
                          "init_state_dtype": "float64",                        
                          "init_state_index": 16,                               
                          "init_state_sha256":                                  
                          "db2c9ab25c6b23526efa6be860e4bd                       
                          8330fab9a84131628f2dea6fe4062f9                       
                          93d", "init_state_shape": [92],                       
                          "model_seed": 4022819875,                             
                          "protocol": "paired",                                 
                          "task_id": 0}                                         
huggingface/tokenizers: The current process just got forked, after parallelism has already been used. Disabling parallelism to avoid deadlocks...
To disable this warning, you can either:
	- Avoid using `tokenizers` before the fork if possible
	- Explicitly set the environment variable TOKENIZERS_PARALLELISM=(true | false)
Saved rollout MP4 at path ./rollouts/2026_09_18/2026_09_18-02_45_04--openvla_oft--episode=7--success=True--task=pick_up_the_black_bowl_between_the_plate_and_the_r.mp4
09/18 [02:46:48] INFO     | >> Success: True              run_libero_eval.py:238
                 INFO     | >> # episodes completed so    run_libero_eval.py:238
                          far: 7                                                
                 INFO     | >> # successes: 5 (71.4%)     run_libero_eval.py:238

 70%|███████   | 7/10 [01:14<00:28,  9.37s/it][A                 INFO     | >>                            run_libero_eval.py:238
                          Task: pick up the black bowl                          
                          between the plate and the                             
                          ramekin and place it on the                           
                          plate                                                 
                 INFO     | >> Starting episode 8...      run_libero_eval.py:238
                 INFO     | >> EPISODE_MANIFEST           run_libero_eval.py:238
                          {"env_seed": 2090749949,                              
                          "init_state_dtype": "float64",                        
                          "init_state_index": 17,                               
                          "init_state_sha256":                                  
                          "cf9d2825f843308d0880ee0d5e3099                       
                          a43ae2395e616351f6bae4c046dd501                       
                          98a", "init_state_shape": [92],                       
                          "model_seed": 1824987577,                             
                          "protocol": "paired",                                 
                          "task_id": 0}                                         
huggingface/tokenizers: The current process just got forked, after parallelism has already been used. Disabling parallelism to avoid deadlocks...
To disable this warning, you can either:
	- Avoid using `tokenizers` before the fork if possible
	- Explicitly set the environment variable TOKENIZERS_PARALLELISM=(true | false)
Saved rollout MP4 at path ./rollouts/2026_09_18/2026_09_18-02_45_04--openvla_oft--episode=8--success=False--task=pick_up_the_black_bowl_between_the_plate_and_the_r.mp4
09/18 [02:47:02] INFO     | >> Success: False             run_libero_eval.py:238
                 INFO     | >> # episodes completed so    run_libero_eval.py:238
                          far: 8                                                
                 INFO     | >> # successes: 5 (62.5%)     run_libero_eval.py:238

 80%|████████  | 8/10 [01:29<00:21, 11.00s/it][A                 INFO     | >>                            run_libero_eval.py:238
                          Task: pick up the black bowl                          
                          between the plate and the                             
                          ramekin and place it on the                           
                          plate                                                 
                 INFO     | >> Starting episode 9...      run_libero_eval.py:238
                 INFO     | >> EPISODE_MANIFEST           run_libero_eval.py:238
                          {"env_seed": 2662597911,                              
                          "init_state_dtype": "float64",                        
                          "init_state_index": 18,                               
                          "init_state_sha256":                                  
                          "1f130e9178c4924cf8d24e175c2f05                       
                          73a5e089299ddf6984b71265abf65bd                       
                          4e0", "init_state_shape": [92],                       
                          "model_seed": 3109138317,                             
                          "protocol": "paired",                                 
                          "task_id": 0}                                         
huggingface/tokenizers: The current process just got forked, after parallelism has already been used. Disabling parallelism to avoid deadlocks...
To disable this warning, you can either:
	- Avoid using `tokenizers` before the fork if possible
	- Explicitly set the environment variable TOKENIZERS_PARALLELISM=(true | false)
Saved rollout MP4 at path ./rollouts/2026_09_18/2026_09_18-02_45_04--openvla_oft--episode=9--success=True--task=pick_up_the_black_bowl_between_the_plate_and_the_r.mp4
09/18 [02:47:11] INFO     | >> Success: True              run_libero_eval.py:238
                 INFO     | >> # episodes completed so    run_libero_eval.py:238
                          far: 9                                                
                 INFO     | >> # successes: 6 (66.7%)     run_libero_eval.py:238

 90%|█████████ | 9/10 [01:37<00:10, 10.13s/it][A                 INFO     | >>                            run_libero_eval.py:238
                          Task: pick up the black bowl                          
                          between the plate and the                             
                          ramekin and place it on the                           
                          plate                                                 
                 INFO     | >> Starting episode 10...     run_libero_eval.py:238
                 INFO     | >> EPISODE_MANIFEST           run_libero_eval.py:238
                          {"env_seed": 3267390290,                              
                          "init_state_dtype": "float64",                        
                          "init_state_index": 19,                               
                          "init_state_sha256":                                  
                          "18f349fb4d8b52566befcd2a80723d                       
                          533717d8dd5dada90ecd7721d512b65                       
                          e32", "init_state_shape": [92],                       
                          "model_seed": 2334791775,                             
                          "protocol": "paired",                                 
                          "task_id": 0}                                         
huggingface/tokenizers: The current process just got forked, after parallelism has already been used. Disabling parallelism to avoid deadlocks...
To disable this warning, you can either:
	- Avoid using `tokenizers` before the fork if possible
	- Explicitly set the environment variable TOKENIZERS_PARALLELISM=(true | false)
Saved rollout MP4 at path ./rollouts/2026_09_18/2026_09_18-02_45_04--openvla_oft--episode=10--success=True--task=pick_up_the_black_bowl_between_the_plate_and_the_r.mp4
09/18 [02:47:19] INFO     | >> Success: True              run_libero_eval.py:238
                 INFO     | >> # episodes completed so    run_libero_eval.py:238
                          far: 10                                               
                 INFO     | >> # successes: 7 (70.0%)     run_libero_eval.py:238

100%|██████████| 10/10 [01:45<00:00,  9.43s/it][A100%|██████████| 10/10 [01:45<00:00, 10.51s/it]
                 INFO     | >> Current task success rate: run_libero_eval.py:238
                          0.7                                                   
                 INFO     | >> Current total success      run_libero_eval.py:238
                          rate: 0.7                                             
 10%|█         | 1/10 [01:48<16:17, 108.60s/it]                 INFO     | >> Using default initial      run_libero_eval.py:238
                          states                                                

  0%|          | 0/10 [00:00<?, ?it/s][A09/18 [02:47:22] INFO     | >>                            run_libero_eval.py:238
                          Task: pick up the black bowl                          
                          next to the ramekin and place                         
                          it on the plate                                       
                 INFO     | >> Starting episode 1...      run_libero_eval.py:238
                 INFO     | >> EPISODE_MANIFEST           run_libero_eval.py:238
                          {"env_seed": 1479659323,                              
                          "init_state_dtype": "float64",                        
                          "init_state_index": 10,                               
                          "init_state_sha256":                                  
                          "b0c9ecec06f999784b644016624af9                       
                          27deef020c8c7afee36946fd439c9f4                       
                          5d3", "init_state_shape": [92],                       
                          "model_seed": 1635856022,                             
                          "protocol": "paired",                                 
                          "task_id": 1}                                         
huggingface/tokenizers: The current process just got forked, after parallelism has already been used. Disabling parallelism to avoid deadlocks...
To disable this warning, you can either:
	- Avoid using `tokenizers` before the fork if possible
	- Explicitly set the environment variable TOKENIZERS_PARALLELISM=(true | false)
Saved rollout MP4 at path ./rollouts/2026_09_18/2026_09_18-02_45_04--openvla_oft--episode=11--success=False--task=pick_up_the_black_bowl_next_to_the_ramekin_and_pla.mp4
09/18 [02:47:36] INFO     | >> Success: False             run_libero_eval.py:238
                 INFO     | >> # episodes completed so    run_libero_eval.py:238
                          far: 11                                               
                 INFO     | >> # successes: 7 (63.6%)     run_libero_eval.py:238

 10%|█         | 1/10 [00:14<02:10, 14.48s/it][A                 INFO     | >>                            run_libero_eval.py:238
                          Task: pick up the black bowl                          
                          next to the ramekin and place                         
                          it on the plate                                       
                 INFO     | >> Starting episode 2...      run_libero_eval.py:238
                 INFO     | >> EPISODE_MANIFEST           run_libero_eval.py:238
                          {"env_seed": 1800060776,                              
                          "init_state_dtype": "float64",                        
                          "init_state_index": 11,                               
                          "init_state_sha256":                                  
                          "dbec87b164a53746107bf8c0d65457                       
                          de9b6c7b34eb033d5feaf6484af0b33                       
                          6d3", "init_state_shape": [92],                       
                          "model_seed": 4034484714,                             
                          "protocol": "paired",                                 
                          "task_id": 1}                                         
huggingface/tokenizers: The current process just got forked, after parallelism has already been used. Disabling parallelism to avoid deadlocks...
To disable this warning, you can either:
	- Avoid using `tokenizers` before the fork if possible
	- Explicitly set the environment variable TOKENIZERS_PARALLELISM=(true | false)
Saved rollout MP4 at path ./rollouts/2026_09_18/2026_09_18-02_45_04--openvla_oft--episode=12--success=False--task=pick_up_the_black_bowl_next_to_the_ramekin_and_pla.mp4
09/18 [02:47:51] INFO     | >> Success: False             run_libero_eval.py:238
                 INFO     | >> # episodes completed so    run_libero_eval.py:238
                          far: 12                                               
                 INFO     | >> # successes: 7 (58.3%)     run_libero_eval.py:238

 20%|██        | 2/10 [00:29<01:56, 14.52s/it][A                 INFO     | >>                            run_libero_eval.py:238
                          Task: pick up the black bowl                          
                          next to the ramekin and place                         
                          it on the plate                                       
                 INFO     | >> Starting episode 3...      run_libero_eval.py:238
                 INFO     | >> EPISODE_MANIFEST           run_libero_eval.py:238
                          {"env_seed": 4263442405,                              
                          "init_state_dtype": "float64",                        
                          "init_state_index": 12,                               
                          "init_state_sha256":                                  
                          "b006cf551055a36a035803ef84f01d                       
                          8fd6a00d1d5d2683ce2afbe0ae4b71e                       
                          bdb", "init_state_shape": [92],                       
                          "model_seed": 3143823984,                             
                          "protocol": "paired",                                 
                          "task_id": 1}                                         
huggingface/tokenizers: The current process just got forked, after parallelism has already been used. Disabling parallelism to avoid deadlocks...
To disable this warning, you can either:
	- Avoid using `tokenizers` before the fork if possible
	- Explicitly set the environment variable TOKENIZERS_PARALLELISM=(true | false)
Saved rollout MP4 at path ./rollouts/2026_09_18/2026_09_18-02_45_04--openvla_oft--episode=13--success=True--task=pick_up_the_black_bowl_next_to_the_ramekin_and_pla.mp4
09/18 [02:48:01] INFO     | >> Success: True              run_libero_eval.py:238
                 INFO     | >> # episodes completed so    run_libero_eval.py:238
                          far: 13                                               
                 INFO     | >> # successes: 8 (61.5%)     run_libero_eval.py:238

 30%|███       | 3/10 [00:38<01:26, 12.35s/it][A                 INFO     | >>                            run_libero_eval.py:238
                          Task: pick up the black bowl                          
                          next to the ramekin and place                         
                          it on the plate                                       
                 INFO     | >> Starting episode 4...      run_libero_eval.py:238
                 INFO     | >> EPISODE_MANIFEST           run_libero_eval.py:238
                          {"env_seed": 2824353230,                              
                          "init_state_dtype": "float64",                        
                          "init_state_index": 13,                               
                          "init_state_sha256":                                  
                          "6f694f45d065ddf64d33eb4fdcc791                       
                          477ad36584a304eea9d83b0c0545830                       
                          79b", "init_state_shape": [92],                       
                          "model_seed": 1812688483,                             
                          "protocol": "paired",                                 
                          "task_id": 1}                                         
huggingface/tokenizers: The current process just got forked, after parallelism has already been used. Disabling parallelism to avoid deadlocks...
To disable this warning, you can either:
	- Avoid using `tokenizers` before the fork if possible
	- Explicitly set the environment variable TOKENIZERS_PARALLELISM=(true | false)
Saved rollout MP4 at path ./rollouts/2026_09_18/2026_09_18-02_45_04--openvla_oft--episode=14--success=False--task=pick_up_the_black_bowl_next_to_the_ramekin_and_pla.mp4
09/18 [02:48:15] INFO     | >> Success: False             run_libero_eval.py:238
                 INFO     | >> # episodes completed so    run_libero_eval.py:238
                          far: 14                                               
                 INFO     | >> # successes: 8 (57.1%)     run_libero_eval.py:238

 40%|████      | 4/10 [00:53<01:18, 13.11s/it][A                 INFO     | >>                            run_libero_eval.py:238
                          Task: pick up the black bowl                          
                          next to the ramekin and place                         
                          it on the plate                                       
                 INFO     | >> Starting episode 5...      run_libero_eval.py:238
                 INFO     | >> EPISODE_MANIFEST           run_libero_eval.py:238
                          {"env_seed": 1625302639,                              
                          "init_state_dtype": "float64",                        
                          "init_state_index": 14,                               
                          "init_state_sha256":                                  
                          "0525c9e710afca2e894805d74ab686                       
                          0315c289ef216629f858714d595f164                       
                          99d", "init_state_shape": [92],                       
                          "model_seed": 3082037721,                             
                          "protocol": "paired",                                 
                          "task_id": 1}                                         
huggingface/tokenizers: The current process just got forked, after parallelism has already been used. Disabling parallelism to avoid deadlocks...
To disable this warning, you can either:
	- Avoid using `tokenizers` before the fork if possible
	- Explicitly set the environment variable TOKENIZERS_PARALLELISM=(true | false)
Saved rollout MP4 at path ./rollouts/2026_09_18/2026_09_18-02_45_04--openvla_oft--episode=15--success=True--task=pick_up_the_black_bowl_next_to_the_ramekin_and_pla.mp4
09/18 [02:48:24] INFO     | >> Success: True              run_libero_eval.py:238
                 INFO     | >> # episodes completed so    run_libero_eval.py:238
                          far: 15                                               
                 INFO     | >> # successes: 9 (60.0%)     run_libero_eval.py:238

 50%|█████     | 5/10 [01:01<00:57, 11.59s/it][A                 INFO     | >>                            run_libero_eval.py:238
                          Task: pick up the black bowl                          
                          next to the ramekin and place                         
                          it on the plate                                       
                 INFO     | >> Starting episode 6...      run_libero_eval.py:238
                 INFO     | >> EPISODE_MANIFEST           run_libero_eval.py:238
                          {"env_seed": 4187981846,                              
                          "init_state_dtype": "float64",                        
                          "init_state_index": 15,                               
                          "init_state_sha256":                                  
                          "e066d2a2b83106d42b1ebba4879b77                       
                          a4206fe243c2722620df89ddf272411                       
                          2be", "init_state_shape": [92],                       
                          "model_seed": 543885494,                              
                          "protocol": "paired",                                 
                          "task_id": 1}                                         
huggingface/tokenizers: The current process just got forked, after parallelism has already been used. Disabling parallelism to avoid deadlocks...
To disable this warning, you can either:
	- Avoid using `tokenizers` before the fork if possible
	- Explicitly set the environment variable TOKENIZERS_PARALLELISM=(true | false)
Saved rollout MP4 at path ./rollouts/2026_09_18/2026_09_18-02_45_04--openvla_oft--episode=16--success=False--task=pick_up_the_black_bowl_next_to_the_ramekin_and_pla.mp4
09/18 [02:48:38] INFO     | >> Success: False             run_libero_eval.py:238
                 INFO     | >> # episodes completed so    run_libero_eval.py:238
                          far: 16                                               
                 INFO     | >> # successes: 9 (56.2%)     run_libero_eval.py:238

 60%|██████    | 6/10 [01:16<00:50, 12.60s/it][A                 INFO     | >>                            run_libero_eval.py:238
                          Task: pick up the black bowl                          
                          next to the ramekin and place                         
                          it on the plate                                       
                 INFO     | >> Starting episode 7...      run_libero_eval.py:238
                 INFO     | >> EPISODE_MANIFEST           run_libero_eval.py:238
                          {"env_seed": 101600424,                               
                          "init_state_dtype": "float64",                        
                          "init_state_index": 16,                               
                          "init_state_sha256":                                  
                          "4f194fc2e167205fe0cb404ac38fc6                       
                          1d19637e9a22a914c4a59950813501b                       
                          c4f", "init_state_shape": [92],                       
                          "model_seed": 4207872516,                             
                          "protocol": "paired",                                 
                          "task_id": 1}                                         
huggingface/tokenizers: The current process just got forked, after parallelism has already been used. Disabling parallelism to avoid deadlocks...
To disable this warning, you can either:
	- Avoid using `tokenizers` before the fork if possible
	- Explicitly set the environment variable TOKENIZERS_PARALLELISM=(true | false)
Saved rollout MP4 at path ./rollouts/2026_09_18/2026_09_18-02_45_04--openvla_oft--episode=17--success=True--task=pick_up_the_black_bowl_next_to_the_ramekin_and_pla.mp4
09/18 [02:48:47] INFO     | >> Success: True              run_libero_eval.py:238
                 INFO     | >> # episodes completed so    run_libero_eval.py:238
                          far: 17                                               
                 INFO     | >> # successes: 10 (58.8%)    run_libero_eval.py:238

 70%|███████   | 7/10 [01:25<00:34, 11.41s/it][A                 INFO     | >>                            run_libero_eval.py:238
                          Task: pick up the black bowl                          
                          next to the ramekin and place                         
                          it on the plate                                       
                 INFO     | >> Starting episode 8...      run_libero_eval.py:238
                 INFO     | >> EPISODE_MANIFEST           run_libero_eval.py:238
                          {"env_seed": 1760898638,                              
                          "init_state_dtype": "float64",                        
                          "init_state_index": 17,                               
                          "init_state_sha256":                                  
                          "d7e0d413dd7853419fb3d2c740087d                       
                          47828487f25b21b485447376ebaf194                       
                          6ee", "init_state_shape": [92],                       
                          "model_seed": 2167843117,                             
                          "protocol": "paired",                                 
                          "task_id": 1}                                         
huggingface/tokenizers: The current process just got forked, after parallelism has already been used. Disabling parallelism to avoid deadlocks...
To disable this warning, you can either:
	- Avoid using `tokenizers` before the fork if possible
	- Explicitly set the environment variable TOKENIZERS_PARALLELISM=(true | false)
Saved rollout MP4 at path ./rollouts/2026_09_18/2026_09_18-02_45_04--openvla_oft--episode=18--success=False--task=pick_up_the_black_bowl_next_to_the_ramekin_and_pla.mp4
09/18 [02:49:01] INFO     | >> Success: False             run_libero_eval.py:238
                 INFO     | >> # episodes completed so    run_libero_eval.py:238
                          far: 18                                               
                 INFO     | >> # successes: 10 (55.6%)    run_libero_eval.py:238

 80%|████████  | 8/10 [01:39<00:24, 12.25s/it][A                 INFO     | >>                            run_libero_eval.py:238
                          Task: pick up the black bowl                          
                          next to the ramekin and place                         
                          it on the plate                                       
                 INFO     | >> Starting episode 9...      run_libero_eval.py:238
                 INFO     | >> EPISODE_MANIFEST           run_libero_eval.py:238
                          {"env_seed": 3382291826,                              
                          "init_state_dtype": "float64",                        
                          "init_state_index": 18,                               
                          "init_state_sha256":                                  
                          "b7a22aa591d638c864be3019d088fe                       
                          c8a4fd1460d74098f0ead3193c5bed4                       
                          0c6", "init_state_shape": [92],                       
                          "model_seed": 3871709862,                             
                          "protocol": "paired",                                 
                          "task_id": 1}                                         
huggingface/tokenizers: The current process just got forked, after parallelism has already been used. Disabling parallelism to avoid deadlocks...
To disable this warning, you can either:
	- Avoid using `tokenizers` before the fork if possible
	- Explicitly set the environment variable TOKENIZERS_PARALLELISM=(true | false)
Saved rollout MP4 at path ./rollouts/2026_09_18/2026_09_18-02_45_04--openvla_oft--episode=19--success=True--task=pick_up_the_black_bowl_next_to_the_ramekin_and_pla.mp4
09/18 [02:49:10] INFO     | >> Success: True              run_libero_eval.py:238
                 INFO     | >> # episodes completed so    run_libero_eval.py:238
                          far: 19                                               
                 INFO     | >> # successes: 11 (57.9%)    run_libero_eval.py:238

 90%|█████████ | 9/10 [01:48<00:11, 11.11s/it][A                 INFO     | >>                            run_libero_eval.py:238
                          Task: pick up the black bowl                          
                          next to the ramekin and place                         
                          it on the plate                                       
                 INFO     | >> Starting episode 10...     run_libero_eval.py:238
                 INFO     | >> EPISODE_MANIFEST           run_libero_eval.py:238
                          {"env_seed": 2704222166,                              
                          "init_state_dtype": "float64",                        
                          "init_state_index": 19,                               
                          "init_state_sha256":                                  
                          "7ed62144c063138af691f12437505b                       
                          3fe5200d7e464743f57ae599fe238e6                       
                          fcc", "init_state_shape": [92],                       
                          "model_seed": 1820116093,                             
                          "protocol": "paired",                                 
                          "task_id": 1}                                         
huggingface/tokenizers: The current process just got forked, after parallelism has already been used. Disabling parallelism to avoid deadlocks...
To disable this warning, you can either:
	- Avoid using `tokenizers` before the fork if possible
	- Explicitly set the environment variable TOKENIZERS_PARALLELISM=(true | false)
Saved rollout MP4 at path ./rollouts/2026_09_18/2026_09_18-02_45_04--openvla_oft--episode=20--success=False--task=pick_up_the_black_bowl_next_to_the_ramekin_and_pla.mp4
09/18 [02:49:24] INFO     | >> Success: False             run_libero_eval.py:238
                 INFO     | >> # episodes completed so    run_libero_eval.py:238
                          far: 20                                               
                 INFO     | >> # successes: 11 (55.0%)    run_libero_eval.py:238

100%|██████████| 10/10 [02:02<00:00, 12.12s/it][A100%|██████████| 10/10 [02:02<00:00, 12.25s/it]
                 INFO     | >> Current task success rate: run_libero_eval.py:238
                          0.4                                                   
                 INFO     | >> Current total success      run_libero_eval.py:238
                          rate: 0.55                                            
 20%|██        | 2/10 [03:54<15:49, 118.72s/it]09/18 [02:49:25] INFO     | >> Using default initial      run_libero_eval.py:238
                          states                                                

  0%|          | 0/10 [00:00<?, ?it/s][A09/18 [02:49:28] INFO     | >>                            run_libero_eval.py:238
                          Task: pick up the black bowl                          
                          from table center and place it                        
                          on the plate                                          
                 INFO     | >> Starting episode 1...      run_libero_eval.py:238
                 INFO     | >> EPISODE_MANIFEST           run_libero_eval.py:238
                          {"env_seed": 871938409,                               
                          "init_state_dtype": "float64",                        
                          "init_state_index": 10,                               
                          "init_state_sha256":                                  
                          "a5783c80f66d8ee9f612b35b9451f4                       
                          d856d51490248ddfafb528e325f8e67                       
                          64c", "init_state_shape": [92],                       
                          "model_seed": 1743506058,                             
                          "protocol": "paired",                                 
                          "task_id": 2}                                         
huggingface/tokenizers: The current process just got forked, after parallelism has already been used. Disabling parallelism to avoid deadlocks...
To disable this warning, you can either:
	- Avoid using `tokenizers` before the fork if possible
	- Explicitly set the environment variable TOKENIZERS_PARALLELISM=(true | false)
Saved rollout MP4 at path ./rollouts/2026_09_18/2026_09_18-02_45_04--openvla_oft--episode=21--success=True--task=pick_up_the_black_bowl_from_table_center_and_place.mp4
09/18 [02:49:37] INFO     | >> Success: True              run_libero_eval.py:238
                 INFO     | >> # episodes completed so    run_libero_eval.py:238
                          far: 21                                               
                 INFO     | >> # successes: 12 (57.1%)    run_libero_eval.py:238

 10%|█         | 1/10 [00:09<01:23,  9.30s/it][A                 INFO     | >>                            run_libero_eval.py:238
                          Task: pick up the black bowl                          
                          from table center and place it                        
                          on the plate                                          
                 INFO     | >> Starting episode 2...      run_libero_eval.py:238
                 INFO     | >> EPISODE_MANIFEST           run_libero_eval.py:238
                          {"env_seed": 4049915308,                              
                          "init_state_dtype": "float64",                        
                          "init_state_index": 11,                               
                          "init_state_sha256":                                  
                          "47530669e02bf233026da635b80921                       
                          63537080a7031e3a43201feab9274a9                       
                          d04", "init_state_shape": [92],                       
                          "model_seed": 3623366274,                             
                          "protocol": "paired",                                 
                          "task_id": 2}                                         
huggingface/tokenizers: The current process just got forked, after parallelism has already been used. Disabling parallelism to avoid deadlocks...
To disable this warning, you can either:
	- Avoid using `tokenizers` before the fork if possible
	- Explicitly set the environment variable TOKENIZERS_PARALLELISM=(true | false)
Saved rollout MP4 at path ./rollouts/2026_09_18/2026_09_18-02_45_04--openvla_oft--episode=22--success=False--task=pick_up_the_black_bowl_from_table_center_and_place.mp4
09/18 [02:49:52] INFO     | >> Success: False             run_libero_eval.py:238
                 INFO     | >> # episodes completed so    run_libero_eval.py:238
                          far: 22                                               
                 INFO     | >> # successes: 12 (54.5%)    run_libero_eval.py:238

 20%|██        | 2/10 [00:24<01:41, 12.71s/it][A                 INFO     | >>                            run_libero_eval.py:238
                          Task: pick up the black bowl                          
                          from table center and place it                        
                          on the plate                                          
                 INFO     | >> Starting episode 3...      run_libero_eval.py:238
                 INFO     | >> EPISODE_MANIFEST           run_libero_eval.py:238
                          {"env_seed": 2137693549,                              
                          "init_state_dtype": "float64",                        
                          "init_state_index": 12,                               
                          "init_state_sha256":                                  
                          "44c095bf575781a707629ff0af5acc                       
                          9e80ab7ddcf2ac9c9fb6245249dec60                       
                          60b", "init_state_shape": [92],                       
                          "model_seed": 1150359646,                             
                          "protocol": "paired",                                 
                          "task_id": 2}                                         
huggingface/tokenizers: The current process just got forked, after parallelism has already been used. Disabling parallelism to avoid deadlocks...
To disable this warning, you can either:
	- Avoid using `tokenizers` before the fork if possible
	- Explicitly set the environment variable TOKENIZERS_PARALLELISM=(true | false)
Saved rollout MP4 at path ./rollouts/2026_09_18/2026_09_18-02_45_04--openvla_oft--episode=23--success=False--task=pick_up_the_black_bowl_from_table_center_and_place.mp4
09/18 [02:50:07] INFO     | >> Success: False             run_libero_eval.py:238
                 INFO     | >> # episodes completed so    run_libero_eval.py:238
                          far: 23                                               
                 INFO     | >> # successes: 12 (52.2%)    run_libero_eval.py:238

 30%|███       | 3/10 [00:39<01:35, 13.61s/it][A                 INFO     | >>                            run_libero_eval.py:238
                          Task: pick up the black bowl                          
                          from table center and place it                        
                          on the plate                                          
                 INFO     | >> Starting episode 4...      run_libero_eval.py:238
                 INFO     | >> EPISODE_MANIFEST           run_libero_eval.py:238
                          {"env_seed": 4178136764,                              
                          "init_state_dtype": "float64",                        
                          "init_state_index": 13,                               
                          "init_state_sha256":                                  
                          "bf439eb9bbf4ded8477d245ff49e8f                       
                          f00c520c79607cdc50d4238c46c0441                       
                          4af", "init_state_shape": [92],                       
                          "model_seed": 3520759812,                             
                          "protocol": "paired",                                 
                          "task_id": 2}                                         
huggingface/tokenizers: The current process just got forked, after parallelism has already been used. Disabling parallelism to avoid deadlocks...
To disable this warning, you can either:
	- Avoid using `tokenizers` before the fork if possible
	- Explicitly set the environment variable TOKENIZERS_PARALLELISM=(true | false)
Saved rollout MP4 at path ./rollouts/2026_09_18/2026_09_18-02_45_04--openvla_oft--episode=24--success=True--task=pick_up_the_black_bowl_from_table_center_and_place.mp4
09/18 [02:50:15] INFO     | >> Success: True              run_libero_eval.py:238
                 INFO     | >> # episodes completed so    run_libero_eval.py:238
                          far: 24                                               
                 INFO     | >> # successes: 13 (54.2%)    run_libero_eval.py:238

 40%|████      | 4/10 [00:47<01:09, 11.64s/it][A                 INFO     | >>                            run_libero_eval.py:238
                          Task: pick up the black bowl                          
                          from table center and place it                        
                          on the plate                                          
                 INFO     | >> Starting episode 5...      run_libero_eval.py:238
                 INFO     | >> EPISODE_MANIFEST           run_libero_eval.py:238
                          {"env_seed": 409871007,                               
                          "init_state_dtype": "float64",                        
                          "init_state_index": 14,                               
                          "init_state_sha256":                                  
                          "fa7608e3c09171809707e8ea49121d                       
                          ebab0c56c38b1060a676d295fdcc633                       
                          928", "init_state_shape": [92],                       
                          "model_seed": 3263310779,                             
                          "protocol": "paired",                                 
                          "task_id": 2}                                         
huggingface/tokenizers: The current process just got forked, after parallelism has already been used. Disabling parallelism to avoid deadlocks...
To disable this warning, you can either:
	- Avoid using `tokenizers` before the fork if possible
	- Explicitly set the environment variable TOKENIZERS_PARALLELISM=(true | false)
Saved rollout MP4 at path ./rollouts/2026_09_18/2026_09_18-02_45_04--openvla_oft--episode=25--success=True--task=pick_up_the_black_bowl_from_table_center_and_place.mp4
09/18 [02:50:24] INFO     | >> Success: True              run_libero_eval.py:238
                 INFO     | >> # episodes completed so    run_libero_eval.py:238
                          far: 25                                               
                 INFO     | >> # successes: 14 (56.0%)    run_libero_eval.py:238

 50%|█████     | 5/10 [00:56<00:52, 10.59s/it][A                 INFO     | >>                            run_libero_eval.py:238
                          Task: pick up the black bowl                          
                          from table center and place it                        
                          on the plate                                          
                 INFO     | >> Starting episode 6...      run_libero_eval.py:238
                 INFO     | >> EPISODE_MANIFEST           run_libero_eval.py:238
                          {"env_seed": 1569098190,                              
                          "init_state_dtype": "float64",                        
                          "init_state_index": 15,                               
                          "init_state_sha256":                                  
                          "45770514fe0b8e43809603f66532b1                       
                          5c29966b8bd10e974ac4934a32bcc2c                       
                          94d", "init_state_shape": [92],                       
                          "model_seed": 3046509409,                             
                          "protocol": "paired",                                 
                          "task_id": 2}                                         
huggingface/tokenizers: The current process just got forked, after parallelism has already been used. Disabling parallelism to avoid deadlocks...
To disable this warning, you can either:
	- Avoid using `tokenizers` before the fork if possible
	- Explicitly set the environment variable TOKENIZERS_PARALLELISM=(true | false)
Saved rollout MP4 at path ./rollouts/2026_09_18/2026_09_18-02_45_04--openvla_oft--episode=26--success=False--task=pick_up_the_black_bowl_from_table_center_and_place.mp4
09/18 [02:50:38] INFO     | >> Success: False             run_libero_eval.py:238
                 INFO     | >> # episodes completed so    run_libero_eval.py:238
                          far: 26                                               
                 INFO     | >> # successes: 14 (53.8%)    run_libero_eval.py:238

 60%|██████    | 6/10 [01:10<00:47, 11.76s/it][A                 INFO     | >>                            run_libero_eval.py:238
                          Task: pick up the black bowl                          
                          from table center and place it                        
                          on the plate                                          
                 INFO     | >> Starting episode 7...      run_libero_eval.py:238
                 INFO     | >> EPISODE_MANIFEST           run_libero_eval.py:238
                          {"env_seed": 3448983821,                              
                          "init_state_dtype": "float64",                        
                          "init_state_index": 16,                               
                          "init_state_sha256":                                  
                          "048497d9ac994d7efd126ba1cb5794                       
                          d350e266ab578ecba687fb31b9d5299                       
                          84e", "init_state_shape": [92],                       
                          "model_seed": 1083217717,                             
                          "protocol": "paired",                                 
                          "task_id": 2}                                         
huggingface/tokenizers: The current process just got forked, after parallelism has already been used. Disabling parallelism to avoid deadlocks...
To disable this warning, you can either:
	- Avoid using `tokenizers` before the fork if possible
	- Explicitly set the environment variable TOKENIZERS_PARALLELISM=(true | false)
Saved rollout MP4 at path ./rollouts/2026_09_18/2026_09_18-02_45_04--openvla_oft--episode=27--success=True--task=pick_up_the_black_bowl_from_table_center_and_place.mp4
09/18 [02:50:47] INFO     | >> Success: True              run_libero_eval.py:238
                 INFO     | >> # episodes completed so    run_libero_eval.py:238
                          far: 27                                               
                 INFO     | >> # successes: 15 (55.6%)    run_libero_eval.py:238

 70%|███████   | 7/10 [01:19<00:32, 10.76s/it][A                 INFO     | >>                            run_libero_eval.py:238
                          Task: pick up the black bowl                          
                          from table center and place it                        
                          on the plate                                          
                 INFO     | >> Starting episode 8...      run_libero_eval.py:238
                 INFO     | >> EPISODE_MANIFEST           run_libero_eval.py:238
                          {"env_seed": 152219977,                               
                          "init_state_dtype": "float64",                        
                          "init_state_index": 17,                               
                          "init_state_sha256":                                  
                          "d3c93a325a74c6fb997498769e0608                       
                          ac9e40c83950ded8f9dfdf6eb0e187f                       
                          4ed", "init_state_shape": [92],                       
                          "model_seed": 2682498644,                             
                          "protocol": "paired",                                 
                          "task_id": 2}                                         
huggingface/tokenizers: The current process just got forked, after parallelism has already been used. Disabling parallelism to avoid deadlocks...
To disable this warning, you can either:
	- Avoid using `tokenizers` before the fork if possible
	- Explicitly set the environment variable TOKENIZERS_PARALLELISM=(true | false)
Saved rollout MP4 at path ./rollouts/2026_09_18/2026_09_18-02_45_04--openvla_oft--episode=28--success=False--task=pick_up_the_black_bowl_from_table_center_and_place.mp4
09/18 [02:51:01] INFO     | >> Success: False             run_libero_eval.py:238
                 INFO     | >> # episodes completed so    run_libero_eval.py:238
                          far: 28                                               
                 INFO     | >> # successes: 15 (53.6%)    run_libero_eval.py:238

 80%|████████  | 8/10 [01:33<00:23, 11.84s/it][A                 INFO     | >>                            run_libero_eval.py:238
                          Task: pick up the black bowl                          
                          from table center and place it                        
                          on the plate                                          
                 INFO     | >> Starting episode 9...      run_libero_eval.py:238
                 INFO     | >> EPISODE_MANIFEST           run_libero_eval.py:238
                          {"env_seed": 2631818856,                              
                          "init_state_dtype": "float64",                        
                          "init_state_index": 18,                               
                          "init_state_sha256":                                  
                          "c36f01f74b686f82c83b3ea55dcb01                       
                          8a741cfefe09b6d120ae227c9c21faf                       
                          2ff", "init_state_shape": [92],                       
                          "model_seed": 178345693,                              
                          "protocol": "paired",                                 
                          "task_id": 2}                                         
huggingface/tokenizers: The current process just got forked, after parallelism has already been used. Disabling parallelism to avoid deadlocks...
To disable this warning, you can either:
	- Avoid using `tokenizers` before the fork if possible
	- Explicitly set the environment variable TOKENIZERS_PARALLELISM=(true | false)
Saved rollout MP4 at path ./rollouts/2026_09_18/2026_09_18-02_45_04--openvla_oft--episode=29--success=True--task=pick_up_the_black_bowl_from_table_center_and_place.mp4
09/18 [02:51:10] INFO     | >> Success: True              run_libero_eval.py:238
                 INFO     | >> # episodes completed so    run_libero_eval.py:238
                          far: 29                                               
                 INFO     | >> # successes: 16 (55.2%)    run_libero_eval.py:238

 90%|█████████ | 9/10 [01:42<00:10, 10.98s/it][A                 INFO     | >>                            run_libero_eval.py:238
                          Task: pick up the black bowl                          
                          from table center and place it                        
                          on the plate                                          
                 INFO     | >> Starting episode 10...     run_libero_eval.py:238
                 INFO     | >> EPISODE_MANIFEST           run_libero_eval.py:238
                          {"env_seed": 1413599330,                              
                          "init_state_dtype": "float64",                        
                          "init_state_index": 19,                               
                          "init_state_sha256":                                  
                          "8b4a7bfbf0fff7d6bf560b38e4cf15                       
                          6bf967a1ee574e0e8b90944781ca52c                       
                          664", "init_state_shape": [92],                       
                          "model_seed": 1347478484,                             
                          "protocol": "paired",                                 
                          "task_id": 2}                                         
huggingface/tokenizers: The current process just got forked, after parallelism has already been used. Disabling parallelism to avoid deadlocks...
To disable this warning, you can either:
	- Avoid using `tokenizers` before the fork if possible
	- Explicitly set the environment variable TOKENIZERS_PARALLELISM=(true | false)
Saved rollout MP4 at path ./rollouts/2026_09_18/2026_09_18-02_45_04--openvla_oft--episode=30--success=True--task=pick_up_the_black_bowl_from_table_center_and_place.mp4
09/18 [02:51:23] INFO     | >> Success: True              run_libero_eval.py:238
                 INFO     | >> # episodes completed so    run_libero_eval.py:238
                          far: 30                                               
                 INFO     | >> # successes: 17 (56.7%)    run_libero_eval.py:238

100%|██████████| 10/10 [01:55<00:00, 11.69s/it][A100%|██████████| 10/10 [01:55<00:00, 11.57s/it]
                 INFO     | >> Current task success rate: run_libero_eval.py:238
                          0.6                                                   
                 INFO     | >> Current total success      run_libero_eval.py:238
                          rate: 0.5666666666666667                              
 30%|███       | 3/10 [05:53<13:51, 118.85s/it]09/18 [02:51:24] INFO     | >> Using default initial      run_libero_eval.py:238
                          states                                                

  0%|          | 0/10 [00:00<?, ?it/s][A09/18 [02:51:27] INFO     | >>                            run_libero_eval.py:238
                          Task: pick up the black bowl on                       
                          the cookie box and place it on                        
                          the plate                                             
                 INFO     | >> Starting episode 1...      run_libero_eval.py:238
                 INFO     | >> EPISODE_MANIFEST           run_libero_eval.py:238
                          {"env_seed": 2305601320,                              
                          "init_state_dtype": "float64",                        
                          "init_state_index": 10,                               
                          "init_state_sha256":                                  
                          "769f3a08b75e4357785695fb798592                       
                          0bb2e312d05b9b99ec76c182555afab                       
                          656", "init_state_shape": [92],                       
                          "model_seed": 2447635993,                             
                          "protocol": "paired",                                 
                          "task_id": 3}                                         
huggingface/tokenizers: The current process just got forked, after parallelism has already been used. Disabling parallelism to avoid deadlocks...
To disable this warning, you can either:
	- Avoid using `tokenizers` before the fork if possible
	- Explicitly set the environment variable TOKENIZERS_PARALLELISM=(true | false)
Saved rollout MP4 at path ./rollouts/2026_09_18/2026_09_18-02_45_04--openvla_oft--episode=31--success=True--task=pick_up_the_black_bowl_on_the_cookie_box_and_place.mp4
09/18 [02:51:35] INFO     | >> Success: True              run_libero_eval.py:238
                 INFO     | >> # episodes completed so    run_libero_eval.py:238
                          far: 31                                               
                 INFO     | >> # successes: 18 (58.1%)    run_libero_eval.py:238

 10%|█         | 1/10 [00:08<01:12,  8.08s/it][A                 INFO     | >>                            run_libero_eval.py:238
                          Task: pick up the black bowl on                       
                          the cookie box and place it on                        
                          the plate                                             
                 INFO     | >> Starting episode 2...      run_libero_eval.py:238
                 INFO     | >> EPISODE_MANIFEST           run_libero_eval.py:238
                          {"env_seed": 2496862514,                              
                          "init_state_dtype": "float64",                        
                          "init_state_index": 11,                               
                          "init_state_sha256":                                  
                          "9ede7c34efdb378d99cbab23cf7a1c                       
                          5160188fb17e2f54308ce3b4fbb6712                       
                          d58", "init_state_shape": [92],                       
                          "model_seed": 1859926275,                             
                          "protocol": "paired",                                 
                          "task_id": 3}                                         
huggingface/tokenizers: The current process just got forked, after parallelism has already been used. Disabling parallelism to avoid deadlocks...
To disable this warning, you can either:
	- Avoid using `tokenizers` before the fork if possible
	- Explicitly set the environment variable TOKENIZERS_PARALLELISM=(true | false)
Saved rollout MP4 at path ./rollouts/2026_09_18/2026_09_18-02_45_04--openvla_oft--episode=32--success=True--task=pick_up_the_black_bowl_on_the_cookie_box_and_place.mp4
09/18 [02:51:43] INFO     | >> Success: True              run_libero_eval.py:238
                 INFO     | >> # episodes completed so    run_libero_eval.py:238
                          far: 32                                               
                 INFO     | >> # successes: 19 (59.4%)    run_libero_eval.py:238

 20%|██        | 2/10 [00:16<01:07,  8.47s/it][A                 INFO     | >>                            run_libero_eval.py:238
                          Task: pick up the black bowl on                       
                          the cookie box and place it on                        
                          the plate                                             
                 INFO     | >> Starting episode 3...      run_libero_eval.py:238
                 INFO     | >> EPISODE_MANIFEST           run_libero_eval.py:238
                          {"env_seed": 2118269906,                              
                          "init_state_dtype": "float64",                        
                          "init_state_index": 12,                               
                          "init_state_sha256":                                  
                          "0a03f52fd9b04847f49d54916274b6                       
                          c8bac86898e31b582cfd7b5b3c3fcae                       
                          0df", "init_state_shape": [92],                       
                          "model_seed": 2138052992,                             
                          "protocol": "paired",                                 
                          "task_id": 3}                                         
huggingface/tokenizers: The current process just got forked, after parallelism has already been used. Disabling parallelism to avoid deadlocks...
To disable this warning, you can either:
	- Avoid using `tokenizers` before the fork if possible
	- Explicitly set the environment variable TOKENIZERS_PARALLELISM=(true | false)
Saved rollout MP4 at path ./rollouts/2026_09_18/2026_09_18-02_45_04--openvla_oft--episode=33--success=True--task=pick_up_the_black_bowl_on_the_cookie_box_and_place.mp4
09/18 [02:51:52] INFO     | >> Success: True              run_libero_eval.py:238
                 INFO     | >> # episodes completed so    run_libero_eval.py:238
                          far: 33                                               
                 INFO     | >> # successes: 20 (60.6%)    run_libero_eval.py:238

 30%|███       | 3/10 [00:25<00:59,  8.52s/it][A                 INFO     | >>                            run_libero_eval.py:238
                          Task: pick up the black bowl on                       
                          the cookie box and place it on                        
                          the plate                                             
                 INFO     | >> Starting episode 4...      run_libero_eval.py:238
                 INFO     | >> EPISODE_MANIFEST           run_libero_eval.py:238
                          {"env_seed": 3218618991,                              
                          "init_state_dtype": "float64",                        
                          "init_state_index": 13,                               
                          "init_state_sha256":                                  
                          "796c143330826bb9f4544037bed5bd                       
                          f85fff4e5d92eb32bdfecaf382ea948                       
                          e8f", "init_state_shape": [92],                       
                          "model_seed": 3969868260,                             
                          "protocol": "paired",                                 
                          "task_id": 3}                                         
huggingface/tokenizers: The current process just got forked, after parallelism has already been used. Disabling parallelism to avoid deadlocks...
To disable this warning, you can either:
	- Avoid using `tokenizers` before the fork if possible
	- Explicitly set the environment variable TOKENIZERS_PARALLELISM=(true | false)
Saved rollout MP4 at path ./rollouts/2026_09_18/2026_09_18-02_45_04--openvla_oft--episode=34--success=True--task=pick_up_the_black_bowl_on_the_cookie_box_and_place.mp4
09/18 [02:52:00] INFO     | >> Success: True              run_libero_eval.py:238
                 INFO     | >> # episodes completed so    run_libero_eval.py:238
                          far: 34                                               
                 INFO     | >> # successes: 21 (61.8%)    run_libero_eval.py:238

 40%|████      | 4/10 [00:33<00:50,  8.49s/it][A                 INFO     | >>                            run_libero_eval.py:238
                          Task: pick up the black bowl on                       
                          the cookie box and place it on                        
                          the plate                                             
                 INFO     | >> Starting episode 5...      run_libero_eval.py:238
                 INFO     | >> EPISODE_MANIFEST           run_libero_eval.py:238
                          {"env_seed": 1718505283,                              
                          "init_state_dtype": "float64",                        
                          "init_state_index": 14,                               
                          "init_state_sha256":                                  
                          "6cf18c532b8185267195e43178fe22                       
                          383f03c14c097cba540e5d20f1adc0a                       
                          34c", "init_state_shape": [92],                       
                          "model_seed": 1741829862,                             
                          "protocol": "paired",                                 
                          "task_id": 3}                                         
huggingface/tokenizers: The current process just got forked, after parallelism has already been used. Disabling parallelism to avoid deadlocks...
To disable this warning, you can either:
	- Avoid using `tokenizers` before the fork if possible
	- Explicitly set the environment variable TOKENIZERS_PARALLELISM=(true | false)
Saved rollout MP4 at path ./rollouts/2026_09_18/2026_09_18-02_45_04--openvla_oft--episode=35--success=True--task=pick_up_the_black_bowl_on_the_cookie_box_and_place.mp4
09/18 [02:52:09] INFO     | >> Success: True              run_libero_eval.py:238
                 INFO     | >> # episodes completed so    run_libero_eval.py:238
                          far: 35                                               
                 INFO     | >> # successes: 22 (62.9%)    run_libero_eval.py:238

 50%|█████     | 5/10 [00:42<00:43,  8.61s/it][A                 INFO     | >>                            run_libero_eval.py:238
                          Task: pick up the black bowl on                       
                          the cookie box and place it on                        
                          the plate                                             
                 INFO     | >> Starting episode 6...      run_libero_eval.py:238
                 INFO     | >> EPISODE_MANIFEST           run_libero_eval.py:238
                          {"env_seed": 3338659295,                              
                          "init_state_dtype": "float64",                        
                          "init_state_index": 15,                               
                          "init_state_sha256":                                  
                          "52361b17e964ee6de88d5cacda510e                       
                          638cf084542ea78d76c70a5d395726a                       
                          bd5", "init_state_shape": [92],                       
                          "model_seed": 37896630,                               
                          "protocol": "paired",                                 
                          "task_id": 3}                                         
huggingface/tokenizers: The current process just got forked, after parallelism has already been used. Disabling parallelism to avoid deadlocks...
To disable this warning, you can either:
	- Avoid using `tokenizers` before the fork if possible
	- Explicitly set the environment variable TOKENIZERS_PARALLELISM=(true | false)
Saved rollout MP4 at path ./rollouts/2026_09_18/2026_09_18-02_45_04--openvla_oft--episode=36--success=True--task=pick_up_the_black_bowl_on_the_cookie_box_and_place.mp4
09/18 [02:52:17] INFO     | >> Success: True              run_libero_eval.py:238
                 INFO     | >> # episodes completed so    run_libero_eval.py:238
                          far: 36                                               
                 INFO     | >> # successes: 23 (63.9%)    run_libero_eval.py:238

 60%|██████    | 6/10 [00:50<00:33,  8.48s/it][A                 INFO     | >>                            run_libero_eval.py:238
                          Task: pick up the black bowl on                       
                          the cookie box and place it on                        
                          the plate                                             
                 INFO     | >> Starting episode 7...      run_libero_eval.py:238
09/18 [02:52:18] INFO     | >> EPISODE_MANIFEST           run_libero_eval.py:238
                          {"env_seed": 2389088309,                              
                          "init_state_dtype": "float64",                        
                          "init_state_index": 16,                               
                          "init_state_sha256":                                  
                          "423931bf6a388befaa73aee6d7505d                       
                          928643429025cfd78629d28fd20fd85                       
                          227", "init_state_shape": [92],                       
                          "model_seed": 4215148904,                             
                          "protocol": "paired",                                 
                          "task_id": 3}                                         
huggingface/tokenizers: The current process just got forked, after parallelism has already been used. Disabling parallelism to avoid deadlocks...
To disable this warning, you can either:
	- Avoid using `tokenizers` before the fork if possible
	- Explicitly set the environment variable TOKENIZERS_PARALLELISM=(true | false)
Saved rollout MP4 at path ./rollouts/2026_09_18/2026_09_18-02_45_04--openvla_oft--episode=37--success=True--task=pick_up_the_black_bowl_on_the_cookie_box_and_place.mp4
09/18 [02:52:26] INFO     | >> Success: True              run_libero_eval.py:238
                 INFO     | >> # episodes completed so    run_libero_eval.py:238
                          far: 37                                               
                 INFO     | >> # successes: 24 (64.9%)    run_libero_eval.py:238

 70%|███████   | 7/10 [00:58<00:25,  8.35s/it][A                 INFO     | >>                            run_libero_eval.py:238
                          Task: pick up the black bowl on                       
                          the cookie box and place it on                        
                          the plate                                             
                 INFO     | >> Starting episode 8...      run_libero_eval.py:238
                 INFO     | >> EPISODE_MANIFEST           run_libero_eval.py:238
                          {"env_seed": 483432697,                               
                          "init_state_dtype": "float64",                        
                          "init_state_index": 17,                               
                          "init_state_sha256":                                  
                          "afbd7079d975f031f72f9f86d4f9b0                       
                          546bb5aba956165e546a303aca82f6b                       
                          006", "init_state_shape": [92],                       
                          "model_seed": 2788686702,                             
                          "protocol": "paired",                                 
                          "task_id": 3}                                         
huggingface/tokenizers: The current process just got forked, after parallelism has already been used. Disabling parallelism to avoid deadlocks...
To disable this warning, you can either:
	- Avoid using `tokenizers` before the fork if possible
	- Explicitly set the environment variable TOKENIZERS_PARALLELISM=(true | false)
Saved rollout MP4 at path ./rollouts/2026_09_18/2026_09_18-02_45_04--openvla_oft--episode=38--success=True--task=pick_up_the_black_bowl_on_the_cookie_box_and_place.mp4
09/18 [02:52:34] INFO     | >> Success: True              run_libero_eval.py:238
                 INFO     | >> # episodes completed so    run_libero_eval.py:238
                          far: 38                                               
                 INFO     | >> # successes: 25 (65.8%)    run_libero_eval.py:238

 80%|████████  | 8/10 [01:07<00:16,  8.28s/it][A                 INFO     | >>                            run_libero_eval.py:238
                          Task: pick up the black bowl on                       
                          the cookie box and place it on                        
                          the plate                                             
                 INFO     | >> Starting episode 9...      run_libero_eval.py:238
                 INFO     | >> EPISODE_MANIFEST           run_libero_eval.py:238
                          {"env_seed": 561897185,                               
                          "init_state_dtype": "float64",                        
                          "init_state_index": 18,                               
                          "init_state_sha256":                                  
                          "f8f9fc0451830fc655416dddfbe161                       
                          dd478fe1024e89da2515d3f11d5e324                       
                          d58", "init_state_shape": [92],                       
                          "model_seed": 857807918,                              
                          "protocol": "paired",                                 
                          "task_id": 3}                                         
huggingface/tokenizers: The current process just got forked, after parallelism has already been used. Disabling parallelism to avoid deadlocks...
To disable this warning, you can either:
	- Avoid using `tokenizers` before the fork if possible
	- Explicitly set the environment variable TOKENIZERS_PARALLELISM=(true | false)
Saved rollout MP4 at path ./rollouts/2026_09_18/2026_09_18-02_45_04--openvla_oft--episode=39--success=True--task=pick_up_the_black_bowl_on_the_cookie_box_and_place.mp4
09/18 [02:52:42] INFO     | >> Success: True              run_libero_eval.py:238
                 INFO     | >> # episodes completed so    run_libero_eval.py:238
                          far: 39                                               
                 INFO     | >> # successes: 26 (66.7%)    run_libero_eval.py:238

 90%|█████████ | 9/10 [01:15<00:08,  8.36s/it][A                 INFO     | >>                            run_libero_eval.py:238
                          Task: pick up the black bowl on                       
                          the cookie box and place it on                        
                          the plate                                             
                 INFO     | >> Starting episode 10...     run_libero_eval.py:238
                 INFO     | >> EPISODE_MANIFEST           run_libero_eval.py:238
                          {"env_seed": 3083610471,                              
                          "init_state_dtype": "float64",                        
                          "init_state_index": 19,                               
                          "init_state_sha256":                                  
                          "506d45d3efe3f6738675330af8d19d                       
                          16069ff0ddf8470ffad2306e592c3b4                       
                          8ed", "init_state_shape": [92],                       
                          "model_seed": 1368153207,                             
                          "protocol": "paired",                                 
                          "task_id": 3}                                         
huggingface/tokenizers: The current process just got forked, after parallelism has already been used. Disabling parallelism to avoid deadlocks...
To disable this warning, you can either:
	- Avoid using `tokenizers` before the fork if possible
	- Explicitly set the environment variable TOKENIZERS_PARALLELISM=(true | false)
Saved rollout MP4 at path ./rollouts/2026_09_18/2026_09_18-02_45_04--openvla_oft--episode=40--success=True--task=pick_up_the_black_bowl_on_the_cookie_box_and_place.mp4
09/18 [02:52:50] INFO     | >> Success: True              run_libero_eval.py:238
                 INFO     | >> # episodes completed so    run_libero_eval.py:238
                          far: 40                                               
                 INFO     | >> # successes: 27 (67.5%)    run_libero_eval.py:238

100%|██████████| 10/10 [01:23<00:00,  8.28s/it][A100%|██████████| 10/10 [01:23<00:00,  8.38s/it]
                 INFO     | >> Current task success rate: run_libero_eval.py:238
                          1.0                                                   
                 INFO     | >> Current total success      run_libero_eval.py:238
                          rate: 0.675                                           
 40%|████      | 4/10 [07:20<10:37, 106.28s/it]09/18 [02:52:51] INFO     | >> Using default initial      run_libero_eval.py:238
                          states                                                

  0%|          | 0/10 [00:00<?, ?it/s][A09/18 [02:52:54] INFO     | >>                            run_libero_eval.py:238
                          Task: pick up the black bowl in                       
                          the top drawer of the wooden                          
                          cabinet and place it on the                           
                          plate                                                 
                 INFO     | >> Starting episode 1...      run_libero_eval.py:238
                 INFO     | >> EPISODE_MANIFEST           run_libero_eval.py:238
                          {"env_seed": 3468706112,                              
                          "init_state_dtype": "float64",                        
                          "init_state_index": 10,                               
                          "init_state_sha256":                                  
                          "7bb0de6b71378924db79db6837d316                       
                          79f6792129b7d9861f58532ba7332d6                       
                          eb3", "init_state_shape": [92],                       
                          "model_seed": 2193637331,                             
                          "protocol": "paired",                                 
                          "task_id": 4}                                         
huggingface/tokenizers: The current process just got forked, after parallelism has already been used. Disabling parallelism to avoid deadlocks...
To disable this warning, you can either:
	- Avoid using `tokenizers` before the fork if possible
	- Explicitly set the environment variable TOKENIZERS_PARALLELISM=(true | false)
Saved rollout MP4 at path ./rollouts/2026_09_18/2026_09_18-02_45_04--openvla_oft--episode=41--success=False--task=pick_up_the_black_bowl_in_the_top_drawer_of_the_wo.mp4
09/18 [02:53:09] INFO     | >> Success: False             run_libero_eval.py:238
                 INFO     | >> # episodes completed so    run_libero_eval.py:238
                          far: 41                                               
                 INFO     | >> # successes: 27 (65.9%)    run_libero_eval.py:238

 10%|█         | 1/10 [00:15<02:17, 15.33s/it][A                 INFO     | >>                            run_libero_eval.py:238
                          Task: pick up the black bowl in                       
                          the top drawer of the wooden                          
                          cabinet and place it on the                           
                          plate                                                 
                 INFO     | >> Starting episode 2...      run_libero_eval.py:238
                 INFO     | >> EPISODE_MANIFEST           run_libero_eval.py:238
                          {"env_seed": 1009899069,                              
                          "init_state_dtype": "float64",                        
                          "init_state_index": 11,                               
                          "init_state_sha256":                                  
                          "7ca087b8eea266273cbf99c09f51cc                       
                          5cfee48a1e6408b367fedf168fc1c9c                       
                          b15", "init_state_shape": [92],                       
                          "model_seed": 2493649820,                             
                          "protocol": "paired",                                 
                          "task_id": 4}                                         
huggingface/tokenizers: The current process just got forked, after parallelism has already been used. Disabling parallelism to avoid deadlocks...
To disable this warning, you can either:
	- Avoid using `tokenizers` before the fork if possible
	- Explicitly set the environment variable TOKENIZERS_PARALLELISM=(true | false)
Saved rollout MP4 at path ./rollouts/2026_09_18/2026_09_18-02_45_04--openvla_oft--episode=42--success=True--task=pick_up_the_black_bowl_in_the_top_drawer_of_the_wo.mp4
09/18 [02:53:19] INFO     | >> Success: True              run_libero_eval.py:238
                 INFO     | >> # episodes completed so    run_libero_eval.py:238
                          far: 42                                               
                 INFO     | >> # successes: 28 (66.7%)    run_libero_eval.py:238

 20%|██        | 2/10 [00:25<01:36, 12.01s/it][A                 INFO     | >>                            run_libero_eval.py:238
                          Task: pick up the black bowl in                       
                          the top drawer of the wooden                          
                          cabinet and place it on the                           
                          plate                                                 
                 INFO     | >> Starting episode 3...      run_libero_eval.py:238
                 INFO     | >> EPISODE_MANIFEST           run_libero_eval.py:238
                          {"env_seed": 852532106,                               
                          "init_state_dtype": "float64",                        
                          "init_state_index": 12,                               
                          "init_state_sha256":                                  
                          "08c27762b56ead1630b15d284b71f5                       
                          91009a21d824139674181aae9060b98                       
                          920", "init_state_shape": [92],                       
                          "model_seed": 598337569,                              
                          "protocol": "paired",                                 
                          "task_id": 4}                                         
huggingface/tokenizers: The current process just got forked, after parallelism has already been used. Disabling parallelism to avoid deadlocks...
To disable this warning, you can either:
	- Avoid using `tokenizers` before the fork if possible
	- Explicitly set the environment variable TOKENIZERS_PARALLELISM=(true | false)
Saved rollout MP4 at path ./rollouts/2026_09_18/2026_09_18-02_45_04--openvla_oft--episode=43--success=True--task=pick_up_the_black_bowl_in_the_top_drawer_of_the_wo.mp4
09/18 [02:53:29] INFO     | >> Success: True              run_libero_eval.py:238
                 INFO     | >> # episodes completed so    run_libero_eval.py:238
                          far: 43                                               
                 INFO     | >> # successes: 29 (67.4%)    run_libero_eval.py:238

 30%|███       | 3/10 [00:35<01:19, 11.30s/it][A                 INFO     | >>                            run_libero_eval.py:238
                          Task: pick up the black bowl in                       
                          the top drawer of the wooden                          
                          cabinet and place it on the                           
                          plate                                                 
                 INFO     | >> Starting episode 4...      run_libero_eval.py:238
                 INFO     | >> EPISODE_MANIFEST           run_libero_eval.py:238
                          {"env_seed": 1859882902,                              
                          "init_state_dtype": "float64",                        
                          "init_state_index": 13,                               
                          "init_state_sha256":                                  
                          "066159b34ab7fd2c9a3292b11143f7                       
                          a8d51f697aff2ea00ea90e7eeeeb06e                       
                          2ba", "init_state_shape": [92],                       
                          "model_seed": 2613584866,                             
                          "protocol": "paired",                                 
                          "task_id": 4}                                         
huggingface/tokenizers: The current process just got forked, after parallelism has already been used. Disabling parallelism to avoid deadlocks...
To disable this warning, you can either:
	- Avoid using `tokenizers` before the fork if possible
	- Explicitly set the environment variable TOKENIZERS_PARALLELISM=(true | false)
Saved rollout MP4 at path ./rollouts/2026_09_18/2026_09_18-02_45_04--openvla_oft--episode=44--success=True--task=pick_up_the_black_bowl_in_the_top_drawer_of_the_wo.mp4
09/18 [02:53:40] INFO     | >> Success: True              run_libero_eval.py:238
                 INFO     | >> # episodes completed so    run_libero_eval.py:238
                          far: 44                                               
                 INFO     | >> # successes: 30 (68.2%)    run_libero_eval.py:238

 40%|████      | 4/10 [00:46<01:06, 11.02s/it][A                 INFO     | >>                            run_libero_eval.py:238
                          Task: pick up the black bowl in                       
                          the top drawer of the wooden                          
                          cabinet and place it on the                           
                          plate                                                 
                 INFO     | >> Starting episode 5...      run_libero_eval.py:238
                 INFO     | >> EPISODE_MANIFEST           run_libero_eval.py:238
                          {"env_seed": 627429061,                               
                          "init_state_dtype": "float64",                        
                          "init_state_index": 14,                               
                          "init_state_sha256":                                  
                          "cf92dad8abe4770b520ec4e6bf4a9c                       
                          074cbdc829e6c7bffae73060682dee7                       
                          d69", "init_state_shape": [92],                       
                          "model_seed": 3517308286,                             
                          "protocol": "paired",                                 
                          "task_id": 4}                                         
huggingface/tokenizers: The current process just got forked, after parallelism has already been used. Disabling parallelism to avoid deadlocks...
To disable this warning, you can either:
	- Avoid using `tokenizers` before the fork if possible
	- Explicitly set the environment variable TOKENIZERS_PARALLELISM=(true | false)
Saved rollout MP4 at path ./rollouts/2026_09_18/2026_09_18-02_45_04--openvla_oft--episode=45--success=False--task=pick_up_the_black_bowl_in_the_top_drawer_of_the_wo.mp4
09/18 [02:53:56] INFO     | >> Success: False             run_libero_eval.py:238
                 INFO     | >> # episodes completed so    run_libero_eval.py:238
                          far: 45                                               
                 INFO     | >> # successes: 30 (66.7%)    run_libero_eval.py:238

 50%|█████     | 5/10 [01:02<01:05, 13.03s/it][A                 INFO     | >>                            run_libero_eval.py:238
                          Task: pick up the black bowl in                       
                          the top drawer of the wooden                          
                          cabinet and place it on the                           
                          plate                                                 
                 INFO     | >> Starting episode 6...      run_libero_eval.py:238
                 INFO     | >> EPISODE_MANIFEST           run_libero_eval.py:238
                          {"env_seed": 592266451,                               
                          "init_state_dtype": "float64",                        
                          "init_state_index": 15,                               
                          "init_state_sha256":                                  
                          "cb5e701ddd05a14b73dade2a434b1c                       
                          e1bd338ce61091f2e5c21eef2af3c91                       
                          ce2", "init_state_shape": [92],                       
                          "model_seed": 3913061369,                             
                          "protocol": "paired",                                 
                          "task_id": 4}                                         
huggingface/tokenizers: The current process just got forked, after parallelism has already been used. Disabling parallelism to avoid deadlocks...
To disable this warning, you can either:
	- Avoid using `tokenizers` before the fork if possible
	- Explicitly set the environment variable TOKENIZERS_PARALLELISM=(true | false)
Saved rollout MP4 at path ./rollouts/2026_09_18/2026_09_18-02_45_04--openvla_oft--episode=46--success=True--task=pick_up_the_black_bowl_in_the_top_drawer_of_the_wo.mp4
09/18 [02:54:07] INFO     | >> Success: True              run_libero_eval.py:238
                 INFO     | >> # episodes completed so    run_libero_eval.py:238
                          far: 46                                               
                 INFO     | >> # successes: 31 (67.4%)    run_libero_eval.py:238

 60%|██████    | 6/10 [01:13<00:48, 12.14s/it][A                 INFO     | >>                            run_libero_eval.py:238
                          Task: pick up the black bowl in                       
                          the top drawer of the wooden                          
                          cabinet and place it on the                           
                          plate                                                 
                 INFO     | >> Starting episode 7...      run_libero_eval.py:238
                 INFO     | >> EPISODE_MANIFEST           run_libero_eval.py:238
                          {"env_seed": 174463350,                               
                          "init_state_dtype": "float64",                        
                          "init_state_index": 16,                               
                          "init_state_sha256":                                  
                          "2fd6bf6a9d7196b0c22521e814d899                       
                          83b55b5ee584b68a3de0ca6ff4659cf                       
                          aba", "init_state_shape": [92],                       
                          "model_seed": 2608786554,                             
                          "protocol": "paired",                                 
                          "task_id": 4}                                         
huggingface/tokenizers: The current process just got forked, after parallelism has already been used. Disabling parallelism to avoid deadlocks...
To disable this warning, you can either:
	- Avoid using `tokenizers` before the fork if possible
	- Explicitly set the environment variable TOKENIZERS_PARALLELISM=(true | false)
Saved rollout MP4 at path ./rollouts/2026_09_18/2026_09_18-02_45_04--openvla_oft--episode=47--success=True--task=pick_up_the_black_bowl_in_the_top_drawer_of_the_wo.mp4
09/18 [02:54:17] INFO     | >> Success: True              run_libero_eval.py:238
                 INFO     | >> # episodes completed so    run_libero_eval.py:238
                          far: 47                                               
                 INFO     | >> # successes: 32 (68.1%)    run_libero_eval.py:238

 70%|███████   | 7/10 [01:23<00:34, 11.57s/it][A                 INFO     | >>                            run_libero_eval.py:238
                          Task: pick up the black bowl in                       
                          the top drawer of the wooden                          
                          cabinet and place it on the                           
                          plate                                                 
                 INFO     | >> Starting episode 8...      run_libero_eval.py:238
                 INFO     | >> EPISODE_MANIFEST           run_libero_eval.py:238
                          {"env_seed": 952382972,                               
                          "init_state_dtype": "float64",                        
                          "init_state_index": 17,                               
                          "init_state_sha256":                                  
                          "f5d465f187549523ee7aaedba70bf6                       
                          427cc717feb1cdc5beffdb576b406b6                       
                          ead", "init_state_shape": [92],                       
                          "model_seed": 2666651633,                             
                          "protocol": "paired",                                 
                          "task_id": 4}                                         
huggingface/tokenizers: The current process just got forked, after parallelism has already been used. Disabling parallelism to avoid deadlocks...
To disable this warning, you can either:
	- Avoid using `tokenizers` before the fork if possible
	- Explicitly set the environment variable TOKENIZERS_PARALLELISM=(true | false)
Saved rollout MP4 at path ./rollouts/2026_09_18/2026_09_18-02_45_04--openvla_oft--episode=48--success=False--task=pick_up_the_black_bowl_in_the_top_drawer_of_the_wo.mp4
09/18 [02:54:32] INFO     | >> Success: False             run_libero_eval.py:238
                 INFO     | >> # episodes completed so    run_libero_eval.py:238
                          far: 48                                               
                 INFO     | >> # successes: 32 (66.7%)    run_libero_eval.py:238

 80%|████████  | 8/10 [01:38<00:25, 12.72s/it][A                 INFO     | >>                            run_libero_eval.py:238
                          Task: pick up the black bowl in                       
                          the top drawer of the wooden                          
                          cabinet and place it on the                           
                          plate                                                 
                 INFO     | >> Starting episode 9...      run_libero_eval.py:238
                 INFO     | >> EPISODE_MANIFEST           run_libero_eval.py:238
                          {"env_seed": 597217658,                               
                          "init_state_dtype": "float64",                        
                          "init_state_index": 18,                               
                          "init_state_sha256":                                  
                          "aa414e9c1b365ba49f5754f04a6d22                       
                          fe76579e537cc0532defd2b143c8162                       
                          449", "init_state_shape": [92],                       
                          "model_seed": 4232163839,                             
                          "protocol": "paired",                                 
                          "task_id": 4}                                         
huggingface/tokenizers: The current process just got forked, after parallelism has already been used. Disabling parallelism to avoid deadlocks...
To disable this warning, you can either:
	- Avoid using `tokenizers` before the fork if possible
	- Explicitly set the environment variable TOKENIZERS_PARALLELISM=(true | false)
Saved rollout MP4 at path ./rollouts/2026_09_18/2026_09_18-02_45_04--openvla_oft--episode=49--success=True--task=pick_up_the_black_bowl_in_the_top_drawer_of_the_wo.mp4
09/18 [02:54:43] INFO     | >> Success: True              run_libero_eval.py:238
                 INFO     | >> # episodes completed so    run_libero_eval.py:238
                          far: 49                                               
                 INFO     | >> # successes: 33 (67.3%)    run_libero_eval.py:238

 90%|█████████ | 9/10 [01:49<00:11, 11.98s/it][A                 INFO     | >>                            run_libero_eval.py:238
                          Task: pick up the black bowl in                       
                          the top drawer of the wooden                          
                          cabinet and place it on the                           
                          plate                                                 
                 INFO     | >> Starting episode 10...     run_libero_eval.py:238
                 INFO     | >> EPISODE_MANIFEST           run_libero_eval.py:238
                          {"env_seed": 1378792430,                              
                          "init_state_dtype": "float64",                        
                          "init_state_index": 19,                               
                          "init_state_sha256":                                  
                          "c3c1ec2925956850aa3e3a52f63f7b                       
                          6887c58e2e6cd4900bb07100abe491a                       
                          044", "init_state_shape": [92],                       
                          "model_seed": 2353055044,                             
                          "protocol": "paired",                                 
                          "task_id": 4}                                         
huggingface/tokenizers: The current process just got forked, after parallelism has already been used. Disabling parallelism to avoid deadlocks...
To disable this warning, you can either:
	- Avoid using `tokenizers` before the fork if possible
	- Explicitly set the environment variable TOKENIZERS_PARALLELISM=(true | false)
Saved rollout MP4 at path ./rollouts/2026_09_18/2026_09_18-02_45_04--openvla_oft--episode=50--success=True--task=pick_up_the_black_bowl_in_the_top_drawer_of_the_wo.mp4
09/18 [02:54:53] INFO     | >> Success: True              run_libero_eval.py:238
                 INFO     | >> # episodes completed so    run_libero_eval.py:238
                          far: 50                                               
                 INFO     | >> # successes: 34 (68.0%)    run_libero_eval.py:238

100%|██████████| 10/10 [01:59<00:00, 11.44s/it][A100%|██████████| 10/10 [01:59<00:00, 11.92s/it]
                 INFO     | >> Current task success rate: run_libero_eval.py:238
                          0.7                                                   
                 INFO     | >> Current total success      run_libero_eval.py:238
                          rate: 0.68                                            
 50%|█████     | 5/10 [09:22<09:20, 112.12s/it]                 INFO     | >> Using default initial      run_libero_eval.py:238
                          states                                                

  0%|          | 0/10 [00:00<?, ?it/s][A09/18 [02:54:56] INFO     | >>                            run_libero_eval.py:238
                          Task: pick up the black bowl on                       
                          the ramekin and place it on the                       
                          plate                                                 
                 INFO     | >> Starting episode 1...      run_libero_eval.py:238
                 INFO     | >> EPISODE_MANIFEST           run_libero_eval.py:238
                          {"env_seed": 3656938426,                              
                          "init_state_dtype": "float64",                        
                          "init_state_index": 10,                               
                          "init_state_sha256":                                  
                          "bfaff55ad30b79eb4f16c1791d3353                       
                          527b55561b017b783ffc10277aa2649                       
                          4e0", "init_state_shape": [92],                       
                          "model_seed": 471562028,                              
                          "protocol": "paired",                                 
                          "task_id": 5}                                         
huggingface/tokenizers: The current process just got forked, after parallelism has already been used. Disabling parallelism to avoid deadlocks...
To disable this warning, you can either:
	- Avoid using `tokenizers` before the fork if possible
	- Explicitly set the environment variable TOKENIZERS_PARALLELISM=(true | false)
Saved rollout MP4 at path ./rollouts/2026_09_18/2026_09_18-02_45_04--openvla_oft--episode=51--success=False--task=pick_up_the_black_bowl_on_the_ramekin_and_place_it.mp4
09/18 [02:55:11] INFO     | >> Success: False             run_libero_eval.py:238
                 INFO     | >> # episodes completed so    run_libero_eval.py:238
                          far: 51                                               
                 INFO     | >> # successes: 34 (66.7%)    run_libero_eval.py:238

 10%|█         | 1/10 [00:14<02:10, 14.51s/it][A                 INFO     | >>                            run_libero_eval.py:238
                          Task: pick up the black bowl on                       
                          the ramekin and place it on the                       
                          plate                                                 
                 INFO     | >> Starting episode 2...      run_libero_eval.py:238
                 INFO     | >> EPISODE_MANIFEST           run_libero_eval.py:238
                          {"env_seed": 2035309818,                              
                          "init_state_dtype": "float64",                        
                          "init_state_index": 11,                               
                          "init_state_sha256":                                  
                          "ff39aa05adeb3467ae4e7003d9b14f                       
                          9f9d307101ecb6ef43d415020975ee3                       
                          ba8", "init_state_shape": [92],                       
                          "model_seed": 3234983578,                             
                          "protocol": "paired",                                 
                          "task_id": 5}                                         
huggingface/tokenizers: The current process just got forked, after parallelism has already been used. Disabling parallelism to avoid deadlocks...
To disable this warning, you can either:
	- Avoid using `tokenizers` before the fork if possible
	- Explicitly set the environment variable TOKENIZERS_PARALLELISM=(true | false)
Saved rollout MP4 at path ./rollouts/2026_09_18/2026_09_18-02_45_04--openvla_oft--episode=52--success=True--task=pick_up_the_black_bowl_on_the_ramekin_and_place_it.mp4
09/18 [02:55:21] INFO     | >> Success: True              run_libero_eval.py:238
                 INFO     | >> # episodes completed so    run_libero_eval.py:238
                          far: 52                                               
                 INFO     | >> # successes: 35 (67.3%)    run_libero_eval.py:238

 20%|██        | 2/10 [00:24<01:36, 12.06s/it][A                 INFO     | >>                            run_libero_eval.py:238
                          Task: pick up the black bowl on                       
                          the ramekin and place it on the                       
                          plate                                                 
                 INFO     | >> Starting episode 3...      run_libero_eval.py:238
                 INFO     | >> EPISODE_MANIFEST           run_libero_eval.py:238
                          {"env_seed": 80518552,                                
                          "init_state_dtype": "float64",                        
                          "init_state_index": 12,                               
                          "init_state_sha256":                                  
                          "1035069b81bb91a6134b4ca623b290                       
                          76df3a99387db6110fabbe0b7aa70d5                       
                          437", "init_state_shape": [92],                       
                          "model_seed": 423312444,                              
                          "protocol": "paired",                                 
                          "task_id": 5}                                         
huggingface/tokenizers: The current process just got forked, after parallelism has already been used. Disabling parallelism to avoid deadlocks...
To disable this warning, you can either:
	- Avoid using `tokenizers` before the fork if possible
	- Explicitly set the environment variable TOKENIZERS_PARALLELISM=(true | false)
Saved rollout MP4 at path ./rollouts/2026_09_18/2026_09_18-02_45_04--openvla_oft--episode=53--success=True--task=pick_up_the_black_bowl_on_the_ramekin_and_place_it.mp4
09/18 [02:55:29] INFO     | >> Success: True              run_libero_eval.py:238
                 INFO     | >> # episodes completed so    run_libero_eval.py:238
                          far: 53                                               
                 INFO     | >> # successes: 36 (67.9%)    run_libero_eval.py:238

 30%|███       | 3/10 [00:33<01:12, 10.31s/it][A                 INFO     | >>                            run_libero_eval.py:238
                          Task: pick up the black bowl on                       
                          the ramekin and place it on the                       
                          plate                                                 
                 INFO     | >> Starting episode 4...      run_libero_eval.py:238
                 INFO     | >> EPISODE_MANIFEST           run_libero_eval.py:238
                          {"env_seed": 3329673678,                              
                          "init_state_dtype": "float64",                        
                          "init_state_index": 13,                               
                          "init_state_sha256":                                  
                          "3731069406dc50d234dfc8e8cdff9b                       
                          2a4e2e00970ebd0d000af7dea9884a4                       
                          236", "init_state_shape": [92],                       
                          "model_seed": 3626548186,                             
                          "protocol": "paired",                                 
                          "task_id": 5}                                         
huggingface/tokenizers: The current process just got forked, after parallelism has already been used. Disabling parallelism to avoid deadlocks...
To disable this warning, you can either:
	- Avoid using `tokenizers` before the fork if possible
	- Explicitly set the environment variable TOKENIZERS_PARALLELISM=(true | false)
Saved rollout MP4 at path ./rollouts/2026_09_18/2026_09_18-02_45_04--openvla_oft--episode=54--success=False--task=pick_up_the_black_bowl_on_the_ramekin_and_place_it.mp4
09/18 [02:55:44] INFO     | >> Success: False             run_libero_eval.py:238
                 INFO     | >> # episodes completed so    run_libero_eval.py:238
                          far: 54                                               
                 INFO     | >> # successes: 36 (66.7%)    run_libero_eval.py:238

 40%|████      | 4/10 [00:48<01:12, 12.16s/it][A                 INFO     | >>                            run_libero_eval.py:238
                          Task: pick up the black bowl on                       
                          the ramekin and place it on the                       
                          plate                                                 
                 INFO     | >> Starting episode 5...      run_libero_eval.py:238
                 INFO     | >> EPISODE_MANIFEST           run_libero_eval.py:238
                          {"env_seed": 2576723984,                              
                          "init_state_dtype": "float64",                        
                          "init_state_index": 14,                               
                          "init_state_sha256":                                  
                          "a5932cf3fc7c1839b68d324f8e7241                       
                          08874c30a15b7936c821543aaff1866                       
                          3a6", "init_state_shape": [92],                       
                          "model_seed": 2693348730,                             
                          "protocol": "paired",                                 
                          "task_id": 5}                                         
huggingface/tokenizers: The current process just got forked, after parallelism has already been used. Disabling parallelism to avoid deadlocks...
To disable this warning, you can either:
	- Avoid using `tokenizers` before the fork if possible
	- Explicitly set the environment variable TOKENIZERS_PARALLELISM=(true | false)
Saved rollout MP4 at path ./rollouts/2026_09_18/2026_09_18-02_45_04--openvla_oft--episode=55--success=True--task=pick_up_the_black_bowl_on_the_ramekin_and_place_it.mp4
09/18 [02:55:56] INFO     | >> Success: True              run_libero_eval.py:238
                 INFO     | >> # episodes completed so    run_libero_eval.py:238
                          far: 55                                               
                 INFO     | >> # successes: 37 (67.3%)    run_libero_eval.py:238

 50%|█████     | 5/10 [01:00<01:00, 12.11s/it][A                 INFO     | >>                            run_libero_eval.py:238
                          Task: pick up the black bowl on                       
                          the ramekin and place it on the                       
                          plate                                                 
                 INFO     | >> Starting episode 6...      run_libero_eval.py:238
                 INFO     | >> EPISODE_MANIFEST           run_libero_eval.py:238
                          {"env_seed": 3020995234,                              
                          "init_state_dtype": "float64",                        
                          "init_state_index": 15,                               
                          "init_state_sha256":                                  
                          "a4deab6566eeb86430ab9f1e5f4f81                       
                          67ab666fecaf318188b9ce5f5d15999                       
                          921", "init_state_shape": [92],                       
                          "model_seed": 1559526597,                             
                          "protocol": "paired",                                 
                          "task_id": 5}                                         
huggingface/tokenizers: The current process just got forked, after parallelism has already been used. Disabling parallelism to avoid deadlocks...
To disable this warning, you can either:
	- Avoid using `tokenizers` before the fork if possible
	- Explicitly set the environment variable TOKENIZERS_PARALLELISM=(true | false)
Saved rollout MP4 at path ./rollouts/2026_09_18/2026_09_18-02_45_04--openvla_oft--episode=56--success=True--task=pick_up_the_black_bowl_on_the_ramekin_and_place_it.mp4
09/18 [02:56:08] INFO     | >> Success: True              run_libero_eval.py:238
                 INFO     | >> # episodes completed so    run_libero_eval.py:238
                          far: 56                                               
                 INFO     | >> # successes: 38 (67.9%)    run_libero_eval.py:238

 60%|██████    | 6/10 [01:11<00:47, 11.93s/it][A                 INFO     | >>                            run_libero_eval.py:238
                          Task: pick up the black bowl on                       
                          the ramekin and place it on the                       
                          plate                                                 
                 INFO     | >> Starting episode 7...      run_libero_eval.py:238
                 INFO     | >> EPISODE_MANIFEST           run_libero_eval.py:238
                          {"env_seed": 348540942,                               
                          "init_state_dtype": "float64",                        
                          "init_state_index": 16,                               
                          "init_state_sha256":                                  
                          "7230223d3b36c289be0dc4cfbfe916                       
                          bfe65e2b20c4755b123504b97f9db19                       
                          e76", "init_state_shape": [92],                       
                          "model_seed": 571957621,                              
                          "protocol": "paired",                                 
                          "task_id": 5}                                         
huggingface/tokenizers: The current process just got forked, after parallelism has already been used. Disabling parallelism to avoid deadlocks...
To disable this warning, you can either:
	- Avoid using `tokenizers` before the fork if possible
	- Explicitly set the environment variable TOKENIZERS_PARALLELISM=(true | false)
Saved rollout MP4 at path ./rollouts/2026_09_18/2026_09_18-02_45_04--openvla_oft--episode=57--success=False--task=pick_up_the_black_bowl_on_the_ramekin_and_place_it.mp4
09/18 [02:56:22] INFO     | >> Success: False             run_libero_eval.py:238
                 INFO     | >> # episodes completed so    run_libero_eval.py:238
                          far: 57                                               
                 INFO     | >> # successes: 38 (66.7%)    run_libero_eval.py:238

 70%|███████   | 7/10 [01:26<00:38, 12.79s/it][A                 INFO     | >>                            run_libero_eval.py:238
                          Task: pick up the black bowl on                       
                          the ramekin and place it on the                       
                          plate                                                 
                 INFO     | >> Starting episode 8...      run_libero_eval.py:238
                 INFO     | >> EPISODE_MANIFEST           run_libero_eval.py:238
                          {"env_seed": 2006356597,                              
                          "init_state_dtype": "float64",                        
                          "init_state_index": 17,                               
                          "init_state_sha256":                                  
                          "6fd8ad771d6691f57d4512a8036552                       
                          c7b7f13cc92730d96e1fe04cf10f19f                       
                          622", "init_state_shape": [92],                       
                          "model_seed": 359235110,                              
                          "protocol": "paired",                                 
                          "task_id": 5}                                         
huggingface/tokenizers: The current process just got forked, after parallelism has already been used. Disabling parallelism to avoid deadlocks...
To disable this warning, you can either:
	- Avoid using `tokenizers` before the fork if possible
	- Explicitly set the environment variable TOKENIZERS_PARALLELISM=(true | false)
Saved rollout MP4 at path ./rollouts/2026_09_18/2026_09_18-02_45_04--openvla_oft--episode=58--success=False--task=pick_up_the_black_bowl_on_the_ramekin_and_place_it.mp4
09/18 [02:56:37] INFO     | >> Success: False             run_libero_eval.py:238
                 INFO     | >> # episodes completed so    run_libero_eval.py:238
                          far: 58                                               
                 INFO     | >> # successes: 38 (65.5%)    run_libero_eval.py:238

 80%|████████  | 8/10 [01:40<00:26, 13.39s/it][A                 INFO     | >>                            run_libero_eval.py:238
                          Task: pick up the black bowl on                       
                          the ramekin and place it on the                       
                          plate                                                 
                 INFO     | >> Starting episode 9...      run_libero_eval.py:238
                 INFO     | >> EPISODE_MANIFEST           run_libero_eval.py:238
                          {"env_seed": 1929182354,                              
                          "init_state_dtype": "float64",                        
                          "init_state_index": 18,                               
                          "init_state_sha256":                                  
                          "bae20d83cc8f5698c74606627590ca                       
                          7a468ddfcefb40d2b14e88f856ead59                       
                          dac", "init_state_shape": [92],                       
                          "model_seed": 133738021,                              
                          "protocol": "paired",                                 
                          "task_id": 5}                                         
huggingface/tokenizers: The current process just got forked, after parallelism has already been used. Disabling parallelism to avoid deadlocks...
To disable this warning, you can either:
	- Avoid using `tokenizers` before the fork if possible
	- Explicitly set the environment variable TOKENIZERS_PARALLELISM=(true | false)
Saved rollout MP4 at path ./rollouts/2026_09_18/2026_09_18-02_45_04--openvla_oft--episode=59--success=False--task=pick_up_the_black_bowl_on_the_ramekin_and_place_it.mp4
09/18 [02:56:51] INFO     | >> Success: False             run_libero_eval.py:238
                 INFO     | >> # episodes completed so    run_libero_eval.py:238
                          far: 59                                               
                 INFO     | >> # successes: 38 (64.4%)    run_libero_eval.py:238

 90%|█████████ | 9/10 [01:55<00:13, 13.69s/it][A                 INFO     | >>                            run_libero_eval.py:238
                          Task: pick up the black bowl on                       
                          the ramekin and place it on the                       
                          plate                                                 
                 INFO     | >> Starting episode 10...     run_libero_eval.py:238
                 INFO     | >> EPISODE_MANIFEST           run_libero_eval.py:238
                          {"env_seed": 1473662895,                              
                          "init_state_dtype": "float64",                        
                          "init_state_index": 19,                               
                          "init_state_sha256":                                  
                          "abdc5421f4dbbe198b856e56c8808b                       
                          b94de1984fbc206990666daac8c48b9                       
                          4f9", "init_state_shape": [92],                       
                          "model_seed": 4203872880,                             
                          "protocol": "paired",                                 
                          "task_id": 5}                                         
huggingface/tokenizers: The current process just got forked, after parallelism has already been used. Disabling parallelism to avoid deadlocks...
To disable this warning, you can either:
	- Avoid using `tokenizers` before the fork if possible
	- Explicitly set the environment variable TOKENIZERS_PARALLELISM=(true | false)
Saved rollout MP4 at path ./rollouts/2026_09_18/2026_09_18-02_45_04--openvla_oft--episode=60--success=False--task=pick_up_the_black_bowl_on_the_ramekin_and_place_it.mp4
09/18 [02:57:06] INFO     | >> Success: False             run_libero_eval.py:238
                 INFO     | >> # episodes completed so    run_libero_eval.py:238
                          far: 60                                               
                 INFO     | >> # successes: 38 (63.3%)    run_libero_eval.py:238

100%|██████████| 10/10 [02:09<00:00, 13.95s/it][A100%|██████████| 10/10 [02:09<00:00, 12.98s/it]
                 INFO     | >> Current task success rate: run_libero_eval.py:238
                          0.4                                                   
                 INFO     | >> Current total success      run_libero_eval.py:238
                          rate: 0.6333333333333333                              
 60%|██████    | 6/10 [11:35<07:56, 119.23s/it]                 INFO     | >> Using default initial      run_libero_eval.py:238
                          states                                                

  0%|          | 0/10 [00:00<?, ?it/s][A09/18 [02:57:09] INFO     | >>                            run_libero_eval.py:238
                          Task: pick up the black bowl                          
                          next to the cookie box and                            
                          place it on the plate                                 
                 INFO     | >> Starting episode 1...      run_libero_eval.py:238
                 INFO     | >> EPISODE_MANIFEST           run_libero_eval.py:238
                          {"env_seed": 1376862275,                              
                          "init_state_dtype": "float64",                        
                          "init_state_index": 10,                               
                          "init_state_sha256":                                  
                          "eaf7293a6bf87fbf51f658f8b9f304                       
                          1bb271b943e2b32b84852f939acb653                       
                          f15", "init_state_shape": [92],                       
                          "model_seed": 90998460,                               
                          "protocol": "paired",                                 
                          "task_id": 6}                                         
huggingface/tokenizers: The current process just got forked, after parallelism has already been used. Disabling parallelism to avoid deadlocks...
To disable this warning, you can either:
	- Avoid using `tokenizers` before the fork if possible
	- Explicitly set the environment variable TOKENIZERS_PARALLELISM=(true | false)
Saved rollout MP4 at path ./rollouts/2026_09_18/2026_09_18-02_45_04--openvla_oft--episode=61--success=False--task=pick_up_the_black_bowl_next_to_the_cookie_box_and_.mp4
09/18 [02:57:23] INFO     | >> Success: False             run_libero_eval.py:238
                 INFO     | >> # episodes completed so    run_libero_eval.py:238
                          far: 61                                               
                 INFO     | >> # successes: 38 (62.3%)    run_libero_eval.py:238

 10%|█         | 1/10 [00:14<02:08, 14.29s/it][A                 INFO     | >>                            run_libero_eval.py:238
                          Task: pick up the black bowl                          
                          next to the cookie box and                            
                          place it on the plate                                 
                 INFO     | >> Starting episode 2...      run_libero_eval.py:238
                 INFO     | >> EPISODE_MANIFEST           run_libero_eval.py:238
                          {"env_seed": 3810235033,                              
                          "init_state_dtype": "float64",                        
                          "init_state_index": 11,                               
                          "init_state_sha256":                                  
                          "086d92098f70b4304ee849a551a884                       
                          1bc5540af72329890224b8c9d7eb426                       
                          9aa", "init_state_shape": [92],                       
                          "model_seed": 3224610980,                             
                          "protocol": "paired",                                 
                          "task_id": 6}                                         
huggingface/tokenizers: The current process just got forked, after parallelism has already been used. Disabling parallelism to avoid deadlocks...
To disable this warning, you can either:
	- Avoid using `tokenizers` before the fork if possible
	- Explicitly set the environment variable TOKENIZERS_PARALLELISM=(true | false)
Saved rollout MP4 at path ./rollouts/2026_09_18/2026_09_18-02_45_04--openvla_oft--episode=62--success=False--task=pick_up_the_black_bowl_next_to_the_cookie_box_and_.mp4
09/18 [02:57:38] INFO     | >> Success: False             run_libero_eval.py:238
                 INFO     | >> # episodes completed so    run_libero_eval.py:238
                          far: 62                                               
                 INFO     | >> # successes: 38 (61.3%)    run_libero_eval.py:238

 20%|██        | 2/10 [00:28<01:53, 14.22s/it][A                 INFO     | >>                            run_libero_eval.py:238
                          Task: pick up the black bowl                          
                          next to the cookie box and                            
                          place it on the plate                                 
                 INFO     | >> Starting episode 3...      run_libero_eval.py:238
                 INFO     | >> EPISODE_MANIFEST           run_libero_eval.py:238
                          {"env_seed": 2225701122,                              
                          "init_state_dtype": "float64",                        
                          "init_state_index": 12,                               
                          "init_state_sha256":                                  
                          "6d69d364b3ba6a780de6a6b553be10                       
                          2a7076031abb03b27e25d10867efcaa                       
                          40a", "init_state_shape": [92],                       
                          "model_seed": 1730676684,                             
                          "protocol": "paired",                                 
                          "task_id": 6}                                         
huggingface/tokenizers: The current process just got forked, after parallelism has already been used. Disabling parallelism to avoid deadlocks...
To disable this warning, you can either:
	- Avoid using `tokenizers` before the fork if possible
	- Explicitly set the environment variable TOKENIZERS_PARALLELISM=(true | false)
Saved rollout MP4 at path ./rollouts/2026_09_18/2026_09_18-02_45_04--openvla_oft--episode=63--success=False--task=pick_up_the_black_bowl_next_to_the_cookie_box_and_.mp4
09/18 [02:57:52] INFO     | >> Success: False             run_libero_eval.py:238
                 INFO     | >> # episodes completed so    run_libero_eval.py:238
                          far: 63                                               
                 INFO     | >> # successes: 38 (60.3%)    run_libero_eval.py:238

 30%|███       | 3/10 [00:43<01:41, 14.46s/it][A                 INFO     | >>                            run_libero_eval.py:238
                          Task: pick up the black bowl                          
                          next to the cookie box and                            
                          place it on the plate                                 
                 INFO     | >> Starting episode 4...      run_libero_eval.py:238
                 INFO     | >> EPISODE_MANIFEST           run_libero_eval.py:238
                          {"env_seed": 1252869262,                              
                          "init_state_dtype": "float64",                        
                          "init_state_index": 13,                               
                          "init_state_sha256":                                  
                          "5b5f5be6756670be320c90d8ddc74a                       
                          90debb4c433c896028bac1169196d00                       
                          f26", "init_state_shape": [92],                       
                          "model_seed": 948762575,                              
                          "protocol": "paired",                                 
                          "task_id": 6}                                         
huggingface/tokenizers: The current process just got forked, after parallelism has already been used. Disabling parallelism to avoid deadlocks...
To disable this warning, you can either:
	- Avoid using `tokenizers` before the fork if possible
	- Explicitly set the environment variable TOKENIZERS_PARALLELISM=(true | false)
Saved rollout MP4 at path ./rollouts/2026_09_18/2026_09_18-02_45_04--openvla_oft--episode=64--success=False--task=pick_up_the_black_bowl_next_to_the_cookie_box_and_.mp4
09/18 [02:58:07] INFO     | >> Success: False             run_libero_eval.py:238
                 INFO     | >> # episodes completed so    run_libero_eval.py:238
                          far: 64                                               
                 INFO     | >> # successes: 38 (59.4%)    run_libero_eval.py:238

 40%|████      | 4/10 [00:58<01:28, 14.68s/it][A                 INFO     | >>                            run_libero_eval.py:238
                          Task: pick up the black bowl                          
                          next to the cookie box and                            
                          place it on the plate                                 
                 INFO     | >> Starting episode 5...      run_libero_eval.py:238
                 INFO     | >> EPISODE_MANIFEST           run_libero_eval.py:238
                          {"env_seed": 1420580096,                              
                          "init_state_dtype": "float64",                        
                          "init_state_index": 14,                               
                          "init_state_sha256":                                  
                          "42f14bceb4a4442495e345b5e2cae5                       
                          a449eaa30105c546c8349a09bbba379                       
                          d34", "init_state_shape": [92],                       
                          "model_seed": 3970509889,                             
                          "protocol": "paired",                                 
                          "task_id": 6}                                         
huggingface/tokenizers: The current process just got forked, after parallelism has already been used. Disabling parallelism to avoid deadlocks...
To disable this warning, you can either:
	- Avoid using `tokenizers` before the fork if possible
	- Explicitly set the environment variable TOKENIZERS_PARALLELISM=(true | false)
Saved rollout MP4 at path ./rollouts/2026_09_18/2026_09_18-02_45_04--openvla_oft--episode=65--success=False--task=pick_up_the_black_bowl_next_to_the_cookie_box_and_.mp4
09/18 [02:58:22] INFO     | >> Success: False             run_libero_eval.py:238
                 INFO     | >> # episodes completed so    run_libero_eval.py:238
                          far: 65                                               
                 INFO     | >> # successes: 38 (58.5%)    run_libero_eval.py:238

 50%|█████     | 5/10 [01:13<01:13, 14.75s/it][A                 INFO     | >>                            run_libero_eval.py:238
                          Task: pick up the black bowl                          
                          next to the cookie box and                            
                          place it on the plate                                 
                 INFO     | >> Starting episode 6...      run_libero_eval.py:238
                 INFO     | >> EPISODE_MANIFEST           run_libero_eval.py:238
                          {"env_seed": 1695376014,                              
                          "init_state_dtype": "float64",                        
                          "init_state_index": 15,                               
                          "init_state_sha256":                                  
                          "5ac177ae8b3d5faae0f96018f1a10c                       
                          896aa28c50cf164f892a63ace956e84                       
                          d67", "init_state_shape": [92],                       
                          "model_seed": 1779348709,                             
                          "protocol": "paired",                                 
                          "task_id": 6}                                         
huggingface/tokenizers: The current process just got forked, after parallelism has already been used. Disabling parallelism to avoid deadlocks...
To disable this warning, you can either:
	- Avoid using `tokenizers` before the fork if possible
	- Explicitly set the environment variable TOKENIZERS_PARALLELISM=(true | false)
Saved rollout MP4 at path ./rollouts/2026_09_18/2026_09_18-02_45_04--openvla_oft--episode=66--success=False--task=pick_up_the_black_bowl_next_to_the_cookie_box_and_.mp4
09/18 [02:58:37] INFO     | >> Success: False             run_libero_eval.py:238
                 INFO     | >> # episodes completed so    run_libero_eval.py:238
                          far: 66                                               
                 INFO     | >> # successes: 38 (57.6%)    run_libero_eval.py:238

 60%|██████    | 6/10 [01:27<00:58, 14.60s/it][A                 INFO     | >>                            run_libero_eval.py:238
                          Task: pick up the black bowl                          
                          next to the cookie box and                            
                          place it on the plate                                 
                 INFO     | >> Starting episode 7...      run_libero_eval.py:238
                 INFO     | >> EPISODE_MANIFEST           run_libero_eval.py:238
                          {"env_seed": 387923774,                               
                          "init_state_dtype": "float64",                        
                          "init_state_index": 16,                               
                          "init_state_sha256":                                  
                          "2d63eeddc4973f63b27ea3eedb94ae                       
                          b27091ca0ffca689f19f33f469304ff                       
                          547", "init_state_shape": [92],                       
                          "model_seed": 2192902544,                             
                          "protocol": "paired",                                 
                          "task_id": 6}                                         
huggingface/tokenizers: The current process just got forked, after parallelism has already been used. Disabling parallelism to avoid deadlocks...
To disable this warning, you can either:
	- Avoid using `tokenizers` before the fork if possible
	- Explicitly set the environment variable TOKENIZERS_PARALLELISM=(true | false)
Saved rollout MP4 at path ./rollouts/2026_09_18/2026_09_18-02_45_04--openvla_oft--episode=67--success=False--task=pick_up_the_black_bowl_next_to_the_cookie_box_and_.mp4
09/18 [02:58:51] INFO     | >> Success: False             run_libero_eval.py:238
                 INFO     | >> # episodes completed so    run_libero_eval.py:238
                          far: 67                                               
                 INFO     | >> # successes: 38 (56.7%)    run_libero_eval.py:238

 70%|███████   | 7/10 [01:41<00:43, 14.55s/it][A                 INFO     | >>                            run_libero_eval.py:238
                          Task: pick up the black bowl                          
                          next to the cookie box and                            
                          place it on the plate                                 
                 INFO     | >> Starting episode 8...      run_libero_eval.py:238
                 INFO     | >> EPISODE_MANIFEST           run_libero_eval.py:238
                          {"env_seed": 1763420194,                              
                          "init_state_dtype": "float64",                        
                          "init_state_index": 17,                               
                          "init_state_sha256":                                  
                          "cc6c84732e3358311f9cfb008badb2                       
                          e680c95edae0258090dc72ca95c7ecc                       
                          6d8", "init_state_shape": [92],                       
                          "model_seed": 140198152,                              
                          "protocol": "paired",                                 
                          "task_id": 6}                                         
huggingface/tokenizers: The current process just got forked, after parallelism has already been used. Disabling parallelism to avoid deadlocks...
To disable this warning, you can either:
	- Avoid using `tokenizers` before the fork if possible
	- Explicitly set the environment variable TOKENIZERS_PARALLELISM=(true | false)
Saved rollout MP4 at path ./rollouts/2026_09_18/2026_09_18-02_45_04--openvla_oft--episode=68--success=True--task=pick_up_the_black_bowl_next_to_the_cookie_box_and_.mp4
09/18 [02:59:01] INFO     | >> Success: True              run_libero_eval.py:238
                 INFO     | >> # episodes completed so    run_libero_eval.py:238
                          far: 68                                               
                 INFO     | >> # successes: 39 (57.4%)    run_libero_eval.py:238

 80%|████████  | 8/10 [01:51<00:25, 12.95s/it][A                 INFO     | >>                            run_libero_eval.py:238
                          Task: pick up the black bowl                          
                          next to the cookie box and                            
                          place it on the plate                                 
                 INFO     | >> Starting episode 9...      run_libero_eval.py:238
                 INFO     | >> EPISODE_MANIFEST           run_libero_eval.py:238
                          {"env_seed": 3577260325,                              
                          "init_state_dtype": "float64",                        
                          "init_state_index": 18,                               
                          "init_state_sha256":                                  
                          "cd32e37a9f4452ae643216373cd731                       
                          097bb26b2de5b4179c598f449dffe78                       
                          83c", "init_state_shape": [92],                       
                          "model_seed": 1004619153,                             
                          "protocol": "paired",                                 
                          "task_id": 6}                                         
huggingface/tokenizers: The current process just got forked, after parallelism has already been used. Disabling parallelism to avoid deadlocks...
To disable this warning, you can either:
	- Avoid using `tokenizers` before the fork if possible
	- Explicitly set the environment variable TOKENIZERS_PARALLELISM=(true | false)
Saved rollout MP4 at path ./rollouts/2026_09_18/2026_09_18-02_45_04--openvla_oft--episode=69--success=False--task=pick_up_the_black_bowl_next_to_the_cookie_box_and_.mp4
09/18 [02:59:15] INFO     | >> Success: False             run_libero_eval.py:238
                 INFO     | >> # episodes completed so    run_libero_eval.py:238
                          far: 69                                               
                 INFO     | >> # successes: 39 (56.5%)    run_libero_eval.py:238

 90%|█████████ | 9/10 [02:05<00:13, 13.33s/it][A                 INFO     | >>                            run_libero_eval.py:238
                          Task: pick up the black bowl                          
                          next to the cookie box and                            
                          place it on the plate                                 
                 INFO     | >> Starting episode 10...     run_libero_eval.py:238
                 INFO     | >> EPISODE_MANIFEST           run_libero_eval.py:238
                          {"env_seed": 3289218336,                              
                          "init_state_dtype": "float64",                        
                          "init_state_index": 19,                               
                          "init_state_sha256":                                  
                          "83c492e3e060153644099b67cfed0e                       
                          a3ba076f44b5c1d483cbe93efe90266                       
                          de7", "init_state_shape": [92],                       
                          "model_seed": 2594496890,                             
                          "protocol": "paired",                                 
                          "task_id": 6}                                         
huggingface/tokenizers: The current process just got forked, after parallelism has already been used. Disabling parallelism to avoid deadlocks...
To disable this warning, you can either:
	- Avoid using `tokenizers` before the fork if possible
	- Explicitly set the environment variable TOKENIZERS_PARALLELISM=(true | false)
Saved rollout MP4 at path ./rollouts/2026_09_18/2026_09_18-02_45_04--openvla_oft--episode=70--success=False--task=pick_up_the_black_bowl_next_to_the_cookie_box_and_.mp4
09/18 [02:59:29] INFO     | >> Success: False             run_libero_eval.py:238
                 INFO     | >> # episodes completed so    run_libero_eval.py:238
                          far: 70                                               
                 INFO     | >> # successes: 39 (55.7%)    run_libero_eval.py:238

100%|██████████| 10/10 [02:20<00:00, 13.70s/it][A100%|██████████| 10/10 [02:20<00:00, 14.01s/it]
                 INFO     | >> Current task success rate: run_libero_eval.py:238
                          0.1                                                   
                 INFO     | >> Current total success      run_libero_eval.py:238
                          rate: 0.5571428571428572                              
 70%|███████   | 7/10 [13:59<06:21, 127.12s/it]09/18 [02:59:30] INFO     | >> Using default initial      run_libero_eval.py:238
                          states                                                

  0%|          | 0/10 [00:00<?, ?it/s][A09/18 [02:59:32] INFO     | >>                            run_libero_eval.py:238
                          Task: pick up the black bowl on                       
                          the stove and place it on the                         
                          plate                                                 
                 INFO     | >> Starting episode 1...      run_libero_eval.py:238
                 INFO     | >> EPISODE_MANIFEST           run_libero_eval.py:238
                          {"env_seed": 474105403,                               
                          "init_state_dtype": "float64",                        
                          "init_state_index": 10,                               
                          "init_state_sha256":                                  
                          "134b79de0703478113dd0dcff51a78                       
                          fc95723a65f5bc0ace2fea3a4b42970                       
                          6ce", "init_state_shape": [92],                       
                          "model_seed": 3723604219,                             
                          "protocol": "paired",                                 
                          "task_id": 7}                                         
huggingface/tokenizers: The current process just got forked, after parallelism has already been used. Disabling parallelism to avoid deadlocks...
To disable this warning, you can either:
	- Avoid using `tokenizers` before the fork if possible
	- Explicitly set the environment variable TOKENIZERS_PARALLELISM=(true | false)
Saved rollout MP4 at path ./rollouts/2026_09_18/2026_09_18-02_45_04--openvla_oft--episode=71--success=False--task=pick_up_the_black_bowl_on_the_stove_and_place_it_o.mp4
09/18 [02:59:47] INFO     | >> Success: False             run_libero_eval.py:238
                 INFO     | >> # episodes completed so    run_libero_eval.py:238
                          far: 71                                               
                 INFO     | >> # successes: 39 (54.9%)    run_libero_eval.py:238

 10%|█         | 1/10 [00:14<02:08, 14.32s/it][A                 INFO     | >>                            run_libero_eval.py:238
                          Task: pick up the black bowl on                       
                          the stove and place it on the                         
                          plate                                                 
                 INFO     | >> Starting episode 2...      run_libero_eval.py:238
                 INFO     | >> EPISODE_MANIFEST           run_libero_eval.py:238
                          {"env_seed": 2739635432,                              
                          "init_state_dtype": "float64",                        
                          "init_state_index": 11,                               
                          "init_state_sha256":                                  
                          "86e1a1699c62958a3e3fe25e7f8a59                       
                          8cd67698b05f68e4c44d5ccfe3a34d2                       
                          415", "init_state_shape": [92],                       
                          "model_seed": 2937720409,                             
                          "protocol": "paired",                                 
                          "task_id": 7}                                         
huggingface/tokenizers: The current process just got forked, after parallelism has already been used. Disabling parallelism to avoid deadlocks...
To disable this warning, you can either:
	- Avoid using `tokenizers` before the fork if possible
	- Explicitly set the environment variable TOKENIZERS_PARALLELISM=(true | false)
Saved rollout MP4 at path ./rollouts/2026_09_18/2026_09_18-02_45_04--openvla_oft--episode=72--success=False--task=pick_up_the_black_bowl_on_the_stove_and_place_it_o.mp4
09/18 [03:00:02] INFO     | >> Success: False             run_libero_eval.py:238
                 INFO     | >> # episodes completed so    run_libero_eval.py:238
                          far: 72                                               
                 INFO     | >> # successes: 39 (54.2%)    run_libero_eval.py:238

 20%|██        | 2/10 [00:29<01:57, 14.72s/it][A                 INFO     | >>                            run_libero_eval.py:238
                          Task: pick up the black bowl on                       
                          the stove and place it on the                         
                          plate                                                 
                 INFO     | >> Starting episode 3...      run_libero_eval.py:238
                 INFO     | >> EPISODE_MANIFEST           run_libero_eval.py:238
                          {"env_seed": 48631512,                                
                          "init_state_dtype": "float64",                        
                          "init_state_index": 12,                               
                          "init_state_sha256":                                  
                          "da8243989fd7207ad4188c0b956659                       
                          84656070c8d5f5c8fe7450de83d3db9                       
                          467", "init_state_shape": [92],                       
                          "model_seed": 4106591835,                             
                          "protocol": "paired",                                 
                          "task_id": 7}                                         
huggingface/tokenizers: The current process just got forked, after parallelism has already been used. Disabling parallelism to avoid deadlocks...
To disable this warning, you can either:
	- Avoid using `tokenizers` before the fork if possible
	- Explicitly set the environment variable TOKENIZERS_PARALLELISM=(true | false)
Saved rollout MP4 at path ./rollouts/2026_09_18/2026_09_18-02_45_04--openvla_oft--episode=73--success=False--task=pick_up_the_black_bowl_on_the_stove_and_place_it_o.mp4
09/18 [03:00:17] INFO     | >> Success: False             run_libero_eval.py:238
                 INFO     | >> # episodes completed so    run_libero_eval.py:238
                          far: 73                                               
                 INFO     | >> # successes: 39 (53.4%)    run_libero_eval.py:238

 30%|███       | 3/10 [00:44<01:44, 14.90s/it][A                 INFO     | >>                            run_libero_eval.py:238
                          Task: pick up the black bowl on                       
                          the stove and place it on the                         
                          plate                                                 
                 INFO     | >> Starting episode 4...      run_libero_eval.py:238
                 INFO     | >> EPISODE_MANIFEST           run_libero_eval.py:238
                          {"env_seed": 1578249781,                              
                          "init_state_dtype": "float64",                        
                          "init_state_index": 13,                               
                          "init_state_sha256":                                  
                          "97cdc22f59d8f3ca1195ffe3005c25                       
                          7478fa743b2edc7427950718b01381a                       
                          7ae", "init_state_shape": [92],                       
                          "model_seed": 3838608503,                             
                          "protocol": "paired",                                 
                          "task_id": 7}                                         
huggingface/tokenizers: The current process just got forked, after parallelism has already been used. Disabling parallelism to avoid deadlocks...
To disable this warning, you can either:
	- Avoid using `tokenizers` before the fork if possible
	- Explicitly set the environment variable TOKENIZERS_PARALLELISM=(true | false)
Saved rollout MP4 at path ./rollouts/2026_09_18/2026_09_18-02_45_04--openvla_oft--episode=74--success=False--task=pick_up_the_black_bowl_on_the_stove_and_place_it_o.mp4
09/18 [03:00:32] INFO     | >> Success: False             run_libero_eval.py:238
                 INFO     | >> # episodes completed so    run_libero_eval.py:238
                          far: 74                                               
                 INFO     | >> # successes: 39 (52.7%)    run_libero_eval.py:238

 40%|████      | 4/10 [00:59<01:29, 14.86s/it][A                 INFO     | >>                            run_libero_eval.py:238
                          Task: pick up the black bowl on                       
                          the stove and place it on the                         
                          plate                                                 
                 INFO     | >> Starting episode 5...      run_libero_eval.py:238
                 INFO     | >> EPISODE_MANIFEST           run_libero_eval.py:238
                          {"env_seed": 4224321642,                              
                          "init_state_dtype": "float64",                        
                          "init_state_index": 14,                               
                          "init_state_sha256":                                  
                          "ab04f435365a442c36f1fcfaf55412                       
                          b385fb16192a1abca51fc22276b8f81                       
                          f71", "init_state_shape": [92],                       
                          "model_seed": 1939103098,                             
                          "protocol": "paired",                                 
                          "task_id": 7}                                         
huggingface/tokenizers: The current process just got forked, after parallelism has already been used. Disabling parallelism to avoid deadlocks...
To disable this warning, you can either:
	- Avoid using `tokenizers` before the fork if possible
	- Explicitly set the environment variable TOKENIZERS_PARALLELISM=(true | false)
Saved rollout MP4 at path ./rollouts/2026_09_18/2026_09_18-02_45_04--openvla_oft--episode=75--success=False--task=pick_up_the_black_bowl_on_the_stove_and_place_it_o.mp4
09/18 [03:00:47] INFO     | >> Success: False             run_libero_eval.py:238
                 INFO     | >> # episodes completed so    run_libero_eval.py:238
                          far: 75                                               
                 INFO     | >> # successes: 39 (52.0%)    run_libero_eval.py:238

 50%|█████     | 5/10 [01:14<01:14, 14.87s/it][A                 INFO     | >>                            run_libero_eval.py:238
                          Task: pick up the black bowl on                       
                          the stove and place it on the                         
                          plate                                                 
                 INFO     | >> Starting episode 6...      run_libero_eval.py:238
                 INFO     | >> EPISODE_MANIFEST           run_libero_eval.py:238
                          {"env_seed": 1607189153,                              
                          "init_state_dtype": "float64",                        
                          "init_state_index": 15,                               
                          "init_state_sha256":                                  
                          "c2d397c97dff15be672ebc121b0bf6                       
                          a49522c58cc15164b688b81dcf1f534                       
                          86c", "init_state_shape": [92],                       
                          "model_seed": 2069251692,                             
                          "protocol": "paired",                                 
                          "task_id": 7}                                         
huggingface/tokenizers: The current process just got forked, after parallelism has already been used. Disabling parallelism to avoid deadlocks...
To disable this warning, you can either:
	- Avoid using `tokenizers` before the fork if possible
	- Explicitly set the environment variable TOKENIZERS_PARALLELISM=(true | false)
Saved rollout MP4 at path ./rollouts/2026_09_18/2026_09_18-02_45_04--openvla_oft--episode=76--success=False--task=pick_up_the_black_bowl_on_the_stove_and_place_it_o.mp4
09/18 [03:01:01] INFO     | >> Success: False             run_libero_eval.py:238
                 INFO     | >> # episodes completed so    run_libero_eval.py:238
                          far: 76                                               
                 INFO     | >> # successes: 39 (51.3%)    run_libero_eval.py:238

 60%|██████    | 6/10 [01:28<00:58, 14.66s/it][A                 INFO     | >>                            run_libero_eval.py:238
                          Task: pick up the black bowl on                       
                          the stove and place it on the                         
                          plate                                                 
                 INFO     | >> Starting episode 7...      run_libero_eval.py:238
                 INFO     | >> EPISODE_MANIFEST           run_libero_eval.py:238
                          {"env_seed": 2378730282,                              
                          "init_state_dtype": "float64",                        
                          "init_state_index": 16,                               
                          "init_state_sha256":                                  
                          "7ca0656515f25ac924542e0f9fdc1d                       
                          e90bd8f52c93368dde245b0d8d902b7                       
                          b1f", "init_state_shape": [92],                       
                          "model_seed": 2424370288,                             
                          "protocol": "paired",                                 
                          "task_id": 7}                                         
huggingface/tokenizers: The current process just got forked, after parallelism has already been used. Disabling parallelism to avoid deadlocks...
To disable this warning, you can either:
	- Avoid using `tokenizers` before the fork if possible
	- Explicitly set the environment variable TOKENIZERS_PARALLELISM=(true | false)
Saved rollout MP4 at path ./rollouts/2026_09_18/2026_09_18-02_45_04--openvla_oft--episode=77--success=True--task=pick_up_the_black_bowl_on_the_stove_and_place_it_o.mp4
09/18 [03:01:11] INFO     | >> Success: True              run_libero_eval.py:238
                 INFO     | >> # episodes completed so    run_libero_eval.py:238
                          far: 77                                               
                 INFO     | >> # successes: 40 (51.9%)    run_libero_eval.py:238

 70%|███████   | 7/10 [01:38<00:39, 13.31s/it][A                 INFO     | >>                            run_libero_eval.py:238
                          Task: pick up the black bowl on                       
                          the stove and place it on the                         
                          plate                                                 
                 INFO     | >> Starting episode 8...      run_libero_eval.py:238
                 INFO     | >> EPISODE_MANIFEST           run_libero_eval.py:238
                          {"env_seed": 2617456485,                              
                          "init_state_dtype": "float64",                        
                          "init_state_index": 17,                               
                          "init_state_sha256":                                  
                          "dfefa2e8fbfa660e7ad3f9fe8abfc5                       
                          f0334de73d23101a02f4832a3e88b39                       
                          9f7", "init_state_shape": [92],                       
                          "model_seed": 2396518492,                             
                          "protocol": "paired",                                 
                          "task_id": 7}                                         
huggingface/tokenizers: The current process just got forked, after parallelism has already been used. Disabling parallelism to avoid deadlocks...
To disable this warning, you can either:
	- Avoid using `tokenizers` before the fork if possible
	- Explicitly set the environment variable TOKENIZERS_PARALLELISM=(true | false)
Saved rollout MP4 at path ./rollouts/2026_09_18/2026_09_18-02_45_04--openvla_oft--episode=78--success=False--task=pick_up_the_black_bowl_on_the_stove_and_place_it_o.mp4
09/18 [03:01:26] INFO     | >> Success: False             run_libero_eval.py:238
                 INFO     | >> # episodes completed so    run_libero_eval.py:238
                          far: 78                                               
                 INFO     | >> # successes: 40 (51.3%)    run_libero_eval.py:238

 80%|████████  | 8/10 [01:53<00:27, 13.69s/it][A                 INFO     | >>                            run_libero_eval.py:238
                          Task: pick up the black bowl on                       
                          the stove and place it on the                         
                          plate                                                 
                 INFO     | >> Starting episode 9...      run_libero_eval.py:238
                 INFO     | >> EPISODE_MANIFEST           run_libero_eval.py:238
                          {"env_seed": 3907992634,                              
                          "init_state_dtype": "float64",                        
                          "init_state_index": 18,                               
                          "init_state_sha256":                                  
                          "a8adffa84c6ca0334dbd7c5f04255f                       
                          37049725d84d1fff85bffd76f24e22a                       
                          98c", "init_state_shape": [92],                       
                          "model_seed": 2696294697,                             
                          "protocol": "paired",                                 
                          "task_id": 7}                                         
huggingface/tokenizers: The current process just got forked, after parallelism has already been used. Disabling parallelism to avoid deadlocks...
To disable this warning, you can either:
	- Avoid using `tokenizers` before the fork if possible
	- Explicitly set the environment variable TOKENIZERS_PARALLELISM=(true | false)
Saved rollout MP4 at path ./rollouts/2026_09_18/2026_09_18-02_45_04--openvla_oft--episode=79--success=True--task=pick_up_the_black_bowl_on_the_stove_and_place_it_o.mp4
09/18 [03:01:41] INFO     | >> Success: True              run_libero_eval.py:238
                 INFO     | >> # episodes completed so    run_libero_eval.py:238
                          far: 79                                               
                 INFO     | >> # successes: 41 (51.9%)    run_libero_eval.py:238

 90%|█████████ | 9/10 [02:08<00:14, 14.10s/it][A                 INFO     | >>                            run_libero_eval.py:238
                          Task: pick up the black bowl on                       
                          the stove and place it on the                         
                          plate                                                 
                 INFO     | >> Starting episode 10...     run_libero_eval.py:238
                 INFO     | >> EPISODE_MANIFEST           run_libero_eval.py:238
                          {"env_seed": 312003604,                               
                          "init_state_dtype": "float64",                        
                          "init_state_index": 19,                               
                          "init_state_sha256":                                  
                          "33513be059126ac134cdc4bc4e7707                       
                          7909122fc4e90b908bf8e9f3a149568                       
                          415", "init_state_shape": [92],                       
                          "model_seed": 908971156,                              
                          "protocol": "paired",                                 
                          "task_id": 7}                                         
huggingface/tokenizers: The current process just got forked, after parallelism has already been used. Disabling parallelism to avoid deadlocks...
To disable this warning, you can either:
	- Avoid using `tokenizers` before the fork if possible
	- Explicitly set the environment variable TOKENIZERS_PARALLELISM=(true | false)
Saved rollout MP4 at path ./rollouts/2026_09_18/2026_09_18-02_45_04--openvla_oft--episode=80--success=True--task=pick_up_the_black_bowl_on_the_stove_and_place_it_o.mp4
09/18 [03:01:53] INFO     | >> Success: True              run_libero_eval.py:238
                 INFO     | >> # episodes completed so    run_libero_eval.py:238
                          far: 80                                               
                 INFO     | >> # successes: 42 (52.5%)    run_libero_eval.py:238

100%|██████████| 10/10 [02:20<00:00, 13.52s/it][A100%|██████████| 10/10 [02:20<00:00, 14.06s/it]
                 INFO     | >> Current task success rate: run_libero_eval.py:238
                          0.3                                                   
                 INFO     | >> Current total success      run_libero_eval.py:238
                          rate: 0.525                                           
 80%|████████  | 8/10 [16:23<04:24, 132.46s/it]                 INFO     | >> Using default initial      run_libero_eval.py:238
                          states                                                

  0%|          | 0/10 [00:00<?, ?it/s][A09/18 [03:01:56] INFO     | >>                            run_libero_eval.py:238
                          Task: pick up the black bowl                          
                          next to the plate and place it                        
                          on the plate                                          
                 INFO     | >> Starting episode 1...      run_libero_eval.py:238
                 INFO     | >> EPISODE_MANIFEST           run_libero_eval.py:238
                          {"env_seed": 3333673379,                              
                          "init_state_dtype": "float64",                        
                          "init_state_index": 10,                               
                          "init_state_sha256":                                  
                          "e6f05a53e5845b0332df031c9505cd                       
                          9fbe0ab7eb64c29fb9da4952f280441                       
                          48c", "init_state_shape": [92],                       
                          "model_seed": 3256588049,                             
                          "protocol": "paired",                                 
                          "task_id": 8}                                         
huggingface/tokenizers: The current process just got forked, after parallelism has already been used. Disabling parallelism to avoid deadlocks...
To disable this warning, you can either:
	- Avoid using `tokenizers` before the fork if possible
	- Explicitly set the environment variable TOKENIZERS_PARALLELISM=(true | false)
Saved rollout MP4 at path ./rollouts/2026_09_18/2026_09_18-02_45_04--openvla_oft--episode=81--success=False--task=pick_up_the_black_bowl_next_to_the_plate_and_place.mp4
09/18 [03:02:11] INFO     | >> Success: False             run_libero_eval.py:238
                 INFO     | >> # episodes completed so    run_libero_eval.py:238
                          far: 81                                               
                 INFO     | >> # successes: 42 (51.9%)    run_libero_eval.py:238

 10%|█         | 1/10 [00:14<02:12, 14.75s/it][A                 INFO     | >>                            run_libero_eval.py:238
                          Task: pick up the black bowl                          
                          next to the plate and place it                        
                          on the plate                                          
                 INFO     | >> Starting episode 2...      run_libero_eval.py:238
                 INFO     | >> EPISODE_MANIFEST           run_libero_eval.py:238
                          {"env_seed": 1254250806,                              
                          "init_state_dtype": "float64",                        
                          "init_state_index": 11,                               
                          "init_state_sha256":                                  
                          "a4bd8a6e1ff1837fb1e9464878301e                       
                          0bb49cc600be2e261e5a749dcd572bb                       
                          4aa", "init_state_shape": [92],                       
                          "model_seed": 2671992869,                             
                          "protocol": "paired",                                 
                          "task_id": 8}                                         
huggingface/tokenizers: The current process just got forked, after parallelism has already been used. Disabling parallelism to avoid deadlocks...
To disable this warning, you can either:
	- Avoid using `tokenizers` before the fork if possible
	- Explicitly set the environment variable TOKENIZERS_PARALLELISM=(true | false)
Saved rollout MP4 at path ./rollouts/2026_09_18/2026_09_18-02_45_04--openvla_oft--episode=82--success=True--task=pick_up_the_black_bowl_next_to_the_plate_and_place.mp4
09/18 [03:02:22] INFO     | >> Success: True              run_libero_eval.py:238
                 INFO     | >> # episodes completed so    run_libero_eval.py:238
                          far: 82                                               
                 INFO     | >> # successes: 43 (52.4%)    run_libero_eval.py:238

 20%|██        | 2/10 [00:25<01:38, 12.29s/it][A                 INFO     | >>                            run_libero_eval.py:238
                          Task: pick up the black bowl                          
                          next to the plate and place it                        
                          on the plate                                          
                 INFO     | >> Starting episode 3...      run_libero_eval.py:238
                 INFO     | >> EPISODE_MANIFEST           run_libero_eval.py:238
                          {"env_seed": 1834286833,                              
                          "init_state_dtype": "float64",                        
                          "init_state_index": 12,                               
                          "init_state_sha256":                                  
                          "22d3ac1a1c779c4a9f8249421bbe58                       
                          f887c47cb7f7dd8302409066bf3074f                       
                          628", "init_state_shape": [92],                       
                          "model_seed": 3777975822,                             
                          "protocol": "paired",                                 
                          "task_id": 8}                                         
huggingface/tokenizers: The current process just got forked, after parallelism has already been used. Disabling parallelism to avoid deadlocks...
To disable this warning, you can either:
	- Avoid using `tokenizers` before the fork if possible
	- Explicitly set the environment variable TOKENIZERS_PARALLELISM=(true | false)
Saved rollout MP4 at path ./rollouts/2026_09_18/2026_09_18-02_45_04--openvla_oft--episode=83--success=False--task=pick_up_the_black_bowl_next_to_the_plate_and_place.mp4
09/18 [03:02:37] INFO     | >> Success: False             run_libero_eval.py:238
                 INFO     | >> # episodes completed so    run_libero_eval.py:238
                          far: 83                                               
                 INFO     | >> # successes: 43 (51.8%)    run_libero_eval.py:238

 30%|███       | 3/10 [00:40<01:34, 13.52s/it][A                 INFO     | >>                            run_libero_eval.py:238
                          Task: pick up the black bowl                          
                          next to the plate and place it                        
                          on the plate                                          
                 INFO     | >> Starting episode 4...      run_libero_eval.py:238
                 INFO     | >> EPISODE_MANIFEST           run_libero_eval.py:238
                          {"env_seed": 593177407,                               
                          "init_state_dtype": "float64",                        
                          "init_state_index": 13,                               
                          "init_state_sha256":                                  
                          "2398199a160896a8388fc8bf236829                       
                          b9b45f4b05af5c9fc4b30d1fcdbfc46                       
                          b20", "init_state_shape": [92],                       
                          "model_seed": 1911258691,                             
                          "protocol": "paired",                                 
                          "task_id": 8}                                         
huggingface/tokenizers: The current process just got forked, after parallelism has already been used. Disabling parallelism to avoid deadlocks...
To disable this warning, you can either:
	- Avoid using `tokenizers` before the fork if possible
	- Explicitly set the environment variable TOKENIZERS_PARALLELISM=(true | false)
Saved rollout MP4 at path ./rollouts/2026_09_18/2026_09_18-02_45_04--openvla_oft--episode=84--success=False--task=pick_up_the_black_bowl_next_to_the_plate_and_place.mp4
09/18 [03:02:51] INFO     | >> Success: False             run_libero_eval.py:238
                 INFO     | >> # episodes completed so    run_libero_eval.py:238
                          far: 84                                               
                 INFO     | >> # successes: 43 (51.2%)    run_libero_eval.py:238

 40%|████      | 4/10 [00:54<01:22, 13.73s/it][A                 INFO     | >>                            run_libero_eval.py:238
                          Task: pick up the black bowl                          
                          next to the plate and place it                        
                          on the plate                                          
                 INFO     | >> Starting episode 5...      run_libero_eval.py:238
                 INFO     | >> EPISODE_MANIFEST           run_libero_eval.py:238
                          {"env_seed": 3327769094,                              
                          "init_state_dtype": "float64",                        
                          "init_state_index": 14,                               
                          "init_state_sha256":                                  
                          "249d796cf13fea915ea0930c2cb94f                       
                          5a4cccc0341be5758ea6cc64bf13693                       
                          6a0", "init_state_shape": [92],                       
                          "model_seed": 3778379061,                             
                          "protocol": "paired",                                 
                          "task_id": 8}                                         
huggingface/tokenizers: The current process just got forked, after parallelism has already been used. Disabling parallelism to avoid deadlocks...
To disable this warning, you can either:
	- Avoid using `tokenizers` before the fork if possible
	- Explicitly set the environment variable TOKENIZERS_PARALLELISM=(true | false)
Saved rollout MP4 at path ./rollouts/2026_09_18/2026_09_18-02_45_04--openvla_oft--episode=85--success=True--task=pick_up_the_black_bowl_next_to_the_plate_and_place.mp4
09/18 [03:03:00] INFO     | >> Success: True              run_libero_eval.py:238
                 INFO     | >> # episodes completed so    run_libero_eval.py:238
                          far: 85                                               
                 INFO     | >> # successes: 44 (51.8%)    run_libero_eval.py:238

 50%|█████     | 5/10 [01:03<01:00, 12.14s/it][A                 INFO     | >>                            run_libero_eval.py:238
                          Task: pick up the black bowl                          
                          next to the plate and place it                        
                          on the plate                                          
                 INFO     | >> Starting episode 6...      run_libero_eval.py:238
                 INFO     | >> EPISODE_MANIFEST           run_libero_eval.py:238
                          {"env_seed": 3838899006,                              
                          "init_state_dtype": "float64",                        
                          "init_state_index": 15,                               
                          "init_state_sha256":                                  
                          "837065b5d5e92195cc5f9e7b89da3c                       
                          ca12228766cc72f5fcff69ffbcdfd30                       
                          be4", "init_state_shape": [92],                       
                          "model_seed": 2738183301,                             
                          "protocol": "paired",                                 
                          "task_id": 8}                                         
huggingface/tokenizers: The current process just got forked, after parallelism has already been used. Disabling parallelism to avoid deadlocks...
To disable this warning, you can either:
	- Avoid using `tokenizers` before the fork if possible
	- Explicitly set the environment variable TOKENIZERS_PARALLELISM=(true | false)
Saved rollout MP4 at path ./rollouts/2026_09_18/2026_09_18-02_45_04--openvla_oft--episode=86--success=False--task=pick_up_the_black_bowl_next_to_the_plate_and_place.mp4
09/18 [03:03:15] INFO     | >> Success: False             run_libero_eval.py:238
                 INFO     | >> # episodes completed so    run_libero_eval.py:238
                          far: 86                                               
                 INFO     | >> # successes: 44 (51.2%)    run_libero_eval.py:238

 60%|██████    | 6/10 [01:18<00:51, 12.94s/it][A                 INFO     | >>                            run_libero_eval.py:238
                          Task: pick up the black bowl                          
                          next to the plate and place it                        
                          on the plate                                          
                 INFO     | >> Starting episode 7...      run_libero_eval.py:238
                 INFO     | >> EPISODE_MANIFEST           run_libero_eval.py:238
                          {"env_seed": 2538210076,                              
                          "init_state_dtype": "float64",                        
                          "init_state_index": 16,                               
                          "init_state_sha256":                                  
                          "ba007128ac93f07dae4d1bd9c147df                       
                          e1b2793a7b934adee4666212617eccb                       
                          8ff", "init_state_shape": [92],                       
                          "model_seed": 2432764985,                             
                          "protocol": "paired",                                 
                          "task_id": 8}                                         
huggingface/tokenizers: The current process just got forked, after parallelism has already been used. Disabling parallelism to avoid deadlocks...
To disable this warning, you can either:
	- Avoid using `tokenizers` before the fork if possible
	- Explicitly set the environment variable TOKENIZERS_PARALLELISM=(true | false)
Saved rollout MP4 at path ./rollouts/2026_09_18/2026_09_18-02_45_04--openvla_oft--episode=87--success=False--task=pick_up_the_black_bowl_next_to_the_plate_and_place.mp4
09/18 [03:03:29] INFO     | >> Success: False             run_libero_eval.py:238
                 INFO     | >> # episodes completed so    run_libero_eval.py:238
                          far: 87                                               
                 INFO     | >> # successes: 44 (50.6%)    run_libero_eval.py:238

 70%|███████   | 7/10 [01:32<00:39, 13.31s/it][A                 INFO     | >>                            run_libero_eval.py:238
                          Task: pick up the black bowl                          
                          next to the plate and place it                        
                          on the plate                                          
                 INFO     | >> Starting episode 8...      run_libero_eval.py:238
                 INFO     | >> EPISODE_MANIFEST           run_libero_eval.py:238
                          {"env_seed": 3789555858,                              
                          "init_state_dtype": "float64",                        
                          "init_state_index": 17,                               
                          "init_state_sha256":                                  
                          "be6fbfec818b29b08a928dcc4b6be9                       
                          0ad5a7f2d829cd41071924230c8331a                       
                          735", "init_state_shape": [92],                       
                          "model_seed": 903631136,                              
                          "protocol": "paired",                                 
                          "task_id": 8}                                         
huggingface/tokenizers: The current process just got forked, after parallelism has already been used. Disabling parallelism to avoid deadlocks...
To disable this warning, you can either:
	- Avoid using `tokenizers` before the fork if possible
	- Explicitly set the environment variable TOKENIZERS_PARALLELISM=(true | false)
Saved rollout MP4 at path ./rollouts/2026_09_18/2026_09_18-02_45_04--openvla_oft--episode=88--success=True--task=pick_up_the_black_bowl_next_to_the_plate_and_place.mp4
09/18 [03:03:42] INFO     | >> Success: True              run_libero_eval.py:238
                 INFO     | >> # episodes completed so    run_libero_eval.py:238
                          far: 88                                               
                 INFO     | >> # successes: 45 (51.1%)    run_libero_eval.py:238

 80%|████████  | 8/10 [01:45<00:26, 13.18s/it][A                 INFO     | >>                            run_libero_eval.py:238
                          Task: pick up the black bowl                          
                          next to the plate and place it                        
                          on the plate                                          
                 INFO     | >> Starting episode 9...      run_libero_eval.py:238
                 INFO     | >> EPISODE_MANIFEST           run_libero_eval.py:238
                          {"env_seed": 1768762109,                              
                          "init_state_dtype": "float64",                        
                          "init_state_index": 18,                               
                          "init_state_sha256":                                  
                          "21e9a30cf8e0eb3cf2c39deaf2f67a                       
                          b160c505d26a8a7517d7ec659243f1d                       
                          114", "init_state_shape": [92],                       
                          "model_seed": 1210240488,                             
                          "protocol": "paired",                                 
                          "task_id": 8}                                         
huggingface/tokenizers: The current process just got forked, after parallelism has already been used. Disabling parallelism to avoid deadlocks...
To disable this warning, you can either:
	- Avoid using `tokenizers` before the fork if possible
	- Explicitly set the environment variable TOKENIZERS_PARALLELISM=(true | false)
Saved rollout MP4 at path ./rollouts/2026_09_18/2026_09_18-02_45_04--openvla_oft--episode=89--success=True--task=pick_up_the_black_bowl_next_to_the_plate_and_place.mp4
09/18 [03:03:51] INFO     | >> Success: True              run_libero_eval.py:238
                 INFO     | >> # episodes completed so    run_libero_eval.py:238
                          far: 89                                               
                 INFO     | >> # successes: 46 (51.7%)    run_libero_eval.py:238

 90%|█████████ | 9/10 [01:54<00:11, 11.88s/it][A                 INFO     | >>                            run_libero_eval.py:238
                          Task: pick up the black bowl                          
                          next to the plate and place it                        
                          on the plate                                          
                 INFO     | >> Starting episode 10...     run_libero_eval.py:238
                 INFO     | >> EPISODE_MANIFEST           run_libero_eval.py:238
                          {"env_seed": 3907673016,                              
                          "init_state_dtype": "float64",                        
                          "init_state_index": 19,                               
                          "init_state_sha256":                                  
                          "d391e42a6d2629a0c03aac61e103e6                       
                          68843920f864dfda9e010698f465ae1                       
                          805", "init_state_shape": [92],                       
                          "model_seed": 1420650844,                             
                          "protocol": "paired",                                 
                          "task_id": 8}                                         
huggingface/tokenizers: The current process just got forked, after parallelism has already been used. Disabling parallelism to avoid deadlocks...
To disable this warning, you can either:
	- Avoid using `tokenizers` before the fork if possible
	- Explicitly set the environment variable TOKENIZERS_PARALLELISM=(true | false)
Saved rollout MP4 at path ./rollouts/2026_09_18/2026_09_18-02_45_04--openvla_oft--episode=90--success=True--task=pick_up_the_black_bowl_next_to_the_plate_and_place.mp4
09/18 [03:03:59] INFO     | >> Success: True              run_libero_eval.py:238
                 INFO     | >> # episodes completed so    run_libero_eval.py:238
                          far: 90                                               
                 INFO     | >> # successes: 47 (52.2%)    run_libero_eval.py:238

100%|██████████| 10/10 [02:02<00:00, 10.88s/it][A100%|██████████| 10/10 [02:02<00:00, 12.28s/it]
                 INFO     | >> Current task success rate: run_libero_eval.py:238
                          0.5                                                   
                 INFO     | >> Current total success      run_libero_eval.py:238
                          rate: 0.5222222222222223                              
 90%|█████████ | 9/10 [18:29<02:10, 130.48s/it]09/18 [03:04:00] INFO     | >> Using default initial      run_libero_eval.py:238
                          states                                                

  0%|          | 0/10 [00:00<?, ?it/s][A09/18 [03:04:03] INFO     | >>                            run_libero_eval.py:238
                          Task: pick up the black bowl on                       
                          the wooden cabinet and place it                       
                          on the plate                                          
                 INFO     | >> Starting episode 1...      run_libero_eval.py:238
                 INFO     | >> EPISODE_MANIFEST           run_libero_eval.py:238
                          {"env_seed": 3929609263,                              
                          "init_state_dtype": "float64",                        
                          "init_state_index": 10,                               
                          "init_state_sha256":                                  
                          "40079500b684bdfbb3f25d84d83bfe                       
                          317f80795775b599d07f1cc36aea830                       
                          616", "init_state_shape": [92],                       
                          "model_seed": 2728615080,                             
                          "protocol": "paired",                                 
                          "task_id": 9}                                         
huggingface/tokenizers: The current process just got forked, after parallelism has already been used. Disabling parallelism to avoid deadlocks...
To disable this warning, you can either:
	- Avoid using `tokenizers` before the fork if possible
	- Explicitly set the environment variable TOKENIZERS_PARALLELISM=(true | false)
Saved rollout MP4 at path ./rollouts/2026_09_18/2026_09_18-02_45_04--openvla_oft--episode=91--success=False--task=pick_up_the_black_bowl_on_the_wooden_cabinet_and_p.mp4
09/18 [03:04:17] INFO     | >> Success: False             run_libero_eval.py:238
                 INFO     | >> # episodes completed so    run_libero_eval.py:238
                          far: 91                                               
                 INFO     | >> # successes: 47 (51.6%)    run_libero_eval.py:238

 10%|█         | 1/10 [00:14<02:13, 14.79s/it][A                 INFO     | >>                            run_libero_eval.py:238
                          Task: pick up the black bowl on                       
                          the wooden cabinet and place it                       
                          on the plate                                          
                 INFO     | >> Starting episode 2...      run_libero_eval.py:238
                 INFO     | >> EPISODE_MANIFEST           run_libero_eval.py:238
                          {"env_seed": 2915452792,                              
                          "init_state_dtype": "float64",                        
                          "init_state_index": 11,                               
                          "init_state_sha256":                                  
                          "f65cf8d853b7dde7059cf39b95312d                       
                          dcb8a7348644a4ab69349cc52091c8c                       
                          f08", "init_state_shape": [92],                       
                          "model_seed": 3640358633,                             
                          "protocol": "paired",                                 
                          "task_id": 9}                                         
huggingface/tokenizers: The current process just got forked, after parallelism has already been used. Disabling parallelism to avoid deadlocks...
To disable this warning, you can either:
	- Avoid using `tokenizers` before the fork if possible
	- Explicitly set the environment variable TOKENIZERS_PARALLELISM=(true | false)
Saved rollout MP4 at path ./rollouts/2026_09_18/2026_09_18-02_45_04--openvla_oft--episode=92--success=False--task=pick_up_the_black_bowl_on_the_wooden_cabinet_and_p.mp4
09/18 [03:04:33] INFO     | >> Success: False             run_libero_eval.py:238
                 INFO     | >> # episodes completed so    run_libero_eval.py:238
                          far: 92                                               
                 INFO     | >> # successes: 47 (51.1%)    run_libero_eval.py:238

 20%|██        | 2/10 [00:30<02:00, 15.10s/it][A                 INFO     | >>                            run_libero_eval.py:238
                          Task: pick up the black bowl on                       
                          the wooden cabinet and place it                       
                          on the plate                                          
                 INFO     | >> Starting episode 3...      run_libero_eval.py:238
                 INFO     | >> EPISODE_MANIFEST           run_libero_eval.py:238
                          {"env_seed": 2831503876,                              
                          "init_state_dtype": "float64",                        
                          "init_state_index": 12,                               
                          "init_state_sha256":                                  
                          "13ce745b9607f6b8d98864b6ac40c2                       
                          d526fd7ddd64cd912a00dfacc4214b2                       
                          8b0", "init_state_shape": [92],                       
                          "model_seed": 2036743087,                             
                          "protocol": "paired",                                 
                          "task_id": 9}                                         
huggingface/tokenizers: The current process just got forked, after parallelism has already been used. Disabling parallelism to avoid deadlocks...
To disable this warning, you can either:
	- Avoid using `tokenizers` before the fork if possible
	- Explicitly set the environment variable TOKENIZERS_PARALLELISM=(true | false)
Saved rollout MP4 at path ./rollouts/2026_09_18/2026_09_18-02_45_04--openvla_oft--episode=93--success=False--task=pick_up_the_black_bowl_on_the_wooden_cabinet_and_p.mp4
09/18 [03:04:47] INFO     | >> Success: False             run_libero_eval.py:238
                 INFO     | >> # episodes completed so    run_libero_eval.py:238
                          far: 93                                               
                 INFO     | >> # successes: 47 (50.5%)    run_libero_eval.py:238

 30%|███       | 3/10 [00:44<01:44, 14.88s/it][A                 INFO     | >>                            run_libero_eval.py:238
                          Task: pick up the black bowl on                       
                          the wooden cabinet and place it                       
                          on the plate                                          
                 INFO     | >> Starting episode 4...      run_libero_eval.py:238
                 INFO     | >> EPISODE_MANIFEST           run_libero_eval.py:238
                          {"env_seed": 719444467,                               
                          "init_state_dtype": "float64",                        
                          "init_state_index": 13,                               
                          "init_state_sha256":                                  
                          "ed9093014c75f523152e1e046dce0f                       
                          928a134b4a56288ebd3979ac38e1034                       
                          bca", "init_state_shape": [92],                       
                          "model_seed": 3537217315,                             
                          "protocol": "paired",                                 
                          "task_id": 9}                                         
huggingface/tokenizers: The current process just got forked, after parallelism has already been used. Disabling parallelism to avoid deadlocks...
To disable this warning, you can either:
	- Avoid using `tokenizers` before the fork if possible
	- Explicitly set the environment variable TOKENIZERS_PARALLELISM=(true | false)
Saved rollout MP4 at path ./rollouts/2026_09_18/2026_09_18-02_45_04--openvla_oft--episode=94--success=True--task=pick_up_the_black_bowl_on_the_wooden_cabinet_and_p.mp4
09/18 [03:04:58] INFO     | >> Success: True              run_libero_eval.py:238
                 INFO     | >> # episodes completed so    run_libero_eval.py:238
                          far: 94                                               
                 INFO     | >> # successes: 48 (51.1%)    run_libero_eval.py:238

 40%|████      | 4/10 [00:55<01:18, 13.09s/it][A                 INFO     | >>                            run_libero_eval.py:238
                          Task: pick up the black bowl on                       
                          the wooden cabinet and place it                       
                          on the plate                                          
                 INFO     | >> Starting episode 5...      run_libero_eval.py:238
                 INFO     | >> EPISODE_MANIFEST           run_libero_eval.py:238
                          {"env_seed": 3107928531,                              
                          "init_state_dtype": "float64",                        
                          "init_state_index": 14,                               
                          "init_state_sha256":                                  
                          "ea57df2d58f867c189b2f0bd2b5eac                       
                          2e2402ada4f3082dd0233f33d5109c2                       
                          3dc", "init_state_shape": [92],                       
                          "model_seed": 1216034687,                             
                          "protocol": "paired",                                 
                          "task_id": 9}                                         
huggingface/tokenizers: The current process just got forked, after parallelism has already been used. Disabling parallelism to avoid deadlocks...
To disable this warning, you can either:
	- Avoid using `tokenizers` before the fork if possible
	- Explicitly set the environment variable TOKENIZERS_PARALLELISM=(true | false)
Saved rollout MP4 at path ./rollouts/2026_09_18/2026_09_18-02_45_04--openvla_oft--episode=95--success=False--task=pick_up_the_black_bowl_on_the_wooden_cabinet_and_p.mp4
09/18 [03:05:12] INFO     | >> Success: False             run_libero_eval.py:238
                 INFO     | >> # episodes completed so    run_libero_eval.py:238
                          far: 95                                               
                 INFO     | >> # successes: 48 (50.5%)    run_libero_eval.py:238

 50%|█████     | 5/10 [01:09<01:08, 13.61s/it][A                 INFO     | >>                            run_libero_eval.py:238
                          Task: pick up the black bowl on                       
                          the wooden cabinet and place it                       
                          on the plate                                          
                 INFO     | >> Starting episode 6...      run_libero_eval.py:238
                 INFO     | >> EPISODE_MANIFEST           run_libero_eval.py:238
                          {"env_seed": 3779558617,                              
                          "init_state_dtype": "float64",                        
                          "init_state_index": 15,                               
                          "init_state_sha256":                                  
                          "e5466b756c5f5583d1efe6408171fa                       
                          bdb6d57c076492841aaed2cf862bcb2                       
                          086", "init_state_shape": [92],                       
                          "model_seed": 3747118274,                             
                          "protocol": "paired",                                 
                          "task_id": 9}                                         
huggingface/tokenizers: The current process just got forked, after parallelism has already been used. Disabling parallelism to avoid deadlocks...
To disable this warning, you can either:
	- Avoid using `tokenizers` before the fork if possible
	- Explicitly set the environment variable TOKENIZERS_PARALLELISM=(true | false)
Saved rollout MP4 at path ./rollouts/2026_09_18/2026_09_18-02_45_04--openvla_oft--episode=96--success=True--task=pick_up_the_black_bowl_on_the_wooden_cabinet_and_p.mp4
09/18 [03:05:23] INFO     | >> Success: True              run_libero_eval.py:238
                 INFO     | >> # episodes completed so    run_libero_eval.py:238
                          far: 96                                               
                 INFO     | >> # successes: 49 (51.0%)    run_libero_eval.py:238

 60%|██████    | 6/10 [01:20<00:50, 12.64s/it][A                 INFO     | >>                            run_libero_eval.py:238
                          Task: pick up the black bowl on                       
                          the wooden cabinet and place it                       
                          on the plate                                          
                 INFO     | >> Starting episode 7...      run_libero_eval.py:238
                 INFO     | >> EPISODE_MANIFEST           run_libero_eval.py:238
                          {"env_seed": 3307202243,                              
                          "init_state_dtype": "float64",                        
                          "init_state_index": 16,                               
                          "init_state_sha256":                                  
                          "76e2ded6c389300a73bb7cf4306348                       
                          a5ccb531ed7730f54c7fef7cb704955                       
                          eca", "init_state_shape": [92],                       
                          "model_seed": 3717612147,                             
                          "protocol": "paired",                                 
                          "task_id": 9}                                         
huggingface/tokenizers: The current process just got forked, after parallelism has already been used. Disabling parallelism to avoid deadlocks...
To disable this warning, you can either:
	- Avoid using `tokenizers` before the fork if possible
	- Explicitly set the environment variable TOKENIZERS_PARALLELISM=(true | false)
Saved rollout MP4 at path ./rollouts/2026_09_18/2026_09_18-02_45_04--openvla_oft--episode=97--success=False--task=pick_up_the_black_bowl_on_the_wooden_cabinet_and_p.mp4
09/18 [03:05:38] INFO     | >> Success: False             run_libero_eval.py:238
                 INFO     | >> # episodes completed so    run_libero_eval.py:238
                          far: 97                                               
                 INFO     | >> # successes: 49 (50.5%)    run_libero_eval.py:238

 70%|███████   | 7/10 [01:35<00:40, 13.34s/it][A                 INFO     | >>                            run_libero_eval.py:238
                          Task: pick up the black bowl on                       
                          the wooden cabinet and place it                       
                          on the plate                                          
                 INFO     | >> Starting episode 8...      run_libero_eval.py:238
                 INFO     | >> EPISODE_MANIFEST           run_libero_eval.py:238
                          {"env_seed": 2626669344,                              
                          "init_state_dtype": "float64",                        
                          "init_state_index": 17,                               
                          "init_state_sha256":                                  
                          "f6f3204e80922a4262c002a95fe878                       
                          d8af31ae89305568ebdc0ab750f6dda                       
                          a50", "init_state_shape": [92],                       
                          "model_seed": 1171711006,                             
                          "protocol": "paired",                                 
                          "task_id": 9}                                         
huggingface/tokenizers: The current process just got forked, after parallelism has already been used. Disabling parallelism to avoid deadlocks...
To disable this warning, you can either:
	- Avoid using `tokenizers` before the fork if possible
	- Explicitly set the environment variable TOKENIZERS_PARALLELISM=(true | false)
Saved rollout MP4 at path ./rollouts/2026_09_18/2026_09_18-02_45_04--openvla_oft--episode=98--success=False--task=pick_up_the_black_bowl_on_the_wooden_cabinet_and_p.mp4
09/18 [03:05:52] INFO     | >> Success: False             run_libero_eval.py:238
                 INFO     | >> # episodes completed so    run_libero_eval.py:238
                          far: 98                                               
                 INFO     | >> # successes: 49 (50.0%)    run_libero_eval.py:238

 80%|████████  | 8/10 [01:49<00:27, 13.63s/it][A                 INFO     | >>                            run_libero_eval.py:238
                          Task: pick up the black bowl on                       
                          the wooden cabinet and place it                       
                          on the plate                                          
                 INFO     | >> Starting episode 9...      run_libero_eval.py:238
                 INFO     | >> EPISODE_MANIFEST           run_libero_eval.py:238
                          {"env_seed": 1569100945,                              
                          "init_state_dtype": "float64",                        
                          "init_state_index": 18,                               
                          "init_state_sha256":                                  
                          "0c9b215520647ce1a2fb63052acb60                       
                          707a3f3a9325d0e6a6c90015e9248e1                       
                          80c", "init_state_shape": [92],                       
                          "model_seed": 1553610868,                             
                          "protocol": "paired",                                 
                          "task_id": 9}                                         
huggingface/tokenizers: The current process just got forked, after parallelism has already been used. Disabling parallelism to avoid deadlocks...
To disable this warning, you can either:
	- Avoid using `tokenizers` before the fork if possible
	- Explicitly set the environment variable TOKENIZERS_PARALLELISM=(true | false)
Saved rollout MP4 at path ./rollouts/2026_09_18/2026_09_18-02_45_04--openvla_oft--episode=99--success=False--task=pick_up_the_black_bowl_on_the_wooden_cabinet_and_p.mp4
09/18 [03:06:06] INFO     | >> Success: False             run_libero_eval.py:238
                 INFO     | >> # episodes completed so    run_libero_eval.py:238
                          far: 99                                               
                 INFO     | >> # successes: 49 (49.5%)    run_libero_eval.py:238

 90%|█████████ | 9/10 [02:03<00:13, 13.91s/it][A                 INFO     | >>                            run_libero_eval.py:238
                          Task: pick up the black bowl on                       
                          the wooden cabinet and place it                       
                          on the plate                                          
                 INFO     | >> Starting episode 10...     run_libero_eval.py:238
                 INFO     | >> EPISODE_MANIFEST           run_libero_eval.py:238
                          {"env_seed": 2304298750,                              
                          "init_state_dtype": "float64",                        
                          "init_state_index": 19,                               
                          "init_state_sha256":                                  
                          "f794efb4eb6e80746d815c6544cdfd                       
                          24ec8dcf58c45780ffee26adab7532c                       
                          50b", "init_state_shape": [92],                       
                          "model_seed": 3079865435,                             
                          "protocol": "paired",                                 
                          "task_id": 9}                                         
huggingface/tokenizers: The current process just got forked, after parallelism has already been used. Disabling parallelism to avoid deadlocks...
To disable this warning, you can either:
	- Avoid using `tokenizers` before the fork if possible
	- Explicitly set the environment variable TOKENIZERS_PARALLELISM=(true | false)
Saved rollout MP4 at path ./rollouts/2026_09_18/2026_09_18-02_45_04--openvla_oft--episode=100--success=False--task=pick_up_the_black_bowl_on_the_wooden_cabinet_and_p.mp4
09/18 [03:06:22] INFO     | >> Success: False             run_libero_eval.py:238
                 INFO     | >> # episodes completed so    run_libero_eval.py:238
                          far: 100                                              
                 INFO     | >> # successes: 49 (49.0%)    run_libero_eval.py:238

100%|██████████| 10/10 [02:19<00:00, 14.38s/it][A100%|██████████| 10/10 [02:19<00:00, 13.93s/it]
                 INFO     | >> Current task success rate: run_libero_eval.py:238
                          0.2                                                   
                 INFO     | >> Current total success      run_libero_eval.py:238
                          rate: 0.49                                            
100%|██████████| 10/10 [20:51<00:00, 134.24s/it]100%|██████████| 10/10 [20:51<00:00, 125.20s/it]
                 INFO     | >> Final results:             run_libero_eval.py:238
                 INFO     | >> Total episodes: 100        run_libero_eval.py:238
                 INFO     | >> Total successes: 49        run_libero_eval.py:238
                 INFO     | >> Overall success rate:      run_libero_eval.py:238
                          0.4900 (49.0%)                                        
