2026-09-17 19:48:25.575137: I tensorflow/core/util/port.cc:113] oneDNN custom operations are on. You may see slightly different numerical results due to floating-point round-off errors from different computation orders. To turn them off, set the environment variable `TF_ENABLE_ONEDNN_OPTS=0`.
2026-09-17 19:48:25.612418: E external/local_xla/xla/stream_executor/cuda/cuda_dnn.cc:9261] Unable to register cuDNN factory: Attempting to register factory for plugin cuDNN when one has already been registered
2026-09-17 19:48:25.612441: E external/local_xla/xla/stream_executor/cuda/cuda_fft.cc:607] Unable to register cuFFT factory: Attempting to register factory for plugin cuFFT when one has already been registered
2026-09-17 19:48:25.613710: E external/local_xla/xla/stream_executor/cuda/cuda_blas.cc:1515] Unable to register cuBLAS factory: Attempting to register factory for plugin cuBLAS when one has already been registered
2026-09-17 19:48:25.619793: I tensorflow/core/platform/cpu_feature_guard.cc:182] This TensorFlow binary is optimized to use available CPU instructions in performance-critical operations.
To enable the following instructions: AVX2 AVX512F AVX512_VNNI FMA, in other operations, rebuild TensorFlow with the appropriate compiler flags.
2026-09-17 19:48:26.433815: W tensorflow/compiler/tf2tensorrt/utils/py_utils.cc:38] TF-TRT Warning: Could not find TensorRT
[robosuite WARNING] No private macro file found! (__init__.py:7)
[robosuite WARNING] It is recommended to use a private macro file (__init__.py:8)
[robosuite WARNING] To setup, run: python /root/miniconda3/envs/qvla-oft/lib/python3.10/site-packages/robosuite/scripts/setup_macros.py (__init__.py:9)
Gym has been unmaintained since 2022 and does not support NumPy 2.0 amongst other critical functionality.
Please upgrade to Gymnasium, the maintained drop-in replacement of Gym, or contact the authors of your software and request that they upgrade.
Users of this version of Gym should be able to simply replace 'import gym' with 'import gymnasium as gym' in the vast majority of cases.
See the migration guide at https://gymnasium.farama.org/introduction/migration_guide/ for additional information.
Using LIBERO constants:
  NUM_ACTIONS_CHUNK = 8
  ACTION_DIM = 7
  PROPRIO_DIM = 8
  ACTION_PROPRIO_NORMALIZATION_TYPE = bounds_q99
If needed, manually set the correct constants in `prismatic/vla/constants.py`!
VILA is not installed. Multimodal features will not be available. To activate, please install VILA at https://github.com/NVlabs/VILA.
[official-quant] scope={"fused_vision": 105, "language": 224, "primary_vision": 93, "total": 422, "unexpected": 0, "vision": 198}
Loading checkpoint shards:   0%|          | 0/4 [00:00<?, ?it/s]Loading checkpoint shards:  25%|██▌       | 1/4 [00:00<00:00,  3.75it/s]Loading checkpoint shards:  50%|█████     | 2/4 [00:00<00:00,  4.33it/s]Loading checkpoint shards:  75%|███████▌  | 3/4 [00:00<00:00,  4.63it/s]Loading checkpoint shards: 100%|██████████| 4/4 [00:00<00:00,  4.97it/s]Loading checkpoint shards: 100%|██████████| 4/4 [00:00<00:00,  4.71it/s]
[official-awq] 1/422 vision_backbone.featurizer.patch_embed.proj
[official-awq] 2/422 vision_backbone.featurizer.blocks.0.attn.qkv
[official-awq] 3/422 vision_backbone.featurizer.blocks.0.attn.proj
[official-awq] 4/422 vision_backbone.featurizer.blocks.0.mlp.fc1
[official-awq] 5/422 vision_backbone.featurizer.blocks.0.mlp.fc2
[official-awq] 6/422 vision_backbone.featurizer.blocks.1.attn.qkv
[official-awq] 7/422 vision_backbone.featurizer.blocks.1.attn.proj
[official-awq] 8/422 vision_backbone.featurizer.blocks.1.mlp.fc1
[official-awq] 9/422 vision_backbone.featurizer.blocks.1.mlp.fc2
[official-awq] 10/422 vision_backbone.featurizer.blocks.2.attn.qkv
[official-awq] 11/422 vision_backbone.featurizer.blocks.2.attn.proj
[official-awq] 12/422 vision_backbone.featurizer.blocks.2.mlp.fc1
[official-awq] 13/422 vision_backbone.featurizer.blocks.2.mlp.fc2
[official-awq] 14/422 vision_backbone.featurizer.blocks.3.attn.qkv
[official-awq] 15/422 vision_backbone.featurizer.blocks.3.attn.proj
[official-awq] 16/422 vision_backbone.featurizer.blocks.3.mlp.fc1
[official-awq] 17/422 vision_backbone.featurizer.blocks.3.mlp.fc2
[official-awq] 18/422 vision_backbone.featurizer.blocks.4.attn.qkv
[official-awq] 19/422 vision_backbone.featurizer.blocks.4.attn.proj
[official-awq] 20/422 vision_backbone.featurizer.blocks.4.mlp.fc1
[official-awq] 21/422 vision_backbone.featurizer.blocks.4.mlp.fc2
[official-awq] 22/422 vision_backbone.featurizer.blocks.5.attn.qkv
[official-awq] 23/422 vision_backbone.featurizer.blocks.5.attn.proj
[official-awq] 24/422 vision_backbone.featurizer.blocks.5.mlp.fc1
[official-awq] 25/422 vision_backbone.featurizer.blocks.5.mlp.fc2
[official-awq] 26/422 vision_backbone.featurizer.blocks.6.attn.qkv
[official-awq] 27/422 vision_backbone.featurizer.blocks.6.attn.proj
[official-awq] 28/422 vision_backbone.featurizer.blocks.6.mlp.fc1
[official-awq] 29/422 vision_backbone.featurizer.blocks.6.mlp.fc2
[official-awq] 30/422 vision_backbone.featurizer.blocks.7.attn.qkv
[official-awq] 31/422 vision_backbone.featurizer.blocks.7.attn.proj
[official-awq] 32/422 vision_backbone.featurizer.blocks.7.mlp.fc1
[official-awq] 33/422 vision_backbone.featurizer.blocks.7.mlp.fc2
[official-awq] 34/422 vision_backbone.featurizer.blocks.8.attn.qkv
[official-awq] 35/422 vision_backbone.featurizer.blocks.8.attn.proj
[official-awq] 36/422 vision_backbone.featurizer.blocks.8.mlp.fc1
[official-awq] 37/422 vision_backbone.featurizer.blocks.8.mlp.fc2
[official-awq] 38/422 vision_backbone.featurizer.blocks.9.attn.qkv
[official-awq] 39/422 vision_backbone.featurizer.blocks.9.attn.proj
[official-awq] 40/422 vision_backbone.featurizer.blocks.9.mlp.fc1
[official-awq] 41/422 vision_backbone.featurizer.blocks.9.mlp.fc2
[official-awq] 42/422 vision_backbone.featurizer.blocks.10.attn.qkv
[official-awq] 43/422 vision_backbone.featurizer.blocks.10.attn.proj
[official-awq] 44/422 vision_backbone.featurizer.blocks.10.mlp.fc1
[official-awq] 45/422 vision_backbone.featurizer.blocks.10.mlp.fc2
[official-awq] 46/422 vision_backbone.featurizer.blocks.11.attn.qkv
[official-awq] 47/422 vision_backbone.featurizer.blocks.11.attn.proj
[official-awq] 48/422 vision_backbone.featurizer.blocks.11.mlp.fc1
[official-awq] 49/422 vision_backbone.featurizer.blocks.11.mlp.fc2
[official-awq] 50/422 vision_backbone.featurizer.blocks.12.attn.qkv
[official-awq] 51/422 vision_backbone.featurizer.blocks.12.attn.proj
[official-awq] 52/422 vision_backbone.featurizer.blocks.12.mlp.fc1
[official-awq] 53/422 vision_backbone.featurizer.blocks.12.mlp.fc2
[official-awq] 54/422 vision_backbone.featurizer.blocks.13.attn.qkv
[official-awq] 55/422 vision_backbone.featurizer.blocks.13.attn.proj
[official-awq] 56/422 vision_backbone.featurizer.blocks.13.mlp.fc1
[official-awq] 57/422 vision_backbone.featurizer.blocks.13.mlp.fc2
[official-awq] 58/422 vision_backbone.featurizer.blocks.14.attn.qkv
[official-awq] 59/422 vision_backbone.featurizer.blocks.14.attn.proj
[official-awq] 60/422 vision_backbone.featurizer.blocks.14.mlp.fc1
[official-awq] 61/422 vision_backbone.featurizer.blocks.14.mlp.fc2
[official-awq] 62/422 vision_backbone.featurizer.blocks.15.attn.qkv
[official-awq] 63/422 vision_backbone.featurizer.blocks.15.attn.proj
[official-awq] 64/422 vision_backbone.featurizer.blocks.15.mlp.fc1
[official-awq] 65/422 vision_backbone.featurizer.blocks.15.mlp.fc2
[official-awq] 66/422 vision_backbone.featurizer.blocks.16.attn.qkv
[official-awq] 67/422 vision_backbone.featurizer.blocks.16.attn.proj
[official-awq] 68/422 vision_backbone.featurizer.blocks.16.mlp.fc1
[official-awq] 69/422 vision_backbone.featurizer.blocks.16.mlp.fc2
[official-awq] 70/422 vision_backbone.featurizer.blocks.17.attn.qkv
[official-awq] 71/422 vision_backbone.featurizer.blocks.17.attn.proj
[official-awq] 72/422 vision_backbone.featurizer.blocks.17.mlp.fc1
[official-awq] 73/422 vision_backbone.featurizer.blocks.17.mlp.fc2
[official-awq] 74/422 vision_backbone.featurizer.blocks.18.attn.qkv
[official-awq] 75/422 vision_backbone.featurizer.blocks.18.attn.proj
[official-awq] 76/422 vision_backbone.featurizer.blocks.18.mlp.fc1
[official-awq] 77/422 vision_backbone.featurizer.blocks.18.mlp.fc2
[official-awq] 78/422 vision_backbone.featurizer.blocks.19.attn.qkv
[official-awq] 79/422 vision_backbone.featurizer.blocks.19.attn.proj
[official-awq] 80/422 vision_backbone.featurizer.blocks.19.mlp.fc1
[official-awq] 81/422 vision_backbone.featurizer.blocks.19.mlp.fc2
[official-awq] 82/422 vision_backbone.featurizer.blocks.20.attn.qkv
[official-awq] 83/422 vision_backbone.featurizer.blocks.20.attn.proj
[official-awq] 84/422 vision_backbone.featurizer.blocks.20.mlp.fc1
[official-awq] 85/422 vision_backbone.featurizer.blocks.20.mlp.fc2
[official-awq] 86/422 vision_backbone.featurizer.blocks.21.attn.qkv
[official-awq] 87/422 vision_backbone.featurizer.blocks.21.attn.proj
[official-awq] 88/422 vision_backbone.featurizer.blocks.21.mlp.fc1
[official-awq] 89/422 vision_backbone.featurizer.blocks.21.mlp.fc2
[official-awq] 90/422 vision_backbone.featurizer.blocks.22.attn.qkv
[official-awq] 91/422 vision_backbone.featurizer.blocks.22.attn.proj
[official-awq] 92/422 vision_backbone.featurizer.blocks.22.mlp.fc1
[official-awq] 93/422 vision_backbone.featurizer.blocks.22.mlp.fc2
[official-awq] 94/422 vision_backbone.fused_featurizer.patch_embed.proj
[official-awq] 95/422 vision_backbone.fused_featurizer.blocks.0.attn.qkv
[official-awq] 96/422 vision_backbone.fused_featurizer.blocks.0.attn.proj
[official-awq] 97/422 vision_backbone.fused_featurizer.blocks.0.mlp.fc1
[official-awq] 98/422 vision_backbone.fused_featurizer.blocks.0.mlp.fc2
[official-awq] 99/422 vision_backbone.fused_featurizer.blocks.1.attn.qkv
[official-awq] 100/422 vision_backbone.fused_featurizer.blocks.1.attn.proj
[official-awq] 101/422 vision_backbone.fused_featurizer.blocks.1.mlp.fc1
[official-awq] 102/422 vision_backbone.fused_featurizer.blocks.1.mlp.fc2
[official-awq] 103/422 vision_backbone.fused_featurizer.blocks.2.attn.qkv
[official-awq] 104/422 vision_backbone.fused_featurizer.blocks.2.attn.proj
[official-awq] 105/422 vision_backbone.fused_featurizer.blocks.2.mlp.fc1
[official-awq] 106/422 vision_backbone.fused_featurizer.blocks.2.mlp.fc2
[official-awq] 107/422 vision_backbone.fused_featurizer.blocks.3.attn.qkv
[official-awq] 108/422 vision_backbone.fused_featurizer.blocks.3.attn.proj
[official-awq] 109/422 vision_backbone.fused_featurizer.blocks.3.mlp.fc1
[official-awq] 110/422 vision_backbone.fused_featurizer.blocks.3.mlp.fc2
[official-awq] 111/422 vision_backbone.fused_featurizer.blocks.4.attn.qkv
[official-awq] 112/422 vision_backbone.fused_featurizer.blocks.4.attn.proj
[official-awq] 113/422 vision_backbone.fused_featurizer.blocks.4.mlp.fc1
[official-awq] 114/422 vision_backbone.fused_featurizer.blocks.4.mlp.fc2
[official-awq] 115/422 vision_backbone.fused_featurizer.blocks.5.attn.qkv
[official-awq] 116/422 vision_backbone.fused_featurizer.blocks.5.attn.proj
[official-awq] 117/422 vision_backbone.fused_featurizer.blocks.5.mlp.fc1
[official-awq] 118/422 vision_backbone.fused_featurizer.blocks.5.mlp.fc2
[official-awq] 119/422 vision_backbone.fused_featurizer.blocks.6.attn.qkv
[official-awq] 120/422 vision_backbone.fused_featurizer.blocks.6.attn.proj
[official-awq] 121/422 vision_backbone.fused_featurizer.blocks.6.mlp.fc1
[official-awq] 122/422 vision_backbone.fused_featurizer.blocks.6.mlp.fc2
[official-awq] 123/422 vision_backbone.fused_featurizer.blocks.7.attn.qkv
[official-awq] 124/422 vision_backbone.fused_featurizer.blocks.7.attn.proj
[official-awq] 125/422 vision_backbone.fused_featurizer.blocks.7.mlp.fc1
[official-awq] 126/422 vision_backbone.fused_featurizer.blocks.7.mlp.fc2
[official-awq] 127/422 vision_backbone.fused_featurizer.blocks.8.attn.qkv
[official-awq] 128/422 vision_backbone.fused_featurizer.blocks.8.attn.proj
[official-awq] 129/422 vision_backbone.fused_featurizer.blocks.8.mlp.fc1
[official-awq] 130/422 vision_backbone.fused_featurizer.blocks.8.mlp.fc2
[official-awq] 131/422 vision_backbone.fused_featurizer.blocks.9.attn.qkv
[official-awq] 132/422 vision_backbone.fused_featurizer.blocks.9.attn.proj
[official-awq] 133/422 vision_backbone.fused_featurizer.blocks.9.mlp.fc1
[official-awq] 134/422 vision_backbone.fused_featurizer.blocks.9.mlp.fc2
[official-awq] 135/422 vision_backbone.fused_featurizer.blocks.10.attn.qkv
[official-awq] 136/422 vision_backbone.fused_featurizer.blocks.10.attn.proj
[official-awq] 137/422 vision_backbone.fused_featurizer.blocks.10.mlp.fc1
[official-awq] 138/422 vision_backbone.fused_featurizer.blocks.10.mlp.fc2
[official-awq] 139/422 vision_backbone.fused_featurizer.blocks.11.attn.qkv
[official-awq] 140/422 vision_backbone.fused_featurizer.blocks.11.attn.proj
[official-awq] 141/422 vision_backbone.fused_featurizer.blocks.11.mlp.fc1
[official-awq] 142/422 vision_backbone.fused_featurizer.blocks.11.mlp.fc2
[official-awq] 143/422 vision_backbone.fused_featurizer.blocks.12.attn.qkv
[official-awq] 144/422 vision_backbone.fused_featurizer.blocks.12.attn.proj
[official-awq] 145/422 vision_backbone.fused_featurizer.blocks.12.mlp.fc1
[official-awq] 146/422 vision_backbone.fused_featurizer.blocks.12.mlp.fc2
[official-awq] 147/422 vision_backbone.fused_featurizer.blocks.13.attn.qkv
[official-awq] 148/422 vision_backbone.fused_featurizer.blocks.13.attn.proj
[official-awq] 149/422 vision_backbone.fused_featurizer.blocks.13.mlp.fc1
[official-awq] 150/422 vision_backbone.fused_featurizer.blocks.13.mlp.fc2
[official-awq] 151/422 vision_backbone.fused_featurizer.blocks.14.attn.qkv
[official-awq] 152/422 vision_backbone.fused_featurizer.blocks.14.attn.proj
[official-awq] 153/422 vision_backbone.fused_featurizer.blocks.14.mlp.fc1
[official-awq] 154/422 vision_backbone.fused_featurizer.blocks.14.mlp.fc2
[official-awq] 155/422 vision_backbone.fused_featurizer.blocks.15.attn.qkv
[official-awq] 156/422 vision_backbone.fused_featurizer.blocks.15.attn.proj
[official-awq] 157/422 vision_backbone.fused_featurizer.blocks.15.mlp.fc1
[official-awq] 158/422 vision_backbone.fused_featurizer.blocks.15.mlp.fc2
[official-awq] 159/422 vision_backbone.fused_featurizer.blocks.16.attn.qkv
[official-awq] 160/422 vision_backbone.fused_featurizer.blocks.16.attn.proj
[official-awq] 161/422 vision_backbone.fused_featurizer.blocks.16.mlp.fc1
[official-awq] 162/422 vision_backbone.fused_featurizer.blocks.16.mlp.fc2
[official-awq] 163/422 vision_backbone.fused_featurizer.blocks.17.attn.qkv
[official-awq] 164/422 vision_backbone.fused_featurizer.blocks.17.attn.proj
[official-awq] 165/422 vision_backbone.fused_featurizer.blocks.17.mlp.fc1
[official-awq] 166/422 vision_backbone.fused_featurizer.blocks.17.mlp.fc2
[official-awq] 167/422 vision_backbone.fused_featurizer.blocks.18.attn.qkv
[official-awq] 168/422 vision_backbone.fused_featurizer.blocks.18.attn.proj
[official-awq] 169/422 vision_backbone.fused_featurizer.blocks.18.mlp.fc1
[official-awq] 170/422 vision_backbone.fused_featurizer.blocks.18.mlp.fc2
[official-awq] 171/422 vision_backbone.fused_featurizer.blocks.19.attn.qkv
[official-awq] 172/422 vision_backbone.fused_featurizer.blocks.19.attn.proj
[official-awq] 173/422 vision_backbone.fused_featurizer.blocks.19.mlp.fc1
[official-awq] 174/422 vision_backbone.fused_featurizer.blocks.19.mlp.fc2
[official-awq] 175/422 vision_backbone.fused_featurizer.blocks.20.attn.qkv
[official-awq] 176/422 vision_backbone.fused_featurizer.blocks.20.attn.proj
[official-awq] 177/422 vision_backbone.fused_featurizer.blocks.20.mlp.fc1
[official-awq] 178/422 vision_backbone.fused_featurizer.blocks.20.mlp.fc2
[official-awq] 179/422 vision_backbone.fused_featurizer.blocks.21.attn.qkv
[official-awq] 180/422 vision_backbone.fused_featurizer.blocks.21.attn.proj
[official-awq] 181/422 vision_backbone.fused_featurizer.blocks.21.mlp.fc1
[official-awq] 182/422 vision_backbone.fused_featurizer.blocks.21.mlp.fc2
[official-awq] 183/422 vision_backbone.fused_featurizer.blocks.22.attn.qkv
[official-awq] 184/422 vision_backbone.fused_featurizer.blocks.22.attn.proj
[official-awq] 185/422 vision_backbone.fused_featurizer.blocks.22.mlp.fc1
[official-awq] 186/422 vision_backbone.fused_featurizer.blocks.22.mlp.fc2
[official-awq] 187/422 vision_backbone.fused_featurizer.blocks.23.attn.qkv
[official-awq] 188/422 vision_backbone.fused_featurizer.blocks.23.attn.proj
[official-awq] 189/422 vision_backbone.fused_featurizer.blocks.23.mlp.fc1
[official-awq] 190/422 vision_backbone.fused_featurizer.blocks.23.mlp.fc2
[official-awq] 191/422 vision_backbone.fused_featurizer.blocks.24.attn.qkv
[official-awq] 192/422 vision_backbone.fused_featurizer.blocks.24.attn.proj
[official-awq] 193/422 vision_backbone.fused_featurizer.blocks.24.mlp.fc1
[official-awq] 194/422 vision_backbone.fused_featurizer.blocks.24.mlp.fc2
[official-awq] 195/422 vision_backbone.fused_featurizer.blocks.25.attn.qkv
[official-awq] 196/422 vision_backbone.fused_featurizer.blocks.25.attn.proj
[official-awq] 197/422 vision_backbone.fused_featurizer.blocks.25.mlp.fc1
[official-awq] 198/422 vision_backbone.fused_featurizer.blocks.25.mlp.fc2
[official-awq] 199/422 language_model.model.layers.0.self_attn.q_proj
[official-awq] 200/422 language_model.model.layers.0.self_attn.k_proj
[official-awq] 201/422 language_model.model.layers.0.self_attn.v_proj
[official-awq] 202/422 language_model.model.layers.0.self_attn.o_proj
[official-awq] 203/422 language_model.model.layers.0.mlp.gate_proj
[official-awq] 204/422 language_model.model.layers.0.mlp.up_proj
[official-awq] 205/422 language_model.model.layers.0.mlp.down_proj
[official-awq] 206/422 language_model.model.layers.1.self_attn.q_proj
[official-awq] 207/422 language_model.model.layers.1.self_attn.k_proj
[official-awq] 208/422 language_model.model.layers.1.self_attn.v_proj
[official-awq] 209/422 language_model.model.layers.1.self_attn.o_proj
[official-awq] 210/422 language_model.model.layers.1.mlp.gate_proj
[official-awq] 211/422 language_model.model.layers.1.mlp.up_proj
[official-awq] 212/422 language_model.model.layers.1.mlp.down_proj
[official-awq] 213/422 language_model.model.layers.2.self_attn.q_proj
[official-awq] 214/422 language_model.model.layers.2.self_attn.k_proj
[official-awq] 215/422 language_model.model.layers.2.self_attn.v_proj
[official-awq] 216/422 language_model.model.layers.2.self_attn.o_proj
[official-awq] 217/422 language_model.model.layers.2.mlp.gate_proj
[official-awq] 218/422 language_model.model.layers.2.mlp.up_proj
[official-awq] 219/422 language_model.model.layers.2.mlp.down_proj
[official-awq] 220/422 language_model.model.layers.3.self_attn.q_proj
[official-awq] 221/422 language_model.model.layers.3.self_attn.k_proj
[official-awq] 222/422 language_model.model.layers.3.self_attn.v_proj
[official-awq] 223/422 language_model.model.layers.3.self_attn.o_proj
[official-awq] 224/422 language_model.model.layers.3.mlp.gate_proj
[official-awq] 225/422 language_model.model.layers.3.mlp.up_proj
[official-awq] 226/422 language_model.model.layers.3.mlp.down_proj
[official-awq] 227/422 language_model.model.layers.4.self_attn.q_proj
[official-awq] 228/422 language_model.model.layers.4.self_attn.k_proj
[official-awq] 229/422 language_model.model.layers.4.self_attn.v_proj
[official-awq] 230/422 language_model.model.layers.4.self_attn.o_proj
[official-awq] 231/422 language_model.model.layers.4.mlp.gate_proj
[official-awq] 232/422 language_model.model.layers.4.mlp.up_proj
[official-awq] 233/422 language_model.model.layers.4.mlp.down_proj
[official-awq] 234/422 language_model.model.layers.5.self_attn.q_proj
[official-awq] 235/422 language_model.model.layers.5.self_attn.k_proj
[official-awq] 236/422 language_model.model.layers.5.self_attn.v_proj
[official-awq] 237/422 language_model.model.layers.5.self_attn.o_proj
[official-awq] 238/422 language_model.model.layers.5.mlp.gate_proj
[official-awq] 239/422 language_model.model.layers.5.mlp.up_proj
[official-awq] 240/422 language_model.model.layers.5.mlp.down_proj
[official-awq] 241/422 language_model.model.layers.6.self_attn.q_proj
[official-awq] 242/422 language_model.model.layers.6.self_attn.k_proj
[official-awq] 243/422 language_model.model.layers.6.self_attn.v_proj
[official-awq] 244/422 language_model.model.layers.6.self_attn.o_proj
[official-awq] 245/422 language_model.model.layers.6.mlp.gate_proj
[official-awq] 246/422 language_model.model.layers.6.mlp.up_proj
[official-awq] 247/422 language_model.model.layers.6.mlp.down_proj
[official-awq] 248/422 language_model.model.layers.7.self_attn.q_proj
[official-awq] 249/422 language_model.model.layers.7.self_attn.k_proj
[official-awq] 250/422 language_model.model.layers.7.self_attn.v_proj
[official-awq] 251/422 language_model.model.layers.7.self_attn.o_proj
[official-awq] 252/422 language_model.model.layers.7.mlp.gate_proj
[official-awq] 253/422 language_model.model.layers.7.mlp.up_proj
[official-awq] 254/422 language_model.model.layers.7.mlp.down_proj
[official-awq] 255/422 language_model.model.layers.8.self_attn.q_proj
[official-awq] 256/422 language_model.model.layers.8.self_attn.k_proj
[official-awq] 257/422 language_model.model.layers.8.self_attn.v_proj
[official-awq] 258/422 language_model.model.layers.8.self_attn.o_proj
[official-awq] 259/422 language_model.model.layers.8.mlp.gate_proj
[official-awq] 260/422 language_model.model.layers.8.mlp.up_proj
[official-awq] 261/422 language_model.model.layers.8.mlp.down_proj
[official-awq] 262/422 language_model.model.layers.9.self_attn.q_proj
[official-awq] 263/422 language_model.model.layers.9.self_attn.k_proj
[official-awq] 264/422 language_model.model.layers.9.self_attn.v_proj
[official-awq] 265/422 language_model.model.layers.9.self_attn.o_proj
[official-awq] 266/422 language_model.model.layers.9.mlp.gate_proj
[official-awq] 267/422 language_model.model.layers.9.mlp.up_proj
[official-awq] 268/422 language_model.model.layers.9.mlp.down_proj
[official-awq] 269/422 language_model.model.layers.10.self_attn.q_proj
[official-awq] 270/422 language_model.model.layers.10.self_attn.k_proj
[official-awq] 271/422 language_model.model.layers.10.self_attn.v_proj
[official-awq] 272/422 language_model.model.layers.10.self_attn.o_proj
[official-awq] 273/422 language_model.model.layers.10.mlp.gate_proj
[official-awq] 274/422 language_model.model.layers.10.mlp.up_proj
[official-awq] 275/422 language_model.model.layers.10.mlp.down_proj
[official-awq] 276/422 language_model.model.layers.11.self_attn.q_proj
[official-awq] 277/422 language_model.model.layers.11.self_attn.k_proj
[official-awq] 278/422 language_model.model.layers.11.self_attn.v_proj
[official-awq] 279/422 language_model.model.layers.11.self_attn.o_proj
[official-awq] 280/422 language_model.model.layers.11.mlp.gate_proj
[official-awq] 281/422 language_model.model.layers.11.mlp.up_proj
[official-awq] 282/422 language_model.model.layers.11.mlp.down_proj
[official-awq] 283/422 language_model.model.layers.12.self_attn.q_proj
[official-awq] 284/422 language_model.model.layers.12.self_attn.k_proj
[official-awq] 285/422 language_model.model.layers.12.self_attn.v_proj
[official-awq] 286/422 language_model.model.layers.12.self_attn.o_proj
[official-awq] 287/422 language_model.model.layers.12.mlp.gate_proj
[official-awq] 288/422 language_model.model.layers.12.mlp.up_proj
[official-awq] 289/422 language_model.model.layers.12.mlp.down_proj
[official-awq] 290/422 language_model.model.layers.13.self_attn.q_proj
[official-awq] 291/422 language_model.model.layers.13.self_attn.k_proj
[official-awq] 292/422 language_model.model.layers.13.self_attn.v_proj
[official-awq] 293/422 language_model.model.layers.13.self_attn.o_proj
[official-awq] 294/422 language_model.model.layers.13.mlp.gate_proj
[official-awq] 295/422 language_model.model.layers.13.mlp.up_proj
[official-awq] 296/422 language_model.model.layers.13.mlp.down_proj
[official-awq] 297/422 language_model.model.layers.14.self_attn.q_proj
[official-awq] 298/422 language_model.model.layers.14.self_attn.k_proj
[official-awq] 299/422 language_model.model.layers.14.self_attn.v_proj
[official-awq] 300/422 language_model.model.layers.14.self_attn.o_proj
[official-awq] 301/422 language_model.model.layers.14.mlp.gate_proj
[official-awq] 302/422 language_model.model.layers.14.mlp.up_proj
[official-awq] 303/422 language_model.model.layers.14.mlp.down_proj
[official-awq] 304/422 language_model.model.layers.15.self_attn.q_proj
[official-awq] 305/422 language_model.model.layers.15.self_attn.k_proj
[official-awq] 306/422 language_model.model.layers.15.self_attn.v_proj
[official-awq] 307/422 language_model.model.layers.15.self_attn.o_proj
[official-awq] 308/422 language_model.model.layers.15.mlp.gate_proj
[official-awq] 309/422 language_model.model.layers.15.mlp.up_proj
[official-awq] 310/422 language_model.model.layers.15.mlp.down_proj
[official-awq] 311/422 language_model.model.layers.16.self_attn.q_proj
[official-awq] 312/422 language_model.model.layers.16.self_attn.k_proj
[official-awq] 313/422 language_model.model.layers.16.self_attn.v_proj
[official-awq] 314/422 language_model.model.layers.16.self_attn.o_proj
[official-awq] 315/422 language_model.model.layers.16.mlp.gate_proj
[official-awq] 316/422 language_model.model.layers.16.mlp.up_proj
[official-awq] 317/422 language_model.model.layers.16.mlp.down_proj
[official-awq] 318/422 language_model.model.layers.17.self_attn.q_proj
[official-awq] 319/422 language_model.model.layers.17.self_attn.k_proj
[official-awq] 320/422 language_model.model.layers.17.self_attn.v_proj
[official-awq] 321/422 language_model.model.layers.17.self_attn.o_proj
[official-awq] 322/422 language_model.model.layers.17.mlp.gate_proj
[official-awq] 323/422 language_model.model.layers.17.mlp.up_proj
[official-awq] 324/422 language_model.model.layers.17.mlp.down_proj
[official-awq] 325/422 language_model.model.layers.18.self_attn.q_proj
[official-awq] 326/422 language_model.model.layers.18.self_attn.k_proj
[official-awq] 327/422 language_model.model.layers.18.self_attn.v_proj
[official-awq] 328/422 language_model.model.layers.18.self_attn.o_proj
[official-awq] 329/422 language_model.model.layers.18.mlp.gate_proj
[official-awq] 330/422 language_model.model.layers.18.mlp.up_proj
[official-awq] 331/422 language_model.model.layers.18.mlp.down_proj
[official-awq] 332/422 language_model.model.layers.19.self_attn.q_proj
[official-awq] 333/422 language_model.model.layers.19.self_attn.k_proj
[official-awq] 334/422 language_model.model.layers.19.self_attn.v_proj
[official-awq] 335/422 language_model.model.layers.19.self_attn.o_proj
[official-awq] 336/422 language_model.model.layers.19.mlp.gate_proj
[official-awq] 337/422 language_model.model.layers.19.mlp.up_proj
[official-awq] 338/422 language_model.model.layers.19.mlp.down_proj
[official-awq] 339/422 language_model.model.layers.20.self_attn.q_proj
[official-awq] 340/422 language_model.model.layers.20.self_attn.k_proj
[official-awq] 341/422 language_model.model.layers.20.self_attn.v_proj
[official-awq] 342/422 language_model.model.layers.20.self_attn.o_proj
[official-awq] 343/422 language_model.model.layers.20.mlp.gate_proj
[official-awq] 344/422 language_model.model.layers.20.mlp.up_proj
[official-awq] 345/422 language_model.model.layers.20.mlp.down_proj
[official-awq] 346/422 language_model.model.layers.21.self_attn.q_proj
[official-awq] 347/422 language_model.model.layers.21.self_attn.k_proj
[official-awq] 348/422 language_model.model.layers.21.self_attn.v_proj
[official-awq] 349/422 language_model.model.layers.21.self_attn.o_proj
<frozen importlib._bootstrap>:283: DeprecationWarning: the load_module() method is deprecated and slated for removal in Python 3.12; use exec_module() instead
[official-awq] 350/422 language_model.model.layers.21.mlp.gate_proj
[official-awq] 351/422 language_model.model.layers.21.mlp.up_proj
[official-awq] 352/422 language_model.model.layers.21.mlp.down_proj
[official-awq] 353/422 language_model.model.layers.22.self_attn.q_proj
[official-awq] 354/422 language_model.model.layers.22.self_attn.k_proj
[official-awq] 355/422 language_model.model.layers.22.self_attn.v_proj
[official-awq] 356/422 language_model.model.layers.22.self_attn.o_proj
[official-awq] 357/422 language_model.model.layers.22.mlp.gate_proj
[official-awq] 358/422 language_model.model.layers.22.mlp.up_proj
[official-awq] 359/422 language_model.model.layers.22.mlp.down_proj
[official-awq] 360/422 language_model.model.layers.23.self_attn.q_proj
[official-awq] 361/422 language_model.model.layers.23.self_attn.k_proj
[official-awq] 362/422 language_model.model.layers.23.self_attn.v_proj
[official-awq] 363/422 language_model.model.layers.23.self_attn.o_proj
[official-awq] 364/422 language_model.model.layers.23.mlp.gate_proj
[official-awq] 365/422 language_model.model.layers.23.mlp.up_proj
[official-awq] 366/422 language_model.model.layers.23.mlp.down_proj
[official-awq] 367/422 language_model.model.layers.24.self_attn.q_proj
[official-awq] 368/422 language_model.model.layers.24.self_attn.k_proj
[official-awq] 369/422 language_model.model.layers.24.self_attn.v_proj
[official-awq] 370/422 language_model.model.layers.24.self_attn.o_proj
[official-awq] 371/422 language_model.model.layers.24.mlp.gate_proj
[official-awq] 372/422 language_model.model.layers.24.mlp.up_proj
[official-awq] 373/422 language_model.model.layers.24.mlp.down_proj
[official-awq] 374/422 language_model.model.layers.25.self_attn.q_proj
[official-awq] 375/422 language_model.model.layers.25.self_attn.k_proj
[official-awq] 376/422 language_model.model.layers.25.self_attn.v_proj
[official-awq] 377/422 language_model.model.layers.25.self_attn.o_proj
[official-awq] 378/422 language_model.model.layers.25.mlp.gate_proj
[official-awq] 379/422 language_model.model.layers.25.mlp.up_proj
[official-awq] 380/422 language_model.model.layers.25.mlp.down_proj
[official-awq] 381/422 language_model.model.layers.26.self_attn.q_proj
[official-awq] 382/422 language_model.model.layers.26.self_attn.k_proj
[official-awq] 383/422 language_model.model.layers.26.self_attn.v_proj
[official-awq] 384/422 language_model.model.layers.26.self_attn.o_proj
[official-awq] 385/422 language_model.model.layers.26.mlp.gate_proj
[official-awq] 386/422 language_model.model.layers.26.mlp.up_proj
[official-awq] 387/422 language_model.model.layers.26.mlp.down_proj
[official-awq] 388/422 language_model.model.layers.27.self_attn.q_proj
[official-awq] 389/422 language_model.model.layers.27.self_attn.k_proj
[official-awq] 390/422 language_model.model.layers.27.self_attn.v_proj
[official-awq] 391/422 language_model.model.layers.27.self_attn.o_proj
[official-awq] 392/422 language_model.model.layers.27.mlp.gate_proj
[official-awq] 393/422 language_model.model.layers.27.mlp.up_proj
[official-awq] 394/422 language_model.model.layers.27.mlp.down_proj
[official-awq] 395/422 language_model.model.layers.28.self_attn.q_proj
[official-awq] 396/422 language_model.model.layers.28.self_attn.k_proj
[official-awq] 397/422 language_model.model.layers.28.self_attn.v_proj
[official-awq] 398/422 language_model.model.layers.28.self_attn.o_proj
[official-awq] 399/422 language_model.model.layers.28.mlp.gate_proj
[official-awq] 400/422 language_model.model.layers.28.mlp.up_proj
[official-awq] 401/422 language_model.model.layers.28.mlp.down_proj
[official-awq] 402/422 language_model.model.layers.29.self_attn.q_proj
[official-awq] 403/422 language_model.model.layers.29.self_attn.k_proj
[official-awq] 404/422 language_model.model.layers.29.self_attn.v_proj
[official-awq] 405/422 language_model.model.layers.29.self_attn.o_proj
[official-awq] 406/422 language_model.model.layers.29.mlp.gate_proj
[official-awq] 407/422 language_model.model.layers.29.mlp.up_proj
[official-awq] 408/422 language_model.model.layers.29.mlp.down_proj
[official-awq] 409/422 language_model.model.layers.30.self_attn.q_proj
[official-awq] 410/422 language_model.model.layers.30.self_attn.k_proj
[official-awq] 411/422 language_model.model.layers.30.self_attn.v_proj
[official-awq] 412/422 language_model.model.layers.30.self_attn.o_proj
[official-awq] 413/422 language_model.model.layers.30.mlp.gate_proj
[official-awq] 414/422 language_model.model.layers.30.mlp.up_proj
[official-awq] 415/422 language_model.model.layers.30.mlp.down_proj
[official-awq] 416/422 language_model.model.layers.31.self_attn.q_proj
[official-awq] 417/422 language_model.model.layers.31.self_attn.k_proj
[official-awq] 418/422 language_model.model.layers.31.self_attn.v_proj
[official-awq] 419/422 language_model.model.layers.31.self_attn.o_proj
[official-awq] 420/422 language_model.model.layers.31.mlp.gate_proj
[official-awq] 421/422 language_model.model.layers.31.mlp.up_proj
[official-awq] 422/422 language_model.model.layers.31.mlp.down_proj
[official-quant] method=awq weight_bits=4 activation_bits=16 profile_targets=422 scope=all
[official-quant] BF16 exclusions=projector,proprio_projector,action_head,embeddings,norms
[official-quant] candidate={"applied_target_bits": {"4": 422}, "applied_targets": 422, "name": "profile", "profiles": [{"path": "/root/autodl-tmp/qvla-repro/artifacts/awq-spatial-20260912-163735-1136/profiles/w4.pt", "sha256": "ea3faca6130c88bd38fbe20be28eafc742d66605d339f8d9acfedb8da4703ea4"}], "removed_language_clips": 0, "scope": "all", "target_group_counts": {"128": 422}, "w4_layers": ""}
[official-quant] using preloaded model
09/17 [19:49:12] INFO     | >> Logging to local log file: run_libero_eval.py:223
                          /root/autodl-tmp/qvla-repro/eva                       
                          l/awq-baseline-shard-45-49-2026                       
                          0917-193926-20575/w4/EVAL-liber                       
                          o_spatial-openvla-2026_09_17-19                       
                          _48_44.txt                                            
                 INFO     | >> SEED_PROTOCOL {"env_seed": run_libero_eval.py:238
                          0, "model_seed": 0, "protocol":                       
                          "paired",                                             
                          "pythonhashseed_at_launch":                           
                          "0", "runner_sha256":                                 
                          "fe37e8097c286e1946e5194a1f817a                       
                          2b2362d167a6a5a49443c5aa20314d8                       
                          873", "strict": false}                                
[info] using task orders [0, 1, 2, 3, 4, 5, 6, 7, 8, 9]
                 INFO     | >> Task suite: libero_spatial run_libero_eval.py:238
  0%|          | 0/10 [00:00<?, ?it/s]                 INFO     | >> Using default initial      run_libero_eval.py:238
                          states                                                

  0%|          | 0/5 [00:00<?, ?it/s][A09/17 [19:49:16] INFO     | >>                            run_libero_eval.py:238
                          Task: pick up the black bowl                          
                          between the plate and the                             
                          ramekin and place it on the                           
                          plate                                                 
                 INFO     | >> Starting episode 1...      run_libero_eval.py:238
                 INFO     | >> EPISODE_MANIFEST           run_libero_eval.py:238
                          {"env_seed": 4215005786,                              
                          "init_state_dtype": "float64",                        
                          "init_state_index": 45,                               
                          "init_state_sha256":                                  
                          "aeed457c3aaa84628169ec809ab31f                       
                          ea7d3baed43d4e0e68970d01485d8b4                       
                          987", "init_state_shape": [92],                       
                          "model_seed": 1611577170,                             
                          "protocol": "paired",                                 
                          "task_id": 0}                                         
huggingface/tokenizers: The current process just got forked, after parallelism has already been used. Disabling parallelism to avoid deadlocks...
To disable this warning, you can either:
	- Avoid using `tokenizers` before the fork if possible
	- Explicitly set the environment variable TOKENIZERS_PARALLELISM=(true | false)
Saved rollout MP4 at path ./rollouts/2026_09_17/2026_09_17-19_48_44--openvla_oft--episode=1--success=True--task=pick_up_the_black_bowl_between_the_plate_and_the_r.mp4
09/17 [19:49:24] INFO     | >> Success: True              run_libero_eval.py:238
                 INFO     | >> # episodes completed so    run_libero_eval.py:238
                          far: 1                                                
                 INFO     | >> # successes: 1 (100.0%)    run_libero_eval.py:238

 20%|██        | 1/5 [00:08<00:32,  8.10s/it][A                 INFO     | >>                            run_libero_eval.py:238
                          Task: pick up the black bowl                          
                          between the plate and the                             
                          ramekin and place it on the                           
                          plate                                                 
                 INFO     | >> Starting episode 2...      run_libero_eval.py:238
                 INFO     | >> EPISODE_MANIFEST           run_libero_eval.py:238
                          {"env_seed": 1732376798,                              
                          "init_state_dtype": "float64",                        
                          "init_state_index": 46,                               
                          "init_state_sha256":                                  
                          "54b3e75ce4b8126c50bc354ae6c534                       
                          c6e9c2f6180a86a8cc97100a598c808                       
                          2f1", "init_state_shape": [92],                       
                          "model_seed": 1854073269,                             
                          "protocol": "paired",                                 
                          "task_id": 0}                                         
huggingface/tokenizers: The current process just got forked, after parallelism has already been used. Disabling parallelism to avoid deadlocks...
To disable this warning, you can either:
	- Avoid using `tokenizers` before the fork if possible
	- Explicitly set the environment variable TOKENIZERS_PARALLELISM=(true | false)
Saved rollout MP4 at path ./rollouts/2026_09_17/2026_09_17-19_48_44--openvla_oft--episode=2--success=True--task=pick_up_the_black_bowl_between_the_plate_and_the_r.mp4
09/17 [19:49:32] INFO     | >> Success: True              run_libero_eval.py:238
                 INFO     | >> # episodes completed so    run_libero_eval.py:238
                          far: 2                                                
                 INFO     | >> # successes: 2 (100.0%)    run_libero_eval.py:238

 40%|████      | 2/5 [00:15<00:23,  7.96s/it][A                 INFO     | >>                            run_libero_eval.py:238
                          Task: pick up the black bowl                          
                          between the plate and the                             
                          ramekin and place it on the                           
                          plate                                                 
                 INFO     | >> Starting episode 3...      run_libero_eval.py:238
                 INFO     | >> EPISODE_MANIFEST           run_libero_eval.py:238
                          {"env_seed": 301706372,                               
                          "init_state_dtype": "float64",                        
                          "init_state_index": 47,                               
                          "init_state_sha256":                                  
                          "4f5e968e3f8a21ea074562fb9ce67e                       
                          13dc39cfba572b37e5cc18e15d8f939                       
                          a1f", "init_state_shape": [92],                       
                          "model_seed": 647178796,                              
                          "protocol": "paired",                                 
                          "task_id": 0}                                         
huggingface/tokenizers: The current process just got forked, after parallelism has already been used. Disabling parallelism to avoid deadlocks...
To disable this warning, you can either:
	- Avoid using `tokenizers` before the fork if possible
	- Explicitly set the environment variable TOKENIZERS_PARALLELISM=(true | false)
Saved rollout MP4 at path ./rollouts/2026_09_17/2026_09_17-19_48_44--openvla_oft--episode=3--success=True--task=pick_up_the_black_bowl_between_the_plate_and_the_r.mp4
09/17 [19:49:39] INFO     | >> Success: True              run_libero_eval.py:238
                 INFO     | >> # episodes completed so    run_libero_eval.py:238
                          far: 3                                                
                 INFO     | >> # successes: 3 (100.0%)    run_libero_eval.py:238

 60%|██████    | 3/5 [00:23<00:15,  7.83s/it][A                 INFO     | >>                            run_libero_eval.py:238
                          Task: pick up the black bowl                          
                          between the plate and the                             
                          ramekin and place it on the                           
                          plate                                                 
                 INFO     | >> Starting episode 4...      run_libero_eval.py:238
                 INFO     | >> EPISODE_MANIFEST           run_libero_eval.py:238
                          {"env_seed": 1741847142,                              
                          "init_state_dtype": "float64",                        
                          "init_state_index": 48,                               
                          "init_state_sha256":                                  
                          "14331e45a001f601d1a68e2824d6d7                       
                          49ce477bcb0c29f127b12d5ac08087d                       
                          57d", "init_state_shape": [92],                       
                          "model_seed": 3513033951,                             
                          "protocol": "paired",                                 
                          "task_id": 0}                                         
huggingface/tokenizers: The current process just got forked, after parallelism has already been used. Disabling parallelism to avoid deadlocks...
To disable this warning, you can either:
	- Avoid using `tokenizers` before the fork if possible
	- Explicitly set the environment variable TOKENIZERS_PARALLELISM=(true | false)
Saved rollout MP4 at path ./rollouts/2026_09_17/2026_09_17-19_48_44--openvla_oft--episode=4--success=True--task=pick_up_the_black_bowl_between_the_plate_and_the_r.mp4
09/17 [19:49:47] INFO     | >> Success: True              run_libero_eval.py:238
                 INFO     | >> # episodes completed so    run_libero_eval.py:238
                          far: 4                                                
                 INFO     | >> # successes: 4 (100.0%)    run_libero_eval.py:238

 80%|████████  | 4/5 [00:31<00:07,  7.85s/it][A                 INFO     | >>                            run_libero_eval.py:238
                          Task: pick up the black bowl                          
                          between the plate and the                             
                          ramekin and place it on the                           
                          plate                                                 
                 INFO     | >> Starting episode 5...      run_libero_eval.py:238
                 INFO     | >> EPISODE_MANIFEST           run_libero_eval.py:238
                          {"env_seed": 1839010978,                              
                          "init_state_dtype": "float64",                        
                          "init_state_index": 49,                               
                          "init_state_sha256":                                  
                          "80d1403d4b3f6adeff4ed42fe0f4a5                       
                          dc70b570e6d59ae52aa7f0afd3d9194                       
                          4be", "init_state_shape": [92],                       
                          "model_seed": 3176067782,                             
                          "protocol": "paired",                                 
                          "task_id": 0}                                         
huggingface/tokenizers: The current process just got forked, after parallelism has already been used. Disabling parallelism to avoid deadlocks...
To disable this warning, you can either:
	- Avoid using `tokenizers` before the fork if possible
	- Explicitly set the environment variable TOKENIZERS_PARALLELISM=(true | false)
Saved rollout MP4 at path ./rollouts/2026_09_17/2026_09_17-19_48_44--openvla_oft--episode=5--success=True--task=pick_up_the_black_bowl_between_the_plate_and_the_r.mp4
09/17 [19:49:55] INFO     | >> Success: True              run_libero_eval.py:238
                 INFO     | >> # episodes completed so    run_libero_eval.py:238
                          far: 5                                                
                 INFO     | >> # successes: 5 (100.0%)    run_libero_eval.py:238

100%|██████████| 5/5 [00:39<00:00,  7.91s/it][A100%|██████████| 5/5 [00:39<00:00,  7.91s/it]
                 INFO     | >> Current task success rate: run_libero_eval.py:238
                          1.0                                                   
                 INFO     | >> Current total success      run_libero_eval.py:238
                          rate: 1.0                                             
 10%|█         | 1/10 [00:43<06:27, 43.04s/it]                 INFO     | >> Using default initial      run_libero_eval.py:238
                          states                                                

  0%|          | 0/5 [00:00<?, ?it/s][A09/17 [19:49:58] INFO     | >>                            run_libero_eval.py:238
                          Task: pick up the black bowl                          
                          next to the ramekin and place                         
                          it on the plate                                       
                 INFO     | >> Starting episode 1...      run_libero_eval.py:238
                 INFO     | >> EPISODE_MANIFEST           run_libero_eval.py:238
                          {"env_seed": 412679868,                               
                          "init_state_dtype": "float64",                        
                          "init_state_index": 45,                               
                          "init_state_sha256":                                  
                          "f79d4d21159c657a528a4fb0c9c10b                       
                          b1d473e2595f8d5ac0780507a157185                       
                          eee", "init_state_shape": [92],                       
                          "model_seed": 2098898157,                             
                          "protocol": "paired",                                 
                          "task_id": 1}                                         
huggingface/tokenizers: The current process just got forked, after parallelism has already been used. Disabling parallelism to avoid deadlocks...
To disable this warning, you can either:
	- Avoid using `tokenizers` before the fork if possible
	- Explicitly set the environment variable TOKENIZERS_PARALLELISM=(true | false)
Saved rollout MP4 at path ./rollouts/2026_09_17/2026_09_17-19_48_44--openvla_oft--episode=6--success=True--task=pick_up_the_black_bowl_next_to_the_ramekin_and_pla.mp4
09/17 [19:50:07] INFO     | >> Success: True              run_libero_eval.py:238
                 INFO     | >> # episodes completed so    run_libero_eval.py:238
                          far: 6                                                
                 INFO     | >> # successes: 6 (100.0%)    run_libero_eval.py:238

 20%|██        | 1/5 [00:08<00:34,  8.73s/it][A                 INFO     | >>                            run_libero_eval.py:238
                          Task: pick up the black bowl                          
                          next to the ramekin and place                         
                          it on the plate                                       
                 INFO     | >> Starting episode 2...      run_libero_eval.py:238
                 INFO     | >> EPISODE_MANIFEST           run_libero_eval.py:238
                          {"env_seed": 1398216352,                              
                          "init_state_dtype": "float64",                        
                          "init_state_index": 46,                               
                          "init_state_sha256":                                  
                          "c8b9606909cd34025dae7bcbe3c11d                       
                          f89f26a6617c1934e98b9c49af7a9b5                       
                          59c", "init_state_shape": [92],                       
                          "model_seed": 635895520,                              
                          "protocol": "paired",                                 
                          "task_id": 1}                                         
huggingface/tokenizers: The current process just got forked, after parallelism has already been used. Disabling parallelism to avoid deadlocks...
To disable this warning, you can either:
	- Avoid using `tokenizers` before the fork if possible
	- Explicitly set the environment variable TOKENIZERS_PARALLELISM=(true | false)
Saved rollout MP4 at path ./rollouts/2026_09_17/2026_09_17-19_48_44--openvla_oft--episode=7--success=True--task=pick_up_the_black_bowl_next_to_the_ramekin_and_pla.mp4
09/17 [19:50:16] INFO     | >> Success: True              run_libero_eval.py:238
                 INFO     | >> # episodes completed so    run_libero_eval.py:238
                          far: 7                                                
                 INFO     | >> # successes: 7 (100.0%)    run_libero_eval.py:238

 40%|████      | 2/5 [00:17<00:27,  9.05s/it][A                 INFO     | >>                            run_libero_eval.py:238
                          Task: pick up the black bowl                          
                          next to the ramekin and place                         
                          it on the plate                                       
                 INFO     | >> Starting episode 3...      run_libero_eval.py:238
                 INFO     | >> EPISODE_MANIFEST           run_libero_eval.py:238
                          {"env_seed": 425169792,                               
                          "init_state_dtype": "float64",                        
                          "init_state_index": 47,                               
                          "init_state_sha256":                                  
                          "59a712c55409ee2c49087d209aab4c                       
                          a1474a7879e3071be37b1c762e45b3b                       
                          ffd", "init_state_shape": [92],                       
                          "model_seed": 943839910,                              
                          "protocol": "paired",                                 
                          "task_id": 1}                                         
huggingface/tokenizers: The current process just got forked, after parallelism has already been used. Disabling parallelism to avoid deadlocks...
To disable this warning, you can either:
	- Avoid using `tokenizers` before the fork if possible
	- Explicitly set the environment variable TOKENIZERS_PARALLELISM=(true | false)
Saved rollout MP4 at path ./rollouts/2026_09_17/2026_09_17-19_48_44--openvla_oft--episode=8--success=True--task=pick_up_the_black_bowl_next_to_the_ramekin_and_pla.mp4
09/17 [19:50:26] INFO     | >> Success: True              run_libero_eval.py:238
                 INFO     | >> # episodes completed so    run_libero_eval.py:238
                          far: 8                                                
                 INFO     | >> # successes: 8 (100.0%)    run_libero_eval.py:238

 60%|██████    | 3/5 [00:27<00:18,  9.09s/it][A                 INFO     | >>                            run_libero_eval.py:238
                          Task: pick up the black bowl                          
                          next to the ramekin and place                         
                          it on the plate                                       
                 INFO     | >> Starting episode 4...      run_libero_eval.py:238
                 INFO     | >> EPISODE_MANIFEST           run_libero_eval.py:238
                          {"env_seed": 1990084044,                              
                          "init_state_dtype": "float64",                        
                          "init_state_index": 48,                               
                          "init_state_sha256":                                  
                          "350bf488c06f0918ecef5cc9dc56a1                       
                          63821d4dce5b9e53923f6b8f5f46c48                       
                          213", "init_state_shape": [92],                       
                          "model_seed": 2829823387,                             
                          "protocol": "paired",                                 
                          "task_id": 1}                                         
huggingface/tokenizers: The current process just got forked, after parallelism has already been used. Disabling parallelism to avoid deadlocks...
To disable this warning, you can either:
	- Avoid using `tokenizers` before the fork if possible
	- Explicitly set the environment variable TOKENIZERS_PARALLELISM=(true | false)
Saved rollout MP4 at path ./rollouts/2026_09_17/2026_09_17-19_48_44--openvla_oft--episode=9--success=True--task=pick_up_the_black_bowl_next_to_the_ramekin_and_pla.mp4
09/17 [19:50:35] INFO     | >> Success: True              run_libero_eval.py:238
                 INFO     | >> # episodes completed so    run_libero_eval.py:238
                          far: 9                                                
                 INFO     | >> # successes: 9 (100.0%)    run_libero_eval.py:238

 80%|████████  | 4/5 [00:36<00:09,  9.21s/it][A                 INFO     | >>                            run_libero_eval.py:238
                          Task: pick up the black bowl                          
                          next to the ramekin and place                         
                          it on the plate                                       
                 INFO     | >> Starting episode 5...      run_libero_eval.py:238
                 INFO     | >> EPISODE_MANIFEST           run_libero_eval.py:238
                          {"env_seed": 4022403081,                              
                          "init_state_dtype": "float64",                        
                          "init_state_index": 49,                               
                          "init_state_sha256":                                  
                          "5a5b6913c479b18c86010683d35206                       
                          0eb68f382f2de75e6b68ac1f3dae5e1                       
                          1ea", "init_state_shape": [92],                       
                          "model_seed": 805964948,                              
                          "protocol": "paired",                                 
                          "task_id": 1}                                         
huggingface/tokenizers: The current process just got forked, after parallelism has already been used. Disabling parallelism to avoid deadlocks...
To disable this warning, you can either:
	- Avoid using `tokenizers` before the fork if possible
	- Explicitly set the environment variable TOKENIZERS_PARALLELISM=(true | false)
Saved rollout MP4 at path ./rollouts/2026_09_17/2026_09_17-19_48_44--openvla_oft--episode=10--success=True--task=pick_up_the_black_bowl_next_to_the_ramekin_and_pla.mp4
09/17 [19:50:44] INFO     | >> Success: True              run_libero_eval.py:238
                 INFO     | >> # episodes completed so    run_libero_eval.py:238
                          far: 10                                               
                 INFO     | >> # successes: 10 (100.0%)   run_libero_eval.py:238

100%|██████████| 5/5 [00:45<00:00,  9.03s/it][A100%|██████████| 5/5 [00:45<00:00,  9.05s/it]
                 INFO     | >> Current task success rate: run_libero_eval.py:238
                          1.0                                                   
                 INFO     | >> Current total success      run_libero_eval.py:238
                          rate: 1.0                                             
 20%|██        | 2/10 [01:31<06:10, 46.26s/it]                 INFO     | >> Using default initial      run_libero_eval.py:238
                          states                                                

  0%|          | 0/5 [00:00<?, ?it/s][A09/17 [19:50:47] INFO     | >>                            run_libero_eval.py:238
                          Task: pick up the black bowl                          
                          from table center and place it                        
                          on the plate                                          
                 INFO     | >> Starting episode 1...      run_libero_eval.py:238
                 INFO     | >> EPISODE_MANIFEST           run_libero_eval.py:238
                          {"env_seed": 3950244284,                              
                          "init_state_dtype": "float64",                        
                          "init_state_index": 45,                               
                          "init_state_sha256":                                  
                          "918a0f7ae544673a763398420d1a7c                       
                          15c373ea38695ca38f52ba4996c43e7                       
                          a6d", "init_state_shape": [92],                       
                          "model_seed": 2083605657,                             
                          "protocol": "paired",                                 
                          "task_id": 2}                                         
huggingface/tokenizers: The current process just got forked, after parallelism has already been used. Disabling parallelism to avoid deadlocks...
To disable this warning, you can either:
	- Avoid using `tokenizers` before the fork if possible
	- Explicitly set the environment variable TOKENIZERS_PARALLELISM=(true | false)
Saved rollout MP4 at path ./rollouts/2026_09_17/2026_09_17-19_48_44--openvla_oft--episode=11--success=True--task=pick_up_the_black_bowl_from_table_center_and_place.mp4
09/17 [19:50:56] INFO     | >> Success: True              run_libero_eval.py:238
                 INFO     | >> # episodes completed so    run_libero_eval.py:238
                          far: 11                                               
                 INFO     | >> # successes: 11 (100.0%)   run_libero_eval.py:238

 20%|██        | 1/5 [00:08<00:35,  8.89s/it][A                 INFO     | >>                            run_libero_eval.py:238
                          Task: pick up the black bowl                          
                          from table center and place it                        
                          on the plate                                          
                 INFO     | >> Starting episode 2...      run_libero_eval.py:238
                 INFO     | >> EPISODE_MANIFEST           run_libero_eval.py:238
                          {"env_seed": 1989382542,                              
                          "init_state_dtype": "float64",                        
                          "init_state_index": 46,                               
                          "init_state_sha256":                                  
                          "3427a168ba24740f56ed0fbbaa0c7f                       
                          684391154d9759cd326301dd619ff82                       
                          618", "init_state_shape": [92],                       
                          "model_seed": 1959857874,                             
                          "protocol": "paired",                                 
                          "task_id": 2}                                         
huggingface/tokenizers: The current process just got forked, after parallelism has already been used. Disabling parallelism to avoid deadlocks...
To disable this warning, you can either:
	- Avoid using `tokenizers` before the fork if possible
	- Explicitly set the environment variable TOKENIZERS_PARALLELISM=(true | false)
Saved rollout MP4 at path ./rollouts/2026_09_17/2026_09_17-19_48_44--openvla_oft--episode=12--success=True--task=pick_up_the_black_bowl_from_table_center_and_place.mp4
09/17 [19:51:05] INFO     | >> Success: True              run_libero_eval.py:238
                 INFO     | >> # episodes completed so    run_libero_eval.py:238
                          far: 12                                               
                 INFO     | >> # successes: 12 (100.0%)   run_libero_eval.py:238

 40%|████      | 2/5 [00:17<00:26,  8.81s/it][A                 INFO     | >>                            run_libero_eval.py:238
                          Task: pick up the black bowl                          
                          from table center and place it                        
                          on the plate                                          
                 INFO     | >> Starting episode 3...      run_libero_eval.py:238
                 INFO     | >> EPISODE_MANIFEST           run_libero_eval.py:238
                          {"env_seed": 1955218558,                              
                          "init_state_dtype": "float64",                        
                          "init_state_index": 47,                               
                          "init_state_sha256":                                  
                          "a6e64088e298a32030c8f152139fb7                       
                          32bd77e932b024716ff6203cc133bb0                       
                          a0e", "init_state_shape": [92],                       
                          "model_seed": 1524464040,                             
                          "protocol": "paired",                                 
                          "task_id": 2}                                         
huggingface/tokenizers: The current process just got forked, after parallelism has already been used. Disabling parallelism to avoid deadlocks...
To disable this warning, you can either:
	- Avoid using `tokenizers` before the fork if possible
	- Explicitly set the environment variable TOKENIZERS_PARALLELISM=(true | false)
Saved rollout MP4 at path ./rollouts/2026_09_17/2026_09_17-19_48_44--openvla_oft--episode=13--success=True--task=pick_up_the_black_bowl_from_table_center_and_place.mp4
09/17 [19:51:13] INFO     | >> Success: True              run_libero_eval.py:238
                 INFO     | >> # episodes completed so    run_libero_eval.py:238
                          far: 13                                               
                 INFO     | >> # successes: 13 (100.0%)   run_libero_eval.py:238

 60%|██████    | 3/5 [00:26<00:17,  8.74s/it][A                 INFO     | >>                            run_libero_eval.py:238
                          Task: pick up the black bowl                          
                          from table center and place it                        
                          on the plate                                          
                 INFO     | >> Starting episode 4...      run_libero_eval.py:238
                 INFO     | >> EPISODE_MANIFEST           run_libero_eval.py:238
                          {"env_seed": 2392964692,                              
                          "init_state_dtype": "float64",                        
                          "init_state_index": 48,                               
                          "init_state_sha256":                                  
                          "48f0949b13a759c3d62bf385522785                       
                          15dbcd69a6216b32b340f8627109344                       
                          6f8", "init_state_shape": [92],                       
                          "model_seed": 3440829925,                             
                          "protocol": "paired",                                 
                          "task_id": 2}                                         
huggingface/tokenizers: The current process just got forked, after parallelism has already been used. Disabling parallelism to avoid deadlocks...
To disable this warning, you can either:
	- Avoid using `tokenizers` before the fork if possible
	- Explicitly set the environment variable TOKENIZERS_PARALLELISM=(true | false)
Saved rollout MP4 at path ./rollouts/2026_09_17/2026_09_17-19_48_44--openvla_oft--episode=14--success=True--task=pick_up_the_black_bowl_from_table_center_and_place.mp4
09/17 [19:51:23] INFO     | >> Success: True              run_libero_eval.py:238
                 INFO     | >> # episodes completed so    run_libero_eval.py:238
                          far: 14                                               
                 INFO     | >> # successes: 14 (100.0%)   run_libero_eval.py:238

 80%|████████  | 4/5 [00:35<00:09,  9.04s/it][A                 INFO     | >>                            run_libero_eval.py:238
                          Task: pick up the black bowl                          
                          from table center and place it                        
                          on the plate                                          
                 INFO     | >> Starting episode 5...      run_libero_eval.py:238
                 INFO     | >> EPISODE_MANIFEST           run_libero_eval.py:238
                          {"env_seed": 1684192834,                              
                          "init_state_dtype": "float64",                        
                          "init_state_index": 49,                               
                          "init_state_sha256":                                  
                          "d76e44f29bd43b5fd70783aaff1471                       
                          066fd8ab774311c1b298916b60a728d                       
                          f1b", "init_state_shape": [92],                       
                          "model_seed": 702398939,                              
                          "protocol": "paired",                                 
                          "task_id": 2}                                         
huggingface/tokenizers: The current process just got forked, after parallelism has already been used. Disabling parallelism to avoid deadlocks...
To disable this warning, you can either:
	- Avoid using `tokenizers` before the fork if possible
	- Explicitly set the environment variable TOKENIZERS_PARALLELISM=(true | false)
Saved rollout MP4 at path ./rollouts/2026_09_17/2026_09_17-19_48_44--openvla_oft--episode=15--success=True--task=pick_up_the_black_bowl_from_table_center_and_place.mp4
09/17 [19:51:31] INFO     | >> Success: True              run_libero_eval.py:238
                 INFO     | >> # episodes completed so    run_libero_eval.py:238
                          far: 15                                               
                 INFO     | >> # successes: 15 (100.0%)   run_libero_eval.py:238

100%|██████████| 5/5 [00:44<00:00,  8.87s/it][A100%|██████████| 5/5 [00:44<00:00,  8.87s/it]
                 INFO     | >> Current task success rate: run_libero_eval.py:238
                          1.0                                                   
                 INFO     | >> Current total success      run_libero_eval.py:238
                          rate: 1.0                                             
 30%|███       | 3/10 [02:19<05:28, 46.89s/it]09/17 [19:51:32] INFO     | >> Using default initial      run_libero_eval.py:238
                          states                                                

  0%|          | 0/5 [00:00<?, ?it/s][A09/17 [19:51:35] INFO     | >>                            run_libero_eval.py:238
                          Task: pick up the black bowl on                       
                          the cookie box and place it on                        
                          the plate                                             
                 INFO     | >> Starting episode 1...      run_libero_eval.py:238
                 INFO     | >> EPISODE_MANIFEST           run_libero_eval.py:238
                          {"env_seed": 1555665035,                              
                          "init_state_dtype": "float64",                        
                          "init_state_index": 45,                               
                          "init_state_sha256":                                  
                          "c0c1341319bb4ff603051411661c71                       
                          cdda11b1577d4bf36eedd8015bef231                       
                          c20", "init_state_shape": [92],                       
                          "model_seed": 3916229738,                             
                          "protocol": "paired",                                 
                          "task_id": 3}                                         
huggingface/tokenizers: The current process just got forked, after parallelism has already been used. Disabling parallelism to avoid deadlocks...
To disable this warning, you can either:
	- Avoid using `tokenizers` before the fork if possible
	- Explicitly set the environment variable TOKENIZERS_PARALLELISM=(true | false)
Saved rollout MP4 at path ./rollouts/2026_09_17/2026_09_17-19_48_44--openvla_oft--episode=16--success=True--task=pick_up_the_black_bowl_on_the_cookie_box_and_place.mp4
09/17 [19:51:42] INFO     | >> Success: True              run_libero_eval.py:238
                 INFO     | >> # episodes completed so    run_libero_eval.py:238
                          far: 16                                               
                 INFO     | >> # successes: 16 (100.0%)   run_libero_eval.py:238

 20%|██        | 1/5 [00:07<00:31,  7.82s/it][A                 INFO     | >>                            run_libero_eval.py:238
                          Task: pick up the black bowl on                       
                          the cookie box and place it on                        
                          the plate                                             
                 INFO     | >> Starting episode 2...      run_libero_eval.py:238
                 INFO     | >> EPISODE_MANIFEST           run_libero_eval.py:238
                          {"env_seed": 3878865789,                              
                          "init_state_dtype": "float64",                        
                          "init_state_index": 46,                               
                          "init_state_sha256":                                  
                          "fddd2fdfc1106380989a912c32bc28                       
                          22120797428604773abbb3dbb496393                       
                          ac9", "init_state_shape": [92],                       
                          "model_seed": 1671958709,                             
                          "protocol": "paired",                                 
                          "task_id": 3}                                         
huggingface/tokenizers: The current process just got forked, after parallelism has already been used. Disabling parallelism to avoid deadlocks...
To disable this warning, you can either:
	- Avoid using `tokenizers` before the fork if possible
	- Explicitly set the environment variable TOKENIZERS_PARALLELISM=(true | false)
Saved rollout MP4 at path ./rollouts/2026_09_17/2026_09_17-19_48_44--openvla_oft--episode=17--success=True--task=pick_up_the_black_bowl_on_the_cookie_box_and_place.mp4
09/17 [19:51:50] INFO     | >> Success: True              run_libero_eval.py:238
09/17 [19:51:51] INFO     | >> # episodes completed so    run_libero_eval.py:238
                          far: 17                                               
                 INFO     | >> # successes: 17 (100.0%)   run_libero_eval.py:238

 40%|████      | 2/5 [00:15<00:23,  7.95s/it][A                 INFO     | >>                            run_libero_eval.py:238
                          Task: pick up the black bowl on                       
                          the cookie box and place it on                        
                          the plate                                             
                 INFO     | >> Starting episode 3...      run_libero_eval.py:238
                 INFO     | >> EPISODE_MANIFEST           run_libero_eval.py:238
                          {"env_seed": 1012803538,                              
                          "init_state_dtype": "float64",                        
                          "init_state_index": 47,                               
                          "init_state_sha256":                                  
                          "ff6eb7a3e2f731455339a4e18b9525                       
                          3fbe3d637629b8a420d1ab4ab862b14                       
                          c2c", "init_state_shape": [92],                       
                          "model_seed": 1736052250,                             
                          "protocol": "paired",                                 
                          "task_id": 3}                                         
huggingface/tokenizers: The current process just got forked, after parallelism has already been used. Disabling parallelism to avoid deadlocks...
To disable this warning, you can either:
	- Avoid using `tokenizers` before the fork if possible
	- Explicitly set the environment variable TOKENIZERS_PARALLELISM=(true | false)
Saved rollout MP4 at path ./rollouts/2026_09_17/2026_09_17-19_48_44--openvla_oft--episode=18--success=True--task=pick_up_the_black_bowl_on_the_cookie_box_and_place.mp4
09/17 [19:51:59] INFO     | >> Success: True              run_libero_eval.py:238
                 INFO     | >> # episodes completed so    run_libero_eval.py:238
                          far: 18                                               
                 INFO     | >> # successes: 18 (100.0%)   run_libero_eval.py:238

 60%|██████    | 3/5 [00:23<00:16,  8.04s/it][A                 INFO     | >>                            run_libero_eval.py:238
                          Task: pick up the black bowl on                       
                          the cookie box and place it on                        
                          the plate                                             
                 INFO     | >> Starting episode 4...      run_libero_eval.py:238
                 INFO     | >> EPISODE_MANIFEST           run_libero_eval.py:238
                          {"env_seed": 2029235663,                              
                          "init_state_dtype": "float64",                        
                          "init_state_index": 48,                               
                          "init_state_sha256":                                  
                          "1d510958095b4e025666708756a278                       
                          fb42c249a651924a66baa2799f06978                       
                          3d4", "init_state_shape": [92],                       
                          "model_seed": 3945289724,                             
                          "protocol": "paired",                                 
                          "task_id": 3}                                         
huggingface/tokenizers: The current process just got forked, after parallelism has already been used. Disabling parallelism to avoid deadlocks...
To disable this warning, you can either:
	- Avoid using `tokenizers` before the fork if possible
	- Explicitly set the environment variable TOKENIZERS_PARALLELISM=(true | false)
Saved rollout MP4 at path ./rollouts/2026_09_17/2026_09_17-19_48_44--openvla_oft--episode=19--success=True--task=pick_up_the_black_bowl_on_the_cookie_box_and_place.mp4
09/17 [19:52:07] INFO     | >> Success: True              run_libero_eval.py:238
                 INFO     | >> # episodes completed so    run_libero_eval.py:238
                          far: 19                                               
                 INFO     | >> # successes: 19 (100.0%)   run_libero_eval.py:238

 80%|████████  | 4/5 [00:31<00:07,  7.99s/it][A                 INFO     | >>                            run_libero_eval.py:238
                          Task: pick up the black bowl on                       
                          the cookie box and place it on                        
                          the plate                                             
                 INFO     | >> Starting episode 5...      run_libero_eval.py:238
                 INFO     | >> EPISODE_MANIFEST           run_libero_eval.py:238
                          {"env_seed": 2654291109,                              
                          "init_state_dtype": "float64",                        
                          "init_state_index": 49,                               
                          "init_state_sha256":                                  
                          "ff1ccf054cd500323a4baa963795dd                       
                          7dea85c785a0231a6541bd33704d237                       
                          be3", "init_state_shape": [92],                       
                          "model_seed": 3326157905,                             
                          "protocol": "paired",                                 
                          "task_id": 3}                                         
huggingface/tokenizers: The current process just got forked, after parallelism has already been used. Disabling parallelism to avoid deadlocks...
To disable this warning, you can either:
	- Avoid using `tokenizers` before the fork if possible
	- Explicitly set the environment variable TOKENIZERS_PARALLELISM=(true | false)
Saved rollout MP4 at path ./rollouts/2026_09_17/2026_09_17-19_48_44--openvla_oft--episode=20--success=True--task=pick_up_the_black_bowl_on_the_cookie_box_and_place.mp4
09/17 [19:52:15] INFO     | >> Success: True              run_libero_eval.py:238
                 INFO     | >> # episodes completed so    run_libero_eval.py:238
                          far: 20                                               
                 INFO     | >> # successes: 20 (100.0%)   run_libero_eval.py:238

100%|██████████| 5/5 [00:40<00:00,  8.09s/it][A100%|██████████| 5/5 [00:40<00:00,  8.04s/it]
                 INFO     | >> Current task success rate: run_libero_eval.py:238
                          1.0                                                   
                 INFO     | >> Current total success      run_libero_eval.py:238
                          rate: 1.0                                             
 40%|████      | 4/10 [03:02<04:33, 45.55s/it]                 INFO     | >> Using default initial      run_libero_eval.py:238
                          states                                                

  0%|          | 0/5 [00:00<?, ?it/s][A09/17 [19:52:18] INFO     | >>                            run_libero_eval.py:238
                          Task: pick up the black bowl in                       
                          the top drawer of the wooden                          
                          cabinet and place it on the                           
                          plate                                                 
                 INFO     | >> Starting episode 1...      run_libero_eval.py:238
                 INFO     | >> EPISODE_MANIFEST           run_libero_eval.py:238
                          {"env_seed": 2874557574,                              
                          "init_state_dtype": "float64",                        
                          "init_state_index": 45,                               
                          "init_state_sha256":                                  
                          "d12e3368e6ad9301b7d632429171be                       
                          9b23b9fe1b1ab7b9062159ffe46060f                       
                          664", "init_state_shape": [92],                       
                          "model_seed": 1554191966,                             
                          "protocol": "paired",                                 
                          "task_id": 4}                                         
huggingface/tokenizers: The current process just got forked, after parallelism has already been used. Disabling parallelism to avoid deadlocks...
To disable this warning, you can either:
	- Avoid using `tokenizers` before the fork if possible
	- Explicitly set the environment variable TOKENIZERS_PARALLELISM=(true | false)
Saved rollout MP4 at path ./rollouts/2026_09_17/2026_09_17-19_48_44--openvla_oft--episode=21--success=True--task=pick_up_the_black_bowl_in_the_top_drawer_of_the_wo.mp4
09/17 [19:52:28] INFO     | >> Success: True              run_libero_eval.py:238
                 INFO     | >> # episodes completed so    run_libero_eval.py:238
                          far: 21                                               
                 INFO     | >> # successes: 21 (100.0%)   run_libero_eval.py:238

 20%|██        | 1/5 [00:10<00:40, 10.03s/it][A                 INFO     | >>                            run_libero_eval.py:238
                          Task: pick up the black bowl in                       
                          the top drawer of the wooden                          
                          cabinet and place it on the                           
                          plate                                                 
                 INFO     | >> Starting episode 2...      run_libero_eval.py:238
                 INFO     | >> EPISODE_MANIFEST           run_libero_eval.py:238
                          {"env_seed": 1004960251,                              
                          "init_state_dtype": "float64",                        
                          "init_state_index": 46,                               
                          "init_state_sha256":                                  
                          "5b09daab114e4d3af5d84965400e51                       
                          bb5e493a6b9ce78c8d04d12f7bb1bfa                       
                          bff", "init_state_shape": [92],                       
                          "model_seed": 3964310256,                             
                          "protocol": "paired",                                 
                          "task_id": 4}                                         
huggingface/tokenizers: The current process just got forked, after parallelism has already been used. Disabling parallelism to avoid deadlocks...
To disable this warning, you can either:
	- Avoid using `tokenizers` before the fork if possible
	- Explicitly set the environment variable TOKENIZERS_PARALLELISM=(true | false)
Saved rollout MP4 at path ./rollouts/2026_09_17/2026_09_17-19_48_44--openvla_oft--episode=22--success=True--task=pick_up_the_black_bowl_in_the_top_drawer_of_the_wo.mp4
09/17 [19:52:38] INFO     | >> Success: True              run_libero_eval.py:238
                 INFO     | >> # episodes completed so    run_libero_eval.py:238
                          far: 22                                               
                 INFO     | >> # successes: 22 (100.0%)   run_libero_eval.py:238

 40%|████      | 2/5 [00:19<00:29,  9.87s/it][A                 INFO     | >>                            run_libero_eval.py:238
                          Task: pick up the black bowl in                       
                          the top drawer of the wooden                          
                          cabinet and place it on the                           
                          plate                                                 
                 INFO     | >> Starting episode 3...      run_libero_eval.py:238
                 INFO     | >> EPISODE_MANIFEST           run_libero_eval.py:238
                          {"env_seed": 3115568711,                              
                          "init_state_dtype": "float64",                        
                          "init_state_index": 47,                               
                          "init_state_sha256":                                  
                          "eaaf7fd0994b7998df04e31ee01d27                       
                          dc01a586bc5f6ef0f65480cf20c9afb                       
                          1c9", "init_state_shape": [92],                       
                          "model_seed": 2639573391,                             
                          "protocol": "paired",                                 
                          "task_id": 4}                                         
huggingface/tokenizers: The current process just got forked, after parallelism has already been used. Disabling parallelism to avoid deadlocks...
To disable this warning, you can either:
	- Avoid using `tokenizers` before the fork if possible
	- Explicitly set the environment variable TOKENIZERS_PARALLELISM=(true | false)
Saved rollout MP4 at path ./rollouts/2026_09_17/2026_09_17-19_48_44--openvla_oft--episode=23--success=True--task=pick_up_the_black_bowl_in_the_top_drawer_of_the_wo.mp4
09/17 [19:52:48] INFO     | >> Success: True              run_libero_eval.py:238
                 INFO     | >> # episodes completed so    run_libero_eval.py:238
                          far: 23                                               
                 INFO     | >> # successes: 23 (100.0%)   run_libero_eval.py:238

 60%|██████    | 3/5 [00:30<00:20, 10.12s/it][A                 INFO     | >>                            run_libero_eval.py:238
                          Task: pick up the black bowl in                       
                          the top drawer of the wooden                          
                          cabinet and place it on the                           
                          plate                                                 
                 INFO     | >> Starting episode 4...      run_libero_eval.py:238
                 INFO     | >> EPISODE_MANIFEST           run_libero_eval.py:238
                          {"env_seed": 3131556104,                              
                          "init_state_dtype": "float64",                        
                          "init_state_index": 48,                               
                          "init_state_sha256":                                  
                          "c08b9f27005bfbc13c50875b0b1788                       
                          4fe186bf3cde0d95be7a5e2b801c04a                       
                          652", "init_state_shape": [92],                       
                          "model_seed": 2100786662,                             
                          "protocol": "paired",                                 
                          "task_id": 4}                                         
huggingface/tokenizers: The current process just got forked, after parallelism has already been used. Disabling parallelism to avoid deadlocks...
To disable this warning, you can either:
	- Avoid using `tokenizers` before the fork if possible
	- Explicitly set the environment variable TOKENIZERS_PARALLELISM=(true | false)
Saved rollout MP4 at path ./rollouts/2026_09_17/2026_09_17-19_48_44--openvla_oft--episode=24--success=True--task=pick_up_the_black_bowl_in_the_top_drawer_of_the_wo.mp4
09/17 [19:52:59] INFO     | >> Success: True              run_libero_eval.py:238
                 INFO     | >> # episodes completed so    run_libero_eval.py:238
                          far: 24                                               
                 INFO     | >> # successes: 24 (100.0%)   run_libero_eval.py:238

 80%|████████  | 4/5 [00:40<00:10, 10.17s/it][A                 INFO     | >>                            run_libero_eval.py:238
                          Task: pick up the black bowl in                       
                          the top drawer of the wooden                          
                          cabinet and place it on the                           
                          plate                                                 
                 INFO     | >> Starting episode 5...      run_libero_eval.py:238
                 INFO     | >> EPISODE_MANIFEST           run_libero_eval.py:238
                          {"env_seed": 15171292,                                
                          "init_state_dtype": "float64",                        
                          "init_state_index": 49,                               
                          "init_state_sha256":                                  
                          "c6a4a780eee1b9319e2bfea84e8709                       
                          63dfcd46d0eb1c1f0c1aa822a7cbf81                       
                          d62", "init_state_shape": [92],                       
                          "model_seed": 3144507017,                             
                          "protocol": "paired",                                 
                          "task_id": 4}                                         
huggingface/tokenizers: The current process just got forked, after parallelism has already been used. Disabling parallelism to avoid deadlocks...
To disable this warning, you can either:
	- Avoid using `tokenizers` before the fork if possible
	- Explicitly set the environment variable TOKENIZERS_PARALLELISM=(true | false)
Saved rollout MP4 at path ./rollouts/2026_09_17/2026_09_17-19_48_44--openvla_oft--episode=25--success=True--task=pick_up_the_black_bowl_in_the_top_drawer_of_the_wo.mp4
09/17 [19:53:08] INFO     | >> Success: True              run_libero_eval.py:238
                 INFO     | >> # episodes completed so    run_libero_eval.py:238
                          far: 25                                               
                 INFO     | >> # successes: 25 (100.0%)   run_libero_eval.py:238

100%|██████████| 5/5 [00:50<00:00,  9.96s/it][A100%|██████████| 5/5 [00:50<00:00, 10.01s/it]
                 INFO     | >> Current task success rate: run_libero_eval.py:238
                          1.0                                                   
                 INFO     | >> Current total success      run_libero_eval.py:238
                          rate: 1.0                                             
 50%|█████     | 5/10 [03:56<04:01, 48.35s/it]                 INFO     | >> Using default initial      run_libero_eval.py:238
                          states                                                

  0%|          | 0/5 [00:00<?, ?it/s][A09/17 [19:53:11] INFO     | >>                            run_libero_eval.py:238
                          Task: pick up the black bowl on                       
                          the ramekin and place it on the                       
                          plate                                                 
                 INFO     | >> Starting episode 1...      run_libero_eval.py:238
                 INFO     | >> EPISODE_MANIFEST           run_libero_eval.py:238
                          {"env_seed": 603923488,                               
                          "init_state_dtype": "float64",                        
                          "init_state_index": 45,                               
                          "init_state_sha256":                                  
                          "c42d0bcb3d42923d97b8f0d3b182fa                       
                          4c58f251b688e78502491f9abdbecc2                       
                          4a0", "init_state_shape": [92],                       
                          "model_seed": 3944718947,                             
                          "protocol": "paired",                                 
                          "task_id": 5}                                         
huggingface/tokenizers: The current process just got forked, after parallelism has already been used. Disabling parallelism to avoid deadlocks...
To disable this warning, you can either:
	- Avoid using `tokenizers` before the fork if possible
	- Explicitly set the environment variable TOKENIZERS_PARALLELISM=(true | false)
Saved rollout MP4 at path ./rollouts/2026_09_17/2026_09_17-19_48_44--openvla_oft--episode=26--success=True--task=pick_up_the_black_bowl_on_the_ramekin_and_place_it.mp4
09/17 [19:53:26] INFO     | >> Success: True              run_libero_eval.py:238
                 INFO     | >> # episodes completed so    run_libero_eval.py:238
                          far: 26                                               
                 INFO     | >> # successes: 26 (100.0%)   run_libero_eval.py:238

 20%|██        | 1/5 [00:14<00:56, 14.25s/it][A                 INFO     | >>                            run_libero_eval.py:238
                          Task: pick up the black bowl on                       
                          the ramekin and place it on the                       
                          plate                                                 
                 INFO     | >> Starting episode 2...      run_libero_eval.py:238
                 INFO     | >> EPISODE_MANIFEST           run_libero_eval.py:238
                          {"env_seed": 739294674,                               
                          "init_state_dtype": "float64",                        
                          "init_state_index": 46,                               
                          "init_state_sha256":                                  
                          "e7a51f3e006d762b755017f9ec395e                       
                          bb9b272e716d811f5f4e22980251ce9                       
                          e0f", "init_state_shape": [92],                       
                          "model_seed": 3770319583,                             
                          "protocol": "paired",                                 
                          "task_id": 5}                                         
huggingface/tokenizers: The current process just got forked, after parallelism has already been used. Disabling parallelism to avoid deadlocks...
To disable this warning, you can either:
	- Avoid using `tokenizers` before the fork if possible
	- Explicitly set the environment variable TOKENIZERS_PARALLELISM=(true | false)
Saved rollout MP4 at path ./rollouts/2026_09_17/2026_09_17-19_48_44--openvla_oft--episode=27--success=True--task=pick_up_the_black_bowl_on_the_ramekin_and_place_it.mp4
09/17 [19:53:34] INFO     | >> Success: True              run_libero_eval.py:238
                 INFO     | >> # episodes completed so    run_libero_eval.py:238
                          far: 27                                               
                 INFO     | >> # successes: 27 (100.0%)   run_libero_eval.py:238

 40%|████      | 2/5 [00:22<00:32, 10.76s/it][A                 INFO     | >>                            run_libero_eval.py:238
                          Task: pick up the black bowl on                       
                          the ramekin and place it on the                       
                          plate                                                 
                 INFO     | >> Starting episode 3...      run_libero_eval.py:238
                 INFO     | >> EPISODE_MANIFEST           run_libero_eval.py:238
                          {"env_seed": 906680753,                               
                          "init_state_dtype": "float64",                        
                          "init_state_index": 47,                               
                          "init_state_sha256":                                  
                          "29a92c0348dee75c131fa0beb9c776                       
                          11224fdaf778c2e18af95b88cb0b9ce                       
                          57f", "init_state_shape": [92],                       
                          "model_seed": 86586123,                               
                          "protocol": "paired",                                 
                          "task_id": 5}                                         
huggingface/tokenizers: The current process just got forked, after parallelism has already been used. Disabling parallelism to avoid deadlocks...
To disable this warning, you can either:
	- Avoid using `tokenizers` before the fork if possible
	- Explicitly set the environment variable TOKENIZERS_PARALLELISM=(true | false)
Saved rollout MP4 at path ./rollouts/2026_09_17/2026_09_17-19_48_44--openvla_oft--episode=28--success=True--task=pick_up_the_black_bowl_on_the_ramekin_and_place_it.mp4
09/17 [19:53:43] INFO     | >> Success: True              run_libero_eval.py:238
                 INFO     | >> # episodes completed so    run_libero_eval.py:238
                          far: 28                                               
                 INFO     | >> # successes: 28 (100.0%)   run_libero_eval.py:238

 60%|██████    | 3/5 [00:31<00:19,  9.87s/it][A                 INFO     | >>                            run_libero_eval.py:238
                          Task: pick up the black bowl on                       
                          the ramekin and place it on the                       
                          plate                                                 
                 INFO     | >> Starting episode 4...      run_libero_eval.py:238
                 INFO     | >> EPISODE_MANIFEST           run_libero_eval.py:238
                          {"env_seed": 3950833648,                              
                          "init_state_dtype": "float64",                        
                          "init_state_index": 48,                               
                          "init_state_sha256":                                  
                          "351c182d153de42923ed58162f88a7                       
                          c2e90587a54073fdda3fda66e1cb7d0                       
                          903", "init_state_shape": [92],                       
                          "model_seed": 1493182971,                             
                          "protocol": "paired",                                 
                          "task_id": 5}                                         
huggingface/tokenizers: The current process just got forked, after parallelism has already been used. Disabling parallelism to avoid deadlocks...
To disable this warning, you can either:
	- Avoid using `tokenizers` before the fork if possible
	- Explicitly set the environment variable TOKENIZERS_PARALLELISM=(true | false)
Saved rollout MP4 at path ./rollouts/2026_09_17/2026_09_17-19_48_44--openvla_oft--episode=29--success=True--task=pick_up_the_black_bowl_on_the_ramekin_and_place_it.mp4
09/17 [19:53:51] INFO     | >> Success: True              run_libero_eval.py:238
                 INFO     | >> # episodes completed so    run_libero_eval.py:238
                          far: 29                                               
                 INFO     | >> # successes: 29 (100.0%)   run_libero_eval.py:238

 80%|████████  | 4/5 [00:39<00:09,  9.34s/it][A                 INFO     | >>                            run_libero_eval.py:238
                          Task: pick up the black bowl on                       
                          the ramekin and place it on the                       
                          plate                                                 
                 INFO     | >> Starting episode 5...      run_libero_eval.py:238
                 INFO     | >> EPISODE_MANIFEST           run_libero_eval.py:238
                          {"env_seed": 111379952,                               
                          "init_state_dtype": "float64",                        
                          "init_state_index": 49,                               
                          "init_state_sha256":                                  
                          "8cdf5e442c27c558616896aeee60f5                       
                          b45b8e965e7e732fddc02e6b29ea7fa                       
                          a49", "init_state_shape": [92],                       
                          "model_seed": 330876625,                              
                          "protocol": "paired",                                 
                          "task_id": 5}                                         
huggingface/tokenizers: The current process just got forked, after parallelism has already been used. Disabling parallelism to avoid deadlocks...
To disable this warning, you can either:
	- Avoid using `tokenizers` before the fork if possible
	- Explicitly set the environment variable TOKENIZERS_PARALLELISM=(true | false)
Saved rollout MP4 at path ./rollouts/2026_09_17/2026_09_17-19_48_44--openvla_oft--episode=30--success=True--task=pick_up_the_black_bowl_on_the_ramekin_and_place_it.mp4
09/17 [19:54:00] INFO     | >> Success: True              run_libero_eval.py:238
                 INFO     | >> # episodes completed so    run_libero_eval.py:238
                          far: 30                                               
                 INFO     | >> # successes: 30 (100.0%)   run_libero_eval.py:238

100%|██████████| 5/5 [00:48<00:00,  9.06s/it][A100%|██████████| 5/5 [00:48<00:00,  9.69s/it]
                 INFO     | >> Current task success rate: run_libero_eval.py:238
                          1.0                                                   
                 INFO     | >> Current total success      run_libero_eval.py:238
                          rate: 1.0                                             
 60%|██████    | 6/10 [04:47<03:17, 49.49s/it]                 INFO     | >> Using default initial      run_libero_eval.py:238
                          states                                                

  0%|          | 0/5 [00:00<?, ?it/s][A09/17 [19:54:03] INFO     | >>                            run_libero_eval.py:238
                          Task: pick up the black bowl                          
                          next to the cookie box and                            
                          place it on the plate                                 
                 INFO     | >> Starting episode 1...      run_libero_eval.py:238
                 INFO     | >> EPISODE_MANIFEST           run_libero_eval.py:238
                          {"env_seed": 3872737533,                              
                          "init_state_dtype": "float64",                        
                          "init_state_index": 45,                               
                          "init_state_sha256":                                  
                          "1a69936d7667002d0f9639fc59707a                       
                          6dd8a522a9d5d0fc6457165b8e4951e                       
                          87d", "init_state_shape": [92],                       
                          "model_seed": 3608390160,                             
                          "protocol": "paired",                                 
                          "task_id": 6}                                         
huggingface/tokenizers: The current process just got forked, after parallelism has already been used. Disabling parallelism to avoid deadlocks...
To disable this warning, you can either:
	- Avoid using `tokenizers` before the fork if possible
	- Explicitly set the environment variable TOKENIZERS_PARALLELISM=(true | false)
Saved rollout MP4 at path ./rollouts/2026_09_17/2026_09_17-19_48_44--openvla_oft--episode=31--success=True--task=pick_up_the_black_bowl_next_to_the_cookie_box_and_.mp4
09/17 [19:54:12] INFO     | >> Success: True              run_libero_eval.py:238
                 INFO     | >> # episodes completed so    run_libero_eval.py:238
                          far: 31                                               
                 INFO     | >> # successes: 31 (100.0%)   run_libero_eval.py:238

 20%|██        | 1/5 [00:08<00:34,  8.62s/it][A                 INFO     | >>                            run_libero_eval.py:238
                          Task: pick up the black bowl                          
                          next to the cookie box and                            
                          place it on the plate                                 
                 INFO     | >> Starting episode 2...      run_libero_eval.py:238
                 INFO     | >> EPISODE_MANIFEST           run_libero_eval.py:238
                          {"env_seed": 1100020953,                              
                          "init_state_dtype": "float64",                        
                          "init_state_index": 46,                               
                          "init_state_sha256":                                  
                          "f5e40a343e382819bf45003eebc2bb                       
                          909ed5dc124e04a2f01515664a03f87                       
                          1e6", "init_state_shape": [92],                       
                          "model_seed": 4087587385,                             
                          "protocol": "paired",                                 
                          "task_id": 6}                                         
huggingface/tokenizers: The current process just got forked, after parallelism has already been used. Disabling parallelism to avoid deadlocks...
To disable this warning, you can either:
	- Avoid using `tokenizers` before the fork if possible
	- Explicitly set the environment variable TOKENIZERS_PARALLELISM=(true | false)
Saved rollout MP4 at path ./rollouts/2026_09_17/2026_09_17-19_48_44--openvla_oft--episode=32--success=True--task=pick_up_the_black_bowl_next_to_the_cookie_box_and_.mp4
09/17 [19:54:21] INFO     | >> Success: True              run_libero_eval.py:238
                 INFO     | >> # episodes completed so    run_libero_eval.py:238
                          far: 32                                               
                 INFO     | >> # successes: 32 (100.0%)   run_libero_eval.py:238

 40%|████      | 2/5 [00:17<00:27,  9.04s/it][A                 INFO     | >>                            run_libero_eval.py:238
                          Task: pick up the black bowl                          
                          next to the cookie box and                            
                          place it on the plate                                 
                 INFO     | >> Starting episode 3...      run_libero_eval.py:238
                 INFO     | >> EPISODE_MANIFEST           run_libero_eval.py:238
                          {"env_seed": 4051934205,                              
                          "init_state_dtype": "float64",                        
                          "init_state_index": 47,                               
                          "init_state_sha256":                                  
                          "ff2ce0348bbfc80f7d09be07a05e9f                       
                          04b11c41ba280d6f2587356b4434f23                       
                          b95", "init_state_shape": [92],                       
                          "model_seed": 2271210947,                             
                          "protocol": "paired",                                 
                          "task_id": 6}                                         
huggingface/tokenizers: The current process just got forked, after parallelism has already been used. Disabling parallelism to avoid deadlocks...
To disable this warning, you can either:
	- Avoid using `tokenizers` before the fork if possible
	- Explicitly set the environment variable TOKENIZERS_PARALLELISM=(true | false)
Saved rollout MP4 at path ./rollouts/2026_09_17/2026_09_17-19_48_44--openvla_oft--episode=33--success=True--task=pick_up_the_black_bowl_next_to_the_cookie_box_and_.mp4
09/17 [19:54:30] INFO     | >> Success: True              run_libero_eval.py:238
                 INFO     | >> # episodes completed so    run_libero_eval.py:238
                          far: 33                                               
                 INFO     | >> # successes: 33 (100.0%)   run_libero_eval.py:238

 60%|██████    | 3/5 [00:27<00:18,  9.20s/it][A                 INFO     | >>                            run_libero_eval.py:238
                          Task: pick up the black bowl                          
                          next to the cookie box and                            
                          place it on the plate                                 
                 INFO     | >> Starting episode 4...      run_libero_eval.py:238
                 INFO     | >> EPISODE_MANIFEST           run_libero_eval.py:238
                          {"env_seed": 80968398,                                
                          "init_state_dtype": "float64",                        
                          "init_state_index": 48,                               
                          "init_state_sha256":                                  
                          "124743d27a771973786e97ccb89ce9                       
                          8d8554be780a10c6ad7faeb6150af09                       
                          d79", "init_state_shape": [92],                       
                          "model_seed": 3599038561,                             
                          "protocol": "paired",                                 
                          "task_id": 6}                                         
huggingface/tokenizers: The current process just got forked, after parallelism has already been used. Disabling parallelism to avoid deadlocks...
To disable this warning, you can either:
	- Avoid using `tokenizers` before the fork if possible
	- Explicitly set the environment variable TOKENIZERS_PARALLELISM=(true | false)
Saved rollout MP4 at path ./rollouts/2026_09_17/2026_09_17-19_48_44--openvla_oft--episode=34--success=True--task=pick_up_the_black_bowl_next_to_the_cookie_box_and_.mp4
09/17 [19:54:39] INFO     | >> Success: True              run_libero_eval.py:238
                 INFO     | >> # episodes completed so    run_libero_eval.py:238
                          far: 34                                               
                 INFO     | >> # successes: 34 (100.0%)   run_libero_eval.py:238

 80%|████████  | 4/5 [00:36<00:09,  9.16s/it][A                 INFO     | >>                            run_libero_eval.py:238
                          Task: pick up the black bowl                          
                          next to the cookie box and                            
                          place it on the plate                                 
                 INFO     | >> Starting episode 5...      run_libero_eval.py:238
                 INFO     | >> EPISODE_MANIFEST           run_libero_eval.py:238
                          {"env_seed": 3102821187,                              
                          "init_state_dtype": "float64",                        
                          "init_state_index": 49,                               
                          "init_state_sha256":                                  
                          "3a892e49c8d9eed6572b7712beddd7                       
                          6effe0a27d65b6fb1572e40afe5e3bd                       
                          0c0", "init_state_shape": [92],                       
                          "model_seed": 912153937,                              
                          "protocol": "paired",                                 
                          "task_id": 6}                                         
huggingface/tokenizers: The current process just got forked, after parallelism has already been used. Disabling parallelism to avoid deadlocks...
To disable this warning, you can either:
	- Avoid using `tokenizers` before the fork if possible
	- Explicitly set the environment variable TOKENIZERS_PARALLELISM=(true | false)
Saved rollout MP4 at path ./rollouts/2026_09_17/2026_09_17-19_48_44--openvla_oft--episode=35--success=True--task=pick_up_the_black_bowl_next_to_the_cookie_box_and_.mp4
09/17 [19:54:49] INFO     | >> Success: True              run_libero_eval.py:238
                 INFO     | >> # episodes completed so    run_libero_eval.py:238
                          far: 35                                               
                 INFO     | >> # successes: 35 (100.0%)   run_libero_eval.py:238

100%|██████████| 5/5 [00:45<00:00,  9.12s/it][A100%|██████████| 5/5 [00:45<00:00,  9.10s/it]
                 INFO     | >> Current task success rate: run_libero_eval.py:238
                          1.0                                                   
                 INFO     | >> Current total success      run_libero_eval.py:238
                          rate: 1.0                                             
 70%|███████   | 7/10 [05:36<02:27, 49.24s/it]                 INFO     | >> Using default initial      run_libero_eval.py:238
                          states                                                

  0%|          | 0/5 [00:00<?, ?it/s][A09/17 [19:54:52] INFO     | >>                            run_libero_eval.py:238
                          Task: pick up the black bowl on                       
                          the stove and place it on the                         
                          plate                                                 
                 INFO     | >> Starting episode 1...      run_libero_eval.py:238
                 INFO     | >> EPISODE_MANIFEST           run_libero_eval.py:238
                          {"env_seed": 2906979937,                              
                          "init_state_dtype": "float64",                        
                          "init_state_index": 45,                               
                          "init_state_sha256":                                  
                          "6830b4e68d19d9574651c79c44be95                       
                          819fb61f8bdb0395f912d650c32bded                       
                          9bb", "init_state_shape": [92],                       
                          "model_seed": 1733443500,                             
                          "protocol": "paired",                                 
                          "task_id": 7}                                         
huggingface/tokenizers: The current process just got forked, after parallelism has already been used. Disabling parallelism to avoid deadlocks...
To disable this warning, you can either:
	- Avoid using `tokenizers` before the fork if possible
	- Explicitly set the environment variable TOKENIZERS_PARALLELISM=(true | false)
Saved rollout MP4 at path ./rollouts/2026_09_17/2026_09_17-19_48_44--openvla_oft--episode=36--success=True--task=pick_up_the_black_bowl_on_the_stove_and_place_it_o.mp4
09/17 [19:55:02] INFO     | >> Success: True              run_libero_eval.py:238
                 INFO     | >> # episodes completed so    run_libero_eval.py:238
                          far: 36                                               
                 INFO     | >> # successes: 36 (100.0%)   run_libero_eval.py:238

 20%|██        | 1/5 [00:09<00:39,  9.81s/it][A                 INFO     | >>                            run_libero_eval.py:238
                          Task: pick up the black bowl on                       
                          the stove and place it on the                         
                          plate                                                 
                 INFO     | >> Starting episode 2...      run_libero_eval.py:238
                 INFO     | >> EPISODE_MANIFEST           run_libero_eval.py:238
                          {"env_seed": 1308179430,                              
                          "init_state_dtype": "float64",                        
                          "init_state_index": 46,                               
                          "init_state_sha256":                                  
                          "652690e243bfc1d53ca4115864adc4                       
                          a7587623c127abb19242135faffed8a                       
                          9ce", "init_state_shape": [92],                       
                          "model_seed": 742969919,                              
                          "protocol": "paired",                                 
                          "task_id": 7}                                         
huggingface/tokenizers: The current process just got forked, after parallelism has already been used. Disabling parallelism to avoid deadlocks...
To disable this warning, you can either:
	- Avoid using `tokenizers` before the fork if possible
	- Explicitly set the environment variable TOKENIZERS_PARALLELISM=(true | false)
Saved rollout MP4 at path ./rollouts/2026_09_17/2026_09_17-19_48_44--openvla_oft--episode=37--success=True--task=pick_up_the_black_bowl_on_the_stove_and_place_it_o.mp4
09/17 [19:55:12] INFO     | >> Success: True              run_libero_eval.py:238
                 INFO     | >> # episodes completed so    run_libero_eval.py:238
                          far: 37                                               
                 INFO     | >> # successes: 37 (100.0%)   run_libero_eval.py:238

 40%|████      | 2/5 [00:20<00:30, 10.06s/it][A                 INFO     | >>                            run_libero_eval.py:238
                          Task: pick up the black bowl on                       
                          the stove and place it on the                         
                          plate                                                 
                 INFO     | >> Starting episode 3...      run_libero_eval.py:238
                 INFO     | >> EPISODE_MANIFEST           run_libero_eval.py:238
                          {"env_seed": 1972629738,                              
                          "init_state_dtype": "float64",                        
                          "init_state_index": 47,                               
                          "init_state_sha256":                                  
                          "62add5097e9d617e5a0012137a6802                       
                          ed0bfde98849fd6c58003ae5d799875                       
                          1fc", "init_state_shape": [92],                       
                          "model_seed": 1934989639,                             
                          "protocol": "paired",                                 
                          "task_id": 7}                                         
huggingface/tokenizers: The current process just got forked, after parallelism has already been used. Disabling parallelism to avoid deadlocks...
To disable this warning, you can either:
	- Avoid using `tokenizers` before the fork if possible
	- Explicitly set the environment variable TOKENIZERS_PARALLELISM=(true | false)
Saved rollout MP4 at path ./rollouts/2026_09_17/2026_09_17-19_48_44--openvla_oft--episode=38--success=True--task=pick_up_the_black_bowl_on_the_stove_and_place_it_o.mp4
09/17 [19:55:21] INFO     | >> Success: True              run_libero_eval.py:238
                 INFO     | >> # episodes completed so    run_libero_eval.py:238
                          far: 38                                               
                 INFO     | >> # successes: 38 (100.0%)   run_libero_eval.py:238

 60%|██████    | 3/5 [00:29<00:19,  9.76s/it][A                 INFO     | >>                            run_libero_eval.py:238
                          Task: pick up the black bowl on                       
                          the stove and place it on the                         
                          plate                                                 
                 INFO     | >> Starting episode 4...      run_libero_eval.py:238
                 INFO     | >> EPISODE_MANIFEST           run_libero_eval.py:238
                          {"env_seed": 3416793725,                              
                          "init_state_dtype": "float64",                        
                          "init_state_index": 48,                               
                          "init_state_sha256":                                  
                          "2a3816644356e20bf708f08425cf2a                       
                          f1aa93a19eacb147198b68e3753335d                       
                          788", "init_state_shape": [92],                       
                          "model_seed": 1359267905,                             
                          "protocol": "paired",                                 
                          "task_id": 7}                                         
huggingface/tokenizers: The current process just got forked, after parallelism has already been used. Disabling parallelism to avoid deadlocks...
To disable this warning, you can either:
	- Avoid using `tokenizers` before the fork if possible
	- Explicitly set the environment variable TOKENIZERS_PARALLELISM=(true | false)
Saved rollout MP4 at path ./rollouts/2026_09_17/2026_09_17-19_48_44--openvla_oft--episode=39--success=True--task=pick_up_the_black_bowl_on_the_stove_and_place_it_o.mp4
09/17 [19:55:32] INFO     | >> Success: True              run_libero_eval.py:238
                 INFO     | >> # episodes completed so    run_libero_eval.py:238
                          far: 39                                               
                 INFO     | >> # successes: 39 (100.0%)   run_libero_eval.py:238

 80%|████████  | 4/5 [00:39<00:09,  9.93s/it][A                 INFO     | >>                            run_libero_eval.py:238
                          Task: pick up the black bowl on                       
                          the stove and place it on the                         
                          plate                                                 
                 INFO     | >> Starting episode 5...      run_libero_eval.py:238
                 INFO     | >> EPISODE_MANIFEST           run_libero_eval.py:238
                          {"env_seed": 2176902890,                              
                          "init_state_dtype": "float64",                        
                          "init_state_index": 49,                               
                          "init_state_sha256":                                  
                          "1ded5e57130dd32724935dafa2bb36                       
                          401940812bfffeeca16980851c31ee4                       
                          fb6", "init_state_shape": [92],                       
                          "model_seed": 1318497224,                             
                          "protocol": "paired",                                 
                          "task_id": 7}                                         
huggingface/tokenizers: The current process just got forked, after parallelism has already been used. Disabling parallelism to avoid deadlocks...
To disable this warning, you can either:
	- Avoid using `tokenizers` before the fork if possible
	- Explicitly set the environment variable TOKENIZERS_PARALLELISM=(true | false)
Saved rollout MP4 at path ./rollouts/2026_09_17/2026_09_17-19_48_44--openvla_oft--episode=40--success=True--task=pick_up_the_black_bowl_on_the_stove_and_place_it_o.mp4
09/17 [19:55:42] INFO     | >> Success: True              run_libero_eval.py:238
                 INFO     | >> # episodes completed so    run_libero_eval.py:238
                          far: 40                                               
                 INFO     | >> # successes: 40 (100.0%)   run_libero_eval.py:238

100%|██████████| 5/5 [00:50<00:00, 10.26s/it][A100%|██████████| 5/5 [00:50<00:00, 10.10s/it]
                 INFO     | >> Current task success rate: run_libero_eval.py:238
                          1.0                                                   
                 INFO     | >> Current total success      run_libero_eval.py:238
                          rate: 1.0                                             
 80%|████████  | 8/10 [06:30<01:41, 50.72s/it]09/17 [19:55:43] INFO     | >> Using default initial      run_libero_eval.py:238
                          states                                                

  0%|          | 0/5 [00:00<?, ?it/s][A09/17 [19:55:46] INFO     | >>                            run_libero_eval.py:238
                          Task: pick up the black bowl                          
                          next to the plate and place it                        
                          on the plate                                          
                 INFO     | >> Starting episode 1...      run_libero_eval.py:238
                 INFO     | >> EPISODE_MANIFEST           run_libero_eval.py:238
                          {"env_seed": 3139176122,                              
                          "init_state_dtype": "float64",                        
                          "init_state_index": 45,                               
                          "init_state_sha256":                                  
                          "24f9cfa1728ed262f64521c6b3b3e7                       
                          1cdc52afa97e4e6ab77bccdebc865d0                       
                          7f2", "init_state_shape": [92],                       
                          "model_seed": 3223707390,                             
                          "protocol": "paired",                                 
                          "task_id": 8}                                         
huggingface/tokenizers: The current process just got forked, after parallelism has already been used. Disabling parallelism to avoid deadlocks...
To disable this warning, you can either:
	- Avoid using `tokenizers` before the fork if possible
	- Explicitly set the environment variable TOKENIZERS_PARALLELISM=(true | false)
Saved rollout MP4 at path ./rollouts/2026_09_17/2026_09_17-19_48_44--openvla_oft--episode=41--success=True--task=pick_up_the_black_bowl_next_to_the_plate_and_place.mp4
09/17 [19:55:55] INFO     | >> Success: True              run_libero_eval.py:238
                 INFO     | >> # episodes completed so    run_libero_eval.py:238
                          far: 41                                               
                 INFO     | >> # successes: 41 (100.0%)   run_libero_eval.py:238

 20%|██        | 1/5 [00:08<00:34,  8.71s/it][A                 INFO     | >>                            run_libero_eval.py:238
                          Task: pick up the black bowl                          
                          next to the plate and place it                        
                          on the plate                                          
                 INFO     | >> Starting episode 2...      run_libero_eval.py:238
                 INFO     | >> EPISODE_MANIFEST           run_libero_eval.py:238
                          {"env_seed": 1778439941,                              
                          "init_state_dtype": "float64",                        
                          "init_state_index": 46,                               
                          "init_state_sha256":                                  
                          "ad9245178ee8387348b1ea63f8448e                       
                          a1ad61eda3014722b5d910f822325ed                       
                          806", "init_state_shape": [92],                       
                          "model_seed": 4828471,                                
                          "protocol": "paired",                                 
                          "task_id": 8}                                         
huggingface/tokenizers: The current process just got forked, after parallelism has already been used. Disabling parallelism to avoid deadlocks...
To disable this warning, you can either:
	- Avoid using `tokenizers` before the fork if possible
	- Explicitly set the environment variable TOKENIZERS_PARALLELISM=(true | false)
Saved rollout MP4 at path ./rollouts/2026_09_17/2026_09_17-19_48_44--openvla_oft--episode=42--success=True--task=pick_up_the_black_bowl_next_to_the_plate_and_place.mp4
09/17 [19:56:03] INFO     | >> Success: True              run_libero_eval.py:238
                 INFO     | >> # episodes completed so    run_libero_eval.py:238
                          far: 42                                               
                 INFO     | >> # successes: 42 (100.0%)   run_libero_eval.py:238

 40%|████      | 2/5 [00:17<00:25,  8.52s/it][A                 INFO     | >>                            run_libero_eval.py:238
                          Task: pick up the black bowl                          
                          next to the plate and place it                        
                          on the plate                                          
                 INFO     | >> Starting episode 3...      run_libero_eval.py:238
                 INFO     | >> EPISODE_MANIFEST           run_libero_eval.py:238
                          {"env_seed": 842738773,                               
                          "init_state_dtype": "float64",                        
                          "init_state_index": 47,                               
                          "init_state_sha256":                                  
                          "588a468ca5f3513b762bcbdddd64b0                       
                          4b84d53eb09639895413e1f4e84c219                       
                          d6d", "init_state_shape": [92],                       
                          "model_seed": 2040028324,                             
                          "protocol": "paired",                                 
                          "task_id": 8}                                         
huggingface/tokenizers: The current process just got forked, after parallelism has already been used. Disabling parallelism to avoid deadlocks...
To disable this warning, you can either:
	- Avoid using `tokenizers` before the fork if possible
	- Explicitly set the environment variable TOKENIZERS_PARALLELISM=(true | false)
Saved rollout MP4 at path ./rollouts/2026_09_17/2026_09_17-19_48_44--openvla_oft--episode=43--success=True--task=pick_up_the_black_bowl_next_to_the_plate_and_place.mp4
09/17 [19:56:12] INFO     | >> Success: True              run_libero_eval.py:238
                 INFO     | >> # episodes completed so    run_libero_eval.py:238
                          far: 43                                               
                 INFO     | >> # successes: 43 (100.0%)   run_libero_eval.py:238

 60%|██████    | 3/5 [00:26<00:17,  8.77s/it][A                 INFO     | >>                            run_libero_eval.py:238
                          Task: pick up the black bowl                          
                          next to the plate and place it                        
                          on the plate                                          
                 INFO     | >> Starting episode 4...      run_libero_eval.py:238
                 INFO     | >> EPISODE_MANIFEST           run_libero_eval.py:238
                          {"env_seed": 4033137365,                              
                          "init_state_dtype": "float64",                        
                          "init_state_index": 48,                               
                          "init_state_sha256":                                  
                          "7177b22f02f0cee52ce2a47480c5a5                       
                          d9a486e259bc536e049be2731c5b3b2                       
                          319", "init_state_shape": [92],                       
                          "model_seed": 803687494,                              
                          "protocol": "paired",                                 
                          "task_id": 8}                                         
huggingface/tokenizers: The current process just got forked, after parallelism has already been used. Disabling parallelism to avoid deadlocks...
To disable this warning, you can either:
	- Avoid using `tokenizers` before the fork if possible
	- Explicitly set the environment variable TOKENIZERS_PARALLELISM=(true | false)
Saved rollout MP4 at path ./rollouts/2026_09_17/2026_09_17-19_48_44--openvla_oft--episode=44--success=True--task=pick_up_the_black_bowl_next_to_the_plate_and_place.mp4
09/17 [19:56:21] INFO     | >> Success: True              run_libero_eval.py:238
                 INFO     | >> # episodes completed so    run_libero_eval.py:238
                          far: 44                                               
                 INFO     | >> # successes: 44 (100.0%)   run_libero_eval.py:238

 80%|████████  | 4/5 [00:34<00:08,  8.72s/it][A                 INFO     | >>                            run_libero_eval.py:238
                          Task: pick up the black bowl                          
                          next to the plate and place it                        
                          on the plate                                          
                 INFO     | >> Starting episode 5...      run_libero_eval.py:238
                 INFO     | >> EPISODE_MANIFEST           run_libero_eval.py:238
                          {"env_seed": 3110794515,                              
                          "init_state_dtype": "float64",                        
                          "init_state_index": 49,                               
                          "init_state_sha256":                                  
                          "037f7cfbd5fa5f9191a91bbb76310d                       
                          3ecf0a5355bd4bc977d0757a561a803                       
                          b13", "init_state_shape": [92],                       
                          "model_seed": 2053103887,                             
                          "protocol": "paired",                                 
                          "task_id": 8}                                         
huggingface/tokenizers: The current process just got forked, after parallelism has already been used. Disabling parallelism to avoid deadlocks...
To disable this warning, you can either:
	- Avoid using `tokenizers` before the fork if possible
	- Explicitly set the environment variable TOKENIZERS_PARALLELISM=(true | false)
Saved rollout MP4 at path ./rollouts/2026_09_17/2026_09_17-19_48_44--openvla_oft--episode=45--success=True--task=pick_up_the_black_bowl_next_to_the_plate_and_place.mp4
09/17 [19:56:29] INFO     | >> Success: True              run_libero_eval.py:238
09/17 [19:56:30] INFO     | >> # episodes completed so    run_libero_eval.py:238
                          far: 45                                               
                 INFO     | >> # successes: 45 (100.0%)   run_libero_eval.py:238

100%|██████████| 5/5 [00:43<00:00,  8.76s/it][A100%|██████████| 5/5 [00:43<00:00,  8.73s/it]
                 INFO     | >> Current task success rate: run_libero_eval.py:238
                          1.0                                                   
                 INFO     | >> Current total success      run_libero_eval.py:238
                          rate: 1.0                                             
 90%|█████████ | 9/10 [07:17<00:49, 49.58s/it]                 INFO     | >> Using default initial      run_libero_eval.py:238
                          states                                                

  0%|          | 0/5 [00:00<?, ?it/s][A09/17 [19:56:33] INFO     | >>                            run_libero_eval.py:238
                          Task: pick up the black bowl on                       
                          the wooden cabinet and place it                       
                          on the plate                                          
                 INFO     | >> Starting episode 1...      run_libero_eval.py:238
                 INFO     | >> EPISODE_MANIFEST           run_libero_eval.py:238
                          {"env_seed": 3486997007,                              
                          "init_state_dtype": "float64",                        
                          "init_state_index": 45,                               
                          "init_state_sha256":                                  
                          "37f936abf77d94b75fac07e590fa26                       
                          37bcbbcf6881a8d40837cae7f17fcf1                       
                          68d", "init_state_shape": [92],                       
                          "model_seed": 3362489072,                             
                          "protocol": "paired",                                 
                          "task_id": 9}                                         
huggingface/tokenizers: The current process just got forked, after parallelism has already been used. Disabling parallelism to avoid deadlocks...
To disable this warning, you can either:
	- Avoid using `tokenizers` before the fork if possible
	- Explicitly set the environment variable TOKENIZERS_PARALLELISM=(true | false)
Saved rollout MP4 at path ./rollouts/2026_09_17/2026_09_17-19_48_44--openvla_oft--episode=46--success=True--task=pick_up_the_black_bowl_on_the_wooden_cabinet_and_p.mp4
09/17 [19:56:42] INFO     | >> Success: True              run_libero_eval.py:238
                 INFO     | >> # episodes completed so    run_libero_eval.py:238
                          far: 46                                               
                 INFO     | >> # successes: 46 (100.0%)   run_libero_eval.py:238

 20%|██        | 1/5 [00:09<00:37,  9.48s/it][A                 INFO     | >>                            run_libero_eval.py:238
                          Task: pick up the black bowl on                       
                          the wooden cabinet and place it                       
                          on the plate                                          
                 INFO     | >> Starting episode 2...      run_libero_eval.py:238
                 INFO     | >> EPISODE_MANIFEST           run_libero_eval.py:238
                          {"env_seed": 3765230933,                              
                          "init_state_dtype": "float64",                        
                          "init_state_index": 46,                               
                          "init_state_sha256":                                  
                          "511e59296c4beb7b243d57c9e41d76                       
                          2ed8eff497250f796fa65ce2a585b16                       
                          51a", "init_state_shape": [92],                       
                          "model_seed": 2268066207,                             
                          "protocol": "paired",                                 
                          "task_id": 9}                                         
huggingface/tokenizers: The current process just got forked, after parallelism has already been used. Disabling parallelism to avoid deadlocks...
To disable this warning, you can either:
	- Avoid using `tokenizers` before the fork if possible
	- Explicitly set the environment variable TOKENIZERS_PARALLELISM=(true | false)
Saved rollout MP4 at path ./rollouts/2026_09_17/2026_09_17-19_48_44--openvla_oft--episode=47--success=True--task=pick_up_the_black_bowl_on_the_wooden_cabinet_and_p.mp4
09/17 [19:56:52] INFO     | >> Success: True              run_libero_eval.py:238
                 INFO     | >> # episodes completed so    run_libero_eval.py:238
                          far: 47                                               
                 INFO     | >> # successes: 47 (100.0%)   run_libero_eval.py:238

 40%|████      | 2/5 [00:18<00:28,  9.49s/it][A                 INFO     | >>                            run_libero_eval.py:238
                          Task: pick up the black bowl on                       
                          the wooden cabinet and place it                       
                          on the plate                                          
                 INFO     | >> Starting episode 3...      run_libero_eval.py:238
                 INFO     | >> EPISODE_MANIFEST           run_libero_eval.py:238
                          {"env_seed": 2613388118,                              
                          "init_state_dtype": "float64",                        
                          "init_state_index": 47,                               
                          "init_state_sha256":                                  
                          "d01f488938b9c169d441d381187a80                       
                          4766918fe4394bfd6325e308b20a206                       
                          1d1", "init_state_shape": [92],                       
                          "model_seed": 115556393,                              
                          "protocol": "paired",                                 
                          "task_id": 9}                                         
huggingface/tokenizers: The current process just got forked, after parallelism has already been used. Disabling parallelism to avoid deadlocks...
To disable this warning, you can either:
	- Avoid using `tokenizers` before the fork if possible
	- Explicitly set the environment variable TOKENIZERS_PARALLELISM=(true | false)
Saved rollout MP4 at path ./rollouts/2026_09_17/2026_09_17-19_48_44--openvla_oft--episode=48--success=True--task=pick_up_the_black_bowl_on_the_wooden_cabinet_and_p.mp4
09/17 [19:57:01] INFO     | >> Success: True              run_libero_eval.py:238
                 INFO     | >> # episodes completed so    run_libero_eval.py:238
                          far: 48                                               
                 INFO     | >> # successes: 48 (100.0%)   run_libero_eval.py:238

 60%|██████    | 3/5 [00:28<00:18,  9.46s/it][A                 INFO     | >>                            run_libero_eval.py:238
                          Task: pick up the black bowl on                       
                          the wooden cabinet and place it                       
                          on the plate                                          
                 INFO     | >> Starting episode 4...      run_libero_eval.py:238
                 INFO     | >> EPISODE_MANIFEST           run_libero_eval.py:238
                          {"env_seed": 315129556,                               
                          "init_state_dtype": "float64",                        
                          "init_state_index": 48,                               
                          "init_state_sha256":                                  
                          "e383cb9ca532d15d777684d04e4895                       
                          8e6c86c6a82f7440610bfa47acb6c73                       
                          98f", "init_state_shape": [92],                       
                          "model_seed": 2923982392,                             
                          "protocol": "paired",                                 
                          "task_id": 9}                                         
huggingface/tokenizers: The current process just got forked, after parallelism has already been used. Disabling parallelism to avoid deadlocks...
To disable this warning, you can either:
	- Avoid using `tokenizers` before the fork if possible
	- Explicitly set the environment variable TOKENIZERS_PARALLELISM=(true | false)
Saved rollout MP4 at path ./rollouts/2026_09_17/2026_09_17-19_48_44--openvla_oft--episode=49--success=True--task=pick_up_the_black_bowl_on_the_wooden_cabinet_and_p.mp4
09/17 [19:57:11] INFO     | >> Success: True              run_libero_eval.py:238
                 INFO     | >> # episodes completed so    run_libero_eval.py:238
                          far: 49                                               
                 INFO     | >> # successes: 49 (100.0%)   run_libero_eval.py:238

 80%|████████  | 4/5 [00:37<00:09,  9.51s/it][A                 INFO     | >>                            run_libero_eval.py:238
                          Task: pick up the black bowl on                       
                          the wooden cabinet and place it                       
                          on the plate                                          
                 INFO     | >> Starting episode 5...      run_libero_eval.py:238
                 INFO     | >> EPISODE_MANIFEST           run_libero_eval.py:238
                          {"env_seed": 3538353301,                              
                          "init_state_dtype": "float64",                        
                          "init_state_index": 49,                               
                          "init_state_sha256":                                  
                          "e3e487c4499d0d6ac7f71956603b8f                       
                          9a9fe84b62afe6b7d2ca622cfbffe3d                       
                          9dd", "init_state_shape": [92],                       
                          "model_seed": 3148363717,                             
                          "protocol": "paired",                                 
                          "task_id": 9}                                         
huggingface/tokenizers: The current process just got forked, after parallelism has already been used. Disabling parallelism to avoid deadlocks...
To disable this warning, you can either:
	- Avoid using `tokenizers` before the fork if possible
	- Explicitly set the environment variable TOKENIZERS_PARALLELISM=(true | false)
Saved rollout MP4 at path ./rollouts/2026_09_17/2026_09_17-19_48_44--openvla_oft--episode=50--success=True--task=pick_up_the_black_bowl_on_the_wooden_cabinet_and_p.mp4
09/17 [19:57:21] INFO     | >> Success: True              run_libero_eval.py:238
                 INFO     | >> # episodes completed so    run_libero_eval.py:238
                          far: 50                                               
                 INFO     | >> # successes: 50 (100.0%)   run_libero_eval.py:238

100%|██████████| 5/5 [00:47<00:00,  9.59s/it][A100%|██████████| 5/5 [00:47<00:00,  9.54s/it]
                 INFO     | >> Current task success rate: run_libero_eval.py:238
                          1.0                                                   
                 INFO     | >> Current total success      run_libero_eval.py:238
                          rate: 1.0                                             
100%|██████████| 10/10 [08:08<00:00, 50.04s/it]100%|██████████| 10/10 [08:08<00:00, 48.85s/it]
                 INFO     | >> Final results:             run_libero_eval.py:238
                 INFO     | >> Total episodes: 50         run_libero_eval.py:238
                 INFO     | >> Total successes: 50        run_libero_eval.py:238
                 INFO     | >> Overall success rate:      run_libero_eval.py:238
                          1.0000 (100.0%)                                       
