configuration,sample,block,token_partition,relative_mse,cosine,max_abs_error
repeat,sample-0064.npz,0,image_main,0.0,0.9999995231628418,0.0
repeat,sample-0064.npz,0,image_wrist,0.0,1.0000014305114746,0.0
repeat,sample-0064.npz,0,proprio,0.0,1.0000004768371582,0.0
repeat,sample-0064.npz,0,text,0.0,0.9999984502792358,0.0
repeat,sample-0064.npz,0,action_readout,0.0,1.0000088214874268,0.0
repeat,sample-0064.npz,1,image_main,0.0,0.9999995827674866,0.0
repeat,sample-0064.npz,1,image_wrist,0.0,1.0000016689300537,0.0
repeat,sample-0064.npz,1,proprio,0.0,1.0000007152557373,0.0
repeat,sample-0064.npz,1,text,0.0,1.0000008344650269,0.0
repeat,sample-0064.npz,1,action_readout,0.0,0.9999904632568359,0.0
repeat,sample-0064.npz,2,image_main,0.0,0.9999991655349731,0.0
repeat,sample-0064.npz,2,image_wrist,0.0,0.999998927116394,0.0
repeat,sample-0064.npz,2,proprio,0.0,1.0000005960464478,0.0
repeat,sample-0064.npz,2,text,0.0,1.000001072883606,0.0
repeat,sample-0064.npz,2,action_readout,0.0,0.9999859929084778,0.0
repeat,sample-0064.npz,3,image_main,0.0,0.999998927116394,0.0
repeat,sample-0064.npz,3,image_wrist,0.0,0.9999992251396179,0.0
repeat,sample-0064.npz,3,proprio,0.0,1.0000007152557373,0.0
repeat,sample-0064.npz,3,text,0.0,1.0000009536743164,0.0
repeat,sample-0064.npz,3,action_readout,0.0,0.9999850988388062,0.0
repeat,sample-0064.npz,4,image_main,0.0,0.9999992847442627,0.0
repeat,sample-0064.npz,4,image_wrist,0.0,0.9999994039535522,0.0
repeat,sample-0064.npz,4,proprio,0.0,1.0000004768371582,0.0
repeat,sample-0064.npz,4,text,0.0,1.0000007152557373,0.0
repeat,sample-0064.npz,4,action_readout,0.0,0.9999852180480957,0.0
repeat,sample-0064.npz,5,image_main,0.0,0.9999995231628418,0.0
repeat,sample-0064.npz,5,image_wrist,0.0,0.9999999403953552,0.0
repeat,sample-0064.npz,5,proprio,0.0,1.0000005960464478,0.0
repeat,sample-0064.npz,5,text,0.0,1.0000009536743164,0.0
repeat,sample-0064.npz,5,action_readout,0.0,0.9999841451644897,0.0
repeat,sample-0064.npz,6,image_main,0.0,0.9999996423721313,0.0
repeat,sample-0064.npz,6,image_wrist,0.0,0.9999996423721313,0.0
repeat,sample-0064.npz,6,proprio,0.0,1.0000005960464478,0.0
repeat,sample-0064.npz,6,text,0.0,1.0000011920928955,0.0
repeat,sample-0064.npz,6,action_readout,0.0,0.999984622001648,0.0
repeat,sample-0064.npz,7,image_main,0.0,0.9999991655349731,0.0
repeat,sample-0064.npz,7,image_wrist,0.0,1.0,0.0
repeat,sample-0064.npz,7,proprio,0.0,1.0000004768371582,0.0
repeat,sample-0064.npz,7,text,0.0,1.000001311302185,0.0
repeat,sample-0064.npz,7,action_readout,0.0,0.9999860525131226,0.0
repeat,sample-0064.npz,8,image_main,0.0,0.9999992847442627,0.0
repeat,sample-0064.npz,8,image_wrist,0.0,1.0000005960464478,0.0
repeat,sample-0064.npz,8,proprio,0.0,1.0000004768371582,0.0
repeat,sample-0064.npz,8,text,0.0,1.0000011920928955,0.0
repeat,sample-0064.npz,8,action_readout,0.0,0.9999858140945435,0.0
repeat,sample-0064.npz,9,image_main,0.0,0.9999993443489075,0.0
repeat,sample-0064.npz,9,image_wrist,0.0,1.0000007152557373,0.0
repeat,sample-0064.npz,9,proprio,0.0,1.0000007152557373,0.0
repeat,sample-0064.npz,9,text,0.0,1.000001311302185,0.0
repeat,sample-0064.npz,9,action_readout,0.0,0.9999867677688599,0.0
repeat,sample-0064.npz,10,image_main,0.0,0.9999992847442627,0.0
repeat,sample-0064.npz,10,image_wrist,0.0,1.0000014305114746,0.0
repeat,sample-0064.npz,10,proprio,0.0,1.0000003576278687,0.0
repeat,sample-0064.npz,10,text,0.0,1.0000015497207642,0.0
repeat,sample-0064.npz,10,action_readout,0.0,0.9999886751174927,0.0
repeat,sample-0064.npz,11,image_main,0.0,0.9999985694885254,0.0
repeat,sample-0064.npz,11,image_wrist,0.0,1.000002145767212,0.0
repeat,sample-0064.npz,11,proprio,0.0,1.0000005960464478,0.0
repeat,sample-0064.npz,11,text,0.0,1.0000008344650269,0.0
repeat,sample-0064.npz,11,action_readout,0.0,0.9999889135360718,0.0
repeat,sample-0064.npz,12,image_main,0.0,1.000000238418579,0.0
repeat,sample-0064.npz,12,image_wrist,0.0,1.0000026226043701,0.0
repeat,sample-0064.npz,12,proprio,0.0,1.0000007152557373,0.0
repeat,sample-0064.npz,12,text,0.0,1.0000011920928955,0.0
repeat,sample-0064.npz,12,action_readout,0.0,0.9999879598617554,0.0
repeat,sample-0064.npz,13,image_main,0.0,0.9999998211860657,0.0
repeat,sample-0064.npz,13,image_wrist,0.0,1.0000017881393433,0.0
repeat,sample-0064.npz,13,proprio,0.0,1.0000007152557373,0.0
repeat,sample-0064.npz,13,text,0.0,1.0000014305114746,0.0
repeat,sample-0064.npz,13,action_readout,0.0,0.9999892711639404,0.0
repeat,sample-0064.npz,14,image_main,0.0,0.9999996423721313,0.0
repeat,sample-0064.npz,14,image_wrist,0.0,1.000003695487976,0.0
repeat,sample-0064.npz,14,proprio,0.0,1.0000004768371582,0.0
repeat,sample-0064.npz,14,text,0.0,1.0000020265579224,0.0
repeat,sample-0064.npz,14,action_readout,0.0,0.9999852180480957,0.0
repeat,sample-0064.npz,15,image_main,0.0,1.000000238418579,0.0
repeat,sample-0064.npz,15,image_wrist,0.0,1.000003695487976,0.0
repeat,sample-0064.npz,15,proprio,0.0,1.0000007152557373,0.0
repeat,sample-0064.npz,15,text,0.0,1.0000020265579224,0.0
repeat,sample-0064.npz,15,action_readout,0.0,0.9999828934669495,0.0
repeat,sample-0064.npz,16,image_main,0.0,0.9999997019767761,0.0
repeat,sample-0064.npz,16,image_wrist,0.0,1.0000038146972656,0.0
repeat,sample-0064.npz,16,proprio,0.0,1.0000005960464478,0.0
repeat,sample-0064.npz,16,text,0.0,1.000002145767212,0.0
repeat,sample-0064.npz,16,action_readout,0.0,0.999983549118042,0.0
repeat,sample-0064.npz,17,image_main,0.0,0.9999995827674866,0.0
repeat,sample-0064.npz,17,image_wrist,0.0,1.0000040531158447,0.0
repeat,sample-0064.npz,17,proprio,0.0,1.0000007152557373,0.0
repeat,sample-0064.npz,17,text,0.0,1.0000027418136597,0.0
repeat,sample-0064.npz,17,action_readout,0.0,0.9999909400939941,0.0
repeat,sample-0064.npz,18,image_main,0.0,0.9999997615814209,0.0
repeat,sample-0064.npz,18,image_wrist,0.0,1.000003457069397,0.0
repeat,sample-0064.npz,18,proprio,0.0,1.0000007152557373,0.0
repeat,sample-0064.npz,18,text,0.0,1.0000028610229492,0.0
repeat,sample-0064.npz,18,action_readout,0.0,0.999993085861206,0.0
repeat,sample-0064.npz,19,image_main,0.0,1.0000003576278687,0.0
repeat,sample-0064.npz,19,image_wrist,0.0,1.0000040531158447,0.0
repeat,sample-0064.npz,19,proprio,0.0,1.0000007152557373,0.0
repeat,sample-0064.npz,19,text,0.0,1.000003457069397,0.0
repeat,sample-0064.npz,19,action_readout,0.0,0.9999943971633911,0.0
repeat,sample-0064.npz,20,image_main,0.0,1.0000008344650269,0.0
repeat,sample-0064.npz,20,image_wrist,0.0,1.0000038146972656,0.0
repeat,sample-0064.npz,20,proprio,0.0,1.0000007152557373,0.0
repeat,sample-0064.npz,20,text,0.0,1.000003457069397,0.0
repeat,sample-0064.npz,20,action_readout,0.0,0.9999866485595703,0.0
repeat,sample-0064.npz,21,image_main,0.0,1.0000019073486328,0.0
repeat,sample-0064.npz,21,image_wrist,0.0,1.0000016689300537,0.0
repeat,sample-0064.npz,21,proprio,0.0,1.0000007152557373,0.0
repeat,sample-0064.npz,21,text,0.0,1.0000046491622925,0.0
repeat,sample-0064.npz,21,action_readout,0.0,0.9999846816062927,0.0
repeat,sample-0064.npz,22,image_main,0.0,1.0000017881393433,0.0
repeat,sample-0064.npz,22,image_wrist,0.0,1.0000007152557373,0.0
repeat,sample-0064.npz,22,proprio,0.0,1.0000007152557373,0.0
repeat,sample-0064.npz,22,text,0.0,1.000004529953003,0.0
repeat,sample-0064.npz,22,action_readout,0.0,0.9999876618385315,0.0
repeat,sample-0064.npz,23,image_main,0.0,1.0000004768371582,0.0
repeat,sample-0064.npz,23,image_wrist,0.0,1.0000016689300537,0.0
repeat,sample-0064.npz,23,proprio,0.0,1.0000007152557373,0.0
repeat,sample-0064.npz,23,text,0.0,1.0000040531158447,0.0
repeat,sample-0064.npz,23,action_readout,0.0,0.9999911189079285,0.0
repeat,sample-0064.npz,24,image_main,0.0,0.9999988675117493,0.0
repeat,sample-0064.npz,24,image_wrist,0.0,1.000001311302185,0.0
repeat,sample-0064.npz,24,proprio,0.0,1.0000005960464478,0.0
repeat,sample-0064.npz,24,text,0.0,1.0000041723251343,0.0
repeat,sample-0064.npz,24,action_readout,0.0,0.9999938607215881,0.0
repeat,sample-0064.npz,25,image_main,0.0,0.9999992847442627,0.0
repeat,sample-0064.npz,25,image_wrist,0.0,1.0000026226043701,0.0
repeat,sample-0064.npz,25,proprio,0.0,1.0000007152557373,0.0
repeat,sample-0064.npz,25,text,0.0,1.0000038146972656,0.0
repeat,sample-0064.npz,25,action_readout,0.0,0.9999927282333374,0.0
repeat,sample-0064.npz,26,image_main,0.0,0.9999988675117493,0.0
repeat,sample-0064.npz,26,image_wrist,0.0,1.000001072883606,0.0
repeat,sample-0064.npz,26,proprio,0.0,1.0000007152557373,0.0
repeat,sample-0064.npz,26,text,0.0,1.0000040531158447,0.0
repeat,sample-0064.npz,26,action_readout,0.0,0.99998539686203,0.0
repeat,sample-0064.npz,27,image_main,0.0,0.9999973773956299,0.0
repeat,sample-0064.npz,27,image_wrist,0.0,1.0000025033950806,0.0
repeat,sample-0064.npz,27,proprio,0.0,1.0000009536743164,0.0
repeat,sample-0064.npz,27,text,0.0,1.000003695487976,0.0
repeat,sample-0064.npz,27,action_readout,0.0,0.999984085559845,0.0
repeat,sample-0064.npz,28,image_main,0.0,0.9999988079071045,0.0
repeat,sample-0064.npz,28,image_wrist,0.0,1.000002384185791,0.0
repeat,sample-0064.npz,28,proprio,0.0,1.0000008344650269,0.0
repeat,sample-0064.npz,28,text,0.0,1.0000042915344238,0.0
repeat,sample-0064.npz,28,action_readout,0.0,0.9999833106994629,0.0
repeat,sample-0064.npz,29,image_main,0.0,0.9999997615814209,0.0
repeat,sample-0064.npz,29,image_wrist,0.0,1.0000029802322388,0.0
repeat,sample-0064.npz,29,proprio,0.0,1.0000007152557373,0.0
repeat,sample-0064.npz,29,text,0.0,1.0000028610229492,0.0
repeat,sample-0064.npz,29,action_readout,0.0,0.999984860420227,0.0
repeat,sample-0064.npz,30,image_main,0.0,0.9999983310699463,0.0
repeat,sample-0064.npz,30,image_wrist,0.0,1.0000004768371582,0.0
repeat,sample-0064.npz,30,proprio,0.0,1.0000008344650269,0.0
repeat,sample-0064.npz,30,text,0.0,1.0000028610229492,0.0
repeat,sample-0064.npz,30,action_readout,0.0,0.9999879002571106,0.0
repeat,sample-0064.npz,31,image_main,0.0,0.9999985694885254,0.0
repeat,sample-0064.npz,31,image_wrist,0.0,0.9999988079071045,0.0
repeat,sample-0064.npz,31,proprio,0.0,1.0000008344650269,0.0
repeat,sample-0064.npz,31,text,0.0,1.0000025033950806,0.0
repeat,sample-0064.npz,31,action_readout,0.0,0.999984085559845,0.0
repeat,sample-0065.npz,0,image_main,0.0,1.000001072883606,0.0
repeat,sample-0065.npz,0,image_wrist,0.0,1.000003695487976,0.0
repeat,sample-0065.npz,0,proprio,0.0,1.0000009536743164,0.0
repeat,sample-0065.npz,0,text,0.0,0.9999984502792358,0.0
repeat,sample-0065.npz,0,action_readout,0.0,1.0000104904174805,0.0
repeat,sample-0065.npz,1,image_main,0.0,0.9999997615814209,0.0
repeat,sample-0065.npz,1,image_wrist,0.0,1.0000016689300537,0.0
repeat,sample-0065.npz,1,proprio,0.0,1.000001072883606,0.0
repeat,sample-0065.npz,1,text,0.0,1.0000008344650269,0.0
repeat,sample-0065.npz,1,action_readout,0.0,0.9999914169311523,0.0
repeat,sample-0065.npz,2,image_main,0.0,0.9999988675117493,0.0
repeat,sample-0065.npz,2,image_wrist,0.0,1.000002145767212,0.0
repeat,sample-0065.npz,2,proprio,0.0,1.0000008344650269,0.0
repeat,sample-0065.npz,2,text,0.0,1.0000011920928955,0.0
repeat,sample-0065.npz,2,action_readout,0.0,0.9999914169311523,0.0
repeat,sample-0065.npz,3,image_main,0.0,0.9999983310699463,0.0
repeat,sample-0065.npz,3,image_wrist,0.0,1.0000016689300537,0.0
repeat,sample-0065.npz,3,proprio,0.0,1.0000009536743164,0.0
repeat,sample-0065.npz,3,text,0.0,1.000001072883606,0.0
repeat,sample-0065.npz,3,action_readout,0.0,0.9999903440475464,0.0
repeat,sample-0065.npz,4,image_main,0.0,0.9999977946281433,0.0
repeat,sample-0065.npz,4,image_wrist,0.0,1.000002384185791,0.0
repeat,sample-0065.npz,4,proprio,0.0,1.0000009536743164,0.0
repeat,sample-0065.npz,4,text,0.0,1.000001072883606,0.0
repeat,sample-0065.npz,4,action_readout,0.0,0.9999900460243225,0.0
repeat,sample-0065.npz,5,image_main,0.0,0.9999979734420776,0.0
repeat,sample-0065.npz,5,image_wrist,0.0,1.000001072883606,0.0
repeat,sample-0065.npz,5,proprio,0.0,1.0000009536743164,0.0
repeat,sample-0065.npz,5,text,0.0,1.0000009536743164,0.0
repeat,sample-0065.npz,5,action_readout,0.0,0.9999892711639404,0.0
repeat,sample-0065.npz,6,image_main,0.0,0.9999979734420776,0.0
repeat,sample-0065.npz,6,image_wrist,0.0,1.0000014305114746,0.0
repeat,sample-0065.npz,6,proprio,0.0,1.0000011920928955,0.0
repeat,sample-0065.npz,6,text,0.0,1.0000005960464478,0.0
repeat,sample-0065.npz,6,action_readout,0.0,0.999988853931427,0.0
repeat,sample-0065.npz,7,image_main,0.0,0.999999463558197,0.0
repeat,sample-0065.npz,7,image_wrist,0.0,1.0000017881393433,0.0
repeat,sample-0065.npz,7,proprio,0.0,1.0000009536743164,0.0
repeat,sample-0065.npz,7,text,0.0,1.0000008344650269,0.0
repeat,sample-0065.npz,7,action_readout,0.0,0.9999854564666748,0.0
repeat,sample-0065.npz,8,image_main,0.0,0.9999986886978149,0.0
repeat,sample-0065.npz,8,image_wrist,0.0,1.0000011920928955,0.0
repeat,sample-0065.npz,8,proprio,0.0,1.0000008344650269,0.0
repeat,sample-0065.npz,8,text,0.0,1.0000007152557373,0.0
repeat,sample-0065.npz,8,action_readout,0.0,0.9999842047691345,0.0
repeat,sample-0065.npz,9,image_main,0.0,1.0000008344650269,0.0
repeat,sample-0065.npz,9,image_wrist,0.0,1.0000017881393433,0.0
repeat,sample-0065.npz,9,proprio,0.0,1.0000008344650269,0.0
repeat,sample-0065.npz,9,text,0.0,1.000001072883606,0.0
repeat,sample-0065.npz,9,action_readout,0.0,0.9999829530715942,0.0
repeat,sample-0065.npz,10,image_main,0.0,1.0000004768371582,0.0
repeat,sample-0065.npz,10,image_wrist,0.0,1.0000019073486328,0.0
repeat,sample-0065.npz,10,proprio,0.0,1.0000009536743164,0.0
repeat,sample-0065.npz,10,text,0.0,1.0000009536743164,0.0
repeat,sample-0065.npz,10,action_readout,0.0,0.9999834299087524,0.0
repeat,sample-0065.npz,11,image_main,0.0,1.0000011920928955,0.0
repeat,sample-0065.npz,11,image_wrist,0.0,1.0000017881393433,0.0
repeat,sample-0065.npz,11,proprio,0.0,1.000001072883606,0.0
repeat,sample-0065.npz,11,text,0.0,1.0000016689300537,0.0
repeat,sample-0065.npz,11,action_readout,0.0,0.9999864101409912,0.0
repeat,sample-0065.npz,12,image_main,0.0,1.0000007152557373,0.0
repeat,sample-0065.npz,12,image_wrist,0.0,1.0000025033950806,0.0
repeat,sample-0065.npz,12,proprio,0.0,1.0000008344650269,0.0
repeat,sample-0065.npz,12,text,0.0,1.000001072883606,0.0
repeat,sample-0065.npz,12,action_readout,0.0,0.9999858140945435,0.0
repeat,sample-0065.npz,13,image_main,0.0,1.0000009536743164,0.0
repeat,sample-0065.npz,13,image_wrist,0.0,1.0000009536743164,0.0
repeat,sample-0065.npz,13,proprio,0.0,1.0000008344650269,0.0
repeat,sample-0065.npz,13,text,0.0,1.0000009536743164,0.0
repeat,sample-0065.npz,13,action_readout,0.0,0.9999872446060181,0.0
repeat,sample-0065.npz,14,image_main,0.0,1.0000022649765015,0.0
repeat,sample-0065.npz,14,image_wrist,0.0,1.0000015497207642,0.0
repeat,sample-0065.npz,14,proprio,0.0,1.000001072883606,0.0
repeat,sample-0065.npz,14,text,0.0,1.000001311302185,0.0
repeat,sample-0065.npz,14,action_readout,0.0,0.9999891519546509,0.0
repeat,sample-0065.npz,15,image_main,0.0,1.0000026226043701,0.0
repeat,sample-0065.npz,15,image_wrist,0.0,1.000002384185791,0.0
repeat,sample-0065.npz,15,proprio,0.0,1.0000009536743164,0.0
repeat,sample-0065.npz,15,text,0.0,1.0000009536743164,0.0
repeat,sample-0065.npz,15,action_readout,0.0,0.999988853931427,0.0
repeat,sample-0065.npz,16,image_main,0.0,1.0000028610229492,0.0
repeat,sample-0065.npz,16,image_wrist,0.0,1.0000017881393433,0.0
repeat,sample-0065.npz,16,proprio,0.0,1.0000009536743164,0.0
repeat,sample-0065.npz,16,text,0.0,1.000001311302185,0.0
repeat,sample-0065.npz,16,action_readout,0.0,0.9999889135360718,0.0
repeat,sample-0065.npz,17,image_main,0.0,1.000002384185791,0.0
repeat,sample-0065.npz,17,image_wrist,0.0,1.000002384185791,0.0
repeat,sample-0065.npz,17,proprio,0.0,1.0000008344650269,0.0
repeat,sample-0065.npz,17,text,0.0,1.0000020265579224,0.0
repeat,sample-0065.npz,17,action_readout,0.0,0.9999862313270569,0.0
repeat,sample-0065.npz,18,image_main,0.0,1.0000030994415283,0.0
repeat,sample-0065.npz,18,image_wrist,0.0,1.0000022649765015,0.0
repeat,sample-0065.npz,18,proprio,0.0,1.0000009536743164,0.0
repeat,sample-0065.npz,18,text,0.0,1.0000017881393433,0.0
repeat,sample-0065.npz,18,action_readout,0.0,0.9999827146530151,0.0
repeat,sample-0065.npz,19,image_main,0.0,1.0000030994415283,0.0
repeat,sample-0065.npz,19,image_wrist,0.0,1.000002145767212,0.0
repeat,sample-0065.npz,19,proprio,0.0,1.0000009536743164,0.0
repeat,sample-0065.npz,19,text,0.0,1.0000020265579224,0.0
repeat,sample-0065.npz,19,action_readout,0.0,0.9999823570251465,0.0
repeat,sample-0065.npz,20,image_main,0.0,1.0000025033950806,0.0
repeat,sample-0065.npz,20,image_wrist,0.0,1.0000035762786865,0.0
repeat,sample-0065.npz,20,proprio,0.0,1.0000009536743164,0.0
repeat,sample-0065.npz,20,text,0.0,1.000002384185791,0.0
repeat,sample-0065.npz,20,action_readout,0.0,0.9999825954437256,0.0
repeat,sample-0065.npz,21,image_main,0.0,1.000002384185791,0.0
repeat,sample-0065.npz,21,image_wrist,0.0,1.0000028610229492,0.0
repeat,sample-0065.npz,21,proprio,0.0,1.0000008344650269,0.0
repeat,sample-0065.npz,21,text,0.0,1.000002384185791,0.0
repeat,sample-0065.npz,21,action_readout,0.0,0.9999843239784241,0.0
repeat,sample-0065.npz,22,image_main,0.0,1.0000009536743164,0.0
repeat,sample-0065.npz,22,image_wrist,0.0,1.0000028610229492,0.0
repeat,sample-0065.npz,22,proprio,0.0,1.0000011920928955,0.0
repeat,sample-0065.npz,22,text,0.0,1.0000022649765015,0.0
repeat,sample-0065.npz,22,action_readout,0.0,0.9999897480010986,0.0
repeat,sample-0065.npz,23,image_main,0.0,1.0000001192092896,0.0
repeat,sample-0065.npz,23,image_wrist,0.0,1.000001072883606,0.0
repeat,sample-0065.npz,23,proprio,0.0,1.0000011920928955,0.0
repeat,sample-0065.npz,23,text,0.0,1.0000029802322388,0.0
repeat,sample-0065.npz,23,action_readout,0.0,0.9999902844429016,0.0
repeat,sample-0065.npz,24,image_main,0.0,0.9999997615814209,0.0
repeat,sample-0065.npz,24,image_wrist,0.0,1.0000009536743164,0.0
repeat,sample-0065.npz,24,proprio,0.0,1.0000009536743164,0.0
repeat,sample-0065.npz,24,text,0.0,1.0000033378601074,0.0
repeat,sample-0065.npz,24,action_readout,0.0,0.9999890923500061,0.0
repeat,sample-0065.npz,25,image_main,0.0,1.0000007152557373,0.0
repeat,sample-0065.npz,25,image_wrist,0.0,1.0000007152557373,0.0
repeat,sample-0065.npz,25,proprio,0.0,1.0000008344650269,0.0
repeat,sample-0065.npz,25,text,0.0,1.000003457069397,0.0
repeat,sample-0065.npz,25,action_readout,0.0,0.9999856948852539,0.0
repeat,sample-0065.npz,26,image_main,0.0,0.9999989867210388,0.0
repeat,sample-0065.npz,26,image_wrist,0.0,1.0000008344650269,0.0
repeat,sample-0065.npz,26,proprio,0.0,1.000001072883606,0.0
repeat,sample-0065.npz,26,text,0.0,1.000003457069397,0.0
repeat,sample-0065.npz,26,action_readout,0.0,0.999984622001648,0.0
repeat,sample-0065.npz,27,image_main,0.0,0.9999987483024597,0.0
repeat,sample-0065.npz,27,image_wrist,0.0,1.0000011920928955,0.0
repeat,sample-0065.npz,27,proprio,0.0,1.0000008344650269,0.0
repeat,sample-0065.npz,27,text,0.0,1.000003695487976,0.0
repeat,sample-0065.npz,27,action_readout,0.0,0.9999847412109375,0.0
repeat,sample-0065.npz,28,image_main,0.0,0.9999996423721313,0.0
repeat,sample-0065.npz,28,image_wrist,0.0,0.9999988079071045,0.0
repeat,sample-0065.npz,28,proprio,0.0,1.0000007152557373,0.0
repeat,sample-0065.npz,28,text,0.0,1.0000039339065552,0.0
repeat,sample-0065.npz,28,action_readout,0.0,0.9999855756759644,0.0
repeat,sample-0065.npz,29,image_main,0.0,1.0000007152557373,0.0
repeat,sample-0065.npz,29,image_wrist,0.0,0.9999998807907104,0.0
repeat,sample-0065.npz,29,proprio,0.0,1.0000011920928955,0.0
repeat,sample-0065.npz,29,text,0.0,1.0000041723251343,0.0
repeat,sample-0065.npz,29,action_readout,0.0,0.9999863505363464,0.0
repeat,sample-0065.npz,30,image_main,0.0,1.0000009536743164,0.0
repeat,sample-0065.npz,30,image_wrist,0.0,1.0000014305114746,0.0
repeat,sample-0065.npz,30,proprio,0.0,1.0000009536743164,0.0
repeat,sample-0065.npz,30,text,0.0,1.0000030994415283,0.0
repeat,sample-0065.npz,30,action_readout,0.0,0.9999890923500061,0.0
repeat,sample-0065.npz,31,image_main,0.0,0.9999980926513672,0.0
repeat,sample-0065.npz,31,image_wrist,0.0,0.9999988079071045,0.0
repeat,sample-0065.npz,31,proprio,0.0,1.0000009536743164,0.0
repeat,sample-0065.npz,31,text,0.0,1.0000029802322388,0.0
repeat,sample-0065.npz,31,action_readout,0.0,1.000004529953003,0.0
repeat,sample-0066.npz,0,image_main,0.0,1.0000005960464478,0.0
repeat,sample-0066.npz,0,image_wrist,0.0,1.000002145767212,0.0
repeat,sample-0066.npz,0,proprio,0.0,1.0000005960464478,0.0
repeat,sample-0066.npz,0,text,0.0,0.9999972581863403,0.0
repeat,sample-0066.npz,0,action_readout,0.0,1.0000085830688477,0.0
repeat,sample-0066.npz,1,image_main,0.0,1.000001311302185,0.0
repeat,sample-0066.npz,1,image_wrist,0.0,1.0000028610229492,0.0
repeat,sample-0066.npz,1,proprio,0.0,1.0000004768371582,0.0
repeat,sample-0066.npz,1,text,0.0,0.9999955892562866,0.0
repeat,sample-0066.npz,1,action_readout,0.0,0.9999887943267822,0.0
repeat,sample-0066.npz,2,image_main,0.0,0.9999982118606567,0.0
repeat,sample-0066.npz,2,image_wrist,0.0,1.0000017881393433,0.0
repeat,sample-0066.npz,2,proprio,0.0,1.0000008344650269,0.0
repeat,sample-0066.npz,2,text,0.0,1.0000020265579224,0.0
repeat,sample-0066.npz,2,action_readout,0.0,0.9999870657920837,0.0
repeat,sample-0066.npz,3,image_main,0.0,0.9999991655349731,0.0
repeat,sample-0066.npz,3,image_wrist,0.0,1.0000009536743164,0.0
repeat,sample-0066.npz,3,proprio,0.0,1.0000005960464478,0.0
repeat,sample-0066.npz,3,text,0.0,1.0000020265579224,0.0
repeat,sample-0066.npz,3,action_readout,0.0,0.999990701675415,0.0
repeat,sample-0066.npz,4,image_main,0.0,0.999998927116394,0.0
repeat,sample-0066.npz,4,image_wrist,0.0,1.0000014305114746,0.0
repeat,sample-0066.npz,4,proprio,0.0,1.0000005960464478,0.0
repeat,sample-0066.npz,4,text,0.0,1.000002145767212,0.0
repeat,sample-0066.npz,4,action_readout,0.0,0.9999883770942688,0.0
repeat,sample-0066.npz,5,image_main,0.0,0.9999983310699463,0.0
repeat,sample-0066.npz,5,image_wrist,0.0,1.0000007152557373,0.0
repeat,sample-0066.npz,5,proprio,0.0,1.0000004768371582,0.0
repeat,sample-0066.npz,5,text,0.0,1.0000009536743164,0.0
repeat,sample-0066.npz,5,action_readout,0.0,0.9999873638153076,0.0
repeat,sample-0066.npz,6,image_main,0.0,0.9999986886978149,0.0
repeat,sample-0066.npz,6,image_wrist,0.0,1.0000009536743164,0.0
repeat,sample-0066.npz,6,proprio,0.0,1.0000005960464478,0.0
repeat,sample-0066.npz,6,text,0.0,1.0000016689300537,0.0
repeat,sample-0066.npz,6,action_readout,0.0,0.9999880790710449,0.0
repeat,sample-0066.npz,7,image_main,0.0,0.9999990463256836,0.0
repeat,sample-0066.npz,7,image_wrist,0.0,0.9999997615814209,0.0
repeat,sample-0066.npz,7,proprio,0.0,1.0000004768371582,0.0
repeat,sample-0066.npz,7,text,0.0,1.000002145767212,0.0
repeat,sample-0066.npz,7,action_readout,0.0,0.9999873638153076,0.0
repeat,sample-0066.npz,8,image_main,0.0,0.9999977946281433,0.0
repeat,sample-0066.npz,8,image_wrist,0.0,1.0000008344650269,0.0
repeat,sample-0066.npz,8,proprio,0.0,1.0000005960464478,0.0
repeat,sample-0066.npz,8,text,0.0,0.9999984502792358,0.0
repeat,sample-0066.npz,8,action_readout,0.0,0.9999843835830688,0.0
repeat,sample-0066.npz,9,image_main,0.0,0.9999979734420776,0.0
repeat,sample-0066.npz,9,image_wrist,0.0,1.0000007152557373,0.0
repeat,sample-0066.npz,9,proprio,0.0,1.0000007152557373,0.0
repeat,sample-0066.npz,9,text,0.0,0.999997615814209,0.0
repeat,sample-0066.npz,9,action_readout,0.0,0.9999840259552002,0.0
repeat,sample-0066.npz,10,image_main,0.0,0.9999978542327881,0.0
repeat,sample-0066.npz,10,image_wrist,0.0,1.000001072883606,0.0
repeat,sample-0066.npz,10,proprio,0.0,1.0000004768371582,0.0
repeat,sample-0066.npz,10,text,0.0,0.9999985694885254,0.0
repeat,sample-0066.npz,10,action_readout,0.0,0.9999837875366211,0.0
repeat,sample-0066.npz,11,image_main,0.0,0.9999991655349731,0.0
repeat,sample-0066.npz,11,image_wrist,0.0,1.000002145767212,0.0
repeat,sample-0066.npz,11,proprio,0.0,1.0000007152557373,0.0
repeat,sample-0066.npz,11,text,0.0,0.9999991059303284,0.0
repeat,sample-0066.npz,11,action_readout,0.0,0.9999825358390808,0.0
repeat,sample-0066.npz,12,image_main,0.0,0.9999972581863403,0.0
repeat,sample-0066.npz,12,image_wrist,0.0,1.0000017881393433,0.0
repeat,sample-0066.npz,12,proprio,0.0,1.0000007152557373,0.0
repeat,sample-0066.npz,12,text,0.0,1.000000238418579,0.0
repeat,sample-0066.npz,12,action_readout,0.0,0.9999837279319763,0.0
repeat,sample-0066.npz,13,image_main,0.0,0.9999983310699463,0.0
repeat,sample-0066.npz,13,image_wrist,0.0,1.000002145767212,0.0
repeat,sample-0066.npz,13,proprio,0.0,1.0000007152557373,0.0
repeat,sample-0066.npz,13,text,0.0,1.0000008344650269,0.0
repeat,sample-0066.npz,13,action_readout,0.0,0.9999858140945435,0.0
repeat,sample-0066.npz,14,image_main,0.0,0.9999974966049194,0.0
repeat,sample-0066.npz,14,image_wrist,0.0,1.0000007152557373,0.0
repeat,sample-0066.npz,14,proprio,0.0,1.0000005960464478,0.0
repeat,sample-0066.npz,14,text,0.0,1.000002145767212,0.0
repeat,sample-0066.npz,14,action_readout,0.0,0.999986469745636,0.0
repeat,sample-0066.npz,15,image_main,0.0,0.9999982118606567,0.0
repeat,sample-0066.npz,15,image_wrist,0.0,1.000001311302185,0.0
repeat,sample-0066.npz,15,proprio,0.0,1.0000005960464478,0.0
repeat,sample-0066.npz,15,text,0.0,1.0000016689300537,0.0
repeat,sample-0066.npz,15,action_readout,0.0,0.999987781047821,0.0
repeat,sample-0066.npz,16,image_main,0.0,0.9999983310699463,0.0
repeat,sample-0066.npz,16,image_wrist,0.0,1.000001311302185,0.0
repeat,sample-0066.npz,16,proprio,0.0,1.0000007152557373,0.0
repeat,sample-0066.npz,16,text,0.0,1.0000008344650269,0.0
repeat,sample-0066.npz,16,action_readout,0.0,0.9999902844429016,0.0
repeat,sample-0066.npz,17,image_main,0.0,0.9999979734420776,0.0
repeat,sample-0066.npz,17,image_wrist,0.0,1.0000025033950806,0.0
repeat,sample-0066.npz,17,proprio,0.0,1.0000005960464478,0.0
repeat,sample-0066.npz,17,text,0.0,1.0000026226043701,0.0
repeat,sample-0066.npz,17,action_readout,0.0,0.9999849796295166,0.0
repeat,sample-0066.npz,18,image_main,0.0,0.9999986886978149,0.0
repeat,sample-0066.npz,18,image_wrist,0.0,1.0000016689300537,0.0
repeat,sample-0066.npz,18,proprio,0.0,1.0000007152557373,0.0
repeat,sample-0066.npz,18,text,0.0,1.0000028610229492,0.0
repeat,sample-0066.npz,18,action_readout,0.0,0.9999839067459106,0.0
repeat,sample-0066.npz,19,image_main,0.0,0.9999992847442627,0.0
repeat,sample-0066.npz,19,image_wrist,0.0,1.000003457069397,0.0
repeat,sample-0066.npz,19,proprio,0.0,1.0000007152557373,0.0
repeat,sample-0066.npz,19,text,0.0,1.0000054836273193,0.0
repeat,sample-0066.npz,19,action_readout,0.0,0.9999852180480957,0.0
repeat,sample-0066.npz,20,image_main,0.0,0.9999992847442627,0.0
repeat,sample-0066.npz,20,image_wrist,0.0,1.0000038146972656,0.0
repeat,sample-0066.npz,20,proprio,0.0,1.0000004768371582,0.0
repeat,sample-0066.npz,20,text,0.0,1.0000052452087402,0.0
repeat,sample-0066.npz,20,action_readout,0.0,0.9999886751174927,0.0
repeat,sample-0066.npz,21,image_main,0.0,1.0000004768371582,0.0
repeat,sample-0066.npz,21,image_wrist,0.0,1.0000030994415283,0.0
repeat,sample-0066.npz,21,proprio,0.0,1.0000004768371582,0.0
repeat,sample-0066.npz,21,text,0.0,1.0000042915344238,0.0
repeat,sample-0066.npz,21,action_readout,0.0,0.999988853931427,0.0
repeat,sample-0066.npz,22,image_main,0.0,1.000001311302185,0.0
repeat,sample-0066.npz,22,image_wrist,0.0,1.0000019073486328,0.0
repeat,sample-0066.npz,22,proprio,0.0,1.0000007152557373,0.0
repeat,sample-0066.npz,22,text,0.0,1.0000032186508179,0.0
repeat,sample-0066.npz,22,action_readout,0.0,0.99998939037323,0.0
repeat,sample-0066.npz,23,image_main,0.0,1.000002384185791,0.0
repeat,sample-0066.npz,23,image_wrist,0.0,1.0000014305114746,0.0
repeat,sample-0066.npz,23,proprio,0.0,1.0000007152557373,0.0
repeat,sample-0066.npz,23,text,0.0,1.0000028610229492,0.0
repeat,sample-0066.npz,23,action_readout,0.0,0.9999889135360718,0.0
repeat,sample-0066.npz,24,image_main,0.0,1.0000003576278687,0.0
repeat,sample-0066.npz,24,image_wrist,0.0,1.0000004768371582,0.0
repeat,sample-0066.npz,24,proprio,0.0,1.0000005960464478,0.0
repeat,sample-0066.npz,24,text,0.0,0.9999992251396179,0.0
repeat,sample-0066.npz,24,action_readout,0.0,0.9999830722808838,0.0
repeat,sample-0066.npz,25,image_main,0.0,1.0000007152557373,0.0
repeat,sample-0066.npz,25,image_wrist,0.0,1.0000007152557373,0.0
repeat,sample-0066.npz,25,proprio,0.0,1.0000005960464478,0.0
repeat,sample-0066.npz,25,text,0.0,0.9999988079071045,0.0
repeat,sample-0066.npz,25,action_readout,0.0,0.999984622001648,0.0
repeat,sample-0066.npz,26,image_main,0.0,0.9999976754188538,0.0
repeat,sample-0066.npz,26,image_wrist,0.0,0.9999980330467224,0.0
repeat,sample-0066.npz,26,proprio,0.0,1.0000007152557373,0.0
repeat,sample-0066.npz,26,text,0.0,0.9999982118606567,0.0
repeat,sample-0066.npz,26,action_readout,0.0,0.9999876022338867,0.0
repeat,sample-0066.npz,27,image_main,0.0,0.9999972581863403,0.0
repeat,sample-0066.npz,27,image_wrist,0.0,0.9999996423721313,0.0
repeat,sample-0066.npz,27,proprio,0.0,1.0000007152557373,0.0
repeat,sample-0066.npz,27,text,0.0,0.9999994039535522,0.0
repeat,sample-0066.npz,27,action_readout,0.0,0.9999872446060181,0.0
repeat,sample-0066.npz,28,image_main,0.0,0.9999980926513672,0.0
repeat,sample-0066.npz,28,image_wrist,0.0,0.9999987483024597,0.0
repeat,sample-0066.npz,28,proprio,0.0,1.0000007152557373,0.0
repeat,sample-0066.npz,28,text,0.0,1.000001072883606,0.0
repeat,sample-0066.npz,28,action_readout,0.0,0.9999843835830688,0.0
repeat,sample-0066.npz,29,image_main,0.0,0.9999973177909851,0.0
repeat,sample-0066.npz,29,image_wrist,0.0,0.9999993443489075,0.0
repeat,sample-0066.npz,29,proprio,0.0,1.0000007152557373,0.0
repeat,sample-0066.npz,29,text,0.0,0.9999990463256836,0.0
repeat,sample-0066.npz,29,action_readout,0.0,0.9999853372573853,0.0
repeat,sample-0066.npz,30,image_main,0.0,0.9999986290931702,0.0
repeat,sample-0066.npz,30,image_wrist,0.0,0.999998927116394,0.0
repeat,sample-0066.npz,30,proprio,0.0,1.0000007152557373,0.0
repeat,sample-0066.npz,30,text,0.0,0.9999984502792358,0.0
repeat,sample-0066.npz,30,action_readout,0.0,0.9999908804893494,0.0
repeat,sample-0066.npz,31,image_main,0.0,0.9999980330467224,0.0
repeat,sample-0066.npz,31,image_wrist,0.0,0.9999994039535522,0.0
repeat,sample-0066.npz,31,proprio,0.0,1.0000007152557373,0.0
repeat,sample-0066.npz,31,text,0.0,0.9999990463256836,0.0
repeat,sample-0066.npz,31,action_readout,0.0,0.9999833703041077,0.0
repeat,sample-0067.npz,0,image_main,0.0,1.0000019073486328,0.0
repeat,sample-0067.npz,0,image_wrist,0.0,1.0000041723251343,0.0
repeat,sample-0067.npz,0,proprio,0.0,1.0000008344650269,0.0
repeat,sample-0067.npz,0,text,0.0,0.999995768070221,0.0
repeat,sample-0067.npz,0,action_readout,0.0,1.000008463859558,0.0
repeat,sample-0067.npz,1,image_main,0.0,1.0000014305114746,0.0
repeat,sample-0067.npz,1,image_wrist,0.0,1.000004529953003,0.0
repeat,sample-0067.npz,1,proprio,0.0,1.0000005960464478,0.0
repeat,sample-0067.npz,1,text,0.0,0.999997615814209,0.0
repeat,sample-0067.npz,1,action_readout,0.0,0.9999908804893494,0.0
repeat,sample-0067.npz,2,image_main,0.0,1.0,0.0
repeat,sample-0067.npz,2,image_wrist,0.0,1.0000029802322388,0.0
repeat,sample-0067.npz,2,proprio,0.0,1.0000007152557373,0.0
repeat,sample-0067.npz,2,text,0.0,0.9999963045120239,0.0
repeat,sample-0067.npz,2,action_readout,0.0,0.9999911189079285,0.0
repeat,sample-0067.npz,3,image_main,0.0,0.9999992251396179,0.0
repeat,sample-0067.npz,3,image_wrist,0.0,1.0000038146972656,0.0
repeat,sample-0067.npz,3,proprio,0.0,1.0000009536743164,0.0
repeat,sample-0067.npz,3,text,0.0,0.9999973773956299,0.0
repeat,sample-0067.npz,3,action_readout,0.0,0.9999897480010986,0.0
repeat,sample-0067.npz,4,image_main,0.0,0.9999988079071045,0.0
repeat,sample-0067.npz,4,image_wrist,0.0,1.0000026226043701,0.0
repeat,sample-0067.npz,4,proprio,0.0,1.0000005960464478,0.0
repeat,sample-0067.npz,4,text,0.0,0.9999983310699463,0.0
repeat,sample-0067.npz,4,action_readout,0.0,0.9999901056289673,0.0
repeat,sample-0067.npz,5,image_main,0.0,0.9999994039535522,0.0
repeat,sample-0067.npz,5,image_wrist,0.0,1.0000026226043701,0.0
repeat,sample-0067.npz,5,proprio,0.0,1.0000009536743164,0.0
repeat,sample-0067.npz,5,text,0.0,0.9999971389770508,0.0
repeat,sample-0067.npz,5,action_readout,0.0,0.999990701675415,0.0
repeat,sample-0067.npz,6,image_main,0.0,0.9999982118606567,0.0
repeat,sample-0067.npz,6,image_wrist,0.0,1.0000035762786865,0.0
repeat,sample-0067.npz,6,proprio,0.0,1.0000008344650269,0.0
repeat,sample-0067.npz,6,text,0.0,0.9999991655349731,0.0
repeat,sample-0067.npz,6,action_readout,0.0,0.9999912977218628,0.0
repeat,sample-0067.npz,7,image_main,0.0,0.9999982118606567,0.0
repeat,sample-0067.npz,7,image_wrist,0.0,1.0000027418136597,0.0
repeat,sample-0067.npz,7,proprio,0.0,1.0000007152557373,0.0
repeat,sample-0067.npz,7,text,0.0,0.9999986886978149,0.0
repeat,sample-0067.npz,7,action_readout,0.0,0.9999914169311523,0.0
repeat,sample-0067.npz,8,image_main,0.0,0.9999978542327881,0.0
repeat,sample-0067.npz,8,image_wrist,0.0,1.0000028610229492,0.0
repeat,sample-0067.npz,8,proprio,0.0,1.0000008344650269,0.0
repeat,sample-0067.npz,8,text,0.0,0.9999967813491821,0.0
repeat,sample-0067.npz,8,action_readout,0.0,0.9999908804893494,0.0
repeat,sample-0067.npz,9,image_main,0.0,0.9999984502792358,0.0
repeat,sample-0067.npz,9,image_wrist,0.0,1.0000030994415283,0.0
repeat,sample-0067.npz,9,proprio,0.0,1.0000005960464478,0.0
repeat,sample-0067.npz,9,text,0.0,0.9999987483024597,0.0
repeat,sample-0067.npz,9,action_readout,0.0,0.9999910593032837,0.0
repeat,sample-0067.npz,10,image_main,0.0,0.9999971389770508,0.0
repeat,sample-0067.npz,10,image_wrist,0.0,1.0000029802322388,0.0
repeat,sample-0067.npz,10,proprio,0.0,1.0000008344650269,0.0
repeat,sample-0067.npz,10,text,0.0,0.9999977350234985,0.0
repeat,sample-0067.npz,10,action_readout,0.0,0.9999905228614807,0.0
repeat,sample-0067.npz,11,image_main,0.0,0.999997615814209,0.0
repeat,sample-0067.npz,11,image_wrist,0.0,1.0000022649765015,0.0
repeat,sample-0067.npz,11,proprio,0.0,1.0000009536743164,0.0
repeat,sample-0067.npz,11,text,0.0,0.9999974370002747,0.0
repeat,sample-0067.npz,11,action_readout,0.0,0.9999879002571106,0.0
repeat,sample-0067.npz,12,image_main,0.0,0.9999974966049194,0.0
repeat,sample-0067.npz,12,image_wrist,0.0,1.0000032186508179,0.0
repeat,sample-0067.npz,12,proprio,0.0,1.0000009536743164,0.0
repeat,sample-0067.npz,12,text,0.0,0.9999990463256836,0.0
repeat,sample-0067.npz,12,action_readout,0.0,0.9999843835830688,0.0
repeat,sample-0067.npz,13,image_main,0.0,0.9999985098838806,0.0
repeat,sample-0067.npz,13,image_wrist,0.0,1.0000026226043701,0.0
repeat,sample-0067.npz,13,proprio,0.0,1.0000009536743164,0.0
repeat,sample-0067.npz,13,text,0.0,0.9999995827674866,0.0
repeat,sample-0067.npz,13,action_readout,0.0,0.9999839067459106,0.0
repeat,sample-0067.npz,14,image_main,0.0,0.9999988675117493,0.0
repeat,sample-0067.npz,14,image_wrist,0.0,1.0000033378601074,0.0
repeat,sample-0067.npz,14,proprio,0.0,1.0000005960464478,0.0
repeat,sample-0067.npz,14,text,0.0,1.0000014305114746,0.0
repeat,sample-0067.npz,14,action_readout,0.0,0.9999842643737793,0.0
repeat,sample-0067.npz,15,image_main,0.0,0.9999977350234985,0.0
repeat,sample-0067.npz,15,image_wrist,0.0,1.0000014305114746,0.0
repeat,sample-0067.npz,15,proprio,0.0,1.0000009536743164,0.0
repeat,sample-0067.npz,15,text,0.0,1.000001311302185,0.0
repeat,sample-0067.npz,15,action_readout,0.0,0.9999903440475464,0.0
repeat,sample-0067.npz,16,image_main,0.0,0.9999983310699463,0.0
repeat,sample-0067.npz,16,image_wrist,0.0,1.0000011920928955,0.0
repeat,sample-0067.npz,16,proprio,0.0,1.0000007152557373,0.0
repeat,sample-0067.npz,16,text,0.0,1.0000011920928955,0.0
repeat,sample-0067.npz,16,action_readout,0.0,0.9999892711639404,0.0
repeat,sample-0067.npz,17,image_main,0.0,0.9999982714653015,0.0
repeat,sample-0067.npz,17,image_wrist,0.0,1.0000011920928955,0.0
repeat,sample-0067.npz,17,proprio,0.0,1.0000005960464478,0.0
repeat,sample-0067.npz,17,text,0.0,1.000002145767212,0.0
repeat,sample-0067.npz,17,action_readout,0.0,0.9999873638153076,0.0
repeat,sample-0067.npz,18,image_main,0.0,0.9999976754188538,0.0
repeat,sample-0067.npz,18,image_wrist,0.0,1.0000008344650269,0.0
repeat,sample-0067.npz,18,proprio,0.0,1.0000008344650269,0.0
repeat,sample-0067.npz,18,text,0.0,1.000004529953003,0.0
repeat,sample-0067.npz,18,action_readout,0.0,0.9999863505363464,0.0
repeat,sample-0067.npz,19,image_main,0.0,0.9999996423721313,0.0
repeat,sample-0067.npz,19,image_wrist,0.0,1.0000025033950806,0.0
repeat,sample-0067.npz,19,proprio,0.0,1.0000009536743164,0.0
repeat,sample-0067.npz,19,text,0.0,1.0000048875808716,0.0
repeat,sample-0067.npz,19,action_readout,0.0,0.9999887943267822,0.0
repeat,sample-0067.npz,20,image_main,0.0,0.9999998807907104,0.0
repeat,sample-0067.npz,20,image_wrist,0.0,1.0000038146972656,0.0
repeat,sample-0067.npz,20,proprio,0.0,1.0000005960464478,0.0
repeat,sample-0067.npz,20,text,0.0,1.0000040531158447,0.0
repeat,sample-0067.npz,20,action_readout,0.0,0.9999903440475464,0.0
repeat,sample-0067.npz,21,image_main,0.0,1.0000007152557373,0.0
repeat,sample-0067.npz,21,image_wrist,0.0,1.0000035762786865,0.0
repeat,sample-0067.npz,21,proprio,0.0,1.000001072883606,0.0
repeat,sample-0067.npz,21,text,0.0,1.0000035762786865,0.0
repeat,sample-0067.npz,21,action_readout,0.0,0.9999902844429016,0.0
repeat,sample-0067.npz,22,image_main,0.0,1.0000027418136597,0.0
repeat,sample-0067.npz,22,image_wrist,0.0,1.0000027418136597,0.0
repeat,sample-0067.npz,22,proprio,0.0,1.0000007152557373,0.0
repeat,sample-0067.npz,22,text,0.0,1.0000016689300537,0.0
repeat,sample-0067.npz,22,action_readout,0.0,0.9999921321868896,0.0
repeat,sample-0067.npz,23,image_main,0.0,1.000002384185791,0.0
repeat,sample-0067.npz,23,image_wrist,0.0,1.0000025033950806,0.0
repeat,sample-0067.npz,23,proprio,0.0,1.0000008344650269,0.0
repeat,sample-0067.npz,23,text,0.0,1.0000020265579224,0.0
repeat,sample-0067.npz,23,action_readout,0.0,0.9999896287918091,0.0
repeat,sample-0067.npz,24,image_main,0.0,1.0000014305114746,0.0
repeat,sample-0067.npz,24,image_wrist,0.0,1.0000017881393433,0.0
repeat,sample-0067.npz,24,proprio,0.0,1.0000011920928955,0.0
repeat,sample-0067.npz,24,text,0.0,1.000001311302185,0.0
repeat,sample-0067.npz,24,action_readout,0.0,0.9999856948852539,0.0
repeat,sample-0067.npz,25,image_main,0.0,1.000001072883606,0.0
repeat,sample-0067.npz,25,image_wrist,0.0,1.0000019073486328,0.0
repeat,sample-0067.npz,25,proprio,0.0,1.0000007152557373,0.0
repeat,sample-0067.npz,25,text,0.0,1.0000014305114746,0.0
repeat,sample-0067.npz,25,action_readout,0.0,0.9999849200248718,0.0
repeat,sample-0067.npz,26,image_main,0.0,1.000000238418579,0.0
repeat,sample-0067.npz,26,image_wrist,0.0,1.0000004768371582,0.0
repeat,sample-0067.npz,26,proprio,0.0,1.0000011920928955,0.0
repeat,sample-0067.npz,26,text,0.0,1.0000005960464478,0.0
repeat,sample-0067.npz,26,action_readout,0.0,0.9999836683273315,0.0
repeat,sample-0067.npz,27,image_main,0.0,0.9999998211860657,0.0
repeat,sample-0067.npz,27,image_wrist,0.0,0.9999994039535522,0.0
repeat,sample-0067.npz,27,proprio,0.0,1.0000007152557373,0.0
repeat,sample-0067.npz,27,text,0.0,0.9999997615814209,0.0
repeat,sample-0067.npz,27,action_readout,0.0,0.9999832510948181,0.0
repeat,sample-0067.npz,28,image_main,0.0,0.9999983906745911,0.0
repeat,sample-0067.npz,28,image_wrist,0.0,0.9999994039535522,0.0
repeat,sample-0067.npz,28,proprio,0.0,1.0000007152557373,0.0
repeat,sample-0067.npz,28,text,0.0,1.0000008344650269,0.0
repeat,sample-0067.npz,28,action_readout,0.0,0.999982476234436,0.0
repeat,sample-0067.npz,29,image_main,0.0,0.9999985694885254,0.0
repeat,sample-0067.npz,29,image_wrist,0.0,1.0000009536743164,0.0
repeat,sample-0067.npz,29,proprio,0.0,1.000001072883606,0.0
repeat,sample-0067.npz,29,text,0.0,1.0000005960464478,0.0
repeat,sample-0067.npz,29,action_readout,0.0,0.9999860525131226,0.0
repeat,sample-0067.npz,30,image_main,0.0,0.9999980926513672,0.0
repeat,sample-0067.npz,30,image_wrist,0.0,1.0000005960464478,0.0
repeat,sample-0067.npz,30,proprio,0.0,1.0000009536743164,0.0
repeat,sample-0067.npz,30,text,0.0,1.0000009536743164,0.0
repeat,sample-0067.npz,30,action_readout,0.0,0.9999900460243225,0.0
repeat,sample-0067.npz,31,image_main,0.0,0.9999979734420776,0.0
repeat,sample-0067.npz,31,image_wrist,0.0,0.9999971389770508,0.0
repeat,sample-0067.npz,31,proprio,0.0,1.0000008344650269,0.0
repeat,sample-0067.npz,31,text,0.0,0.9999977350234985,0.0
repeat,sample-0067.npz,31,action_readout,0.0,0.9999902248382568,0.0
repeat,sample-0068.npz,0,image_main,0.0,1.0,0.0
repeat,sample-0068.npz,0,image_wrist,0.0,0.9999990463256836,0.0
repeat,sample-0068.npz,0,proprio,0.0,1.0000004768371582,0.0
repeat,sample-0068.npz,0,text,0.0,0.9999985098838806,0.0
repeat,sample-0068.npz,0,action_readout,0.0,0.9999887943267822,0.0
repeat,sample-0068.npz,1,image_main,0.0,1.0000009536743164,0.0
repeat,sample-0068.npz,1,image_wrist,0.0,0.9999997615814209,0.0
repeat,sample-0068.npz,1,proprio,0.0,1.0000007152557373,0.0
repeat,sample-0068.npz,1,text,0.0,1.0000009536743164,0.0
repeat,sample-0068.npz,1,action_readout,0.0,0.9999895095825195,0.0
repeat,sample-0068.npz,2,image_main,0.0,1.000000238418579,0.0
repeat,sample-0068.npz,2,image_wrist,0.0,0.9999997615814209,0.0
repeat,sample-0068.npz,2,proprio,0.0,1.0000005960464478,0.0
repeat,sample-0068.npz,2,text,0.0,1.0000009536743164,0.0
repeat,sample-0068.npz,2,action_readout,0.0,0.9999878406524658,0.0
repeat,sample-0068.npz,3,image_main,0.0,1.0000004768371582,0.0
repeat,sample-0068.npz,3,image_wrist,0.0,0.9999995231628418,0.0
repeat,sample-0068.npz,3,proprio,0.0,1.0000007152557373,0.0
repeat,sample-0068.npz,3,text,0.0,1.000001072883606,0.0
repeat,sample-0068.npz,3,action_readout,0.0,0.9999850392341614,0.0
repeat,sample-0068.npz,4,image_main,0.0,1.0,0.0
repeat,sample-0068.npz,4,image_wrist,0.0,1.0000007152557373,0.0
repeat,sample-0068.npz,4,proprio,0.0,1.0000005960464478,0.0
repeat,sample-0068.npz,4,text,0.0,1.0000011920928955,0.0
repeat,sample-0068.npz,4,action_readout,0.0,0.9999859929084778,0.0
repeat,sample-0068.npz,5,image_main,0.0,1.0000007152557373,0.0
repeat,sample-0068.npz,5,image_wrist,0.0,1.0000001192092896,0.0
repeat,sample-0068.npz,5,proprio,0.0,1.0000007152557373,0.0
repeat,sample-0068.npz,5,text,0.0,1.0000007152557373,0.0
repeat,sample-0068.npz,5,action_readout,0.0,0.9999836683273315,0.0
repeat,sample-0068.npz,6,image_main,0.0,1.000000238418579,0.0
repeat,sample-0068.npz,6,image_wrist,0.0,0.9999994039535522,0.0
repeat,sample-0068.npz,6,proprio,0.0,1.0000008344650269,0.0
repeat,sample-0068.npz,6,text,0.0,1.0000011920928955,0.0
repeat,sample-0068.npz,6,action_readout,0.0,0.9999852180480957,0.0
repeat,sample-0068.npz,7,image_main,0.0,0.9999990463256836,0.0
repeat,sample-0068.npz,7,image_wrist,0.0,1.0000007152557373,0.0
repeat,sample-0068.npz,7,proprio,0.0,1.0000007152557373,0.0
repeat,sample-0068.npz,7,text,0.0,1.000001072883606,0.0
repeat,sample-0068.npz,7,action_readout,0.0,0.9999843835830688,0.0
repeat,sample-0068.npz,8,image_main,0.0,1.000000238418579,0.0
repeat,sample-0068.npz,8,image_wrist,0.0,0.9999998807907104,0.0
repeat,sample-0068.npz,8,proprio,0.0,1.0000009536743164,0.0
repeat,sample-0068.npz,8,text,0.0,1.0000014305114746,0.0
repeat,sample-0068.npz,8,action_readout,0.0,0.9999842047691345,0.0
repeat,sample-0068.npz,9,image_main,0.0,1.0000004768371582,0.0
repeat,sample-0068.npz,9,image_wrist,0.0,1.0000008344650269,0.0
repeat,sample-0068.npz,9,proprio,0.0,1.0000009536743164,0.0
repeat,sample-0068.npz,9,text,0.0,1.0000011920928955,0.0
repeat,sample-0068.npz,9,action_readout,0.0,0.9999880790710449,0.0
repeat,sample-0068.npz,10,image_main,0.0,1.0000015497207642,0.0
repeat,sample-0068.npz,10,image_wrist,0.0,1.0000009536743164,0.0
repeat,sample-0068.npz,10,proprio,0.0,1.0000008344650269,0.0
repeat,sample-0068.npz,10,text,0.0,1.0000007152557373,0.0
repeat,sample-0068.npz,10,action_readout,0.0,0.9999887943267822,0.0
repeat,sample-0068.npz,11,image_main,0.0,1.0000009536743164,0.0
repeat,sample-0068.npz,11,image_wrist,0.0,1.0000011920928955,0.0
repeat,sample-0068.npz,11,proprio,0.0,1.0000005960464478,0.0
repeat,sample-0068.npz,11,text,0.0,1.0000008344650269,0.0
repeat,sample-0068.npz,11,action_readout,0.0,0.9999897480010986,0.0
repeat,sample-0068.npz,12,image_main,0.0,0.9999997615814209,0.0
repeat,sample-0068.npz,12,image_wrist,0.0,1.000001072883606,0.0
repeat,sample-0068.npz,12,proprio,0.0,1.0000008344650269,0.0
repeat,sample-0068.npz,12,text,0.0,1.000001072883606,0.0
repeat,sample-0068.npz,12,action_readout,0.0,0.9999877214431763,0.0
repeat,sample-0068.npz,13,image_main,0.0,1.0000019073486328,0.0
repeat,sample-0068.npz,13,image_wrist,0.0,1.0000014305114746,0.0
repeat,sample-0068.npz,13,proprio,0.0,1.0000008344650269,0.0
repeat,sample-0068.npz,13,text,0.0,1.0000014305114746,0.0
repeat,sample-0068.npz,13,action_readout,0.0,0.9999852180480957,0.0
repeat,sample-0068.npz,14,image_main,0.0,1.0000019073486328,0.0
repeat,sample-0068.npz,14,image_wrist,0.0,1.0000011920928955,0.0
repeat,sample-0068.npz,14,proprio,0.0,1.0000007152557373,0.0
repeat,sample-0068.npz,14,text,0.0,1.0000016689300537,0.0
repeat,sample-0068.npz,14,action_readout,0.0,0.9999862313270569,0.0
repeat,sample-0068.npz,15,image_main,0.0,1.0000007152557373,0.0
repeat,sample-0068.npz,15,image_wrist,0.0,1.000002145767212,0.0
repeat,sample-0068.npz,15,proprio,0.0,1.0000008344650269,0.0
repeat,sample-0068.npz,15,text,0.0,1.0000019073486328,0.0
repeat,sample-0068.npz,15,action_readout,0.0,0.9999856352806091,0.0
repeat,sample-0068.npz,16,image_main,0.0,1.0000008344650269,0.0
repeat,sample-0068.npz,16,image_wrist,0.0,1.0000005960464478,0.0
repeat,sample-0068.npz,16,proprio,0.0,1.0000008344650269,0.0
repeat,sample-0068.npz,16,text,0.0,1.0000017881393433,0.0
repeat,sample-0068.npz,16,action_readout,0.0,0.9999856948852539,0.0
repeat,sample-0068.npz,17,image_main,0.0,1.0000011920928955,0.0
repeat,sample-0068.npz,17,image_wrist,0.0,1.0,0.0
repeat,sample-0068.npz,17,proprio,0.0,1.0000007152557373,0.0
repeat,sample-0068.npz,17,text,0.0,1.0000019073486328,0.0
repeat,sample-0068.npz,17,action_readout,0.0,0.9999868869781494,0.0
repeat,sample-0068.npz,18,image_main,0.0,1.0000004768371582,0.0
repeat,sample-0068.npz,18,image_wrist,0.0,1.000001311302185,0.0
repeat,sample-0068.npz,18,proprio,0.0,1.0000007152557373,0.0
repeat,sample-0068.npz,18,text,0.0,1.0000020265579224,0.0
repeat,sample-0068.npz,18,action_readout,0.0,0.9999871253967285,0.0
repeat,sample-0068.npz,19,image_main,0.0,1.0000004768371582,0.0
repeat,sample-0068.npz,19,image_wrist,0.0,1.0000019073486328,0.0
repeat,sample-0068.npz,19,proprio,0.0,1.0000009536743164,0.0
repeat,sample-0068.npz,19,text,0.0,1.0000022649765015,0.0
repeat,sample-0068.npz,19,action_readout,0.0,0.9999887347221375,0.0
repeat,sample-0068.npz,20,image_main,0.0,1.000002145767212,0.0
repeat,sample-0068.npz,20,image_wrist,0.0,1.0000016689300537,0.0
repeat,sample-0068.npz,20,proprio,0.0,1.0000009536743164,0.0
repeat,sample-0068.npz,20,text,0.0,1.0000026226043701,0.0
repeat,sample-0068.npz,20,action_readout,0.0,0.9999915957450867,0.0
repeat,sample-0068.npz,21,image_main,0.0,1.0000020265579224,0.0
repeat,sample-0068.npz,21,image_wrist,0.0,1.0000027418136597,0.0
repeat,sample-0068.npz,21,proprio,0.0,1.0000007152557373,0.0
repeat,sample-0068.npz,21,text,0.0,1.000003457069397,0.0
repeat,sample-0068.npz,21,action_readout,0.0,0.9999940395355225,0.0
repeat,sample-0068.npz,22,image_main,0.0,1.0000028610229492,0.0
repeat,sample-0068.npz,22,image_wrist,0.0,1.0000014305114746,0.0
repeat,sample-0068.npz,22,proprio,0.0,1.0000005960464478,0.0
repeat,sample-0068.npz,22,text,0.0,1.0000039339065552,0.0
repeat,sample-0068.npz,22,action_readout,0.0,0.9999852776527405,0.0
repeat,sample-0068.npz,23,image_main,0.0,1.0000028610229492,0.0
repeat,sample-0068.npz,23,image_wrist,0.0,0.9999998807907104,0.0
repeat,sample-0068.npz,23,proprio,0.0,1.0000008344650269,0.0
repeat,sample-0068.npz,23,text,0.0,1.000003695487976,0.0
repeat,sample-0068.npz,23,action_readout,0.0,0.9999837875366211,0.0
repeat,sample-0068.npz,24,image_main,0.0,1.0000016689300537,0.0
repeat,sample-0068.npz,24,image_wrist,0.0,0.9999994039535522,0.0
repeat,sample-0068.npz,24,proprio,0.0,1.0000007152557373,0.0
repeat,sample-0068.npz,24,text,0.0,1.0000038146972656,0.0
repeat,sample-0068.npz,24,action_readout,0.0,0.9999853372573853,0.0
repeat,sample-0068.npz,25,image_main,0.0,1.000000238418579,0.0
repeat,sample-0068.npz,25,image_wrist,0.0,1.0000004768371582,0.0
repeat,sample-0068.npz,25,proprio,0.0,1.0000007152557373,0.0
repeat,sample-0068.npz,25,text,0.0,1.0000038146972656,0.0
repeat,sample-0068.npz,25,action_readout,0.0,0.9999921321868896,0.0
repeat,sample-0068.npz,26,image_main,0.0,1.0000004768371582,0.0
repeat,sample-0068.npz,26,image_wrist,0.0,1.0000004768371582,0.0
repeat,sample-0068.npz,26,proprio,0.0,1.0000008344650269,0.0
repeat,sample-0068.npz,26,text,0.0,1.0000041723251343,0.0
repeat,sample-0068.npz,26,action_readout,0.0,0.9999929070472717,0.0
repeat,sample-0068.npz,27,image_main,0.0,1.0000004768371582,0.0
repeat,sample-0068.npz,27,image_wrist,0.0,1.000001311302185,0.0
repeat,sample-0068.npz,27,proprio,0.0,1.0000005960464478,0.0
repeat,sample-0068.npz,27,text,0.0,1.0000032186508179,0.0
repeat,sample-0068.npz,27,action_readout,0.0,0.9999867081642151,0.0
repeat,sample-0068.npz,28,image_main,0.0,1.0000004768371582,0.0
repeat,sample-0068.npz,28,image_wrist,0.0,1.0000011920928955,0.0
repeat,sample-0068.npz,28,proprio,0.0,1.0000008344650269,0.0
repeat,sample-0068.npz,28,text,0.0,1.0000033378601074,0.0
repeat,sample-0068.npz,28,action_readout,0.0,0.9999843239784241,0.0
repeat,sample-0068.npz,29,image_main,0.0,1.0000029802322388,0.0
repeat,sample-0068.npz,29,image_wrist,0.0,1.0000016689300537,0.0
repeat,sample-0068.npz,29,proprio,0.0,1.0000009536743164,0.0
repeat,sample-0068.npz,29,text,0.0,1.0000035762786865,0.0
repeat,sample-0068.npz,29,action_readout,0.0,0.999982476234436,0.0
repeat,sample-0068.npz,30,image_main,0.0,1.0000011920928955,0.0
repeat,sample-0068.npz,30,image_wrist,0.0,1.0000004768371582,0.0
repeat,sample-0068.npz,30,proprio,0.0,1.0000008344650269,0.0
repeat,sample-0068.npz,30,text,0.0,1.0000026226043701,0.0
repeat,sample-0068.npz,30,action_readout,0.0,0.9999880194664001,0.0
repeat,sample-0068.npz,31,image_main,0.0,0.9999980330467224,0.0
repeat,sample-0068.npz,31,image_wrist,0.0,0.999998927116394,0.0
repeat,sample-0068.npz,31,proprio,0.0,1.0000007152557373,0.0
repeat,sample-0068.npz,31,text,0.0,1.0000027418136597,0.0
repeat,sample-0068.npz,31,action_readout,0.0,0.9999846816062927,0.0
repeat,sample-0069.npz,0,image_main,0.0,1.0000011920928955,0.0
repeat,sample-0069.npz,0,image_wrist,0.0,1.000003695487976,0.0
repeat,sample-0069.npz,0,proprio,0.0,1.0000011920928955,0.0
repeat,sample-0069.npz,0,text,0.0,0.9999984502792358,0.0
repeat,sample-0069.npz,0,action_readout,0.0,1.0000100135803223,0.0
repeat,sample-0069.npz,1,image_main,0.0,1.0000007152557373,0.0
repeat,sample-0069.npz,1,image_wrist,0.0,1.0000028610229492,0.0
repeat,sample-0069.npz,1,proprio,0.0,1.0000007152557373,0.0
repeat,sample-0069.npz,1,text,0.0,1.0000008344650269,0.0
repeat,sample-0069.npz,1,action_readout,0.0,0.9999895095825195,0.0
repeat,sample-0069.npz,2,image_main,0.0,0.9999986290931702,0.0
repeat,sample-0069.npz,2,image_wrist,0.0,1.0000007152557373,0.0
repeat,sample-0069.npz,2,proprio,0.0,1.0000004768371582,0.0
repeat,sample-0069.npz,2,text,0.0,1.000001072883606,0.0
repeat,sample-0069.npz,2,action_readout,0.0,0.9999893307685852,0.0
repeat,sample-0069.npz,3,image_main,0.0,0.9999982118606567,0.0
repeat,sample-0069.npz,3,image_wrist,0.0,1.0000020265579224,0.0
repeat,sample-0069.npz,3,proprio,0.0,1.0000005960464478,0.0
repeat,sample-0069.npz,3,text,0.0,1.0000011920928955,0.0
repeat,sample-0069.npz,3,action_readout,0.0,0.9999942779541016,0.0
repeat,sample-0069.npz,4,image_main,0.0,0.9999986290931702,0.0
repeat,sample-0069.npz,4,image_wrist,0.0,1.0000011920928955,0.0
repeat,sample-0069.npz,4,proprio,0.0,1.0000003576278687,0.0
repeat,sample-0069.npz,4,text,0.0,1.0000005960464478,0.0
repeat,sample-0069.npz,4,action_readout,0.0,0.9999958872795105,0.0
repeat,sample-0069.npz,5,image_main,0.0,0.9999978542327881,0.0
repeat,sample-0069.npz,5,image_wrist,0.0,1.0000022649765015,0.0
repeat,sample-0069.npz,5,proprio,0.0,1.0000007152557373,0.0
repeat,sample-0069.npz,5,text,0.0,1.0000005960464478,0.0
repeat,sample-0069.npz,5,action_readout,0.0,0.9999889731407166,0.0
repeat,sample-0069.npz,6,image_main,0.0,0.9999990463256836,0.0
repeat,sample-0069.npz,6,image_wrist,0.0,1.000000238418579,0.0
repeat,sample-0069.npz,6,proprio,0.0,1.0,0.0
repeat,sample-0069.npz,6,text,0.0,1.0000005960464478,0.0
repeat,sample-0069.npz,6,action_readout,0.0,0.9999901056289673,0.0
repeat,sample-0069.npz,7,image_main,0.0,0.9999986886978149,0.0
repeat,sample-0069.npz,7,image_wrist,0.0,1.0000009536743164,0.0
repeat,sample-0069.npz,7,proprio,0.0,1.0000007152557373,0.0
repeat,sample-0069.npz,7,text,0.0,1.0000005960464478,0.0
repeat,sample-0069.npz,7,action_readout,0.0,0.9999887347221375,0.0
repeat,sample-0069.npz,8,image_main,0.0,0.9999989867210388,0.0
repeat,sample-0069.npz,8,image_wrist,0.0,1.0000017881393433,0.0
repeat,sample-0069.npz,8,proprio,0.0,1.0000005960464478,0.0
repeat,sample-0069.npz,8,text,0.0,1.0000005960464478,0.0
repeat,sample-0069.npz,8,action_readout,0.0,0.9999932050704956,0.0
repeat,sample-0069.npz,9,image_main,0.0,0.9999993443489075,0.0
repeat,sample-0069.npz,9,image_wrist,0.0,1.0000014305114746,0.0
repeat,sample-0069.npz,9,proprio,0.0,1.0000003576278687,0.0
repeat,sample-0069.npz,9,text,0.0,1.0000008344650269,0.0
repeat,sample-0069.npz,9,action_readout,0.0,0.9999873638153076,0.0
repeat,sample-0069.npz,10,image_main,0.0,0.999998927116394,0.0
repeat,sample-0069.npz,10,image_wrist,0.0,1.0000016689300537,0.0
repeat,sample-0069.npz,10,proprio,0.0,1.0000007152557373,0.0
repeat,sample-0069.npz,10,text,0.0,1.0000009536743164,0.0
repeat,sample-0069.npz,10,action_readout,0.0,0.9999852776527405,0.0
repeat,sample-0069.npz,11,image_main,0.0,0.9999989867210388,0.0
repeat,sample-0069.npz,11,image_wrist,0.0,1.0000014305114746,0.0
repeat,sample-0069.npz,11,proprio,0.0,1.0000008344650269,0.0
repeat,sample-0069.npz,11,text,0.0,1.0000007152557373,0.0
repeat,sample-0069.npz,11,action_readout,0.0,0.9999878406524658,0.0
repeat,sample-0069.npz,12,image_main,0.0,0.9999985098838806,0.0
repeat,sample-0069.npz,12,image_wrist,0.0,1.0000014305114746,0.0
repeat,sample-0069.npz,12,proprio,0.0,1.000001072883606,0.0
repeat,sample-0069.npz,12,text,0.0,1.0000011920928955,0.0
repeat,sample-0069.npz,12,action_readout,0.0,0.9999846816062927,0.0
repeat,sample-0069.npz,13,image_main,0.0,0.9999985694885254,0.0
repeat,sample-0069.npz,13,image_wrist,0.0,1.0000008344650269,0.0
repeat,sample-0069.npz,13,proprio,0.0,1.0000004768371582,0.0
repeat,sample-0069.npz,13,text,0.0,1.000001311302185,0.0
repeat,sample-0069.npz,13,action_readout,0.0,0.9999828338623047,0.0
repeat,sample-0069.npz,14,image_main,0.0,0.9999997615814209,0.0
repeat,sample-0069.npz,14,image_wrist,0.0,1.0000009536743164,0.0
repeat,sample-0069.npz,14,proprio,0.0,1.000000238418579,0.0
repeat,sample-0069.npz,14,text,0.0,1.0000017881393433,0.0
repeat,sample-0069.npz,14,action_readout,0.0,0.9999898672103882,0.0
repeat,sample-0069.npz,15,image_main,0.0,0.9999991059303284,0.0
repeat,sample-0069.npz,15,image_wrist,0.0,1.0,0.0
repeat,sample-0069.npz,15,proprio,0.0,1.0000004768371582,0.0
repeat,sample-0069.npz,15,text,0.0,1.0000015497207642,0.0
repeat,sample-0069.npz,15,action_readout,0.0,0.9999889731407166,0.0
repeat,sample-0069.npz,16,image_main,0.0,0.9999990463256836,0.0
repeat,sample-0069.npz,16,image_wrist,0.0,0.9999991059303284,0.0
repeat,sample-0069.npz,16,proprio,0.0,1.0000004768371582,0.0
repeat,sample-0069.npz,16,text,0.0,1.0000016689300537,0.0
repeat,sample-0069.npz,16,action_readout,0.0,0.9999873638153076,0.0
repeat,sample-0069.npz,17,image_main,0.0,0.9999991655349731,0.0
repeat,sample-0069.npz,17,image_wrist,0.0,1.0000007152557373,0.0
repeat,sample-0069.npz,17,proprio,0.0,1.0000009536743164,0.0
repeat,sample-0069.npz,17,text,0.0,1.0000016689300537,0.0
repeat,sample-0069.npz,17,action_readout,0.0,0.9999867677688599,0.0
repeat,sample-0069.npz,18,image_main,0.0,1.0000004768371582,0.0
repeat,sample-0069.npz,18,image_wrist,0.0,1.0000011920928955,0.0
repeat,sample-0069.npz,18,proprio,0.0,1.0000005960464478,0.0
repeat,sample-0069.npz,18,text,0.0,1.0000014305114746,0.0
repeat,sample-0069.npz,18,action_readout,0.0,0.9999840259552002,0.0
repeat,sample-0069.npz,19,image_main,0.0,1.000000238418579,0.0
repeat,sample-0069.npz,19,image_wrist,0.0,1.0000025033950806,0.0
repeat,sample-0069.npz,19,proprio,0.0,1.0000004768371582,0.0
repeat,sample-0069.npz,19,text,0.0,1.0000017881393433,0.0
repeat,sample-0069.npz,19,action_readout,0.0,0.9999855160713196,0.0
repeat,sample-0069.npz,20,image_main,0.0,1.000001072883606,0.0
repeat,sample-0069.npz,20,image_wrist,0.0,1.000003457069397,0.0
repeat,sample-0069.npz,20,proprio,0.0,1.0000005960464478,0.0
repeat,sample-0069.npz,20,text,0.0,1.0000026226043701,0.0
repeat,sample-0069.npz,20,action_readout,0.0,0.9999909400939941,0.0
repeat,sample-0069.npz,21,image_main,0.0,1.0000015497207642,0.0
repeat,sample-0069.npz,21,image_wrist,0.0,1.000002145767212,0.0
repeat,sample-0069.npz,21,proprio,0.0,1.0000009536743164,0.0
repeat,sample-0069.npz,21,text,0.0,1.0000022649765015,0.0
repeat,sample-0069.npz,21,action_readout,0.0,0.9999884366989136,0.0
repeat,sample-0069.npz,22,image_main,0.0,1.0000026226043701,0.0
repeat,sample-0069.npz,22,image_wrist,0.0,1.0000028610229492,0.0
repeat,sample-0069.npz,22,proprio,0.0,1.0000005960464478,0.0
repeat,sample-0069.npz,22,text,0.0,1.000002384185791,0.0
repeat,sample-0069.npz,22,action_readout,0.0,0.9999934434890747,0.0
repeat,sample-0069.npz,23,image_main,0.0,1.0000030994415283,0.0
repeat,sample-0069.npz,23,image_wrist,0.0,1.0000028610229492,0.0
repeat,sample-0069.npz,23,proprio,0.0,1.0000007152557373,0.0
repeat,sample-0069.npz,23,text,0.0,1.0000028610229492,0.0
repeat,sample-0069.npz,23,action_readout,0.0,0.9999915957450867,0.0
repeat,sample-0069.npz,24,image_main,0.0,1.0000016689300537,0.0
repeat,sample-0069.npz,24,image_wrist,0.0,1.0000016689300537,0.0
repeat,sample-0069.npz,24,proprio,0.0,1.0000004768371582,0.0
repeat,sample-0069.npz,24,text,0.0,1.0000033378601074,0.0
repeat,sample-0069.npz,24,action_readout,0.0,0.999986469745636,0.0
repeat,sample-0069.npz,25,image_main,0.0,1.0000009536743164,0.0
repeat,sample-0069.npz,25,image_wrist,0.0,1.0000017881393433,0.0
repeat,sample-0069.npz,25,proprio,0.0,1.0000003576278687,0.0
repeat,sample-0069.npz,25,text,0.0,1.000003695487976,0.0
repeat,sample-0069.npz,25,action_readout,0.0,0.9999840259552002,0.0
repeat,sample-0069.npz,26,image_main,0.0,0.9999979734420776,0.0
repeat,sample-0069.npz,26,image_wrist,0.0,0.9999998807907104,0.0
repeat,sample-0069.npz,26,proprio,0.0,1.0000005960464478,0.0
repeat,sample-0069.npz,26,text,0.0,1.0000039339065552,0.0
repeat,sample-0069.npz,26,action_readout,0.0,0.9999831914901733,0.0
repeat,sample-0069.npz,27,image_main,0.0,0.999997615814209,0.0
repeat,sample-0069.npz,27,image_wrist,0.0,0.9999980926513672,0.0
repeat,sample-0069.npz,27,proprio,0.0,1.0000007152557373,0.0
repeat,sample-0069.npz,27,text,0.0,1.0000039339065552,0.0
repeat,sample-0069.npz,27,action_readout,0.0,0.9999834299087524,0.0
repeat,sample-0069.npz,28,image_main,0.0,0.9999976754188538,0.0
repeat,sample-0069.npz,28,image_wrist,0.0,0.9999995827674866,0.0
repeat,sample-0069.npz,28,proprio,0.0,1.000000238418579,0.0
repeat,sample-0069.npz,28,text,0.0,1.000003695487976,0.0
repeat,sample-0069.npz,28,action_readout,0.0,0.9999868869781494,0.0
repeat,sample-0069.npz,29,image_main,0.0,0.999998927116394,0.0
repeat,sample-0069.npz,29,image_wrist,0.0,0.9999992847442627,0.0
repeat,sample-0069.npz,29,proprio,0.0,1.0000001192092896,0.0
repeat,sample-0069.npz,29,text,0.0,1.0000035762786865,0.0
repeat,sample-0069.npz,29,action_readout,0.0,0.9999858140945435,0.0
repeat,sample-0069.npz,30,image_main,0.0,0.9999982714653015,0.0
repeat,sample-0069.npz,30,image_wrist,0.0,0.9999992847442627,0.0
repeat,sample-0069.npz,30,proprio,0.0,1.0000007152557373,0.0
repeat,sample-0069.npz,30,text,0.0,1.0000041723251343,0.0
repeat,sample-0069.npz,30,action_readout,0.0,0.9999898076057434,0.0
repeat,sample-0069.npz,31,image_main,0.0,0.9999990463256836,0.0
repeat,sample-0069.npz,31,image_wrist,0.0,0.9999966621398926,0.0
repeat,sample-0069.npz,31,proprio,0.0,1.0000008344650269,0.0
repeat,sample-0069.npz,31,text,0.0,1.0000035762786865,0.0
repeat,sample-0069.npz,31,action_readout,0.0,0.9999932646751404,0.0
repeat,sample-0070.npz,0,image_main,0.0,1.0000007152557373,0.0
repeat,sample-0070.npz,0,image_wrist,0.0,1.0000026226043701,0.0
repeat,sample-0070.npz,0,proprio,0.0,1.000001072883606,0.0
repeat,sample-0070.npz,0,text,0.0,0.9999988079071045,0.0
repeat,sample-0070.npz,0,action_readout,0.0,1.000000238418579,0.0
repeat,sample-0070.npz,1,image_main,0.0,1.000001072883606,0.0
repeat,sample-0070.npz,1,image_wrist,0.0,1.0000030994415283,0.0
repeat,sample-0070.npz,1,proprio,0.0,1.0000009536743164,0.0
repeat,sample-0070.npz,1,text,0.0,1.000001311302185,0.0
repeat,sample-0070.npz,1,action_readout,0.0,0.9999883770942688,0.0
repeat,sample-0070.npz,2,image_main,0.0,0.9999998211860657,0.0
repeat,sample-0070.npz,2,image_wrist,0.0,1.0000041723251343,0.0
repeat,sample-0070.npz,2,proprio,0.0,1.0000009536743164,0.0
repeat,sample-0070.npz,2,text,0.0,1.0000016689300537,0.0
repeat,sample-0070.npz,2,action_readout,0.0,0.9999908208847046,0.0
repeat,sample-0070.npz,3,image_main,0.0,1.0000009536743164,0.0
repeat,sample-0070.npz,3,image_wrist,0.0,1.0000051259994507,0.0
repeat,sample-0070.npz,3,proprio,0.0,1.000001072883606,0.0
repeat,sample-0070.npz,3,text,0.0,1.0000025033950806,0.0
repeat,sample-0070.npz,3,action_readout,0.0,0.9999947547912598,0.0
repeat,sample-0070.npz,4,image_main,0.0,1.0,0.0
repeat,sample-0070.npz,4,image_wrist,0.0,1.0000057220458984,0.0
repeat,sample-0070.npz,4,proprio,0.0,1.0000008344650269,0.0
repeat,sample-0070.npz,4,text,0.0,1.0000027418136597,0.0
repeat,sample-0070.npz,4,action_readout,0.0,0.9999931454658508,0.0
repeat,sample-0070.npz,5,image_main,0.0,1.0000004768371582,0.0
repeat,sample-0070.npz,5,image_wrist,0.0,1.0000052452087402,0.0
repeat,sample-0070.npz,5,proprio,0.0,1.0000009536743164,0.0
repeat,sample-0070.npz,5,text,0.0,1.0000025033950806,0.0
repeat,sample-0070.npz,5,action_readout,0.0,0.9999934434890747,0.0
repeat,sample-0070.npz,6,image_main,0.0,1.0,0.0
repeat,sample-0070.npz,6,image_wrist,0.0,1.0000052452087402,0.0
repeat,sample-0070.npz,6,proprio,0.0,1.0000009536743164,0.0
repeat,sample-0070.npz,6,text,0.0,1.0000019073486328,0.0
repeat,sample-0070.npz,6,action_readout,0.0,0.9999922513961792,0.0
repeat,sample-0070.npz,7,image_main,0.0,0.9999992847442627,0.0
repeat,sample-0070.npz,7,image_wrist,0.0,1.0000054836273193,0.0
repeat,sample-0070.npz,7,proprio,0.0,1.0000009536743164,0.0
repeat,sample-0070.npz,7,text,0.0,1.0000017881393433,0.0
repeat,sample-0070.npz,7,action_readout,0.0,0.9999901652336121,0.0
repeat,sample-0070.npz,8,image_main,0.0,0.9999992847442627,0.0
repeat,sample-0070.npz,8,image_wrist,0.0,1.0000042915344238,0.0
repeat,sample-0070.npz,8,proprio,0.0,1.000001072883606,0.0
repeat,sample-0070.npz,8,text,0.0,1.0000014305114746,0.0
repeat,sample-0070.npz,8,action_readout,0.0,0.9999901652336121,0.0
repeat,sample-0070.npz,9,image_main,0.0,0.9999991655349731,0.0
repeat,sample-0070.npz,9,image_wrist,0.0,1.0000053644180298,0.0
repeat,sample-0070.npz,9,proprio,0.0,1.0000008344650269,0.0
repeat,sample-0070.npz,9,text,0.0,1.0000017881393433,0.0
repeat,sample-0070.npz,9,action_readout,0.0,0.9999884963035583,0.0
repeat,sample-0070.npz,10,image_main,0.0,1.0000003576278687,0.0
repeat,sample-0070.npz,10,image_wrist,0.0,1.000003457069397,0.0
repeat,sample-0070.npz,10,proprio,0.0,1.000001072883606,0.0
repeat,sample-0070.npz,10,text,0.0,1.0000025033950806,0.0
repeat,sample-0070.npz,10,action_readout,0.0,0.9999883770942688,0.0
repeat,sample-0070.npz,11,image_main,0.0,1.0000009536743164,0.0
repeat,sample-0070.npz,11,image_wrist,0.0,1.0000026226043701,0.0
repeat,sample-0070.npz,11,proprio,0.0,1.0000008344650269,0.0
repeat,sample-0070.npz,11,text,0.0,1.0000025033950806,0.0
repeat,sample-0070.npz,11,action_readout,0.0,0.9999889135360718,0.0
repeat,sample-0070.npz,12,image_main,0.0,1.0,0.0
repeat,sample-0070.npz,12,image_wrist,0.0,1.0000020265579224,0.0
repeat,sample-0070.npz,12,proprio,0.0,1.0000011920928955,0.0
repeat,sample-0070.npz,12,text,0.0,1.0000027418136597,0.0
repeat,sample-0070.npz,12,action_readout,0.0,0.9999887943267822,0.0
repeat,sample-0070.npz,13,image_main,0.0,1.0000005960464478,0.0
repeat,sample-0070.npz,13,image_wrist,0.0,1.0000028610229492,0.0
repeat,sample-0070.npz,13,proprio,0.0,1.0000011920928955,0.0
repeat,sample-0070.npz,13,text,0.0,1.0000029802322388,0.0
repeat,sample-0070.npz,13,action_readout,0.0,0.9999885559082031,0.0
repeat,sample-0070.npz,14,image_main,0.0,1.000000238418579,0.0
repeat,sample-0070.npz,14,image_wrist,0.0,1.0000028610229492,0.0
repeat,sample-0070.npz,14,proprio,0.0,1.0000008344650269,0.0
repeat,sample-0070.npz,14,text,0.0,1.0000028610229492,0.0
repeat,sample-0070.npz,14,action_readout,0.0,0.9999843835830688,0.0
repeat,sample-0070.npz,15,image_main,0.0,0.9999999403953552,0.0
repeat,sample-0070.npz,15,image_wrist,0.0,1.0000014305114746,0.0
repeat,sample-0070.npz,15,proprio,0.0,1.000001072883606,0.0
repeat,sample-0070.npz,15,text,0.0,1.0000032186508179,0.0
repeat,sample-0070.npz,15,action_readout,0.0,0.9999837279319763,0.0
repeat,sample-0070.npz,16,image_main,0.0,1.0000005960464478,0.0
repeat,sample-0070.npz,16,image_wrist,0.0,1.0000016689300537,0.0
repeat,sample-0070.npz,16,proprio,0.0,1.000001072883606,0.0
repeat,sample-0070.npz,16,text,0.0,1.0000030994415283,0.0
repeat,sample-0070.npz,16,action_readout,0.0,0.9999826550483704,0.0
repeat,sample-0070.npz,17,image_main,0.0,1.0000004768371582,0.0
repeat,sample-0070.npz,17,image_wrist,0.0,1.0000026226043701,0.0
repeat,sample-0070.npz,17,proprio,0.0,1.000001072883606,0.0
repeat,sample-0070.npz,17,text,0.0,1.0000030994415283,0.0
repeat,sample-0070.npz,17,action_readout,0.0,0.9999834299087524,0.0
repeat,sample-0070.npz,18,image_main,0.0,1.0000007152557373,0.0
repeat,sample-0070.npz,18,image_wrist,0.0,1.000002384185791,0.0
repeat,sample-0070.npz,18,proprio,0.0,1.0000009536743164,0.0
repeat,sample-0070.npz,18,text,0.0,1.000003695487976,0.0
repeat,sample-0070.npz,18,action_readout,0.0,0.9999861717224121,0.0
repeat,sample-0070.npz,19,image_main,0.0,1.0000008344650269,0.0
repeat,sample-0070.npz,19,image_wrist,0.0,1.0000042915344238,0.0
repeat,sample-0070.npz,19,proprio,0.0,1.000001072883606,0.0
repeat,sample-0070.npz,19,text,0.0,1.0000040531158447,0.0
repeat,sample-0070.npz,19,action_readout,0.0,0.9999875426292419,0.0
repeat,sample-0070.npz,20,image_main,0.0,1.0000009536743164,0.0
repeat,sample-0070.npz,20,image_wrist,0.0,1.000004768371582,0.0
repeat,sample-0070.npz,20,proprio,0.0,1.0000009536743164,0.0
repeat,sample-0070.npz,20,text,0.0,1.000004768371582,0.0
repeat,sample-0070.npz,20,action_readout,0.0,0.9999915361404419,0.0
repeat,sample-0070.npz,21,image_main,0.0,1.000002384185791,0.0
repeat,sample-0070.npz,21,image_wrist,0.0,1.0000046491622925,0.0
repeat,sample-0070.npz,21,proprio,0.0,1.0000009536743164,0.0
repeat,sample-0070.npz,21,text,0.0,1.0000050067901611,0.0
repeat,sample-0070.npz,21,action_readout,0.0,0.9999940395355225,0.0
repeat,sample-0070.npz,22,image_main,0.0,1.0000015497207642,0.0
repeat,sample-0070.npz,22,image_wrist,0.0,1.0000030994415283,0.0
repeat,sample-0070.npz,22,proprio,0.0,1.0000011920928955,0.0
repeat,sample-0070.npz,22,text,0.0,1.0000064373016357,0.0
repeat,sample-0070.npz,22,action_readout,0.0,0.999987006187439,0.0
repeat,sample-0070.npz,23,image_main,0.0,1.0000020265579224,0.0
repeat,sample-0070.npz,23,image_wrist,0.0,1.0000019073486328,0.0
repeat,sample-0070.npz,23,proprio,0.0,1.0000009536743164,0.0
repeat,sample-0070.npz,23,text,0.0,1.0000066757202148,0.0
repeat,sample-0070.npz,23,action_readout,0.0,0.9999883770942688,0.0
repeat,sample-0070.npz,24,image_main,0.0,1.0000008344650269,0.0
repeat,sample-0070.npz,24,image_wrist,0.0,1.0000011920928955,0.0
repeat,sample-0070.npz,24,proprio,0.0,1.0000008344650269,0.0
repeat,sample-0070.npz,24,text,0.0,1.0000077486038208,0.0
repeat,sample-0070.npz,24,action_readout,0.0,0.9999841451644897,0.0
repeat,sample-0070.npz,25,image_main,0.0,1.000000238418579,0.0
repeat,sample-0070.npz,25,image_wrist,0.0,1.000001072883606,0.0
repeat,sample-0070.npz,25,proprio,0.0,1.0000007152557373,0.0
repeat,sample-0070.npz,25,text,0.0,1.0000088214874268,0.0
repeat,sample-0070.npz,25,action_readout,0.0,0.9999836683273315,0.0
repeat,sample-0070.npz,26,image_main,0.0,0.9999972581863403,0.0
repeat,sample-0070.npz,26,image_wrist,0.0,0.9999997615814209,0.0
repeat,sample-0070.npz,26,proprio,0.0,1.0000007152557373,0.0
repeat,sample-0070.npz,26,text,0.0,1.0000089406967163,0.0
repeat,sample-0070.npz,26,action_readout,0.0,0.999984860420227,0.0
repeat,sample-0070.npz,27,image_main,0.0,0.9999978542327881,0.0
repeat,sample-0070.npz,27,image_wrist,0.0,1.0000005960464478,0.0
repeat,sample-0070.npz,27,proprio,0.0,1.0000009536743164,0.0
repeat,sample-0070.npz,27,text,0.0,1.0000102519989014,0.0
repeat,sample-0070.npz,27,action_readout,0.0,0.9999852180480957,0.0
repeat,sample-0070.npz,28,image_main,0.0,0.9999976754188538,0.0
repeat,sample-0070.npz,28,image_wrist,0.0,1.000001311302185,0.0
repeat,sample-0070.npz,28,proprio,0.0,1.0000009536743164,0.0
repeat,sample-0070.npz,28,text,0.0,1.000009298324585,0.0
repeat,sample-0070.npz,28,action_readout,0.0,0.999988317489624,0.0
repeat,sample-0070.npz,29,image_main,0.0,0.9999990463256836,0.0
repeat,sample-0070.npz,29,image_wrist,0.0,1.0000016689300537,0.0
repeat,sample-0070.npz,29,proprio,0.0,1.000001072883606,0.0
repeat,sample-0070.npz,29,text,0.0,1.0000102519989014,0.0
repeat,sample-0070.npz,29,action_readout,0.0,0.9999903440475464,0.0
repeat,sample-0070.npz,30,image_main,0.0,0.999999463558197,0.0
repeat,sample-0070.npz,30,image_wrist,0.0,1.0000004768371582,0.0
repeat,sample-0070.npz,30,proprio,0.0,1.000001072883606,0.0
repeat,sample-0070.npz,30,text,0.0,1.0000070333480835,0.0
repeat,sample-0070.npz,30,action_readout,0.0,0.9999844431877136,0.0
repeat,sample-0070.npz,31,image_main,0.0,0.9999966621398926,0.0
repeat,sample-0070.npz,31,image_wrist,0.0,0.9999988675117493,0.0
repeat,sample-0070.npz,31,proprio,0.0,1.000001072883606,0.0
repeat,sample-0070.npz,31,text,0.0,1.0000056028366089,0.0
repeat,sample-0070.npz,31,action_readout,0.0,0.9999819993972778,0.0
repeat,sample-0071.npz,0,image_main,0.0,1.0000028610229492,0.0
repeat,sample-0071.npz,0,image_wrist,0.0,1.0000030994415283,0.0
repeat,sample-0071.npz,0,proprio,0.0,1.0000009536743164,0.0
repeat,sample-0071.npz,0,text,0.0,0.9999979138374329,0.0
repeat,sample-0071.npz,0,action_readout,0.0,0.9999948740005493,0.0
repeat,sample-0071.npz,1,image_main,0.0,1.0000016689300537,0.0
repeat,sample-0071.npz,1,image_wrist,0.0,1.0000030994415283,0.0
repeat,sample-0071.npz,1,proprio,0.0,0.9999998807907104,0.0
repeat,sample-0071.npz,1,text,0.0,1.0000008344650269,0.0
repeat,sample-0071.npz,1,action_readout,0.0,0.9999897480010986,0.0
repeat,sample-0071.npz,2,image_main,0.0,1.0000004768371582,0.0
repeat,sample-0071.npz,2,image_wrist,0.0,1.0000019073486328,0.0
repeat,sample-0071.npz,2,proprio,0.0,0.9999998211860657,0.0
repeat,sample-0071.npz,2,text,0.0,1.0000011920928955,0.0
repeat,sample-0071.npz,2,action_readout,0.0,0.9999880194664001,0.0
repeat,sample-0071.npz,3,image_main,0.0,1.0000001192092896,0.0
repeat,sample-0071.npz,3,image_wrist,0.0,1.000002145767212,0.0
repeat,sample-0071.npz,3,proprio,0.0,1.0,0.0
repeat,sample-0071.npz,3,text,0.0,1.0000009536743164,0.0
repeat,sample-0071.npz,3,action_readout,0.0,0.9999885559082031,0.0
repeat,sample-0071.npz,4,image_main,0.0,1.0000003576278687,0.0
repeat,sample-0071.npz,4,image_wrist,0.0,1.0000027418136597,0.0
repeat,sample-0071.npz,4,proprio,0.0,0.9999998211860657,0.0
repeat,sample-0071.npz,4,text,0.0,1.0000007152557373,0.0
repeat,sample-0071.npz,4,action_readout,0.0,0.9999904632568359,0.0
repeat,sample-0071.npz,5,image_main,0.0,0.999999463558197,0.0
repeat,sample-0071.npz,5,image_wrist,0.0,1.0000017881393433,0.0
repeat,sample-0071.npz,5,proprio,0.0,1.0000001192092896,0.0
repeat,sample-0071.npz,5,text,0.0,1.0000009536743164,0.0
repeat,sample-0071.npz,5,action_readout,0.0,0.9999924898147583,0.0
repeat,sample-0071.npz,6,image_main,0.0,1.0000008344650269,0.0
repeat,sample-0071.npz,6,image_wrist,0.0,1.000002384185791,0.0
repeat,sample-0071.npz,6,proprio,0.0,0.9999991655349731,0.0
repeat,sample-0071.npz,6,text,0.0,1.0000005960464478,0.0
repeat,sample-0071.npz,6,action_readout,0.0,0.9999924302101135,0.0
repeat,sample-0071.npz,7,image_main,0.0,1.0000004768371582,0.0
repeat,sample-0071.npz,7,image_wrist,0.0,1.0000022649765015,0.0
repeat,sample-0071.npz,7,proprio,0.0,1.0,0.0
repeat,sample-0071.npz,7,text,0.0,1.0000007152557373,0.0
repeat,sample-0071.npz,7,action_readout,0.0,0.9999908208847046,0.0
repeat,sample-0071.npz,8,image_main,0.0,1.0000015497207642,0.0
repeat,sample-0071.npz,8,image_wrist,0.0,1.0000030994415283,0.0
repeat,sample-0071.npz,8,proprio,0.0,0.9999996423721313,0.0
repeat,sample-0071.npz,8,text,0.0,1.0000007152557373,0.0
repeat,sample-0071.npz,8,action_readout,0.0,0.9999903440475464,0.0
repeat,sample-0071.npz,9,image_main,0.0,1.0000016689300537,0.0
repeat,sample-0071.npz,9,image_wrist,0.0,1.0000016689300537,0.0
repeat,sample-0071.npz,9,proprio,0.0,0.9999997019767761,0.0
repeat,sample-0071.npz,9,text,0.0,1.0000005960464478,0.0
repeat,sample-0071.npz,9,action_readout,0.0,0.9999908804893494,0.0
repeat,sample-0071.npz,10,image_main,0.0,1.0000011920928955,0.0
repeat,sample-0071.npz,10,image_wrist,0.0,1.0000016689300537,0.0
repeat,sample-0071.npz,10,proprio,0.0,0.9999997019767761,0.0
repeat,sample-0071.npz,10,text,0.0,1.0000005960464478,0.0
repeat,sample-0071.npz,10,action_readout,0.0,0.9999861717224121,0.0
repeat,sample-0071.npz,11,image_main,0.0,1.0000019073486328,0.0
repeat,sample-0071.npz,11,image_wrist,0.0,1.0000014305114746,0.0
repeat,sample-0071.npz,11,proprio,0.0,0.9999997019767761,0.0
repeat,sample-0071.npz,11,text,0.0,1.0000011920928955,0.0
repeat,sample-0071.npz,11,action_readout,0.0,0.999987006187439,0.0
repeat,sample-0071.npz,12,image_main,0.0,1.0000028610229492,0.0
repeat,sample-0071.npz,12,image_wrist,0.0,1.0000025033950806,0.0
repeat,sample-0071.npz,12,proprio,0.0,0.9999998807907104,0.0
repeat,sample-0071.npz,12,text,0.0,1.0000011920928955,0.0
repeat,sample-0071.npz,12,action_readout,0.0,0.9999836683273315,0.0
repeat,sample-0071.npz,13,image_main,0.0,1.000002145767212,0.0
repeat,sample-0071.npz,13,image_wrist,0.0,1.000002145767212,0.0
repeat,sample-0071.npz,13,proprio,0.0,0.9999995231628418,0.0
repeat,sample-0071.npz,13,text,0.0,1.000001072883606,0.0
repeat,sample-0071.npz,13,action_readout,0.0,0.999984085559845,0.0
repeat,sample-0071.npz,14,image_main,0.0,1.0000016689300537,0.0
repeat,sample-0071.npz,14,image_wrist,0.0,1.0000020265579224,0.0
repeat,sample-0071.npz,14,proprio,0.0,1.0,0.0
repeat,sample-0071.npz,14,text,0.0,1.0000007152557373,0.0
repeat,sample-0071.npz,14,action_readout,0.0,0.9999878406524658,0.0
repeat,sample-0071.npz,15,image_main,0.0,1.0000019073486328,0.0
repeat,sample-0071.npz,15,image_wrist,0.0,1.000002145767212,0.0
repeat,sample-0071.npz,15,proprio,0.0,1.0,0.0
repeat,sample-0071.npz,15,text,0.0,1.0000014305114746,0.0
repeat,sample-0071.npz,15,action_readout,0.0,0.9999895095825195,0.0
repeat,sample-0071.npz,16,image_main,0.0,1.000001072883606,0.0
repeat,sample-0071.npz,16,image_wrist,0.0,1.0000022649765015,0.0
repeat,sample-0071.npz,16,proprio,0.0,0.9999996423721313,0.0
repeat,sample-0071.npz,16,text,0.0,1.000001311302185,0.0
repeat,sample-0071.npz,16,action_readout,0.0,0.9999864101409912,0.0
repeat,sample-0071.npz,17,image_main,0.0,1.0000017881393433,0.0
repeat,sample-0071.npz,17,image_wrist,0.0,1.000002384185791,0.0
repeat,sample-0071.npz,17,proprio,0.0,0.9999994039535522,0.0
repeat,sample-0071.npz,17,text,0.0,1.000002145767212,0.0
repeat,sample-0071.npz,17,action_readout,0.0,0.99998539686203,0.0
repeat,sample-0071.npz,18,image_main,0.0,1.000002384185791,0.0
repeat,sample-0071.npz,18,image_wrist,0.0,1.0000028610229492,0.0
repeat,sample-0071.npz,18,proprio,0.0,1.0000001192092896,0.0
repeat,sample-0071.npz,18,text,0.0,1.0000016689300537,0.0
repeat,sample-0071.npz,18,action_readout,0.0,0.9999850988388062,0.0
repeat,sample-0071.npz,19,image_main,0.0,1.0000016689300537,0.0
repeat,sample-0071.npz,19,image_wrist,0.0,1.0000035762786865,0.0
repeat,sample-0071.npz,19,proprio,0.0,1.0000001192092896,0.0
repeat,sample-0071.npz,19,text,0.0,1.000002145767212,0.0
repeat,sample-0071.npz,19,action_readout,0.0,0.99998539686203,0.0
repeat,sample-0071.npz,20,image_main,0.0,1.0000028610229492,0.0
repeat,sample-0071.npz,20,image_wrist,0.0,1.0000042915344238,0.0
repeat,sample-0071.npz,20,proprio,0.0,0.9999997615814209,0.0
repeat,sample-0071.npz,20,text,0.0,1.0000019073486328,0.0
repeat,sample-0071.npz,20,action_readout,0.0,0.9999853372573853,0.0
repeat,sample-0071.npz,21,image_main,0.0,1.0000026226043701,0.0
repeat,sample-0071.npz,21,image_wrist,0.0,1.0000032186508179,0.0
repeat,sample-0071.npz,21,proprio,0.0,0.9999997615814209,0.0
repeat,sample-0071.npz,21,text,0.0,1.000002145767212,0.0
repeat,sample-0071.npz,21,action_readout,0.0,0.9999874830245972,0.0
repeat,sample-0071.npz,22,image_main,0.0,1.0000028610229492,0.0
repeat,sample-0071.npz,22,image_wrist,0.0,1.0000029802322388,0.0
repeat,sample-0071.npz,22,proprio,0.0,0.9999994039535522,0.0
repeat,sample-0071.npz,22,text,0.0,1.0000026226043701,0.0
repeat,sample-0071.npz,22,action_readout,0.0,0.9999932050704956,0.0
repeat,sample-0071.npz,23,image_main,0.0,1.0000028610229492,0.0
repeat,sample-0071.npz,23,image_wrist,0.0,1.000002384185791,0.0
repeat,sample-0071.npz,23,proprio,0.0,1.0,0.0
repeat,sample-0071.npz,23,text,0.0,1.0000029802322388,0.0
repeat,sample-0071.npz,23,action_readout,0.0,0.999993085861206,0.0
repeat,sample-0071.npz,24,image_main,0.0,1.0000016689300537,0.0
repeat,sample-0071.npz,24,image_wrist,0.0,1.0000026226043701,0.0
repeat,sample-0071.npz,24,proprio,0.0,0.9999995231628418,0.0
repeat,sample-0071.npz,24,text,0.0,1.0000030994415283,0.0
repeat,sample-0071.npz,24,action_readout,0.0,0.9999853372573853,0.0
repeat,sample-0071.npz,25,image_main,0.0,1.0000016689300537,0.0
repeat,sample-0071.npz,25,image_wrist,0.0,1.0000017881393433,0.0
repeat,sample-0071.npz,25,proprio,0.0,0.9999993443489075,0.0
repeat,sample-0071.npz,25,text,0.0,1.0000035762786865,0.0
repeat,sample-0071.npz,25,action_readout,0.0,0.9999821186065674,0.0
repeat,sample-0071.npz,26,image_main,0.0,1.0000003576278687,0.0
repeat,sample-0071.npz,26,image_wrist,0.0,1.0000009536743164,0.0
repeat,sample-0071.npz,26,proprio,0.0,0.9999995231628418,0.0
repeat,sample-0071.npz,26,text,0.0,1.0000033378601074,0.0
repeat,sample-0071.npz,26,action_readout,0.0,0.999984622001648,0.0
repeat,sample-0071.npz,27,image_main,0.0,0.9999982118606567,0.0
repeat,sample-0071.npz,27,image_wrist,0.0,1.0000007152557373,0.0
repeat,sample-0071.npz,27,proprio,0.0,0.9999998807907104,0.0
repeat,sample-0071.npz,27,text,0.0,1.0000042915344238,0.0
repeat,sample-0071.npz,27,action_readout,0.0,0.9999879598617554,0.0
repeat,sample-0071.npz,28,image_main,0.0,0.999999463558197,0.0
repeat,sample-0071.npz,28,image_wrist,0.0,1.0000009536743164,0.0
repeat,sample-0071.npz,28,proprio,0.0,0.9999995827674866,0.0
repeat,sample-0071.npz,28,text,0.0,1.000004529953003,0.0
repeat,sample-0071.npz,28,action_readout,0.0,0.999988853931427,0.0
repeat,sample-0071.npz,29,image_main,0.0,1.000001072883606,0.0
repeat,sample-0071.npz,29,image_wrist,0.0,1.000002145767212,0.0
repeat,sample-0071.npz,29,proprio,0.0,1.0,0.0
repeat,sample-0071.npz,29,text,0.0,1.0000035762786865,0.0
repeat,sample-0071.npz,29,action_readout,0.0,0.9999907612800598,0.0
repeat,sample-0071.npz,30,image_main,0.0,0.9999984502792358,0.0
repeat,sample-0071.npz,30,image_wrist,0.0,1.0000014305114746,0.0
repeat,sample-0071.npz,30,proprio,0.0,0.9999998211860657,0.0
repeat,sample-0071.npz,30,text,0.0,1.0000040531158447,0.0
repeat,sample-0071.npz,30,action_readout,0.0,0.9999833703041077,0.0
repeat,sample-0071.npz,31,image_main,0.0,0.9999982118606567,0.0
repeat,sample-0071.npz,31,image_wrist,0.0,0.999996542930603,0.0
repeat,sample-0071.npz,31,proprio,0.0,0.9999998807907104,0.0
repeat,sample-0071.npz,31,text,0.0,1.000003695487976,0.0
repeat,sample-0071.npz,31,action_readout,0.0,0.9999856352806091,0.0
smooth-only,sample-0064.npz,0,image_main,0.00018407766291901988,0.9999077320098877,0.125
smooth-only,sample-0064.npz,0,image_wrist,0.0002582431954450003,0.9998730421066284,0.125
smooth-only,sample-0064.npz,0,proprio,1.1955939252918223e-09,1.0000005960464478,0.015625
smooth-only,sample-0064.npz,0,text,1.0457610200992613e-05,0.999993085861206,0.015625
smooth-only,sample-0064.npz,0,action_readout,1.650818884530583e-05,1.000002384185791,0.0078125
smooth-only,sample-0064.npz,1,image_main,0.0001664201954779018,0.9999166131019592,0.125
smooth-only,sample-0064.npz,1,image_wrist,0.00023489164926362313,0.9998844861984253,0.125
smooth-only,sample-0064.npz,1,proprio,1.378226251461642e-07,1.0000005960464478,0.125
smooth-only,sample-0064.npz,1,text,4.323436570123329e-08,1.0000008344650269,4.0
smooth-only,sample-0064.npz,1,action_readout,2.5362730830119087e-05,0.9999783039093018,0.03125
smooth-only,sample-0064.npz,2,image_main,0.00014338164367926295,0.999927282333374,0.125
smooth-only,sample-0064.npz,2,image_wrist,0.00019678391971689527,0.9999014139175415,0.125
smooth-only,sample-0064.npz,2,proprio,4.396254645665148e-07,1.0000004768371582,0.125
smooth-only,sample-0064.npz,2,text,4.3975830877768876e-08,1.0000011920928955,4.0
smooth-only,sample-0064.npz,2,action_readout,2.8364668592904183e-05,0.9999712705612183,0.0625
smooth-only,sample-0064.npz,3,image_main,0.0001325547075786856,0.9999327063560486,0.125
smooth-only,sample-0064.npz,3,image_wrist,0.0001911105585551556,0.9999041557312012,0.125
smooth-only,sample-0064.npz,3,proprio,1.0588065821623498e-06,1.0000001192092896,0.25
smooth-only,sample-0064.npz,3,text,4.4427733568535254e-08,1.0000009536743164,4.0
smooth-only,sample-0064.npz,3,action_readout,4.23012238762948e-05,0.9999643564224243,0.0625
smooth-only,sample-0064.npz,4,image_main,0.00013491652427312972,0.9999316930770874,0.25
smooth-only,sample-0064.npz,4,image_wrist,0.00020134276182165838,0.9998994469642639,0.1875
smooth-only,sample-0064.npz,4,proprio,1.5587191489946208e-06,0.9999997019767761,0.25
smooth-only,sample-0064.npz,4,text,4.508106765426537e-08,1.0000008344650269,4.0
smooth-only,sample-0064.npz,4,action_readout,5.608947004361949e-05,0.9999566674232483,0.0625
smooth-only,sample-0064.npz,5,image_main,0.0001310116297025021,0.9999343156814575,0.25
smooth-only,sample-0064.npz,5,image_wrist,0.000200589253775364,0.9998998641967773,0.1875
smooth-only,sample-0064.npz,5,proprio,1.9749505701748994e-06,0.9999996423721313,0.25
smooth-only,sample-0064.npz,5,text,4.6169588167506546e-08,1.000001072883606,4.0
smooth-only,sample-0064.npz,5,action_readout,6.85670368472198e-05,0.9999501705169678,0.09375
smooth-only,sample-0064.npz,6,image_main,0.00013204910498573584,0.9999338388442993,0.25
smooth-only,sample-0064.npz,6,image_wrist,0.00020371898957506664,0.9998985528945923,0.1875
smooth-only,sample-0064.npz,6,proprio,2.713558245484063e-06,0.9999991655349731,0.25
smooth-only,sample-0064.npz,6,text,4.6871315643337976e-08,1.000001072883606,4.0
smooth-only,sample-0064.npz,6,action_readout,7.887184955629575e-05,0.9999456405639648,0.125
smooth-only,sample-0064.npz,7,image_main,0.00013746796899580753,0.9999306201934814,0.25
smooth-only,sample-0064.npz,7,image_wrist,0.00020369647570758903,0.9998986124992371,0.21875
smooth-only,sample-0064.npz,7,proprio,3.552826219475366e-06,0.9999988079071045,0.25
smooth-only,sample-0064.npz,7,text,4.8077073064213417e-08,1.0000011920928955,4.0
smooth-only,sample-0064.npz,7,action_readout,8.783887258395521e-05,0.9999417066574097,0.125
smooth-only,sample-0064.npz,8,image_main,0.00014604083899680978,0.9999266862869263,0.28125
smooth-only,sample-0064.npz,8,image_wrist,0.00021257675291586623,0.9998946785926819,0.21875
smooth-only,sample-0064.npz,8,proprio,4.071186107149613e-06,0.9999986886978149,0.25
smooth-only,sample-0064.npz,8,text,4.914329335897481e-08,1.000001072883606,4.0
smooth-only,sample-0064.npz,8,action_readout,8.774805592428314e-05,0.9999415874481201,0.125
smooth-only,sample-0064.npz,9,image_main,0.0001497661163520733,0.9999244809150696,0.28125
smooth-only,sample-0064.npz,9,image_wrist,0.00022236093278422855,0.9998899698257446,0.25
smooth-only,sample-0064.npz,9,proprio,4.699584296541305e-06,0.999998152256012,0.25
smooth-only,sample-0064.npz,9,text,5.0364550701855474e-08,1.000001072883606,4.0
smooth-only,sample-0064.npz,9,action_readout,0.00010134545615124132,0.9999362230300903,0.1875
smooth-only,sample-0064.npz,10,image_main,0.00015413801274662437,0.9999227523803711,0.3125
smooth-only,sample-0064.npz,10,image_wrist,0.00022489908556092572,0.9998893737792969,0.25
smooth-only,sample-0064.npz,10,proprio,5.297229409443044e-06,0.9999979138374329,0.25
smooth-only,sample-0064.npz,10,text,5.197585476287564e-08,1.0000015497207642,4.0
smooth-only,sample-0064.npz,10,action_readout,0.00010145921577355922,0.9999384880065918,0.375
smooth-only,sample-0064.npz,11,image_main,0.00015816941066083658,0.9999196529388428,0.328125
smooth-only,sample-0064.npz,11,image_wrist,0.0002317364284368687,0.9998858571052551,0.25
smooth-only,sample-0064.npz,11,proprio,6.057203391234764e-06,0.999997615814209,0.25
smooth-only,sample-0064.npz,11,text,5.424436085941676e-08,1.0000008344650269,4.0
smooth-only,sample-0064.npz,11,action_readout,0.00012330112141253628,0.9999274015426636,0.375
smooth-only,sample-0064.npz,12,image_main,0.00016148655708166302,0.9999191761016846,0.328125
smooth-only,sample-0064.npz,12,image_wrist,0.0002583078430178499,0.9998739957809448,0.25
smooth-only,sample-0064.npz,12,proprio,6.9285224195516445e-06,0.9999972581863403,0.25
smooth-only,sample-0064.npz,12,text,5.736138427758153e-08,1.0000011920928955,4.0
smooth-only,sample-0064.npz,12,action_readout,0.00013947499828386158,0.9999189376831055,0.3125
smooth-only,sample-0064.npz,13,image_main,0.0001669134168818232,0.9999158978462219,0.3125
smooth-only,sample-0064.npz,13,image_wrist,0.0002738090399803352,0.9998654127120972,0.25
smooth-only,sample-0064.npz,13,proprio,7.773592070910963e-06,0.9999968409538269,0.25
smooth-only,sample-0064.npz,13,text,6.145480157117476e-08,1.000001311302185,4.0
smooth-only,sample-0064.npz,13,action_readout,0.00015977421727114853,0.9999094605445862,0.375
smooth-only,sample-0064.npz,14,image_main,0.0001727554895932299,0.9999130964279175,0.296875
smooth-only,sample-0064.npz,14,image_wrist,0.00028502652551532377,0.9998615384101868,0.25
smooth-only,sample-0064.npz,14,proprio,8.81418860274236e-06,0.9999961853027344,0.25
smooth-only,sample-0064.npz,14,text,6.59310094331362e-08,1.0000019073486328,4.0
smooth-only,sample-0064.npz,14,action_readout,0.00015527938421703888,0.9999071955680847,0.375
smooth-only,sample-0064.npz,15,image_main,0.00017834073978134426,0.9999110698699951,0.34375
smooth-only,sample-0064.npz,15,image_wrist,0.00029564287560583544,0.9998564124107361,0.25
smooth-only,sample-0064.npz,15,proprio,1.0255479535102525e-05,0.9999955892562866,0.25
smooth-only,sample-0064.npz,15,text,7.09070922427291e-08,1.0000020265579224,4.0
smooth-only,sample-0064.npz,15,action_readout,0.00018420103858790535,0.9998915791511536,0.4375
smooth-only,sample-0064.npz,16,image_main,0.00016912015936177153,0.9999154806137085,0.3125
smooth-only,sample-0064.npz,16,image_wrist,0.00030166552189371564,0.9998533725738525,0.25
smooth-only,sample-0064.npz,16,proprio,1.1990620068778521e-05,0.9999947547912598,0.5
smooth-only,sample-0064.npz,16,text,7.950033478206926e-08,1.000002145767212,4.0
smooth-only,sample-0064.npz,16,action_readout,0.00021689320031076286,0.9998759627342224,0.4375
smooth-only,sample-0064.npz,17,image_main,0.00017898117744342935,0.9999104738235474,0.3125
smooth-only,sample-0064.npz,17,image_wrist,0.0003300085238295968,0.9998390674591064,0.375
smooth-only,sample-0064.npz,17,proprio,1.3453940096524437e-05,0.9999940395355225,0.5
smooth-only,sample-0064.npz,17,text,9.111276525268335e-08,1.0000026226043701,4.0
smooth-only,sample-0064.npz,17,action_readout,0.0002312653459449257,0.9998757839202881,0.46875
smooth-only,sample-0064.npz,18,image_main,0.00018596960494010977,0.9999071359634399,0.3125
smooth-only,sample-0064.npz,18,image_wrist,0.00035292452914772185,0.9998273849487305,0.375
smooth-only,sample-0064.npz,18,proprio,1.5079516467079194e-05,0.9999933242797852,0.5
smooth-only,sample-0064.npz,18,text,1.0483983360591092e-07,1.0000027418136597,4.0
smooth-only,sample-0064.npz,18,action_readout,0.0002587725563561845,0.99986332654953,0.46875
smooth-only,sample-0064.npz,19,image_main,0.00020139218769962838,0.9998996257781982,0.3125
smooth-only,sample-0064.npz,19,image_wrist,0.00038688755382420767,0.9998106360435486,0.375
smooth-only,sample-0064.npz,19,proprio,1.6777523061139512e-05,0.9999923706054688,0.5
smooth-only,sample-0064.npz,19,text,1.2216846990987701e-07,1.0000032186508179,4.0
smooth-only,sample-0064.npz,19,action_readout,0.00029148698216212044,0.9998490810394287,0.5
smooth-only,sample-0064.npz,20,image_main,0.00021937482511419834,0.9998914003372192,0.3125
smooth-only,sample-0064.npz,20,image_wrist,0.0004251129106605057,0.9997909069061279,0.359375
smooth-only,sample-0064.npz,20,proprio,1.9356227911346655e-05,0.9999911189079285,0.5
smooth-only,sample-0064.npz,20,text,1.4969172613922003e-07,1.000003457069397,4.0
smooth-only,sample-0064.npz,20,action_readout,0.00030098401245021796,0.9998373985290527,0.46875
smooth-only,sample-0064.npz,21,image_main,0.0002513153814294271,0.9998759031295776,0.5
smooth-only,sample-0064.npz,21,image_wrist,0.0004678733648317994,0.9997679591178894,0.375
smooth-only,sample-0064.npz,21,proprio,2.1760551160946447e-05,0.9999898672103882,0.5
smooth-only,sample-0064.npz,21,text,1.7859083005338442e-07,1.0000046491622925,4.0
smooth-only,sample-0064.npz,21,action_readout,0.0003019531793520377,0.9998338222503662,0.46875
smooth-only,sample-0064.npz,22,image_main,0.00028077657127080073,0.9998611211776733,0.5
smooth-only,sample-0064.npz,22,image_wrist,0.0005117686752756052,0.9997446537017822,0.515625
smooth-only,sample-0064.npz,22,proprio,2.5419533684672608e-05,0.9999880790710449,0.5
smooth-only,sample-0064.npz,22,text,2.1933256042777008e-07,1.0000042915344238,4.0
smooth-only,sample-0064.npz,22,action_readout,0.00028597337820298317,0.999845027923584,0.53125
smooth-only,sample-0064.npz,23,image_main,0.0003157199886358759,0.9998424053192139,0.5
smooth-only,sample-0064.npz,23,image_wrist,0.0005730440786363694,0.9997150897979736,0.5
smooth-only,sample-0064.npz,23,proprio,2.7765959023177887e-05,0.9999868869781494,0.5
smooth-only,sample-0064.npz,23,text,2.5869988829981263e-07,1.0000039339065552,4.0
smooth-only,sample-0064.npz,23,action_readout,0.00029701329829217297,0.9998418688774109,0.5625
smooth-only,sample-0064.npz,24,image_main,0.0003301506955968209,0.9998341798782349,0.5
smooth-only,sample-0064.npz,24,image_wrist,0.0005879074164533315,0.9997075200080872,0.5
smooth-only,sample-0064.npz,24,proprio,3.058218149285693e-05,0.9999854564666748,0.375
smooth-only,sample-0064.npz,24,text,3.050476043844589e-07,1.0000039339065552,4.0
smooth-only,sample-0064.npz,24,action_readout,0.00028838283221742085,0.9998502731323242,0.5
smooth-only,sample-0064.npz,25,image_main,0.0003527944805165244,0.9998230934143066,0.5
smooth-only,sample-0064.npz,25,image_wrist,0.0006300463645884125,0.9996877908706665,0.5859375
smooth-only,sample-0064.npz,25,proprio,3.4414041774157355e-05,0.9999834299087524,0.5
smooth-only,sample-0064.npz,25,text,3.5747019666468603e-07,1.000003695487976,4.0
smooth-only,sample-0064.npz,25,action_readout,0.00029061427910259354,0.9998475909233093,0.625
smooth-only,sample-0064.npz,26,image_main,0.00034356666703607255,0.9998272657394409,0.5
smooth-only,sample-0064.npz,26,image_wrist,0.0006189275927103515,0.9996916055679321,0.8125
smooth-only,sample-0064.npz,26,proprio,3.698592641786399e-05,0.9999822974205017,0.5
smooth-only,sample-0064.npz,26,text,4.0496347928041054e-07,1.000003695487976,4.0
smooth-only,sample-0064.npz,26,action_readout,0.00026298515732916096,0.9998540878295898,1.0
smooth-only,sample-0064.npz,27,image_main,0.00033920973783509346,0.9998288750648499,0.5
smooth-only,sample-0064.npz,27,image_wrist,0.0006246989615161957,0.999690055847168,0.75
smooth-only,sample-0064.npz,27,proprio,4.0134222546831684e-05,0.9999806880950928,0.5
smooth-only,sample-0064.npz,27,text,4.6252077441184086e-07,1.000003695487976,4.0
smooth-only,sample-0064.npz,27,action_readout,0.00023826601908766488,0.9998648166656494,1.0
smooth-only,sample-0064.npz,28,image_main,0.0003501303443483982,0.9998247623443604,0.5
smooth-only,sample-0064.npz,28,image_wrist,0.0006385747881757122,0.9996835589408875,0.75
smooth-only,sample-0064.npz,28,proprio,4.275167556425125e-05,0.9999793767929077,0.5
smooth-only,sample-0064.npz,28,text,5.233022379150015e-07,1.0000038146972656,4.0
smooth-only,sample-0064.npz,28,action_readout,0.00022462929164909515,0.9998719692230225,1.0
smooth-only,sample-0064.npz,29,image_main,0.0003321904883634642,0.9998346567153931,1.0
smooth-only,sample-0064.npz,29,image_wrist,0.000632737595047033,0.999686598777771,1.0
smooth-only,sample-0064.npz,29,proprio,4.711912666554482e-05,0.9999771118164062,0.5
smooth-only,sample-0064.npz,29,text,5.981475462166837e-07,1.0000025033950806,4.0
smooth-only,sample-0064.npz,29,action_readout,0.0001907793267172721,0.9998896718025208,1.0
smooth-only,sample-0064.npz,30,image_main,0.00028083518238503573,0.9998588562011719,1.0
smooth-only,sample-0064.npz,30,image_wrist,0.0005201824813643259,0.999740481376648,1.0
smooth-only,sample-0064.npz,30,proprio,5.075698003015761e-05,0.9999754428863525,0.5
smooth-only,sample-0064.npz,30,text,8.080689719369313e-07,1.0000025033950806,8.0
smooth-only,sample-0064.npz,30,action_readout,0.00015218142401447797,0.999911367893219,1.0
smooth-only,sample-0064.npz,31,image_main,0.00014967766066526362,0.9999241828918457,2.0
smooth-only,sample-0064.npz,31,image_wrist,0.0002906233591007396,0.9998536109924316,2.0
smooth-only,sample-0064.npz,31,proprio,4.646987824875392e-05,0.9999774694442749,0.5
smooth-only,sample-0064.npz,31,text,8.932436887184849e-07,1.000002145767212,8.0
smooth-only,sample-0064.npz,31,action_readout,9.975933498501998e-05,0.9999353289604187,2.0
smooth-only,sample-0065.npz,0,image_main,0.0002193956687019056,0.9998915791511536,0.125
smooth-only,sample-0065.npz,0,image_wrist,0.00033729922342312543,0.9998369216918945,0.125
smooth-only,sample-0065.npz,0,proprio,2.3465205579644354e-09,1.0000009536743164,0.03125
smooth-only,sample-0065.npz,0,text,9.944918824420772e-06,0.9999927282333374,0.015625
smooth-only,sample-0065.npz,0,action_readout,9.36382721511701e-06,1.0000032186508179,0.015625
smooth-only,sample-0065.npz,1,image_main,0.0002004522958465819,0.9999000430107117,0.125
smooth-only,sample-0065.npz,1,image_wrist,0.00030303737851134757,0.9998525381088257,0.125
smooth-only,sample-0065.npz,1,proprio,5.810843224153086e-08,1.0000009536743164,0.125
smooth-only,sample-0065.npz,1,text,1.1457593370987084e-08,1.0000008344650269,2.0
smooth-only,sample-0065.npz,1,action_readout,2.745881706507191e-05,0.9999781847000122,0.03125
smooth-only,sample-0065.npz,2,image_main,0.00016619025239482683,0.9999160170555115,0.125
smooth-only,sample-0065.npz,2,image_wrist,0.000255001752076613,0.9998760223388672,0.25
smooth-only,sample-0065.npz,2,proprio,5.102060506474399e-07,1.0000005960464478,0.25
smooth-only,sample-0065.npz,2,text,4.801589326437316e-09,1.000001072883606,1.0
smooth-only,sample-0065.npz,2,action_readout,2.7304023222631746e-05,0.9999781847000122,0.0625
smooth-only,sample-0065.npz,3,image_main,0.00015956662911997477,0.9999191761016846,0.125
smooth-only,sample-0065.npz,3,image_wrist,0.0002510065158845894,0.9998774528503418,0.25
smooth-only,sample-0065.npz,3,proprio,9.96179122557241e-07,1.0000004768371582,0.25
smooth-only,sample-0065.npz,3,text,5.0902613179988175e-09,1.000001072883606,1.0
smooth-only,sample-0065.npz,3,action_readout,4.091015206295304e-05,0.9999699592590332,0.125
smooth-only,sample-0065.npz,4,image_main,0.00016078757971565243,0.9999184608459473,0.125
smooth-only,sample-0065.npz,4,image_wrist,0.000254760059348772,0.9998759031295776,0.25
smooth-only,sample-0065.npz,4,proprio,1.3630551483818995e-06,1.0000003576278687,0.25
smooth-only,sample-0065.npz,4,text,5.596159419096944e-09,1.0000009536743164,1.0
smooth-only,sample-0065.npz,4,action_readout,5.4045409467971264e-05,0.9999634027481079,0.125
smooth-only,sample-0065.npz,5,image_main,0.000159009862021266,0.9999187588691711,0.125
smooth-only,sample-0065.npz,5,image_wrist,0.0002602613145403597,0.9998726844787598,0.25
smooth-only,sample-0065.npz,5,proprio,1.8057131198513767e-06,1.0,0.25
smooth-only,sample-0065.npz,5,text,6.239637726456602e-09,1.0000009536743164,1.0
smooth-only,sample-0065.npz,5,action_readout,6.601914170847234e-05,0.9999570846557617,0.1875
smooth-only,sample-0065.npz,6,image_main,0.00016530130819664897,0.9999160170555115,0.25
smooth-only,sample-0065.npz,6,image_wrist,0.00026122786766402185,0.9998721480369568,0.25
smooth-only,sample-0065.npz,6,proprio,2.1280492854595647e-06,1.0000001192092896,0.25
smooth-only,sample-0065.npz,6,text,6.9256162945721595e-09,1.0000005960464478,1.0
smooth-only,sample-0065.npz,6,action_readout,7.37304440542239e-05,0.9999524354934692,0.1875
smooth-only,sample-0065.npz,7,image_main,0.0001740409637011139,0.9999125003814697,0.25
smooth-only,sample-0065.npz,7,image_wrist,0.0002712612112345836,0.9998675584793091,0.25
smooth-only,sample-0065.npz,7,proprio,2.6086306127080035e-06,0.9999995827674866,0.25
smooth-only,sample-0065.npz,7,text,7.99023510428308e-09,1.000001072883606,1.0
smooth-only,sample-0065.npz,7,action_readout,8.27111432033423e-05,0.9999441504478455,0.25
smooth-only,sample-0065.npz,8,image_main,0.00018046409160504546,0.9999091029167175,0.25
smooth-only,sample-0065.npz,8,image_wrist,0.00027782028414752524,0.9998637437820435,0.25
smooth-only,sample-0065.npz,8,proprio,3.047612631838974e-06,0.9999994039535522,0.25
smooth-only,sample-0065.npz,8,text,8.825101726494701e-09,1.0000008344650269,1.0
smooth-only,sample-0065.npz,8,action_readout,8.044746315866688e-05,0.999944269657135,0.25
smooth-only,sample-0065.npz,9,image_main,0.0001856328559086243,0.9999075531959534,0.25
smooth-only,sample-0065.npz,9,image_wrist,0.000287054384068342,0.9998587369918823,0.25
smooth-only,sample-0065.npz,9,proprio,3.747730794165801e-06,0.999998927116394,0.25
smooth-only,sample-0065.npz,9,text,1.2085173801731214e-08,1.000001072883606,1.0
smooth-only,sample-0065.npz,9,action_readout,9.460887989955632e-05,0.9999369382858276,0.25
smooth-only,sample-0065.npz,10,image_main,0.00018814725645730762,0.9999065399169922,0.25
smooth-only,sample-0065.npz,10,image_wrist,0.00029401855204320043,0.9998549222946167,0.25
smooth-only,sample-0065.npz,10,proprio,4.416182282585593e-06,0.9999987483024597,0.25
smooth-only,sample-0065.npz,10,text,1.3602038756431392e-08,1.0000008344650269,1.0
smooth-only,sample-0065.npz,10,action_readout,0.0001072634349352667,0.9999305605888367,0.25
smooth-only,sample-0065.npz,11,image_main,0.00020069947586244739,0.9999012351036072,0.25
smooth-only,sample-0065.npz,11,image_wrist,0.00030253471943464475,0.9998505115509033,0.25
smooth-only,sample-0065.npz,11,proprio,4.83119942033484e-06,0.9999986886978149,0.25
smooth-only,sample-0065.npz,11,text,1.5883505460366284e-08,1.0000016689300537,1.0
smooth-only,sample-0065.npz,11,action_readout,0.00012494787589217295,0.999923050403595,0.25
smooth-only,sample-0065.npz,12,image_main,0.00021067807462624066,0.9998956322669983,0.25
smooth-only,sample-0065.npz,12,image_wrist,0.00032226050720100314,0.9998413920402527,0.25
smooth-only,sample-0065.npz,12,proprio,5.672050351356652e-06,0.9999979734420776,0.25
smooth-only,sample-0065.npz,12,text,1.8315990319160572e-08,1.000001072883606,1.0
smooth-only,sample-0065.npz,12,action_readout,0.00014642567277775361,0.9999135136604309,0.25
smooth-only,sample-0065.npz,13,image_main,0.00021957756199409285,0.9998915195465088,0.375
smooth-only,sample-0065.npz,13,image_wrist,0.00034069428047998825,0.9998308420181274,0.25
smooth-only,sample-0065.npz,13,proprio,6.179146563852934e-06,0.9999977946281433,0.25
smooth-only,sample-0065.npz,13,text,2.1471333957048876e-08,1.000001072883606,1.0
smooth-only,sample-0065.npz,13,action_readout,0.00016183223631045617,0.9999065399169922,0.375
smooth-only,sample-0065.npz,14,image_main,0.00023783384374972003,0.9998832941055298,0.375
smooth-only,sample-0065.npz,14,image_wrist,0.00036915720308727356,0.9998171329498291,0.25
smooth-only,sample-0065.npz,14,proprio,6.908038787884245e-06,0.9999974370002747,0.25
smooth-only,sample-0065.npz,14,text,2.5353585222448378e-08,1.0000011920928955,1.0
smooth-only,sample-0065.npz,14,action_readout,0.00018273757368195037,0.9998974800109863,0.375
smooth-only,sample-0065.npz,15,image_main,0.0002491353145996962,0.9998776316642761,0.375
smooth-only,sample-0065.npz,15,image_wrist,0.00038170369192621045,0.9998113512992859,0.25
smooth-only,sample-0065.npz,15,proprio,7.692823084013205e-06,0.9999971985816956,0.25
smooth-only,sample-0065.npz,15,text,2.9956319052490367e-08,1.0000008344650269,1.0
smooth-only,sample-0065.npz,15,action_readout,0.00021609147695778424,0.9998814463615417,0.5
smooth-only,sample-0065.npz,16,image_main,0.00025144766711597083,0.9998767375946045,0.5
smooth-only,sample-0065.npz,16,image_wrist,0.00038500953433773195,0.9998090863227844,0.28125
smooth-only,sample-0065.npz,16,proprio,8.217345828212053e-06,0.9999967813491821,0.25
smooth-only,sample-0065.npz,16,text,3.5515125177704774e-08,1.0000015497207642,1.0
smooth-only,sample-0065.npz,16,action_readout,0.00024386870855426594,0.999866247177124,0.5
smooth-only,sample-0065.npz,17,image_main,0.00028063517817473587,0.9998618364334106,0.5
smooth-only,sample-0065.npz,17,image_wrist,0.00041843066799875897,0.9997930526733398,0.28125
smooth-only,sample-0065.npz,17,proprio,9.054662142187856e-06,0.9999963641166687,0.25
smooth-only,sample-0065.npz,17,text,4.119440769401411e-08,1.0000020265579224,1.0
smooth-only,sample-0065.npz,17,action_readout,0.00027549259492793657,0.9998475313186646,0.5
smooth-only,sample-0065.npz,18,image_main,0.0002985044214745907,0.999853789806366,0.5
smooth-only,sample-0065.npz,18,image_wrist,0.00042812705725662613,0.9997884035110474,0.3125
smooth-only,sample-0065.npz,18,proprio,9.954205990311895e-06,0.9999960064888,0.25
smooth-only,sample-0065.npz,18,text,4.869365889826005e-08,1.0000015497207642,1.0
smooth-only,sample-0065.npz,18,action_readout,0.00030928927553588407,0.9998286962509155,0.625
smooth-only,sample-0065.npz,19,image_main,0.0003259838765588891,0.9998397827148438,0.5
smooth-only,sample-0065.npz,19,image_wrist,0.0004598299908217544,0.9997723698616028,0.25
smooth-only,sample-0065.npz,19,proprio,1.1179446314347355e-05,0.9999955296516418,0.25
smooth-only,sample-0065.npz,19,text,5.741489972658771e-08,1.0000019073486328,1.0
smooth-only,sample-0065.npz,19,action_readout,0.0003539320415742408,0.9998053312301636,0.5625
smooth-only,sample-0065.npz,20,image_main,0.00035496556944295037,0.9998247623443604,0.5
smooth-only,sample-0065.npz,20,image_wrist,0.0004893016721918959,0.9997589588165283,0.3125
smooth-only,sample-0065.npz,20,proprio,1.275443330325478e-05,0.9999945759773254,0.25
smooth-only,sample-0065.npz,20,text,7.066933328068704e-08,1.000002384185791,1.0
smooth-only,sample-0065.npz,20,action_readout,0.0004121272633713194,0.9997764229774475,0.625
smooth-only,sample-0065.npz,21,image_main,0.000387972377559043,0.9998083114624023,0.375
smooth-only,sample-0065.npz,21,image_wrist,0.0005319963735613432,0.9997373223304749,0.5
smooth-only,sample-0065.npz,21,proprio,1.4418426443923183e-05,0.9999936819076538,0.375
smooth-only,sample-0065.npz,21,text,8.782124391561461e-08,1.000002384185791,1.0
smooth-only,sample-0065.npz,21,action_readout,0.0004803075379841698,0.9997442960739136,0.6875
smooth-only,sample-0065.npz,22,image_main,0.0004271961535265652,0.9997872114181519,0.5
smooth-only,sample-0065.npz,22,image_wrist,0.0005644130146219028,0.9997211694717407,0.5625
smooth-only,sample-0065.npz,22,proprio,1.609377569427512e-05,0.9999929666519165,0.375
smooth-only,sample-0065.npz,22,text,1.1351430876987179e-07,1.0000022649765015,1.0
smooth-only,sample-0065.npz,22,action_readout,0.0005265814828322906,0.9997255206108093,0.625
smooth-only,sample-0065.npz,23,image_main,0.00047093636724518866,0.9997645616531372,0.5
smooth-only,sample-0065.npz,23,image_wrist,0.0006358009774204658,0.9996836185455322,0.59375
smooth-only,sample-0065.npz,23,proprio,1.769425120870341e-05,0.9999921917915344,0.375
smooth-only,sample-0065.npz,23,text,1.4110208809294306e-07,1.0000027418136597,1.0
smooth-only,sample-0065.npz,23,action_readout,0.0006128967430937752,0.9996832013130188,0.609375
smooth-only,sample-0065.npz,24,image_main,0.0004969201949662133,0.9997508525848389,0.5
smooth-only,sample-0065.npz,24,image_wrist,0.0006768722927025678,0.9996622800827026,0.5
smooth-only,sample-0065.npz,24,proprio,1.9474203358773265e-05,0.999991238117218,0.375
smooth-only,sample-0065.npz,24,text,1.7448936004694477e-07,1.0000032186508179,1.0
smooth-only,sample-0065.npz,24,action_readout,0.0006672675697600732,0.9996563792228699,0.5625
smooth-only,sample-0065.npz,25,image_main,0.0005454052643567677,0.9997276663780212,0.5
smooth-only,sample-0065.npz,25,image_wrist,0.0007418571103087042,0.9996300935745239,0.625
smooth-only,sample-0065.npz,25,proprio,2.089677482952278e-05,0.9999905824661255,0.375
smooth-only,sample-0065.npz,25,text,2.175421828946818e-07,1.000003457069397,1.0
smooth-only,sample-0065.npz,25,action_readout,0.0007571740001088645,0.999608039855957,0.5625
smooth-only,sample-0065.npz,26,image_main,0.0005485245579437362,0.9997246861457825,0.75
smooth-only,sample-0065.npz,26,image_wrist,0.0007648966624406498,0.9996185302734375,0.625
smooth-only,sample-0065.npz,26,proprio,2.3033975379915177e-05,0.9999895691871643,0.375
smooth-only,sample-0065.npz,26,text,2.610634477889418e-07,1.0000033378601074,1.0
smooth-only,sample-0065.npz,26,action_readout,0.000822731432061518,0.9995731115341187,0.625
smooth-only,sample-0065.npz,27,image_main,0.0005845042821451877,0.9997068643569946,1.0
smooth-only,sample-0065.npz,27,image_wrist,0.0008362710964393336,0.9995827078819275,0.75
smooth-only,sample-0065.npz,27,proprio,2.5751275289619938e-05,0.9999881386756897,0.5
smooth-only,sample-0065.npz,27,text,3.3681704571573834e-07,1.000003695487976,1.0
smooth-only,sample-0065.npz,27,action_readout,0.001336200294216743,0.9993176460266113,0.75
smooth-only,sample-0065.npz,28,image_main,0.0006226734712802035,0.9996886849403381,1.0
smooth-only,sample-0065.npz,28,image_wrist,0.0008927881038131594,0.9995532631874084,0.75
smooth-only,sample-0065.npz,28,proprio,2.8951840970571794e-05,0.999986469745636,0.5
smooth-only,sample-0065.npz,28,text,4.1472957503920344e-07,1.0000038146972656,1.0
smooth-only,sample-0065.npz,28,action_readout,0.0015660506301311365,0.9992027878761292,1.625
smooth-only,sample-0065.npz,29,image_main,0.0006212953018324326,0.9996901154518127,1.0
smooth-only,sample-0065.npz,29,image_wrist,0.0008865967727163486,0.9995566606521606,0.75
smooth-only,sample-0065.npz,29,proprio,3.291914329178472e-05,0.9999845027923584,0.5
smooth-only,sample-0065.npz,29,text,5.17283986920439e-07,1.000003695487976,1.0
smooth-only,sample-0065.npz,29,action_readout,0.0017826525134086784,0.9990951418876648,3.25
smooth-only,sample-0065.npz,30,image_main,0.0005225926027376267,0.9997401237487793,1.0
smooth-only,sample-0065.npz,30,image_wrist,0.0007687496297502696,0.999617338180542,1.0
smooth-only,sample-0065.npz,30,proprio,3.604606030648969e-05,0.9999828934669495,0.5
smooth-only,sample-0065.npz,30,text,6.228238922812062e-07,1.0000028610229492,1.0
smooth-only,sample-0065.npz,30,action_readout,0.002268549333458974,0.9988553524017334,4.5
smooth-only,sample-0065.npz,31,image_main,0.0002221369675550528,0.9998927116394043,5.0
smooth-only,sample-0065.npz,31,image_wrist,0.0003259715575846987,0.9998444318771362,7.0
smooth-only,sample-0065.npz,31,proprio,3.747893197008661e-05,0.9999821186065674,0.5
smooth-only,sample-0065.npz,31,text,1.0318005464881615e-06,1.000002384185791,8.0
smooth-only,sample-0065.npz,31,action_readout,0.014025691912541311,0.9929686784744263,316.0
smooth-only,sample-0066.npz,0,image_main,0.00022788221571380334,0.9998866319656372,0.25
smooth-only,sample-0066.npz,0,image_wrist,0.0002593473236248101,0.9998730421066284,0.09375
smooth-only,sample-0066.npz,0,proprio,2.821223058801205e-10,1.0000005960464478,0.015625
smooth-only,sample-0066.npz,0,text,1.4585506460863826e-05,0.9999910593032837,0.03125
smooth-only,sample-0066.npz,0,action_readout,3.678762608014021e-06,1.0000053644180298,0.001953125
smooth-only,sample-0066.npz,1,image_main,0.00020571784502920282,0.9998984336853027,0.25
smooth-only,sample-0066.npz,1,image_wrist,0.00023688342552821232,0.9998840093612671,0.125
smooth-only,sample-0066.npz,1,proprio,7.2903825315245e-08,1.0000004768371582,0.25
smooth-only,sample-0066.npz,1,text,1.787973835757625e-05,0.9999870657920837,0.03125
smooth-only,sample-0066.npz,1,action_readout,1.772414133257784e-05,0.9999810457229614,0.03125
smooth-only,sample-0066.npz,2,image_main,0.00017059498695044258,0.9999136328697205,0.25
smooth-only,sample-0066.npz,2,image_wrist,0.00020527793192182426,0.9998989105224609,0.1875
smooth-only,sample-0066.npz,2,proprio,2.3871012489430466e-07,1.0000005960464478,0.25
smooth-only,sample-0066.npz,2,text,2.3487671992315316e-05,0.9999901652336121,0.03125
smooth-only,sample-0066.npz,2,action_readout,2.2867956778928756e-05,0.9999762177467346,0.0625
smooth-only,sample-0066.npz,3,image_main,0.0001601162045578738,0.9999185800552368,0.25
smooth-only,sample-0066.npz,3,image_wrist,0.00020555374735240238,0.9998978972434998,0.25
smooth-only,sample-0066.npz,3,proprio,5.266628090607198e-07,1.000000238418579,0.25
smooth-only,sample-0066.npz,3,text,3.262415322225181e-05,0.99998539686203,0.0625
smooth-only,sample-0066.npz,3,action_readout,3.511741715227946e-05,0.9999731779098511,0.0625
smooth-only,sample-0066.npz,4,image_main,0.0001553635131874687,0.9999207854270935,0.25
smooth-only,sample-0066.npz,4,image_wrist,0.00020745612445269832,0.9998971819877625,0.25
smooth-only,sample-0066.npz,4,proprio,7.039436335288874e-07,1.000000238418579,0.25
smooth-only,sample-0066.npz,4,text,4.29516679126586e-05,0.9999804496765137,0.0625
smooth-only,sample-0066.npz,4,action_readout,4.542875381628442e-05,0.9999657869338989,0.0625
smooth-only,sample-0066.npz,5,image_main,0.00015782361389636717,0.9999193549156189,0.25
smooth-only,sample-0066.npz,5,image_wrist,0.00020909227994355108,0.9998959302902222,0.25
smooth-only,sample-0066.npz,5,proprio,9.690125343104678e-07,1.0,0.25
smooth-only,sample-0066.npz,5,text,5.5739120146247636e-05,0.9999727010726929,0.0625
smooth-only,sample-0066.npz,5,action_readout,5.545997719060609e-05,0.9999595880508423,0.0625
smooth-only,sample-0066.npz,6,image_main,0.00016089245135269235,0.9999181628227234,0.25
smooth-only,sample-0066.npz,6,image_wrist,0.0002165219377816869,0.999893069267273,0.25
smooth-only,sample-0066.npz,6,proprio,1.3459987849071472e-06,1.0,0.5
smooth-only,sample-0066.npz,6,text,6.638136999673704e-05,0.9999685287475586,0.0625
smooth-only,sample-0066.npz,6,action_readout,7.147362818491316e-05,0.9999525547027588,0.0625
smooth-only,sample-0066.npz,7,image_main,0.00016716591231398685,0.9999153017997742,0.25
smooth-only,sample-0066.npz,7,image_wrist,0.0002269455926943668,0.9998871684074402,0.25
smooth-only,sample-0066.npz,7,proprio,1.7206521061439427e-06,0.9999997615814209,0.5
smooth-only,sample-0066.npz,7,text,8.811939166638013e-05,0.9999579191207886,0.0625
smooth-only,sample-0066.npz,7,action_readout,9.307112018151532e-05,0.9999402761459351,0.09375
smooth-only,sample-0066.npz,8,image_main,0.0001724969619502483,0.9999117851257324,0.25
smooth-only,sample-0066.npz,8,image_wrist,0.00023509617345130165,0.9998832941055298,0.25
smooth-only,sample-0066.npz,8,proprio,2.171932531953035e-06,0.999999463558197,0.5
smooth-only,sample-0066.npz,8,text,8.932049640825401e-05,0.9999547004699707,0.1875
smooth-only,sample-0066.npz,8,action_readout,8.08478640161109e-05,0.9999445080757141,0.125
smooth-only,sample-0066.npz,9,image_main,0.00017380975290461737,0.9999116659164429,0.375
smooth-only,sample-0066.npz,9,image_wrist,0.00024987383060285707,0.9998761415481567,0.25
smooth-only,sample-0066.npz,9,proprio,2.5740606938564055e-06,0.9999992847442627,0.5
smooth-only,sample-0066.npz,9,text,0.00011232937608759432,0.9999420642852783,0.25
smooth-only,sample-0066.npz,9,action_readout,9.819281258225217e-05,0.9999358654022217,0.125
smooth-only,sample-0066.npz,10,image_main,0.00017347604632977898,0.9999112486839294,0.375
smooth-only,sample-0066.npz,10,image_wrist,0.00025910498237496405,0.9998717904090881,0.25
smooth-only,sample-0066.npz,10,proprio,3.131672614290432e-06,0.9999990463256836,0.5
smooth-only,sample-0066.npz,10,text,0.00011877003168447926,0.9999399185180664,0.25
smooth-only,sample-0066.npz,10,action_readout,0.00010366227340488101,0.999932050704956,0.25
smooth-only,sample-0066.npz,11,image_main,0.00017420477452275159,0.9999117851257324,0.375
smooth-only,sample-0066.npz,11,image_wrist,0.00027881481167266105,0.9998623132705688,0.25
smooth-only,sample-0066.npz,11,proprio,3.5971288826218537e-06,0.9999988079071045,0.5
smooth-only,sample-0066.npz,11,text,0.0001389701368587491,0.9999312162399292,0.25
smooth-only,sample-0066.npz,11,action_readout,0.0001188069052860891,0.999923825263977,0.25
smooth-only,sample-0066.npz,12,image_main,0.00018026625577092402,0.999907374382019,0.5
smooth-only,sample-0066.npz,12,image_wrist,0.000302887447041241,0.9998506307601929,0.25
smooth-only,sample-0066.npz,12,proprio,4.0203356879594315e-06,0.9999986290931702,0.5
smooth-only,sample-0066.npz,12,text,0.00016818466283568628,0.9999163150787354,0.25
smooth-only,sample-0066.npz,12,action_readout,0.00014489125601267432,0.9999116659164429,0.25
smooth-only,sample-0066.npz,13,image_main,0.00018549825829451013,0.9999053478240967,0.5
smooth-only,sample-0066.npz,13,image_wrist,0.00032885573166814596,0.9998372793197632,0.3125
smooth-only,sample-0066.npz,13,proprio,4.406286813565205e-06,0.9999983906745911,0.5
smooth-only,sample-0066.npz,13,text,0.00019276695393733408,0.9999046325683594,0.25
smooth-only,sample-0066.npz,13,action_readout,0.00017072213747253438,0.9999004602432251,0.375
smooth-only,sample-0066.npz,14,image_main,0.00019216094692514155,0.9999020099639893,0.5
smooth-only,sample-0066.npz,14,image_wrist,0.00035835958685891855,0.9998214840888977,0.375
smooth-only,sample-0066.npz,14,proprio,4.8930003352401275e-06,0.9999982118606567,0.5
smooth-only,sample-0066.npz,14,text,0.00022484515308586738,0.9998905658721924,0.25
smooth-only,sample-0066.npz,14,action_readout,0.0002053860125051304,0.9998828172683716,0.25
smooth-only,sample-0066.npz,15,image_main,0.00020029378503688312,0.9998987317085266,0.5
smooth-only,sample-0066.npz,15,image_wrist,0.00038839294966418203,0.9998066425323486,0.5
smooth-only,sample-0066.npz,15,proprio,5.320019058311809e-06,0.9999979734420776,0.5
smooth-only,sample-0066.npz,15,text,0.00026109926368886175,0.9998714327812195,0.25
smooth-only,sample-0066.npz,15,action_readout,0.0002593675794361651,0.9998582005500793,0.3125
smooth-only,sample-0066.npz,16,image_main,0.00020381111888891716,0.9998965859413147,0.5
smooth-only,sample-0066.npz,16,image_wrist,0.0004109148761877381,0.9997956156730652,0.5625
smooth-only,sample-0066.npz,16,proprio,5.963830011831669e-06,0.9999976754188538,0.625
smooth-only,sample-0066.npz,16,text,0.0003165014553565523,0.9998435378074646,0.25
smooth-only,sample-0066.npz,16,action_readout,0.0003202481298900719,0.9998297691345215,0.3125
smooth-only,sample-0066.npz,17,image_main,0.00022392995500259615,0.9998863339424133,0.5
smooth-only,sample-0066.npz,17,image_wrist,0.0004588856030998459,0.9997731447219849,0.625
smooth-only,sample-0066.npz,17,proprio,6.211633759879261e-06,0.9999974966049194,0.5
smooth-only,sample-0066.npz,17,text,0.00037822869561165106,0.9998137354850769,0.25
smooth-only,sample-0066.npz,17,action_readout,0.00038369361563546394,0.9997929930686951,0.3125
smooth-only,sample-0066.npz,18,image_main,0.00023651212568930098,0.999880313873291,0.5
smooth-only,sample-0066.npz,18,image_wrist,0.0004907954130128443,0.9997564554214478,0.609375
smooth-only,sample-0066.npz,18,proprio,6.6452113380073384e-06,0.9999972581863403,0.5
smooth-only,sample-0066.npz,18,text,0.0004333997597885455,0.9997865557670593,0.25
smooth-only,sample-0066.npz,18,action_readout,0.0004584806619279618,0.9997543096542358,0.3125
smooth-only,sample-0066.npz,19,image_main,0.0002573247135052048,0.9998708963394165,0.5
smooth-only,sample-0066.npz,19,image_wrist,0.0005467601949830673,0.9997295141220093,0.609375
smooth-only,sample-0066.npz,19,proprio,7.258388472660098e-06,0.9999970197677612,0.5625
smooth-only,sample-0066.npz,19,text,0.0004726956171890356,0.9997694492340088,0.25
smooth-only,sample-0066.npz,19,action_readout,0.0005294719715193666,0.999720573425293,0.3125
smooth-only,sample-0066.npz,20,image_main,0.0002739554153764713,0.9998633861541748,0.5
smooth-only,sample-0066.npz,20,image_wrist,0.0005881193666318434,0.9997097253799438,0.625
smooth-only,sample-0066.npz,20,proprio,7.697464787976257e-06,0.9999967217445374,0.5625
smooth-only,sample-0066.npz,20,text,0.0005103335850561926,0.9997496604919434,0.375
smooth-only,sample-0066.npz,20,action_readout,0.0005637704102771049,0.9997054934501648,0.375
smooth-only,sample-0066.npz,21,image_main,0.00030281560947775543,0.9998493194580078,0.5
smooth-only,sample-0066.npz,21,image_wrist,0.0006511566202954707,0.999677300453186,0.5859375
smooth-only,sample-0066.npz,21,proprio,8.880552762890268e-06,0.9999961256980896,0.5625
smooth-only,sample-0066.npz,21,text,0.0005596336650219379,0.9997251033782959,0.5
smooth-only,sample-0066.npz,21,action_readout,0.0006096833690644142,0.999683141708374,0.5
smooth-only,sample-0066.npz,22,image_main,0.0003485998426854863,0.9998277425765991,0.53125
smooth-only,sample-0066.npz,22,image_wrist,0.0007054549502044867,0.9996488094329834,0.875
smooth-only,sample-0066.npz,22,proprio,9.841668442996617e-06,0.9999957084655762,0.5625
smooth-only,sample-0066.npz,22,text,0.0005591911470078237,0.9997234344482422,0.5
smooth-only,sample-0066.npz,22,action_readout,0.0006124997806131121,0.9996834993362427,0.5
smooth-only,sample-0066.npz,23,image_main,0.00039016429184470143,0.9998070597648621,0.625
smooth-only,sample-0066.npz,23,image_wrist,0.0007789662695960646,0.9996117949485779,0.9375
smooth-only,sample-0066.npz,23,proprio,1.067744719851653e-05,0.9999953508377075,0.5625
smooth-only,sample-0066.npz,23,text,0.0005965991614141283,0.9997045993804932,0.5
smooth-only,sample-0066.npz,23,action_readout,0.0006278629694337555,0.9996749758720398,0.5
smooth-only,sample-0066.npz,24,image_main,0.0004027996158565509,0.9998007416725159,1.0
smooth-only,sample-0066.npz,24,image_wrist,0.0007926254435182963,0.9996041059494019,0.9609375
smooth-only,sample-0066.npz,24,proprio,1.1515099631842189e-05,0.9999948143959045,0.5625
smooth-only,sample-0066.npz,24,text,0.0005263009500804483,0.9997363090515137,0.5
smooth-only,sample-0066.npz,24,action_readout,0.0005145744196016448,0.9997268319129944,1.0
smooth-only,sample-0066.npz,25,image_main,0.0004331403884103241,0.9997843503952026,0.875
smooth-only,sample-0066.npz,25,image_wrist,0.0008366938221439265,0.9995822310447693,1.125
smooth-only,sample-0066.npz,25,proprio,1.2424936729279432e-05,0.9999944567680359,0.5625
smooth-only,sample-0066.npz,25,text,0.0005356740110078116,0.9997314214706421,0.5
smooth-only,sample-0066.npz,25,action_readout,0.000520499496374453,0.9997246265411377,1.0
smooth-only,sample-0066.npz,26,image_main,0.0003961532466782927,0.9997998476028442,1.0
smooth-only,sample-0066.npz,26,image_wrist,0.0007751215173096481,0.9996111392974854,1.0
smooth-only,sample-0066.npz,26,proprio,1.404307339885343e-05,0.9999936819076538,1.0
smooth-only,sample-0066.npz,26,text,0.0004567627006114443,0.9997699856758118,0.5
smooth-only,sample-0066.npz,26,action_readout,0.0004201466956320138,0.9997767210006714,1.0
smooth-only,sample-0066.npz,27,image_main,0.00041024783671757926,0.9997937679290771,1.0
smooth-only,sample-0066.npz,27,image_wrist,0.0008045891241552447,0.9995967149734497,1.0
smooth-only,sample-0066.npz,27,proprio,1.5106075046672689e-05,0.9999932050704956,1.0
smooth-only,sample-0066.npz,27,text,0.00045605229251841816,0.9997713565826416,0.5
smooth-only,sample-0066.npz,27,action_readout,0.00040986211519926895,0.9997816681861877,1.0
smooth-only,sample-0066.npz,28,image_main,0.000421461692855617,0.999788761138916,1.25
smooth-only,sample-0066.npz,28,image_wrist,0.0008216534701319226,0.999588131904602,1.0
smooth-only,sample-0066.npz,28,proprio,1.6658164717586754e-05,0.9999923706054688,1.0
smooth-only,sample-0066.npz,28,text,0.00044934740543991017,0.9997760057449341,0.5
smooth-only,sample-0066.npz,28,action_readout,0.00039824019286899325,0.9997852444648743,1.0
smooth-only,sample-0066.npz,29,image_main,0.0004117898294534764,0.9997934103012085,1.0
smooth-only,sample-0066.npz,29,image_wrist,0.0008139086837876977,0.9995938539505005,1.0
smooth-only,sample-0066.npz,29,proprio,1.8305865368627073e-05,0.9999914765357971,1.0
smooth-only,sample-0066.npz,29,text,0.00043025601895414333,0.9997844696044922,1.0
smooth-only,sample-0066.npz,29,action_readout,0.0003735375979747725,0.9997996687889099,1.0
smooth-only,sample-0066.npz,30,image_main,0.0003489636439185256,0.9998248815536499,1.0
smooth-only,sample-0066.npz,30,image_wrist,0.0006961046648786904,0.9996523857116699,1.0
smooth-only,sample-0066.npz,30,proprio,2.047004200210421e-05,0.9999905824661255,1.0
smooth-only,sample-0066.npz,30,text,0.0003787276362150861,0.9998100399971008,1.5
smooth-only,sample-0066.npz,30,action_readout,0.0003194177172566266,0.999829888343811,1.0
smooth-only,sample-0066.npz,31,image_main,0.00015972530095663816,0.9999173879623413,4.0
smooth-only,sample-0066.npz,31,image_wrist,0.00032817577968493006,0.9998370409011841,4.0
smooth-only,sample-0066.npz,31,proprio,2.048509306343317e-05,0.9999904036521912,0.625
smooth-only,sample-0066.npz,31,text,0.00024427613406777053,0.999877393245697,2.0
smooth-only,sample-0066.npz,31,action_readout,0.00020252701338373513,0.9998842477798462,2.0
smooth-only,sample-0067.npz,0,image_main,0.00024226901841484125,0.9998816251754761,0.09375
smooth-only,sample-0067.npz,0,image_wrist,0.00032221613770961325,0.9998432397842407,0.09375
smooth-only,sample-0067.npz,0,proprio,9.567234266751976e-11,1.0000008344650269,0.0078125
smooth-only,sample-0067.npz,0,text,1.582843378554268e-05,0.9999880194664001,0.03125
smooth-only,sample-0067.npz,0,action_readout,9.547836024504316e-06,1.0000030994415283,0.00390625
smooth-only,sample-0067.npz,1,image_main,0.00021503242686216165,0.9998947978019714,0.125
smooth-only,sample-0067.npz,1,image_wrist,0.00029662743338514357,0.9998558759689331,0.125
smooth-only,sample-0067.npz,1,proprio,3.4463999380090954e-08,1.0000007152557373,0.125
smooth-only,sample-0067.npz,1,text,1.6555044177453484e-05,0.9999891519546509,0.03125
smooth-only,sample-0067.npz,1,action_readout,2.300308419820651e-05,0.9999781250953674,0.03125
smooth-only,sample-0067.npz,2,image_main,0.0001806509571762324,0.9999105930328369,0.125
smooth-only,sample-0067.npz,2,image_wrist,0.00026208831427309204,0.9998718500137329,0.1875
smooth-only,sample-0067.npz,2,proprio,3.370535233322337e-07,1.0000005960464478,0.25
smooth-only,sample-0067.npz,2,text,3.464349674741543e-05,0.9999793767929077,0.03125
smooth-only,sample-0067.npz,2,action_readout,2.733191241354942e-05,0.9999775886535645,0.0625
smooth-only,sample-0067.npz,3,image_main,0.0001698869057150799,0.999914288520813,0.1875
smooth-only,sample-0067.npz,3,image_wrist,0.0002654506924499818,0.999870777130127,0.1875
smooth-only,sample-0067.npz,3,proprio,5.219005096912413e-07,1.0000005960464478,0.25
smooth-only,sample-0067.npz,3,text,3.918819703114677e-05,0.999978244304657,0.0625
smooth-only,sample-0067.npz,3,action_readout,3.9181820798649544e-05,0.9999710321426392,0.125
smooth-only,sample-0067.npz,4,image_main,0.00016278696858466077,0.9999180436134338,0.1875
smooth-only,sample-0067.npz,4,image_wrist,0.0002694271923528011,0.9998683333396912,0.125
smooth-only,sample-0067.npz,4,proprio,6.675943487761614e-07,1.0000003576278687,0.25
smooth-only,sample-0067.npz,4,text,4.545353882513636e-05,0.9999748468399048,0.0625
smooth-only,sample-0067.npz,4,action_readout,4.61726448601778e-05,0.9999678730964661,0.125
smooth-only,sample-0067.npz,5,image_main,0.00016159550945400998,0.999918520450592,0.25
smooth-only,sample-0067.npz,5,image_wrist,0.0002715494052995293,0.99986732006073,0.125
smooth-only,sample-0067.npz,5,proprio,9.235879709612043e-07,1.0000004768371582,0.25
smooth-only,sample-0067.npz,5,text,5.593103002974209e-05,0.9999698400497437,0.125
smooth-only,sample-0067.npz,5,action_readout,5.2749519647392844e-05,0.999964714050293,0.1875
smooth-only,sample-0067.npz,6,image_main,0.00016453807636709203,0.9999160766601562,0.25
smooth-only,sample-0067.npz,6,image_wrist,0.0002778413991281738,0.9998647570610046,0.15625
smooth-only,sample-0067.npz,6,proprio,1.157340455989204e-06,1.0000003576278687,0.25
smooth-only,sample-0067.npz,6,text,7.313869846520713e-05,0.9999626278877258,0.1875
smooth-only,sample-0067.npz,6,action_readout,6.769173747897284e-05,0.9999569058418274,0.25
smooth-only,sample-0067.npz,7,image_main,0.00017387009875835524,0.999911904335022,0.25
smooth-only,sample-0067.npz,7,image_wrist,0.00028791101926702685,0.9998593330383301,0.125
smooth-only,sample-0067.npz,7,proprio,1.6167227473910886e-06,1.0,0.25
smooth-only,sample-0067.npz,7,text,9.427491966938158e-05,0.9999513626098633,0.1875
smooth-only,sample-0067.npz,7,action_readout,9.368352137705692e-05,0.9999456405639648,0.25
smooth-only,sample-0067.npz,8,image_main,0.00017634873570660564,0.9999109506607056,0.3125
smooth-only,sample-0067.npz,8,image_wrist,0.0002949656122092674,0.9998555779457092,0.1875
smooth-only,sample-0067.npz,8,proprio,2.1418490140550073e-06,0.9999996423721313,0.25
smooth-only,sample-0067.npz,8,text,9.149266467581936e-05,0.9999512434005737,0.125
smooth-only,sample-0067.npz,8,action_readout,8.204455951474246e-05,0.9999492168426514,0.125
smooth-only,sample-0067.npz,9,image_main,0.00017704286669680097,0.9999099969863892,0.3125
smooth-only,sample-0067.npz,9,image_wrist,0.0003053076378202381,0.9998502731323242,0.25
smooth-only,sample-0067.npz,9,proprio,2.574030576015217e-06,0.999999463558197,0.25
smooth-only,sample-0067.npz,9,text,0.00010099249285494946,0.9999484419822693,0.125
smooth-only,sample-0067.npz,9,action_readout,0.00010177103455525639,0.9999396800994873,0.1875
smooth-only,sample-0067.npz,10,image_main,0.0001766208724553344,0.9999102354049683,0.28125
smooth-only,sample-0067.npz,10,image_wrist,0.0003103145134903351,0.9998478889465332,0.25
smooth-only,sample-0067.npz,10,proprio,3.1624002792074945e-06,0.9999992847442627,0.25
smooth-only,sample-0067.npz,10,text,0.000114807838333762,0.9999405145645142,0.125
smooth-only,sample-0067.npz,10,action_readout,0.00011534680020675458,0.9999325275421143,0.25
smooth-only,sample-0067.npz,11,image_main,0.0001832208336728666,0.999907374382019,0.3125
smooth-only,sample-0067.npz,11,image_wrist,0.00031348986707913166,0.9998460412025452,0.25
smooth-only,sample-0067.npz,11,proprio,3.651113378738506e-06,0.9999991059303284,0.25
smooth-only,sample-0067.npz,11,text,0.00014390711086009067,0.9999258518218994,0.125
smooth-only,sample-0067.npz,11,action_readout,0.00015175772737786086,0.9999117851257324,0.25
smooth-only,sample-0067.npz,12,image_main,0.00019021199959316621,0.9999032020568848,0.3125
smooth-only,sample-0067.npz,12,image_wrist,0.0003318335775693962,0.9998376369476318,0.25
smooth-only,sample-0067.npz,12,proprio,4.120641772763401e-06,0.9999988079071045,0.25
smooth-only,sample-0067.npz,12,text,0.00018037302455855569,0.9999094009399414,0.1875
smooth-only,sample-0067.npz,12,action_readout,0.0001964779468949225,0.9998860359191895,0.3125
smooth-only,sample-0067.npz,13,image_main,0.0001958373696461641,0.999901533126831,0.28125
smooth-only,sample-0067.npz,13,image_wrist,0.0003493768559094042,0.99982750415802,0.3125
smooth-only,sample-0067.npz,13,proprio,4.67707162756769e-06,0.9999984502792358,0.25
smooth-only,sample-0067.npz,13,text,0.0002088976509820592,0.9998950362205505,0.25
smooth-only,sample-0067.npz,13,action_readout,0.00020809154677180262,0.9998814463615417,0.25
smooth-only,sample-0067.npz,14,image_main,0.00021237702000346357,0.9998934864997864,0.28125
smooth-only,sample-0067.npz,14,image_wrist,0.00038299597277549797,0.9998112320899963,0.375
smooth-only,sample-0067.npz,14,proprio,5.508197366767013e-06,0.9999980330467224,0.5
smooth-only,sample-0067.npz,14,text,0.0002497074133759598,0.9998762607574463,0.25
smooth-only,sample-0067.npz,14,action_readout,0.00027512307310815793,0.9998472929000854,0.3125
smooth-only,sample-0067.npz,15,image_main,0.00022295834234775384,0.9998866319656372,0.28125
smooth-only,sample-0067.npz,15,image_wrist,0.0004108328219767227,0.9997966289520264,0.375
smooth-only,sample-0067.npz,15,proprio,6.380031142606435e-06,0.9999977350234985,0.5
smooth-only,sample-0067.npz,15,text,0.00028399359589753175,0.9998592138290405,0.25
smooth-only,sample-0067.npz,15,action_readout,0.0003215544557576238,0.999829888343811,0.3125
smooth-only,sample-0067.npz,16,image_main,0.0002197029438323677,0.9998894929885864,0.28125
smooth-only,sample-0067.npz,16,image_wrist,0.00042284327139366834,0.9997899532318115,0.375
smooth-only,sample-0067.npz,16,proprio,6.759132186242132e-06,0.9999973773956299,0.5
smooth-only,sample-0067.npz,16,text,0.00032228628115771497,0.9998403787612915,0.3125
smooth-only,sample-0067.npz,16,action_readout,0.0003786117510815692,0.9997996687889099,0.3125
smooth-only,sample-0067.npz,17,image_main,0.00024013965905982242,0.9998793601989746,0.28125
smooth-only,sample-0067.npz,17,image_wrist,0.00046397046541651486,0.9997696876525879,0.375
smooth-only,sample-0067.npz,17,proprio,7.600445195783224e-06,0.9999969005584717,0.5
smooth-only,sample-0067.npz,17,text,0.0003737175316966782,0.9998162984848022,0.3125
smooth-only,sample-0067.npz,17,action_readout,0.0004629128588114015,0.9997550249099731,0.3125
smooth-only,sample-0067.npz,18,image_main,0.00025614489033912174,0.9998716711997986,0.375
smooth-only,sample-0067.npz,18,image_wrist,0.0004896842353955153,0.9997565150260925,0.375
smooth-only,sample-0067.npz,18,proprio,8.611909793998272e-06,0.999996542930603,0.5
smooth-only,sample-0067.npz,18,text,0.00042396736309049655,0.999792218208313,0.3125
smooth-only,sample-0067.npz,18,action_readout,0.0005431319422321528,0.9997143745422363,0.4375
smooth-only,sample-0067.npz,19,image_main,0.0002817007076889058,0.999859094619751,0.40625
smooth-only,sample-0067.npz,19,image_wrist,0.0005308956607923835,0.9997367858886719,0.375
smooth-only,sample-0067.npz,19,proprio,9.175318675216786e-06,0.9999963641166687,0.5
smooth-only,sample-0067.npz,19,text,0.0004707080601740244,0.9997695684432983,0.3125
smooth-only,sample-0067.npz,19,action_readout,0.0006338365624339661,0.9996715784072876,0.5
smooth-only,sample-0067.npz,20,image_main,0.0003017555446990549,0.9998493194580078,0.5
smooth-only,sample-0067.npz,20,image_wrist,0.0005668449412093553,0.9997199773788452,0.5
smooth-only,sample-0067.npz,20,proprio,1.0122447937771525e-05,0.9999955296516418,0.5
smooth-only,sample-0067.npz,20,text,0.0005068689735907584,0.9997508525848389,0.3125
smooth-only,sample-0067.npz,20,action_readout,0.0006877762884326165,0.999646782875061,0.4375
smooth-only,sample-0067.npz,21,image_main,0.00032737771087671124,0.9998373985290527,0.5
smooth-only,sample-0067.npz,21,image_wrist,0.0006203569474318696,0.9996933937072754,0.5
smooth-only,sample-0067.npz,21,proprio,1.1388357765191777e-05,0.999995231628418,0.5
smooth-only,sample-0067.npz,21,text,0.0005544415987187782,0.9997261762619019,0.3125
smooth-only,sample-0067.npz,21,action_readout,0.0007885188969853212,0.9995965361595154,0.4375
smooth-only,sample-0067.npz,22,image_main,0.00036637577125662443,0.9998190402984619,0.5
smooth-only,sample-0067.npz,22,image_wrist,0.0006753234633767053,0.999665379524231,0.5625
smooth-only,sample-0067.npz,22,proprio,1.2688122496660406e-05,0.9999942779541016,0.5
smooth-only,sample-0067.npz,22,text,0.0006138918564265916,0.9996955394744873,0.375
smooth-only,sample-0067.npz,22,action_readout,0.0008925789223282485,0.9995450973510742,0.5
smooth-only,sample-0067.npz,23,image_main,0.00040777281337865315,0.9997977018356323,0.5
smooth-only,sample-0067.npz,23,image_wrist,0.0007507372595677724,0.9996270537376404,0.625
smooth-only,sample-0067.npz,23,proprio,1.3612296225590489e-05,0.9999940991401672,0.5
smooth-only,sample-0067.npz,23,text,0.0006677505440260085,0.9996683597564697,0.625
smooth-only,sample-0067.npz,23,action_readout,0.0009976592056163338,0.9994903802871704,0.5
smooth-only,sample-0067.npz,24,image_main,0.00044220119586168194,0.9997798204421997,0.5
smooth-only,sample-0067.npz,24,image_wrist,0.0007835792492251321,0.9996098875999451,0.6875
smooth-only,sample-0067.npz,24,proprio,1.5595692153575556e-05,0.9999932050704956,0.5
smooth-only,sample-0067.npz,24,text,0.0006635460019246413,0.99966961145401,0.5
smooth-only,sample-0067.npz,24,action_readout,0.0009761313313242554,0.9994968175888062,0.75
smooth-only,sample-0067.npz,25,image_main,0.0004903903840377478,0.9997557401657104,0.625
smooth-only,sample-0067.npz,25,image_wrist,0.0008371923927898409,0.9995832443237305,0.625
smooth-only,sample-0067.npz,25,proprio,1.6826581069545265e-05,0.9999924302101135,0.5
smooth-only,sample-0067.npz,25,text,0.0007065519097881214,0.9996479749679565,0.5
smooth-only,sample-0067.npz,25,action_readout,0.0010218444354451908,0.9994733333587646,0.75
smooth-only,sample-0067.npz,26,image_main,0.0005058297179164707,0.999747097492218,1.0
smooth-only,sample-0067.npz,26,image_wrist,0.0008514938010245438,0.9995749592781067,0.75
smooth-only,sample-0067.npz,26,proprio,1.8674537077621666e-05,0.9999917149543762,0.5
smooth-only,sample-0067.npz,26,text,0.0006752012746807828,0.9996628761291504,0.5
smooth-only,sample-0067.npz,26,action_readout,0.0009987545847148745,0.9994836449623108,0.75
smooth-only,sample-0067.npz,27,image_main,0.00054313316088571,0.9997286796569824,1.0
smooth-only,sample-0067.npz,27,image_wrist,0.0008946226777800834,0.9995521306991577,0.75
smooth-only,sample-0067.npz,27,proprio,2.0434441516306132e-05,0.9999905824661255,0.5
smooth-only,sample-0067.npz,27,text,0.0007079807203053966,0.9996462464332581,0.75
smooth-only,sample-0067.npz,27,action_readout,0.0012791754788214489,0.9993438720703125,0.875
smooth-only,sample-0067.npz,28,image_main,0.0005961969886072309,0.9997001886367798,1.25
smooth-only,sample-0067.npz,28,image_wrist,0.0009373860538461364,0.9995306730270386,1.25
smooth-only,sample-0067.npz,28,proprio,2.2744719299298107e-05,0.9999895691871643,0.5
smooth-only,sample-0067.npz,28,text,0.0007362007015170502,0.9996329545974731,0.75
smooth-only,sample-0067.npz,28,action_readout,0.0014482588849919994,0.9992594718933105,1.25
smooth-only,sample-0067.npz,29,image_main,0.0006096509889871587,0.9996933937072754,1.0
smooth-only,sample-0067.npz,29,image_wrist,0.0009636975622459434,0.9995188117027283,1.25
smooth-only,sample-0067.npz,29,proprio,2.5579743804884374e-05,0.9999881982803345,0.75
smooth-only,sample-0067.npz,29,text,0.00071787294960795,0.9996421337127686,0.75
smooth-only,sample-0067.npz,29,action_readout,0.0015796566501294648,0.9991959929466248,1.5
smooth-only,sample-0067.npz,30,image_main,0.0005114290528584745,0.999742865562439,1.0
smooth-only,sample-0067.npz,30,image_wrist,0.0008467222177385138,0.9995777010917664,1.25
smooth-only,sample-0067.npz,30,proprio,2.7720368717572034e-05,0.9999870657920837,0.75
smooth-only,sample-0067.npz,30,text,0.0006224793559124258,0.9996891021728516,1.0
smooth-only,sample-0067.npz,30,action_readout,0.0014762363957689772,0.9992520213127136,1.5
smooth-only,sample-0067.npz,31,image_main,0.00021085260866532605,0.9999039769172668,6.0
smooth-only,sample-0067.npz,31,image_wrist,0.0004610079187014125,0.9997769594192505,12.0
smooth-only,sample-0067.npz,31,proprio,2.838409999953128e-05,0.9999866485595703,0.75
smooth-only,sample-0067.npz,31,text,0.00030727053378219087,0.9998451471328735,3.0
smooth-only,sample-0067.npz,31,action_readout,0.003190212444305343,0.9984508156776428,80.0
smooth-only,sample-0068.npz,0,image_main,0.00020015409690243366,0.9999018907546997,0.1875
smooth-only,sample-0068.npz,0,image_wrist,0.00019719247035632703,0.9999006390571594,0.1875
smooth-only,sample-0068.npz,0,proprio,8.756274575549355e-10,1.0000005960464478,0.015625
smooth-only,sample-0068.npz,0,text,9.973561740475161e-06,0.9999936819076538,0.015625
smooth-only,sample-0068.npz,0,action_readout,7.222198351950225e-06,0.9999854564666748,0.00390625
smooth-only,sample-0068.npz,1,image_main,0.00018197186488435948,0.9999112486839294,0.1875
smooth-only,sample-0068.npz,1,image_wrist,0.00018068672972703569,0.9999094009399414,0.125
smooth-only,sample-0068.npz,1,proprio,8.721101953746112e-08,1.0000007152557373,0.125
smooth-only,sample-0068.npz,1,text,4.36288584693504e-08,1.0000009536743164,4.0
smooth-only,sample-0068.npz,1,action_readout,2.227839430457319e-05,0.9999784231185913,0.0625
smooth-only,sample-0068.npz,2,image_main,0.0001493401618201239,0.9999265074729919,0.125
smooth-only,sample-0068.npz,2,image_wrist,0.0001556969896696421,0.9999223947525024,0.25
smooth-only,sample-0068.npz,2,proprio,5.595898249462376e-07,1.0000004768371582,0.125
smooth-only,sample-0068.npz,2,text,4.430874896949233e-08,1.0000009536743164,4.0
smooth-only,sample-0068.npz,2,action_readout,2.242587472650553e-05,0.9999761581420898,0.125
smooth-only,sample-0068.npz,3,image_main,0.0001431653193387529,0.9999297261238098,0.25
smooth-only,sample-0068.npz,3,image_wrist,0.00015545337175560073,0.9999222159385681,0.25
smooth-only,sample-0068.npz,3,proprio,1.032072281359681e-06,1.0000004768371582,0.125
smooth-only,sample-0068.npz,3,text,4.49656970003314e-08,1.0000009536743164,4.0
smooth-only,sample-0068.npz,3,action_readout,3.377112603426751e-05,0.9999688863754272,0.125
smooth-only,sample-0068.npz,4,image_main,0.00014307274012951857,0.9999289512634277,0.25
smooth-only,sample-0068.npz,4,image_wrist,0.00016193965710442664,0.9999198913574219,0.25
smooth-only,sample-0068.npz,4,proprio,1.488480379796893e-06,0.9999997615814209,0.125
smooth-only,sample-0068.npz,4,text,4.5778866999119e-08,1.000001072883606,4.0
smooth-only,sample-0068.npz,4,action_readout,4.3103203912962007e-05,0.9999637603759766,0.125
smooth-only,sample-0068.npz,5,image_main,0.00014476161143859803,0.9999286532402039,0.1875
smooth-only,sample-0068.npz,5,image_wrist,0.00016774636230123754,0.999916672706604,0.25
smooth-only,sample-0068.npz,5,proprio,1.8630058252193858e-06,0.9999997019767761,0.125
smooth-only,sample-0068.npz,5,text,4.618278936957629e-08,1.0000007152557373,4.0
smooth-only,sample-0068.npz,5,action_readout,5.139799299146566e-05,0.9999585747718811,0.125
smooth-only,sample-0068.npz,6,image_main,0.00014718132827260476,0.9999268651008606,0.25
smooth-only,sample-0068.npz,6,image_wrist,0.00016876174744480355,0.9999154210090637,0.25
smooth-only,sample-0068.npz,6,proprio,2.42095793248057e-06,0.9999996423721313,0.125
smooth-only,sample-0068.npz,6,text,4.691727407140381e-08,1.0000011920928955,4.0
smooth-only,sample-0068.npz,6,action_readout,6.028852189552551e-05,0.9999552965164185,0.125
smooth-only,sample-0068.npz,7,image_main,0.0001533642791575937,0.9999233484268188,0.25
smooth-only,sample-0068.npz,7,image_wrist,0.00017409300567413803,0.99991375207901,0.25
smooth-only,sample-0068.npz,7,proprio,2.9229282021016232e-06,0.9999994039535522,0.25
smooth-only,sample-0068.npz,7,text,4.767793353630756e-08,1.0000011920928955,4.0
smooth-only,sample-0068.npz,7,action_readout,7.039996580127178e-05,0.9999504089355469,0.25
smooth-only,sample-0068.npz,8,image_main,0.00015736221118549303,0.9999226927757263,0.25
smooth-only,sample-0068.npz,8,image_wrist,0.00017414408310992697,0.9999138712882996,0.25
smooth-only,sample-0068.npz,8,proprio,3.4937285316146265e-06,0.9999992251396179,0.25
smooth-only,sample-0068.npz,8,text,4.88587380953346e-08,1.0000014305114746,4.0
smooth-only,sample-0068.npz,8,action_readout,6.781359205168475e-05,0.9999520778656006,0.25
smooth-only,sample-0068.npz,9,image_main,0.00015937595854439334,0.9999215602874756,0.25
smooth-only,sample-0068.npz,9,image_wrist,0.0001817377840519269,0.9999100565910339,0.375
smooth-only,sample-0068.npz,9,proprio,3.97919084919096e-06,0.999998927116394,0.25
smooth-only,sample-0068.npz,9,text,4.9880324350747984e-08,1.0000011920928955,4.0
smooth-only,sample-0068.npz,9,action_readout,7.50432891688881e-05,0.9999513626098633,0.25
smooth-only,sample-0068.npz,10,image_main,0.0001631821030544443,0.9999208450317383,0.375
smooth-only,sample-0068.npz,10,image_wrist,0.00018687644546128515,0.9999088048934937,0.5
smooth-only,sample-0068.npz,10,proprio,4.503412040137986e-06,0.9999985098838806,0.25
smooth-only,sample-0068.npz,10,text,5.128051121593537e-08,1.0000008344650269,4.0
smooth-only,sample-0068.npz,10,action_readout,7.851317895157716e-05,0.9999487400054932,0.25
smooth-only,sample-0068.npz,11,image_main,0.0001798135394339044,0.9999121427536011,0.5
smooth-only,sample-0068.npz,11,image_wrist,0.00019984618600404287,0.9999024868011475,0.5
smooth-only,sample-0068.npz,11,proprio,5.236798915245899e-06,0.9999980330467224,0.25
smooth-only,sample-0068.npz,11,text,5.3303942722764525e-08,1.0000008344650269,4.0
smooth-only,sample-0068.npz,11,action_readout,8.965654363693734e-05,0.999943733215332,0.25
smooth-only,sample-0068.npz,12,image_main,0.00018589971919959287,0.9999081492424011,0.5
smooth-only,sample-0068.npz,12,image_wrist,0.0002053237451895373,0.9998997449874878,0.5
smooth-only,sample-0068.npz,12,proprio,6.5127222044357984e-06,0.999997615814209,0.25
smooth-only,sample-0068.npz,12,text,5.542681747613627e-08,1.0000009536743164,4.0
smooth-only,sample-0068.npz,12,action_readout,0.00010633021205446637,0.9999352693557739,0.25
smooth-only,sample-0068.npz,13,image_main,0.00019496641797247822,0.999904990196228,0.5
smooth-only,sample-0068.npz,13,image_wrist,0.0002082465072389195,0.9998986124992371,0.5
smooth-only,sample-0068.npz,13,proprio,7.672713132410365e-06,0.9999970197677612,0.25
smooth-only,sample-0068.npz,13,text,5.756542030382914e-08,1.0000014305114746,4.0
smooth-only,sample-0068.npz,13,action_readout,0.00011730448308386612,0.9999274015426636,0.375
smooth-only,sample-0068.npz,14,image_main,0.0002071090790144281,0.9998989701271057,0.5
smooth-only,sample-0068.npz,14,image_wrist,0.00021235651703377766,0.9998956918716431,0.5
smooth-only,sample-0068.npz,14,proprio,8.534914127072725e-06,0.9999964237213135,0.25
smooth-only,sample-0068.npz,14,text,6.206621446916782e-08,1.0000015497207642,4.0
smooth-only,sample-0068.npz,14,action_readout,0.00013146026055862079,0.9999210834503174,0.375
smooth-only,sample-0068.npz,15,image_main,0.00021387679438533596,0.9998947978019714,0.5
smooth-only,sample-0068.npz,15,image_wrist,0.0002147598134393679,0.999894380569458,0.5
smooth-only,sample-0068.npz,15,proprio,9.663978279907976e-06,0.9999959468841553,0.25
smooth-only,sample-0068.npz,15,text,6.536199579640236e-08,1.0000019073486328,4.0
smooth-only,sample-0068.npz,15,action_readout,0.00015510353396815883,0.9999086856842041,0.375
smooth-only,sample-0068.npz,16,image_main,0.00022303549305655013,0.9998912215232849,0.5
smooth-only,sample-0068.npz,16,image_wrist,0.0002162912938147321,0.9998927712440491,0.5
smooth-only,sample-0068.npz,16,proprio,1.0784808722492469e-05,0.9999955296516418,0.25
smooth-only,sample-0068.npz,16,text,6.946640519715987e-08,1.0000019073486328,4.0
smooth-only,sample-0068.npz,16,action_readout,0.00018147399684503634,0.9998947978019714,0.4375
smooth-only,sample-0068.npz,17,image_main,0.00024416230733763356,0.9998807311058044,0.75
smooth-only,sample-0068.npz,17,image_wrist,0.0002304230877811798,0.9998855590820312,0.5
smooth-only,sample-0068.npz,17,proprio,1.192916426005435e-05,0.9999948740005493,0.25
smooth-only,sample-0068.npz,17,text,7.659343878648835e-08,1.0000017881393433,4.0
smooth-only,sample-0068.npz,17,action_readout,0.0002077773442762303,0.9998831152915955,0.5
smooth-only,sample-0068.npz,18,image_main,0.0002555602062610297,0.9998739957809448,0.75
smooth-only,sample-0068.npz,18,image_wrist,0.00023597568909107321,0.9998834133148193,0.5
smooth-only,sample-0068.npz,18,proprio,1.304209586518228e-05,0.9999942779541016,0.25
smooth-only,sample-0068.npz,18,text,8.43931355308757e-08,1.000002145767212,4.0
smooth-only,sample-0068.npz,18,action_readout,0.00022863340131977337,0.9998723268508911,0.5
smooth-only,sample-0068.npz,19,image_main,0.00027967747509014684,0.9998623728752136,0.75
smooth-only,sample-0068.npz,19,image_wrist,0.00026008691919494035,0.9998722076416016,0.5
smooth-only,sample-0068.npz,19,proprio,1.4362606161997611e-05,0.999993622303009,0.3125
smooth-only,sample-0068.npz,19,text,9.51957018895976e-08,1.0000020265579224,4.0
smooth-only,sample-0068.npz,19,action_readout,0.00026905055124612704,0.9998542666435242,0.5
smooth-only,sample-0068.npz,20,image_main,0.0003084218304125064,0.9998481273651123,0.75
smooth-only,sample-0068.npz,20,image_wrist,0.00028456436053621737,0.9998593330383301,0.5
smooth-only,sample-0068.npz,20,proprio,1.693347255411142e-05,0.9999923706054688,0.5
smooth-only,sample-0068.npz,20,text,1.1151658925336454e-07,1.0000025033950806,4.0
smooth-only,sample-0068.npz,20,action_readout,0.0003127987249553435,0.9998352527618408,0.53125
smooth-only,sample-0068.npz,21,image_main,0.0003437406505947234,0.9998311996459961,0.75
smooth-only,sample-0068.npz,21,image_wrist,0.0003228419036550813,0.9998412132263184,0.75
smooth-only,sample-0068.npz,21,proprio,1.8313257501119283e-05,0.9999914169311523,0.5
smooth-only,sample-0068.npz,21,text,1.337463458852234e-07,1.0000032186508179,4.0
smooth-only,sample-0068.npz,21,action_readout,0.00034448321318895187,0.9998216032981873,0.5
smooth-only,sample-0068.npz,22,image_main,0.00038501875622883817,0.9998108148574829,0.75
smooth-only,sample-0068.npz,22,image_wrist,0.00035231716207990147,0.9998255968093872,0.75
smooth-only,sample-0068.npz,22,proprio,2.0616048134113825e-05,0.9999903440475464,0.5
smooth-only,sample-0068.npz,22,text,1.7356084407708007e-07,1.0000038146972656,4.0
smooth-only,sample-0068.npz,22,action_readout,0.00035518494218436653,0.9998074769973755,0.375
smooth-only,sample-0068.npz,23,image_main,0.0004389358162663964,0.9997833371162415,0.75
smooth-only,sample-0068.npz,23,image_wrist,0.00039132383309113444,0.9998049139976501,0.75
smooth-only,sample-0068.npz,23,proprio,2.2908161070634327e-05,0.9999892711639404,0.5
smooth-only,sample-0068.npz,23,text,2.0836421680611955e-07,1.0000035762786865,4.0
smooth-only,sample-0068.npz,23,action_readout,0.0004009196777658859,0.9997830390930176,0.37890625
smooth-only,sample-0068.npz,24,image_main,0.00047150185477681436,0.9997661113739014,0.75
smooth-only,sample-0068.npz,24,image_wrist,0.00041708326265351206,0.9997912645339966,0.75
smooth-only,sample-0068.npz,24,proprio,2.5259593449630834e-05,0.9999881386756897,0.5
smooth-only,sample-0068.npz,24,text,2.6148752052097423e-07,1.0000035762786865,4.0
smooth-only,sample-0068.npz,24,action_readout,0.0004048253257064656,0.9997828006744385,0.4375
smooth-only,sample-0068.npz,25,image_main,0.0004919485444651466,0.9997549057006836,0.75
smooth-only,sample-0068.npz,25,image_wrist,0.00044016446305684617,0.9997807741165161,0.75
smooth-only,sample-0068.npz,25,proprio,2.8610328153881166e-05,0.9999865293502808,0.5
smooth-only,sample-0068.npz,25,text,3.1620958752631645e-07,1.0000038146972656,4.0
smooth-only,sample-0068.npz,25,action_readout,0.0003823143656052967,0.9998007416725159,0.5625
smooth-only,sample-0068.npz,26,image_main,0.0005151209223057659,0.9997427463531494,0.75
smooth-only,sample-0068.npz,26,image_wrist,0.000466790969533217,0.9997676610946655,0.5
smooth-only,sample-0068.npz,26,proprio,3.146438356929171e-05,0.9999850392341614,0.5
smooth-only,sample-0068.npz,26,text,3.734274169535507e-07,1.000003695487976,4.0
smooth-only,sample-0068.npz,26,action_readout,0.0003985110343111208,0.9997938871383667,0.625
smooth-only,sample-0068.npz,27,image_main,0.00048476972517972337,0.9997586607933044,1.0
smooth-only,sample-0068.npz,27,image_wrist,0.0004403967723437107,0.9997809529304504,0.75
smooth-only,sample-0068.npz,27,proprio,3.566488525877013e-05,0.9999828934669495,0.5
smooth-only,sample-0068.npz,27,text,4.4733496263155594e-07,1.0000028610229492,4.0
smooth-only,sample-0068.npz,27,action_readout,0.00033667136248363846,0.9998186826705933,0.75
smooth-only,sample-0068.npz,28,image_main,0.0005065984539661498,0.9997472763061523,1.0
smooth-only,sample-0068.npz,28,image_wrist,0.0004510844301615867,0.9997753500938416,0.5625
smooth-only,sample-0068.npz,28,proprio,3.876886873015935e-05,0.9999813437461853,0.5
smooth-only,sample-0068.npz,28,text,5.159773428870756e-07,1.0000032186508179,4.0
smooth-only,sample-0068.npz,28,action_readout,0.0003225019029108692,0.9998230934143066,0.75
smooth-only,sample-0068.npz,29,image_main,0.0004312077034064425,0.9997872114181519,1.0
smooth-only,sample-0068.npz,29,image_wrist,0.00040091881414653567,0.9998016357421875,1.0
smooth-only,sample-0068.npz,29,proprio,4.24186669670872e-05,0.9999797344207764,0.625
smooth-only,sample-0068.npz,29,text,6.24996313638769e-07,1.0000030994415283,4.0
smooth-only,sample-0068.npz,29,action_readout,0.00024097748857802035,0.9998627305030823,1.5
smooth-only,sample-0068.npz,30,image_main,0.0003194596106323095,0.999841034412384,1.0
smooth-only,sample-0068.npz,30,image_wrist,0.00029785963860127406,0.9998514652252197,1.0
smooth-only,sample-0068.npz,30,proprio,4.719530725946788e-05,0.9999772310256958,0.625
smooth-only,sample-0068.npz,30,text,7.312938633264726e-07,1.000002145767212,4.0
smooth-only,sample-0068.npz,30,action_readout,0.00017266479312252629,0.9999018311500549,2.0
smooth-only,sample-0068.npz,31,image_main,0.00015762836806105783,0.9999222755432129,4.0
smooth-only,sample-0068.npz,31,image_wrist,0.00015538664379136433,0.999921441078186,3.0
smooth-only,sample-0068.npz,31,proprio,5.0732664290919325e-05,0.999975860118866,2.0
smooth-only,sample-0068.npz,31,text,9.441600477104006e-07,1.000002384185791,4.0
smooth-only,sample-0068.npz,31,action_readout,0.00011278365044664698,0.9999289512634277,4.0
smooth-only,sample-0069.npz,0,image_main,0.00026143256381249287,0.9998703002929688,0.125
smooth-only,sample-0069.npz,0,image_wrist,0.00027343675533515803,0.9998666048049927,0.125
smooth-only,sample-0069.npz,0,proprio,2.7338908963022647e-09,1.0000011920928955,0.03125
smooth-only,sample-0069.npz,0,text,6.440871535012945e-06,0.9999955892562866,0.0078125
smooth-only,sample-0069.npz,0,action_readout,1.1682031606877905e-05,1.0000042915344238,0.00390625
smooth-only,sample-0069.npz,1,image_main,0.00023793340456522923,0.9998824596405029,0.125
smooth-only,sample-0069.npz,1,image_wrist,0.00025153572306087186,0.9998770356178284,0.125
smooth-only,sample-0069.npz,1,proprio,2.398745814098486e-08,1.0000005960464478,0.125
smooth-only,sample-0069.npz,1,text,4.4281962898668967e-10,1.0000008344650269,0.0625
smooth-only,sample-0069.npz,1,action_readout,2.535569740789186e-05,0.9999769926071167,0.03125
smooth-only,sample-0069.npz,2,image_main,0.00019799857854799804,0.9998999834060669,0.125
smooth-only,sample-0069.npz,2,image_wrist,0.00022405898582066128,0.9998889565467834,0.125
smooth-only,sample-0069.npz,2,proprio,6.523154157177596e-08,1.0000003576278687,0.125
smooth-only,sample-0069.npz,2,text,6.765827826458979e-10,1.000001072883606,0.125
smooth-only,sample-0069.npz,2,action_readout,3.2283909603958536e-05,0.9999741315841675,0.0625
smooth-only,sample-0069.npz,3,image_main,0.00019116187430490847,0.9999027252197266,0.25
smooth-only,sample-0069.npz,3,image_wrist,0.00022603645175298774,0.9998885989189148,0.125
smooth-only,sample-0069.npz,3,proprio,1.0241749655060136e-07,1.0000004768371582,0.125
smooth-only,sample-0069.npz,3,text,9.38459054821892e-10,1.0000011920928955,0.125
smooth-only,sample-0069.npz,3,action_readout,3.6111624503662976e-05,0.9999759197235107,0.0625
smooth-only,sample-0069.npz,4,image_main,0.00018549533904509954,0.9999056458473206,0.25
smooth-only,sample-0069.npz,4,image_wrist,0.00022840390066859923,0.999887228012085,0.1875
smooth-only,sample-0069.npz,4,proprio,1.8291436864858978e-07,1.0000003576278687,0.125
smooth-only,sample-0069.npz,4,text,1.2839685621780098e-09,1.0000007152557373,0.125
smooth-only,sample-0069.npz,4,action_readout,4.39657072781882e-05,0.9999741315841675,0.125
smooth-only,sample-0069.npz,5,image_main,0.00018179957616289407,0.9999076128005981,0.25
smooth-only,sample-0069.npz,5,image_wrist,0.00023104494905271496,0.9998862147331238,0.1875
smooth-only,sample-0069.npz,5,proprio,2.7384707229306826e-07,1.0000004768371582,0.25
smooth-only,sample-0069.npz,5,text,1.5656953774602778e-09,1.0000005960464478,0.125
smooth-only,sample-0069.npz,5,action_readout,4.713297645985683e-05,0.9999680519104004,0.1875
smooth-only,sample-0069.npz,6,image_main,0.00017803023462843504,0.9999101161956787,0.25
smooth-only,sample-0069.npz,6,image_wrist,0.00023674478819081892,0.999882698059082,0.25
smooth-only,sample-0069.npz,6,proprio,3.509374694940239e-07,1.0,0.25
smooth-only,sample-0069.npz,6,text,1.923901395659839e-09,1.0000005960464478,0.125
smooth-only,sample-0069.npz,6,action_readout,5.5117675704190735e-05,0.9999627470970154,0.1875
smooth-only,sample-0069.npz,7,image_main,0.0001872460983777669,0.9999051690101624,0.25
smooth-only,sample-0069.npz,7,image_wrist,0.0002475497323181693,0.999877393245697,0.25
smooth-only,sample-0069.npz,7,proprio,4.4536770442526105e-07,1.0000004768371582,0.25
smooth-only,sample-0069.npz,7,text,2.7469746783138182e-09,1.0000007152557373,0.25
smooth-only,sample-0069.npz,7,action_readout,7.15154173469819e-05,0.999954879283905,0.1875
smooth-only,sample-0069.npz,8,image_main,0.0001931493808390792,0.9999027848243713,0.25
smooth-only,sample-0069.npz,8,image_wrist,0.00025803440873538075,0.9998727440834045,0.3125
smooth-only,sample-0069.npz,8,proprio,4.961507905025062e-07,1.000000238418579,0.25
smooth-only,sample-0069.npz,8,text,3.5031444850129644e-09,1.0000007152557373,0.25
smooth-only,sample-0069.npz,8,action_readout,6.805763198275666e-05,0.9999587535858154,0.25
smooth-only,sample-0069.npz,9,image_main,0.000194564069593944,0.999901294708252,0.25
smooth-only,sample-0069.npz,9,image_wrist,0.00027181543257276603,0.9998652935028076,0.3125
smooth-only,sample-0069.npz,9,proprio,5.443893997407311e-07,1.0000001192092896,0.25
smooth-only,sample-0069.npz,9,text,4.317889591720153e-09,1.0000009536743164,0.25
smooth-only,sample-0069.npz,9,action_readout,9.039657277591176e-05,0.9999425411224365,0.25
smooth-only,sample-0069.npz,10,image_main,0.00019729414647978185,0.999900221824646,0.25
smooth-only,sample-0069.npz,10,image_wrist,0.0002921343568535232,0.9998557567596436,0.375
smooth-only,sample-0069.npz,10,proprio,6.066519319193496e-07,1.000000238418579,0.25
smooth-only,sample-0069.npz,10,text,5.593927109136094e-09,1.0000008344650269,0.25
smooth-only,sample-0069.npz,10,action_readout,0.00010575616704676394,0.9999330043792725,0.25
smooth-only,sample-0069.npz,11,image_main,0.00020722297566947988,0.9998950958251953,0.25
smooth-only,sample-0069.npz,11,image_wrist,0.0003034863740479835,0.9998491406440735,0.4375
smooth-only,sample-0069.npz,11,proprio,6.843780087226427e-07,1.000000238418579,0.25
smooth-only,sample-0069.npz,11,text,6.868339100187725e-09,1.0000007152557373,0.25
smooth-only,sample-0069.npz,11,action_readout,0.00012719280013970648,0.9999241828918457,0.3125
smooth-only,sample-0069.npz,12,image_main,0.00021465947997689413,0.9998912811279297,0.25
smooth-only,sample-0069.npz,12,image_wrist,0.0003284528281235683,0.999836802482605,0.4375
smooth-only,sample-0069.npz,12,proprio,8.357377549164216e-07,1.0000003576278687,0.25
smooth-only,sample-0069.npz,12,text,8.681706795993085e-09,1.000001072883606,0.25
smooth-only,sample-0069.npz,12,action_readout,0.00017930045636444381,0.9998958706855774,0.3125
smooth-only,sample-0069.npz,13,image_main,0.00022421608414725024,0.9998867511749268,0.25
smooth-only,sample-0069.npz,13,image_wrist,0.00034501537294831226,0.9998284578323364,0.4375
smooth-only,sample-0069.npz,13,proprio,8.980649270213458e-07,1.0,0.25
smooth-only,sample-0069.npz,13,text,1.1521945504892957e-08,1.0000011920928955,0.25
smooth-only,sample-0069.npz,13,action_readout,0.00020079733867613052,0.9998828768730164,0.3125
smooth-only,sample-0069.npz,14,image_main,0.00025488160022326924,0.9998719692230225,0.5
smooth-only,sample-0069.npz,14,image_wrist,0.00038370444602867164,0.9998087882995605,0.5
smooth-only,sample-0069.npz,14,proprio,1.0981589471594232e-06,1.0,0.25
smooth-only,sample-0069.npz,14,text,1.6768704425057833e-08,1.0000016689300537,0.25
smooth-only,sample-0069.npz,14,action_readout,0.0002551091084837616,0.9998626708984375,0.4375
smooth-only,sample-0069.npz,15,image_main,0.0002718475646547492,0.9998632669448853,0.5
smooth-only,sample-0069.npz,15,image_wrist,0.00039716972671778887,0.9998018741607666,0.5
smooth-only,sample-0069.npz,15,proprio,1.2381058846458861e-06,1.0,0.25
smooth-only,sample-0069.npz,15,text,2.2318842576164737e-08,1.0000014305114746,0.25
smooth-only,sample-0069.npz,15,action_readout,0.00029373717959352535,0.9998420476913452,0.5
smooth-only,sample-0069.npz,16,image_main,0.0002836654333216397,0.999857485294342,0.5
smooth-only,sample-0069.npz,16,image_wrist,0.00040262037154227705,0.9997986555099487,0.5
smooth-only,sample-0069.npz,16,proprio,1.3575591955150183e-06,0.9999997615814209,0.25
smooth-only,sample-0069.npz,16,text,2.911658300665731e-08,1.0000015497207642,0.25
smooth-only,sample-0069.npz,16,action_readout,0.0003474943187582472,0.9998129606246948,0.5
smooth-only,sample-0069.npz,17,image_main,0.0003171158020669431,0.9998413324356079,0.5
smooth-only,sample-0069.npz,17,image_wrist,0.0004481736581686444,0.9997767210006714,0.5
smooth-only,sample-0069.npz,17,proprio,1.4440669263275895e-06,1.0,0.25
smooth-only,sample-0069.npz,17,text,3.77375838730606e-08,1.0000016689300537,0.25
smooth-only,sample-0069.npz,17,action_readout,0.0004151132016842316,0.9997783303260803,0.5
smooth-only,sample-0069.npz,18,image_main,0.00034080215631828684,0.9998300075531006,0.5
smooth-only,sample-0069.npz,18,image_wrist,0.0004647619290715992,0.9997691512107849,0.5
smooth-only,sample-0069.npz,18,proprio,1.6249194433884163e-06,0.9999998807907104,0.25
smooth-only,sample-0069.npz,18,text,5.005900938679472e-08,1.0000014305114746,0.5
smooth-only,sample-0069.npz,18,action_readout,0.00046352395721473806,0.999752402305603,0.4375
smooth-only,sample-0069.npz,19,image_main,0.00037162857386557023,0.999815046787262,0.5
smooth-only,sample-0069.npz,19,image_wrist,0.0005109114998652816,0.9997467994689941,0.5
smooth-only,sample-0069.npz,19,proprio,1.8212316513319939e-06,0.999999463558197,0.25
smooth-only,sample-0069.npz,19,text,6.283979102618508e-08,1.0000017881393433,0.5
smooth-only,sample-0069.npz,19,action_readout,0.00054232500086887,0.9997138381004333,0.4375
smooth-only,sample-0069.npz,20,image_main,0.00039803886823463217,0.9998018741607666,0.5
smooth-only,sample-0069.npz,20,image_wrist,0.0005351867435271658,0.9997355937957764,0.5
smooth-only,sample-0069.npz,20,proprio,2.0348651471058335e-06,0.999999463558197,0.25
smooth-only,sample-0069.npz,20,text,8.252571162390297e-08,1.0000025033950806,0.5
smooth-only,sample-0069.npz,20,action_readout,0.0005618532918523873,0.9997091889381409,0.4375
smooth-only,sample-0069.npz,21,image_main,0.0004319906465722122,0.9997854232788086,0.5
smooth-only,sample-0069.npz,21,image_wrist,0.0005872977079164454,0.9997091293334961,0.5
smooth-only,sample-0069.npz,21,proprio,2.377896572957821e-06,0.9999996423721313,0.5
smooth-only,sample-0069.npz,21,text,1.0580504135340539e-07,1.0000022649765015,0.5
smooth-only,sample-0069.npz,21,action_readout,0.0006222280851062049,0.9996779561042786,0.375
smooth-only,sample-0069.npz,22,image_main,0.000462016142921847,0.999771237373352,0.5625
smooth-only,sample-0069.npz,22,image_wrist,0.000627269685431715,0.9996896386146545,0.5
smooth-only,sample-0069.npz,22,proprio,2.632143397625424e-06,0.9999994039535522,0.5
smooth-only,sample-0069.npz,22,text,1.410977284769094e-07,1.0000025033950806,0.5
smooth-only,sample-0069.npz,22,action_readout,0.0006926055943931297,0.9996470808982849,0.5
smooth-only,sample-0069.npz,23,image_main,0.0005078722544642683,0.999748945236206,0.625
smooth-only,sample-0069.npz,23,image_wrist,0.0006966307498607389,0.9996542930603027,0.625
smooth-only,sample-0069.npz,23,proprio,3.042888680256896e-06,0.9999992251396179,0.5
smooth-only,sample-0069.npz,23,text,1.7162237979165605e-07,1.0000028610229492,0.5
smooth-only,sample-0069.npz,23,action_readout,0.0007804574238475322,0.9996000528335571,0.625
smooth-only,sample-0069.npz,24,image_main,0.0005222741005766782,0.999740719795227,0.625
smooth-only,sample-0069.npz,24,image_wrist,0.0007091747013105352,0.9996469020843506,0.875
smooth-only,sample-0069.npz,24,proprio,3.4927756532085123e-06,0.9999986886978149,0.5
smooth-only,sample-0069.npz,24,text,2.1791961742421689e-07,1.0000032186508179,1.0
smooth-only,sample-0069.npz,24,action_readout,0.000789312811666628,0.999592125415802,0.75
smooth-only,sample-0069.npz,25,image_main,0.0005576044428723949,0.9997223615646362,0.75
smooth-only,sample-0069.npz,25,image_wrist,0.0007479463118536337,0.9996271729469299,1.0
smooth-only,sample-0069.npz,25,proprio,3.848076165190628e-06,0.9999986290931702,0.5
smooth-only,sample-0069.npz,25,text,2.630083842966747e-07,1.0000038146972656,1.0
smooth-only,sample-0069.npz,25,action_readout,0.0008519052972557864,0.9995591044425964,0.75
smooth-only,sample-0069.npz,26,image_main,0.0005008021902269199,0.9997475147247314,0.5
smooth-only,sample-0069.npz,26,image_wrist,0.0006998043283233999,0.9996500015258789,1.0
smooth-only,sample-0069.npz,26,proprio,4.277672146641262e-06,0.9999982118606567,0.5
smooth-only,sample-0069.npz,26,text,3.0598107835936583e-07,1.000003695487976,1.0
smooth-only,sample-0069.npz,26,action_readout,0.0008312213931524067,0.9995678067207336,1.0
smooth-only,sample-0069.npz,27,image_main,0.0005578058629402468,0.9997189044952393,1.0
smooth-only,sample-0069.npz,27,image_wrist,0.0007587253226627339,0.9996194839477539,1.0
smooth-only,sample-0069.npz,27,proprio,4.947339166666916e-06,0.9999978542327881,0.625
smooth-only,sample-0069.npz,27,text,3.650078670357235e-07,1.0000038146972656,0.75
smooth-only,sample-0069.npz,27,action_readout,0.0008294105774163141,0.999569296836853,1.0
smooth-only,sample-0069.npz,28,image_main,0.0005732195818529018,0.9997109770774841,1.0
smooth-only,sample-0069.npz,28,image_wrist,0.0007727538906845354,0.9996130466461182,1.0
smooth-only,sample-0069.npz,28,proprio,5.294233768778742e-06,0.9999978542327881,0.5
smooth-only,sample-0069.npz,28,text,4.2479248411722723e-07,1.0000035762786865,0.75
smooth-only,sample-0069.npz,28,action_readout,0.00086241467219892,0.9995542764663696,1.0
smooth-only,sample-0069.npz,29,image_main,0.0005273640515192506,0.9997355937957764,1.0
smooth-only,sample-0069.npz,29,image_wrist,0.0007107404658912535,0.9996439218521118,1.5
smooth-only,sample-0069.npz,29,proprio,5.836235618634044e-06,0.9999974966049194,0.5
smooth-only,sample-0069.npz,29,text,5.016420579434661e-07,1.0000033378601074,0.75
smooth-only,sample-0069.npz,29,action_readout,0.0007677341181800655,0.9996027946472168,1.0
smooth-only,sample-0069.npz,30,image_main,0.00044365793148160634,0.9997764825820923,1.0
smooth-only,sample-0069.npz,30,image_wrist,0.0005712885334532362,0.9997142553329468,1.5
smooth-only,sample-0069.npz,30,proprio,6.620401694216245e-06,0.9999973773956299,0.5
smooth-only,sample-0069.npz,30,text,5.84117075308629e-07,1.0000039339065552,0.75
smooth-only,sample-0069.npz,30,action_readout,0.0006050396864652846,0.9996885061264038,1.0
smooth-only,sample-0069.npz,31,image_main,0.0005097490969160212,0.999748706817627,21.0
smooth-only,sample-0069.npz,31,image_wrist,0.00021536528509025817,0.9998902082443237,10.0
smooth-only,sample-0069.npz,31,proprio,7.329854474238544e-06,0.9999968409538269,0.5
smooth-only,sample-0069.npz,31,text,1.4007054326482608e-06,1.0000028610229492,13.0
smooth-only,sample-0069.npz,31,action_readout,0.00045511891751620046,0.9997659921646118,16.0
smooth-only,sample-0070.npz,0,image_main,0.0001969944882728474,0.9999024868011475,0.125
smooth-only,sample-0070.npz,0,image_wrist,0.0003763510830462828,0.9998143911361694,0.09375
smooth-only,sample-0070.npz,0,proprio,3.4783094239658395e-10,1.0000009536743164,0.015625
smooth-only,sample-0070.npz,0,text,8.274435402019181e-06,0.999995231628418,0.03125
smooth-only,sample-0070.npz,0,action_readout,8.062979715865706e-06,0.9999960660934448,0.001953125
smooth-only,sample-0070.npz,1,image_main,0.000179435833965239,0.9999116659164429,0.125
smooth-only,sample-0070.npz,1,image_wrist,0.0003484758263946698,0.9998289942741394,0.125
smooth-only,sample-0070.npz,1,proprio,7.186052956904851e-08,1.0000009536743164,0.125
smooth-only,sample-0070.npz,1,text,1.2417828750007371e-09,1.0000014305114746,0.125
smooth-only,sample-0070.npz,1,action_readout,3.0149289786974848e-05,0.9999737739562988,0.0625
smooth-only,sample-0070.npz,2,image_main,0.0001614891481118468,0.9999196529388428,0.125
smooth-only,sample-0070.npz,2,image_wrist,0.0003020736081899257,0.9998537302017212,0.12890625
smooth-only,sample-0070.npz,2,proprio,4.008958937155556e-07,1.0000008344650269,0.25
smooth-only,sample-0070.npz,2,text,2.0375223866723317e-09,1.0000016689300537,0.125
smooth-only,sample-0070.npz,2,action_readout,2.356197704261004e-05,0.9999780654907227,0.125
smooth-only,sample-0070.npz,3,image_main,0.00014540956973022422,0.9999282360076904,0.125
smooth-only,sample-0070.npz,3,image_wrist,0.00026438905905045676,0.9998732805252075,0.1328125
smooth-only,sample-0070.npz,3,proprio,7.382314874562775e-07,1.0000005960464478,0.25
smooth-only,sample-0070.npz,3,text,3.072953811117385e-09,1.000002384185791,0.140625
smooth-only,sample-0070.npz,3,action_readout,3.767321987557218e-05,0.999976634979248,0.125
smooth-only,sample-0070.npz,4,image_main,0.00014434621596661485,0.9999277591705322,0.25
smooth-only,sample-0070.npz,4,image_wrist,0.00027333258603841473,0.9998689293861389,0.1484375
smooth-only,sample-0070.npz,4,proprio,1.1078321332690856e-06,1.0000003576278687,0.25
smooth-only,sample-0070.npz,4,text,3.738016091063039e-09,1.0000027418136597,0.15625
smooth-only,sample-0070.npz,4,action_readout,4.890684932115589e-05,0.9999688863754272,0.125
smooth-only,sample-0070.npz,5,image_main,0.00014771556530201755,0.9999260902404785,0.25
smooth-only,sample-0070.npz,5,image_wrist,0.00028334624939826855,0.9998636245727539,0.15625
smooth-only,sample-0070.npz,5,proprio,1.5331218632089734e-06,1.000000238418579,0.25
smooth-only,sample-0070.npz,5,text,4.445584444622316e-09,1.0000026226043701,0.25
smooth-only,sample-0070.npz,5,action_readout,6.03224153803326e-05,0.9999626874923706,0.125
smooth-only,sample-0070.npz,6,image_main,0.00014933686131507294,0.999924898147583,0.25
smooth-only,sample-0070.npz,6,image_wrist,0.00029512478793261695,0.9998576045036316,0.16015625
smooth-only,sample-0070.npz,6,proprio,2.4095156280079807e-06,0.9999997019767761,0.25
smooth-only,sample-0070.npz,6,text,5.275813938878029e-09,1.0000019073486328,0.25
smooth-only,sample-0070.npz,6,action_readout,7.546165994365706e-05,0.9999551773071289,0.171875
smooth-only,sample-0070.npz,7,image_main,0.00015157173722266055,0.9999241232872009,0.25
smooth-only,sample-0070.npz,7,image_wrist,0.00030467279117505735,0.999853253364563,0.15625
smooth-only,sample-0070.npz,7,proprio,2.7086996447904808e-06,0.9999995231628418,0.25
smooth-only,sample-0070.npz,7,text,6.184269220140732e-09,1.0000019073486328,0.25
smooth-only,sample-0070.npz,7,action_readout,9.038794037576829e-05,0.9999457597732544,0.15625
smooth-only,sample-0070.npz,8,image_main,0.00015384183833582455,0.9999226927757263,0.25
smooth-only,sample-0070.npz,8,image_wrist,0.0003191201140120789,0.9998449683189392,0.1875
smooth-only,sample-0070.npz,8,proprio,3.3484225005961455e-06,0.9999994039535522,0.375
smooth-only,sample-0070.npz,8,text,7.124770501782255e-09,1.0000014305114746,0.25
smooth-only,sample-0070.npz,8,action_readout,0.00010861781982782979,0.999936580657959,0.1875
smooth-only,sample-0070.npz,9,image_main,0.00015457292064893858,0.9999219179153442,0.25
smooth-only,sample-0070.npz,9,image_wrist,0.0003422265297529064,0.9998339414596558,0.21875
smooth-only,sample-0070.npz,9,proprio,3.7226850948662312e-06,0.9999991059303284,0.375
smooth-only,sample-0070.npz,9,text,8.002360018871275e-09,1.0000016689300537,0.25
smooth-only,sample-0070.npz,9,action_readout,0.00012419557106193438,0.9999262690544128,0.25
smooth-only,sample-0070.npz,10,image_main,0.00015822954526976878,0.9999209642410278,0.25
smooth-only,sample-0070.npz,10,image_wrist,0.0003642424793081902,0.9998214244842529,0.2578125
smooth-only,sample-0070.npz,10,proprio,4.325698227609548e-06,0.9999988079071045,0.375
smooth-only,sample-0070.npz,10,text,9.856041974539387e-09,1.000002384185791,0.25
smooth-only,sample-0070.npz,10,action_readout,0.00013707506510711353,0.9999200105667114,0.25
smooth-only,sample-0070.npz,11,image_main,0.00016562670959299432,0.9999181032180786,0.25
smooth-only,sample-0070.npz,11,image_wrist,0.0003753562686705942,0.9998151063919067,0.25
smooth-only,sample-0070.npz,11,proprio,4.8896870158868706e-06,0.9999982714653015,0.375
smooth-only,sample-0070.npz,11,text,1.184300183524416e-08,1.0000025033950806,0.25
smooth-only,sample-0070.npz,11,action_readout,0.00014585921287028542,0.9999157786369324,0.25
smooth-only,sample-0070.npz,12,image_main,0.00017395107156949606,0.9999127388000488,0.25
smooth-only,sample-0070.npz,12,image_wrist,0.00040535338511741957,0.9997998476028442,0.25
smooth-only,sample-0070.npz,12,proprio,5.732302771744088e-06,0.999998152256012,0.5
smooth-only,sample-0070.npz,12,text,1.3901854213333924e-08,1.0000026226043701,0.25
smooth-only,sample-0070.npz,12,action_readout,0.0001756323431099226,0.9999009370803833,0.3125
smooth-only,sample-0070.npz,13,image_main,0.00017709739818982267,0.9999120831489563,0.25
smooth-only,sample-0070.npz,13,image_wrist,0.00043172666550762124,0.9997867345809937,0.3125
smooth-only,sample-0070.npz,13,proprio,6.420866792766013e-06,0.9999978542327881,0.5
smooth-only,sample-0070.npz,13,text,1.7623839423835187e-08,1.0000028610229492,0.5
smooth-only,sample-0070.npz,13,action_readout,0.0002002629619105872,0.9998886585235596,0.375
smooth-only,sample-0070.npz,14,image_main,0.00019268873486404987,0.9999038577079773,0.25
smooth-only,sample-0070.npz,14,image_wrist,0.00047412983344106817,0.9997653961181641,0.34375
smooth-only,sample-0070.npz,14,proprio,7.332554065911667e-06,0.9999973177909851,0.5
smooth-only,sample-0070.npz,14,text,2.2415784984779825e-08,1.0000028610229492,0.5
smooth-only,sample-0070.npz,14,action_readout,0.00022032881324523715,0.9998745322227478,0.375
smooth-only,sample-0070.npz,15,image_main,0.00021146003927660458,0.9998946189880371,0.21875
smooth-only,sample-0070.npz,15,image_wrist,0.0005098835145345944,0.9997476935386658,0.28125
smooth-only,sample-0070.npz,15,proprio,8.592117921839333e-06,0.9999967813491821,0.5
smooth-only,sample-0070.npz,15,text,2.836656994457614e-08,1.0000032186508179,0.5
smooth-only,sample-0070.npz,15,action_readout,0.00025296855525973685,0.9998582601547241,0.34375
smooth-only,sample-0070.npz,16,image_main,0.00022526868700753564,0.9998875856399536,0.25
smooth-only,sample-0070.npz,16,image_wrist,0.0005443206934267342,0.9997302293777466,0.375
smooth-only,sample-0070.npz,16,proprio,9.560685975191504e-06,0.9999960660934448,0.5
smooth-only,sample-0070.npz,16,text,3.6608501600927554e-08,1.0000032186508179,1.0
smooth-only,sample-0070.npz,16,action_readout,0.000294155237926231,0.9998365044593811,0.3125
smooth-only,sample-0070.npz,17,image_main,0.00025024621128331824,0.9998751878738403,0.25
smooth-only,sample-0070.npz,17,image_wrist,0.0006063013791250838,0.9996993541717529,0.375
smooth-only,sample-0070.npz,17,proprio,1.0432302980399942e-05,0.9999958276748657,0.5
smooth-only,sample-0070.npz,17,text,4.57102659189408e-08,1.0000033378601074,1.0
smooth-only,sample-0070.npz,17,action_readout,0.0003363114521739569,0.9998160004615784,0.34375
smooth-only,sample-0070.npz,18,image_main,0.0002777292237652772,0.9998623728752136,0.25
smooth-only,sample-0070.npz,18,image_wrist,0.0006593255082780557,0.9996724724769592,0.40625
smooth-only,sample-0070.npz,18,proprio,1.1801097990249896e-05,0.9999949932098389,0.5
smooth-only,sample-0070.npz,18,text,5.708092441772027e-08,1.0000038146972656,1.0
smooth-only,sample-0070.npz,18,action_readout,0.00038984379291152947,0.9997912049293518,0.359375
smooth-only,sample-0070.npz,19,image_main,0.0003155202596261937,0.9998429417610168,0.25
smooth-only,sample-0070.npz,19,image_wrist,0.0007418341603332741,0.9996324777603149,0.46875
smooth-only,sample-0070.npz,19,proprio,1.3033788567744759e-05,0.9999943971633911,0.625
smooth-only,sample-0070.npz,19,text,7.380239303565187e-08,1.0000041723251343,1.0
smooth-only,sample-0070.npz,19,action_readout,0.0004476039740225554,0.9997646808624268,0.375
smooth-only,sample-0070.npz,20,image_main,0.0003601230560608026,0.9998210668563843,0.3125
smooth-only,sample-0070.npz,20,image_wrist,0.0008186937400267378,0.9995949268341064,0.515625
smooth-only,sample-0070.npz,20,proprio,1.3974576517216076e-05,0.9999939203262329,0.5
smooth-only,sample-0070.npz,20,text,9.670505861260229e-08,1.000004768371582,1.0
smooth-only,sample-0070.npz,20,action_readout,0.0005146252207996674,0.9997341632843018,0.4375
smooth-only,sample-0070.npz,21,image_main,0.00040071429090921836,0.9998018741607666,0.375
smooth-only,sample-0070.npz,21,image_wrist,0.0008963885880777008,0.9995563626289368,0.5390625
smooth-only,sample-0070.npz,21,proprio,1.561330343130991e-05,0.9999932050704956,0.625
smooth-only,sample-0070.npz,21,text,1.235124315120813e-07,1.000004768371582,1.0
smooth-only,sample-0070.npz,21,action_readout,0.0006006540804271802,0.9996939301490784,0.4375
smooth-only,sample-0070.npz,22,image_main,0.0004305079140643579,0.9997869729995728,0.375
smooth-only,sample-0070.npz,22,image_wrist,0.0009352582134314738,0.9995352029800415,0.5625
smooth-only,sample-0070.npz,22,proprio,1.819031524585817e-05,0.9999918937683105,1.0
smooth-only,sample-0070.npz,22,text,1.6710509568242648e-07,1.0000064373016357,1.0
smooth-only,sample-0070.npz,22,action_readout,0.0006609346783613193,0.9996572136878967,0.75
smooth-only,sample-0070.npz,23,image_main,0.0004729289426519976,0.9997650384902954,0.3984375
smooth-only,sample-0070.npz,23,image_wrist,0.0010375962068510452,0.9994831085205078,0.5625
smooth-only,sample-0070.npz,23,proprio,1.9265423684046817e-05,0.999991238117218,1.0
smooth-only,sample-0070.npz,23,text,2.0984864197431792e-07,1.0000065565109253,1.0
smooth-only,sample-0070.npz,23,action_readout,0.0007521545020680042,0.9996116161346436,0.84375
smooth-only,sample-0070.npz,24,image_main,0.0004732228524623014,0.9997639060020447,0.5
smooth-only,sample-0070.npz,24,image_wrist,0.0010177998168689566,0.9994924664497375,0.75
smooth-only,sample-0070.npz,24,proprio,2.240856866928813e-05,0.9999896883964539,1.5
smooth-only,sample-0070.npz,24,text,2.607861018256883e-07,1.0000076293945312,1.0
smooth-only,sample-0070.npz,24,action_readout,0.0007525209535076759,0.9996073842048645,0.875
smooth-only,sample-0070.npz,25,image_main,0.0004979942500203925,0.9997511506080627,0.75
smooth-only,sample-0070.npz,25,image_wrist,0.0010707303869627596,0.9994663000106812,0.75
smooth-only,sample-0070.npz,25,proprio,2.4594857919089684e-05,0.9999886751174927,1.5
smooth-only,sample-0070.npz,25,text,3.1385292915521106e-07,1.0000085830688477,1.0
smooth-only,sample-0070.npz,25,action_readout,0.0008023539061093323,0.9995830059051514,1.0
smooth-only,sample-0070.npz,26,image_main,0.0004574057097055334,0.9997687339782715,1.0
smooth-only,sample-0070.npz,26,image_wrist,0.0010121296776050728,0.9994933009147644,0.75
smooth-only,sample-0070.npz,26,proprio,2.5771873902827427e-05,0.9999880790710449,1.5
smooth-only,sample-0070.npz,26,text,3.6655366833749146e-07,1.0000088214874268,1.0
smooth-only,sample-0070.npz,26,action_readout,0.0007520291053883441,0.9996094703674316,1.25
smooth-only,sample-0070.npz,27,image_main,0.00046585891707936366,0.9997649788856506,1.0
smooth-only,sample-0070.npz,27,image_wrist,0.0010093669168052641,0.9994962215423584,1.0
smooth-only,sample-0070.npz,27,proprio,2.819007226177906e-05,0.9999868869781494,1.5
smooth-only,sample-0070.npz,27,text,4.3685281292475757e-07,1.0000100135803223,1.25
smooth-only,sample-0070.npz,27,action_readout,0.0007525181832910182,0.9996099472045898,1.25
smooth-only,sample-0070.npz,28,image_main,0.00048005051586493366,0.9997580647468567,1.0
smooth-only,sample-0070.npz,28,image_wrist,0.0010683100879743442,0.9994668960571289,1.25
smooth-only,sample-0070.npz,28,proprio,3.1116032725093595e-05,0.9999853372573853,1.5
smooth-only,sample-0070.npz,28,text,5.139889692920702e-07,1.000009298324585,1.25
smooth-only,sample-0070.npz,28,action_readout,0.0007553077778462433,0.9996098279953003,1.25
smooth-only,sample-0070.npz,29,image_main,0.0004606714873791313,0.9997685551643372,1.0
smooth-only,sample-0070.npz,29,image_wrist,0.0010244420237536277,0.999489426612854,1.75
smooth-only,sample-0070.npz,29,proprio,3.415046398048191e-05,0.999984085559845,1.5
smooth-only,sample-0070.npz,29,text,6.43296960435183e-07,1.0000098943710327,4.0
smooth-only,sample-0070.npz,29,action_readout,0.0006845755685963321,0.9996480345726013,1.0
smooth-only,sample-0070.npz,30,image_main,0.0003695399015810525,0.9998152852058411,1.0
smooth-only,sample-0070.npz,30,image_wrist,0.0008433650720309296,0.9995788931846619,2.5
smooth-only,sample-0070.npz,30,proprio,4.016193488323334e-05,0.9999810457229614,2.0
smooth-only,sample-0070.npz,30,text,7.453465884661396e-07,1.0000066757202148,4.0
smooth-only,sample-0070.npz,30,action_readout,0.0005056144700893863,0.9997327327728271,1.5
smooth-only,sample-0070.npz,31,image_main,0.00019241994449541652,0.9999030828475952,6.0
smooth-only,sample-0070.npz,31,image_wrist,0.00039644640016211694,0.9998006820678711,4.0
smooth-only,sample-0070.npz,31,proprio,4.1536103348232706e-05,0.9999802112579346,2.0
smooth-only,sample-0070.npz,31,text,8.330602412050584e-07,1.0000052452087402,4.0
smooth-only,sample-0070.npz,31,action_readout,0.00029208508497810835,0.9998395442962646,3.0
smooth-only,sample-0071.npz,0,image_main,0.0003062368664811591,0.9998547434806824,0.125
smooth-only,sample-0071.npz,0,image_wrist,0.00028548056308490516,0.9998606443405151,0.09375
smooth-only,sample-0071.npz,0,proprio,6.717194620739363e-09,1.000001072883606,0.0625
smooth-only,sample-0071.npz,0,text,1.4438628111361728e-05,0.9999906420707703,0.03125
smooth-only,sample-0071.npz,0,action_readout,2.5993009476030004e-05,0.999993085861206,0.0078125
smooth-only,sample-0071.npz,1,image_main,0.0002773048652736533,0.9998672604560852,0.125
smooth-only,sample-0071.npz,1,image_wrist,0.0002634099237088553,0.9998713731765747,0.125
smooth-only,sample-0071.npz,1,proprio,4.413139385009401e-09,0.9999998211860657,0.125
smooth-only,sample-0071.npz,1,text,1.5983747323926734e-09,1.0000009536743164,0.5
smooth-only,sample-0071.npz,1,action_readout,3.808574736545058e-05,0.9999732971191406,0.0625
smooth-only,sample-0071.npz,2,image_main,0.00024304544640085378,0.9998822212219238,0.1875
smooth-only,sample-0071.npz,2,image_wrist,0.0002432627015657135,0.9998802542686462,0.125
smooth-only,sample-0071.npz,2,proprio,9.00972516772615e-09,0.9999997615814209,0.25
smooth-only,sample-0071.npz,2,text,1.8435107208148586e-09,1.0000011920928955,0.5
smooth-only,sample-0071.npz,2,action_readout,3.4339465182507035e-05,0.9999722242355347,0.0625
smooth-only,sample-0071.npz,3,image_main,0.0002342350179221063,0.9998857378959656,0.25
smooth-only,sample-0071.npz,3,image_wrist,0.0002437567626377263,0.9998804330825806,0.125
smooth-only,sample-0071.npz,3,proprio,1.3315605214956724e-08,0.9999997615814209,0.25
smooth-only,sample-0071.npz,3,text,2.122767996361258e-09,1.0000008344650269,0.5
smooth-only,sample-0071.npz,3,action_readout,3.884218311428519e-05,0.9999703764915466,0.0625
smooth-only,sample-0071.npz,4,image_main,0.00022701972472836788,0.9998891949653625,0.3125
smooth-only,sample-0071.npz,4,image_wrist,0.00024483797058577833,0.999880313873291,0.125
smooth-only,sample-0071.npz,4,proprio,2.8728240832263864e-08,0.9999998211860657,0.25
smooth-only,sample-0071.npz,4,text,2.6293922976527584e-09,1.0000008344650269,0.5
smooth-only,sample-0071.npz,4,action_readout,3.880020092534949e-05,0.9999719262123108,0.0625
smooth-only,sample-0071.npz,5,image_main,0.00022254762990836348,0.9998904466629028,0.34375
smooth-only,sample-0071.npz,5,image_wrist,0.0002447534811642674,0.9998794198036194,0.25
smooth-only,sample-0071.npz,5,proprio,3.312315922205194e-08,1.0,0.25
smooth-only,sample-0071.npz,5,text,2.9516856297494416e-09,1.0000009536743164,0.5
smooth-only,sample-0071.npz,5,action_readout,3.8978281924557117e-05,0.9999722242355347,0.125
smooth-only,sample-0071.npz,6,image_main,0.0002212773696498359,0.9998915791511536,0.375
smooth-only,sample-0071.npz,6,image_wrist,0.00024875725467358534,0.9998779892921448,0.25
smooth-only,sample-0071.npz,6,proprio,4.141118751883756e-08,0.9999991655349731,0.25
smooth-only,sample-0071.npz,6,text,3.388124289875518e-09,1.0000005960464478,0.5
smooth-only,sample-0071.npz,6,action_readout,4.39807368138555e-05,0.9999708533287048,0.125
smooth-only,sample-0071.npz,7,image_main,0.00022356703576104035,0.9998897910118103,0.3125
smooth-only,sample-0071.npz,7,image_wrist,0.00026783663363357343,0.9998681545257568,0.375
smooth-only,sample-0071.npz,7,proprio,5.11294510065301e-08,0.9999998807907104,0.25
smooth-only,sample-0071.npz,7,text,4.074797525607119e-09,1.0000008344650269,0.5
smooth-only,sample-0071.npz,7,action_readout,6.63059118801492e-05,0.9999569654464722,0.125
smooth-only,sample-0071.npz,8,image_main,0.00022912566935234653,0.9998879432678223,0.3125
smooth-only,sample-0071.npz,8,image_wrist,0.0002775215601456378,0.9998639822006226,0.375
smooth-only,sample-0071.npz,8,proprio,6.060710983544873e-08,0.9999997615814209,0.5
smooth-only,sample-0071.npz,8,text,5.491334455251924e-09,1.0000005960464478,0.5
smooth-only,sample-0071.npz,8,action_readout,7.431263260173704e-05,0.9999536275863647,0.25
smooth-only,sample-0071.npz,9,image_main,0.00023122593765273578,0.9998869895935059,0.3125
smooth-only,sample-0071.npz,9,image_wrist,0.0002884222439064683,0.9998577237129211,0.375
smooth-only,sample-0071.npz,9,proprio,6.644928180214292e-08,0.9999998807907104,0.5
smooth-only,sample-0071.npz,9,text,6.53617050925605e-09,1.0000005960464478,0.5
smooth-only,sample-0071.npz,9,action_readout,8.744326900794196e-05,0.9999476075172424,0.375
smooth-only,sample-0071.npz,10,image_main,0.00023652343451952028,0.999883770942688,0.3125
smooth-only,sample-0071.npz,10,image_wrist,0.00030623938652028657,0.9998489022254944,0.375
smooth-only,sample-0071.npz,10,proprio,7.971196407069178e-08,0.9999995231628418,0.75
smooth-only,sample-0071.npz,10,text,7.689564494694085e-09,1.0000005960464478,0.5
smooth-only,sample-0071.npz,10,action_readout,0.00010291325271209022,0.9999354481697083,0.5
smooth-only,sample-0071.npz,11,image_main,0.00024319146842672902,0.9998812675476074,0.3125
smooth-only,sample-0071.npz,11,image_wrist,0.00032265696065088414,0.9998401999473572,0.375
smooth-only,sample-0071.npz,11,proprio,8.555908573860288e-08,0.9999997615814209,0.625
smooth-only,sample-0071.npz,11,text,9.310837618885926e-09,1.0000011920928955,0.5
smooth-only,sample-0071.npz,11,action_readout,0.00012482133902331732,0.9999240636825562,0.5
smooth-only,sample-0071.npz,12,image_main,0.00025384029421930123,0.999876081943512,0.3125
smooth-only,sample-0071.npz,12,image_wrist,0.0003463701225297319,0.9998289346694946,0.375
smooth-only,sample-0071.npz,12,proprio,9.74463315827526e-08,0.9999999403953552,0.625
smooth-only,sample-0071.npz,12,text,1.1586805582233486e-08,1.0000011920928955,0.5
smooth-only,sample-0071.npz,12,action_readout,0.00015665659865568684,0.9999052286148071,0.5
smooth-only,sample-0071.npz,13,image_main,0.00025831588909353497,0.9998729228973389,0.3125
smooth-only,sample-0071.npz,13,image_wrist,0.0003570820979376049,0.9998234510421753,0.375
smooth-only,sample-0071.npz,13,proprio,1.155440288280415e-07,0.9999994039535522,0.75
smooth-only,sample-0071.npz,13,text,1.4129568402307938e-08,1.0000009536743164,0.5
smooth-only,sample-0071.npz,13,action_readout,0.000167257297457926,0.999900221824646,0.5
smooth-only,sample-0071.npz,14,image_main,0.0002826575412905461,0.9998605251312256,0.3125
smooth-only,sample-0071.npz,14,image_wrist,0.00039292266093344006,0.9998061060905457,0.375
smooth-only,sample-0071.npz,14,proprio,1.296193996921155e-07,0.9999996423721313,0.75
smooth-only,sample-0071.npz,14,text,1.8406148019099495e-08,1.0000007152557373,0.5
smooth-only,sample-0071.npz,14,action_readout,0.00022002739624584608,0.9998770356178284,0.5
smooth-only,sample-0071.npz,15,image_main,0.0003012466157664096,0.9998513460159302,0.3125
smooth-only,sample-0071.npz,15,image_wrist,0.00042204214365231543,0.9997916221618652,0.375
smooth-only,sample-0071.npz,15,proprio,1.4160230205607772e-07,0.9999996423721313,0.75
smooth-only,sample-0071.npz,15,text,2.4037522359083696e-08,1.0000014305114746,0.5
smooth-only,sample-0071.npz,15,action_readout,0.00026381242715927707,0.9998580813407898,0.5
smooth-only,sample-0071.npz,16,image_main,0.00032217306484024735,0.9998410940170288,0.375
smooth-only,sample-0071.npz,16,image_wrist,0.0004393918868788605,0.9997826218605042,0.375
smooth-only,sample-0071.npz,16,proprio,1.5493847904041824e-07,0.9999995231628418,0.75
smooth-only,sample-0071.npz,16,text,3.089128325390823e-08,1.000001311302185,0.5
smooth-only,sample-0071.npz,16,action_readout,0.0003036389243486707,0.9998348951339722,0.5625
smooth-only,sample-0071.npz,17,image_main,0.0003608574741534152,0.9998214244842529,0.375
smooth-only,sample-0071.npz,17,image_wrist,0.0004885391780250952,0.9997576475143433,0.3125
smooth-only,sample-0071.npz,17,proprio,1.6588025386791204e-07,0.9999994039535522,0.75
smooth-only,sample-0071.npz,17,text,4.036361947186778e-08,1.000002145767212,0.5
smooth-only,sample-0071.npz,17,action_readout,0.00035562904771844914,0.9998077154159546,0.5625
smooth-only,sample-0071.npz,18,image_main,0.00038709480642846924,0.9998089075088501,0.5
smooth-only,sample-0071.npz,18,image_wrist,0.0005194443413273857,0.9997433423995972,0.375
smooth-only,sample-0071.npz,18,proprio,1.7909010497545635e-07,1.0,0.75
smooth-only,sample-0071.npz,18,text,5.046764209299724e-08,1.0000016689300537,0.5
smooth-only,sample-0071.npz,18,action_readout,0.000404592657530493,0.9997828006744385,0.625
smooth-only,sample-0071.npz,19,image_main,0.00042650241851802974,0.9997890591621399,0.5
smooth-only,sample-0071.npz,19,image_wrist,0.0005735754037060555,0.9997165203094482,0.375
smooth-only,sample-0071.npz,19,proprio,2.1918929342253174e-07,0.9999999403953552,0.75
smooth-only,sample-0071.npz,19,text,6.449651346643545e-08,1.0000020265579224,0.5
smooth-only,sample-0071.npz,19,action_readout,0.0004749079071598546,0.9997481107711792,0.625
smooth-only,sample-0071.npz,20,image_main,0.0004525015364307033,0.9997763633728027,0.5
smooth-only,sample-0071.npz,20,image_wrist,0.0006168985307058141,0.9996957778930664,0.375
smooth-only,sample-0071.npz,20,proprio,2.432238049150636e-07,0.9999995231628418,0.75
smooth-only,sample-0071.npz,20,text,8.333208501207394e-08,1.0000020265579224,0.5
smooth-only,sample-0071.npz,20,action_readout,0.0005415913898728374,0.9997150301933289,0.6875
smooth-only,sample-0071.npz,21,image_main,0.00048470507627045164,0.9997599124908447,0.5
smooth-only,sample-0071.npz,21,image_wrist,0.000667202184685872,0.9996699094772339,0.375
smooth-only,sample-0071.npz,21,proprio,2.6625507819530837e-07,0.9999998807907104,0.75
smooth-only,sample-0071.npz,21,text,1.0577579702842134e-07,1.0000019073486328,0.5
smooth-only,sample-0071.npz,21,action_readout,0.000604128892862093,0.9996858835220337,0.75
smooth-only,sample-0071.npz,22,image_main,0.0005375446947156908,0.9997339248657227,0.5
smooth-only,sample-0071.npz,22,image_wrist,0.0007519435607589465,0.9996271729469299,0.5
smooth-only,sample-0071.npz,22,proprio,3.005465680641286e-07,0.9999993443489075,0.75
smooth-only,sample-0071.npz,22,text,1.4352080795968708e-07,1.0000026226043701,0.5
smooth-only,sample-0071.npz,22,action_readout,0.0007050395247273715,0.9996412992477417,0.75
smooth-only,sample-0071.npz,23,image_main,0.0005870849886309772,0.9997090697288513,0.5
smooth-only,sample-0071.npz,23,image_wrist,0.0008332151279998825,0.999585747718811,0.5
smooth-only,sample-0071.npz,23,proprio,3.298570818087112e-07,0.9999997615814209,0.75
smooth-only,sample-0071.npz,23,text,1.8036346027109656e-07,1.0000027418136597,0.5
smooth-only,sample-0071.npz,23,action_readout,0.0008193251662969711,0.9995844960212708,0.75
smooth-only,sample-0071.npz,24,image_main,0.0005890806957855849,0.9997071027755737,0.5
smooth-only,sample-0071.npz,24,image_wrist,0.0008507683230529226,0.9995771646499634,0.5625
smooth-only,sample-0071.npz,24,proprio,3.666291270059104e-07,0.9999994039535522,0.75
smooth-only,sample-0071.npz,24,text,2.2407973000531363e-07,1.0000029802322388,0.75
smooth-only,sample-0071.npz,24,action_readout,0.0008562130742630434,0.999557375907898,0.75
smooth-only,sample-0071.npz,25,image_main,0.0006271504179206954,0.9996881484985352,0.625
smooth-only,sample-0071.npz,25,image_wrist,0.0009087750922180025,0.9995471835136414,0.875
smooth-only,sample-0071.npz,25,proprio,4.1227662346256984e-07,0.9999992847442627,0.71875
smooth-only,sample-0071.npz,25,text,2.7350748945717165e-07,1.0000033378601074,1.0
smooth-only,sample-0071.npz,25,action_readout,0.0009116999383107778,0.999527096748352,0.75
smooth-only,sample-0071.npz,26,image_main,0.0005966124680897687,0.9997011423110962,0.75
smooth-only,sample-0071.npz,26,image_wrist,0.0008844345179170966,0.9995588660240173,1.0
smooth-only,sample-0071.npz,26,proprio,4.4695105150681027e-07,0.9999992847442627,0.71875
smooth-only,sample-0071.npz,26,text,3.2008737280798605e-07,1.000003457069397,1.0
smooth-only,sample-0071.npz,26,action_readout,0.0009060780359265436,0.999531626701355,1.0
smooth-only,sample-0071.npz,27,image_main,0.0005733765160582521,0.9997116327285767,1.0
smooth-only,sample-0071.npz,27,image_wrist,0.000918671752283501,0.9995415210723877,1.0
smooth-only,sample-0071.npz,27,proprio,5.04789348531532e-07,0.9999997615814209,0.671875
smooth-only,sample-0071.npz,27,text,3.9558955820821515e-07,1.0000038146972656,1.0
smooth-only,sample-0071.npz,27,action_readout,0.000754750957257968,0.9996098279953003,1.0
smooth-only,sample-0071.npz,28,image_main,0.0005741571511619773,0.9997118711471558,1.0
smooth-only,sample-0071.npz,28,image_wrist,0.000927420702156321,0.999537467956543,1.0
smooth-only,sample-0071.npz,28,proprio,5.485845983249232e-07,0.9999993443489075,0.677734375
smooth-only,sample-0071.npz,28,text,4.602957055268499e-07,1.0000042915344238,1.0
smooth-only,sample-0071.npz,28,action_readout,0.0007570434103511312,0.9996111392974854,1.0
smooth-only,sample-0071.npz,29,image_main,0.0005479684183996884,0.9997267127037048,1.0
smooth-only,sample-0071.npz,29,image_wrist,0.0008697985053142496,0.9995668530464172,1.0
smooth-only,sample-0071.npz,29,proprio,6.056397432398163e-07,0.9999996423721313,0.6875
smooth-only,sample-0071.npz,29,text,5.38466139217852e-07,1.000003457069397,1.0
smooth-only,sample-0071.npz,29,action_readout,0.0006170176061181104,0.9996824264526367,1.0
smooth-only,sample-0071.npz,30,image_main,0.00043064756220814634,0.9997838735580444,1.0
smooth-only,sample-0071.npz,30,image_wrist,0.0007523281702249332,0.9996248483657837,1.0
smooth-only,sample-0071.npz,30,proprio,6.87874389643901e-07,0.9999996423721313,0.75
smooth-only,sample-0071.npz,30,text,6.301396853007345e-07,1.000003695487976,1.0
smooth-only,sample-0071.npz,30,action_readout,0.0004337932077721188,0.9997687339782715,1.0
smooth-only,sample-0071.npz,31,image_main,0.00022744653945203612,0.9998842477798462,8.0
smooth-only,sample-0071.npz,31,image_wrist,0.002946273377064027,0.998712420463562,70.0
smooth-only,sample-0071.npz,31,proprio,7.611606389530671e-07,0.9999995827674866,0.75
smooth-only,sample-0071.npz,31,text,2.2291483783461048e-06,1.000002384185791,18.0
smooth-only,sample-0071.npz,31,action_readout,0.0003035341841520049,0.9998347163200378,3.0
no-language,sample-0064.npz,0,image_main,0.00018410440019912968,0.9999074935913086,0.125
no-language,sample-0064.npz,0,image_wrist,0.000258181196625953,0.9998729825019836,0.125
no-language,sample-0064.npz,0,proprio,5.696926766030574e-10,1.0000007152557373,0.015625
no-language,sample-0064.npz,0,text,3.764924784004053e-06,0.9999968409538269,0.015625
no-language,sample-0064.npz,0,action_readout,4.981009469014606e-06,1.0000083446502686,0.001953125
no-language,sample-0064.npz,1,image_main,0.00016628077002453262,0.9999167919158936,0.125
no-language,sample-0064.npz,1,image_wrist,0.00023492992402132475,0.9998844265937805,0.125
no-language,sample-0064.npz,1,proprio,8.252224157894157e-08,1.0000005960464478,0.125
no-language,sample-0064.npz,1,text,8.0478110330506e-10,1.0000008344650269,0.125
no-language,sample-0064.npz,1,action_readout,1.7989864387852507e-05,0.9999815821647644,0.03125
no-language,sample-0064.npz,2,image_main,0.00014280712023429136,0.9999275803565979,0.125
no-language,sample-0064.npz,2,image_wrist,0.00019813469806687862,0.999900221824646,0.25
no-language,sample-0064.npz,2,proprio,3.2305491472119986e-07,1.0000004768371582,0.125
no-language,sample-0064.npz,2,text,1.2065612459351187e-09,1.000001072883606,0.125
no-language,sample-0064.npz,2,action_readout,1.840087488720214e-05,0.999976634979248,0.03125
no-language,sample-0064.npz,3,image_main,0.0001326822812278959,0.9999333620071411,0.25
no-language,sample-0064.npz,3,image_wrist,0.00019328711066273946,0.9999034404754639,0.25
no-language,sample-0064.npz,3,proprio,8.251650564541639e-07,1.0000003576278687,0.25
no-language,sample-0064.npz,3,text,1.5569877232435011e-09,1.0000009536743164,0.125
no-language,sample-0064.npz,3,action_readout,3.085089647580446e-05,0.999969482421875,0.0625
no-language,sample-0064.npz,4,image_main,0.00013345326559303466,0.9999328851699829,0.25
no-language,sample-0064.npz,4,image_wrist,0.00020174756842337118,0.99989914894104,0.25
no-language,sample-0064.npz,4,proprio,1.252524669558983e-06,1.0,0.25
no-language,sample-0064.npz,4,text,2.6793278314004103e-09,1.0000008344650269,0.5
no-language,sample-0064.npz,4,action_readout,4.270376014471974e-05,0.999963641166687,0.0625
no-language,sample-0064.npz,5,image_main,0.00012936433643396237,0.9999346733093262,0.25
no-language,sample-0064.npz,5,image_wrist,0.00020136821741200629,0.9999001026153564,0.25
no-language,sample-0064.npz,5,proprio,1.4482184726563672e-06,0.9999998211860657,0.25
no-language,sample-0064.npz,5,text,3.73370182291304e-09,1.0000009536743164,0.5
no-language,sample-0064.npz,5,action_readout,5.336692093394016e-05,0.9999581575393677,0.0625
no-language,sample-0064.npz,6,image_main,0.0001303168288468825,0.9999347925186157,0.375
no-language,sample-0064.npz,6,image_wrist,0.00020491666618974218,0.9998974204063416,0.25
no-language,sample-0064.npz,6,proprio,1.6875952777268429e-06,0.9999996423721313,0.25
no-language,sample-0064.npz,6,text,4.194064989482573e-09,1.0000011920928955,0.5
no-language,sample-0064.npz,6,action_readout,6.34189199300654e-05,0.9999537467956543,0.125
no-language,sample-0064.npz,7,image_main,0.00013408520870086544,0.9999322891235352,0.375
no-language,sample-0064.npz,7,image_wrist,0.00020372631349567324,0.9998981952667236,0.21875
no-language,sample-0064.npz,7,proprio,2.1686080475441437e-06,0.9999994039535522,0.25
no-language,sample-0064.npz,7,text,4.884995951655504e-09,1.000001311302185,0.5
no-language,sample-0064.npz,7,action_readout,7.25143172447015e-05,0.9999499320983887,0.1875
no-language,sample-0064.npz,8,image_main,0.00014025066140775793,0.99992835521698,0.375
no-language,sample-0064.npz,8,image_wrist,0.00021281166156898076,0.999894380569458,0.21875
no-language,sample-0064.npz,8,proprio,2.491867117551109e-06,0.9999993443489075,0.25
no-language,sample-0064.npz,8,text,5.744864196957292e-09,1.0000011920928955,0.5
no-language,sample-0064.npz,8,action_readout,7.657168101725326e-05,0.999946653842926,0.25
no-language,sample-0064.npz,9,image_main,0.00014482084390022397,0.999927282333374,0.375
no-language,sample-0064.npz,9,image_wrist,0.0002210805443182809,0.9998905658721924,0.25
no-language,sample-0064.npz,9,proprio,3.244885279193832e-06,0.999998927116394,0.25
no-language,sample-0064.npz,9,text,6.720809827992332e-09,1.0000011920928955,0.5
no-language,sample-0064.npz,9,action_readout,8.725425425357563e-05,0.9999434947967529,0.25
no-language,sample-0064.npz,10,image_main,0.00014778427950313887,0.9999253749847412,0.375
no-language,sample-0064.npz,10,image_wrist,0.00021915692954513653,0.9998922348022461,0.25
no-language,sample-0064.npz,10,proprio,3.7312254664022744e-06,0.9999985694885254,0.25
no-language,sample-0064.npz,10,text,7.908212155575933e-09,1.0000015497207642,0.5
no-language,sample-0064.npz,10,action_readout,8.753978617007602e-05,0.9999444484710693,0.25
no-language,sample-0064.npz,11,image_main,0.00015038639743763363,0.9999243021011353,0.375
no-language,sample-0064.npz,11,image_wrist,0.0002200790148532121,0.9998921155929565,0.25
no-language,sample-0064.npz,11,proprio,4.2994447208113046e-06,0.9999984502792358,0.25
no-language,sample-0064.npz,11,text,9.519513631832819e-09,1.0000009536743164,0.5
no-language,sample-0064.npz,11,action_readout,0.00010526727644805947,0.9999364614486694,0.25
no-language,sample-0064.npz,12,image_main,0.0001528684396629562,0.9999234676361084,0.34375
no-language,sample-0064.npz,12,image_wrist,0.0002461298077523661,0.9998793601989746,0.25
no-language,sample-0064.npz,12,proprio,4.935358911688091e-06,0.999998152256012,0.25
no-language,sample-0064.npz,12,text,1.2075141391855486e-08,1.000001072883606,0.5
no-language,sample-0064.npz,12,action_readout,0.000118961670847111,0.9999290704727173,0.3125
no-language,sample-0064.npz,13,image_main,0.00015604453888746244,0.9999213814735413,0.34375
no-language,sample-0064.npz,13,image_wrist,0.0002605245628852848,0.9998720288276672,0.25
no-language,sample-0064.npz,13,proprio,6.064731742440835e-06,0.9999977350234985,0.3125
no-language,sample-0064.npz,13,text,1.4773859547698495e-08,1.0000015497207642,0.5
no-language,sample-0064.npz,13,action_readout,0.0001325748878517063,0.9999223947525024,0.3125
no-language,sample-0064.npz,14,image_main,0.00015990454980720271,0.9999192357063293,0.34375
no-language,sample-0064.npz,14,image_wrist,0.0002703899841451079,0.9998687505722046,0.25
no-language,sample-0064.npz,14,proprio,6.897296919350826e-06,0.999997079372406,0.25
no-language,sample-0064.npz,14,text,1.9065182616487107e-08,1.0000020265579224,0.5
no-language,sample-0064.npz,14,action_readout,0.00013356117167634475,0.9999181032180786,0.3125
no-language,sample-0064.npz,15,image_main,0.0001690657302518452,0.9999157190322876,0.5
no-language,sample-0064.npz,15,image_wrist,0.0002839213024995687,0.999862015247345,0.28125
no-language,sample-0064.npz,15,proprio,7.651912766711223e-06,0.9999968409538269,0.25
no-language,sample-0064.npz,15,text,2.3509002197631186e-08,1.0000020265579224,0.5
no-language,sample-0064.npz,15,action_readout,0.00016052532789133215,0.9999032616615295,0.3125
no-language,sample-0064.npz,16,image_main,0.00016147048992842976,0.9999194741249084,0.5
no-language,sample-0064.npz,16,image_wrist,0.0002885883946324259,0.9998598098754883,0.3125
no-language,sample-0064.npz,16,proprio,9.07193138875783e-06,0.9999961256980896,0.5
no-language,sample-0064.npz,16,text,3.0910559025973226e-08,1.0000022649765015,0.5
no-language,sample-0064.npz,16,action_readout,0.00019034340921690905,0.9998891949653625,0.3125
no-language,sample-0064.npz,17,image_main,0.000170483457786296,0.9999143481254578,0.5
no-language,sample-0064.npz,17,image_wrist,0.0003151260136266635,0.9998464584350586,0.3046875
no-language,sample-0064.npz,17,proprio,1.0317117989514638e-05,0.9999955296516418,0.5
no-language,sample-0064.npz,17,text,4.170546674849837e-08,1.0000028610229492,0.5
no-language,sample-0064.npz,17,action_readout,0.00020372160085314995,0.9998888969421387,0.296875
no-language,sample-0064.npz,18,image_main,0.00017639256131608868,0.9999111890792847,0.5
no-language,sample-0064.npz,18,image_wrist,0.0003344200986589769,0.9998369216918945,0.2578125
no-language,sample-0064.npz,18,proprio,1.167309258918118e-05,0.9999949336051941,0.5
no-language,sample-0064.npz,18,text,5.3917901811829204e-08,1.0000027418136597,0.5
no-language,sample-0064.npz,18,action_readout,0.00022971029751292363,0.999879002571106,0.28125
no-language,sample-0064.npz,19,image_main,0.0001898581156487124,0.9999059438705444,0.5
no-language,sample-0064.npz,19,image_wrist,0.0003694961935011911,0.9998196363449097,0.28125
no-language,sample-0064.npz,19,proprio,1.2768742733894186e-05,0.9999943971633911,0.5
no-language,sample-0064.npz,19,text,6.937870110738443e-08,1.0000033378601074,0.5
no-language,sample-0064.npz,19,action_readout,0.0002585952453032468,0.9998651146888733,0.28125
no-language,sample-0064.npz,20,image_main,0.000201189807219795,0.9999002814292908,0.5
no-language,sample-0064.npz,20,image_wrist,0.0004036157524114168,0.9998015761375427,0.34375
no-language,sample-0064.npz,20,proprio,1.4770387352435421e-05,0.9999933242797852,0.5
no-language,sample-0064.npz,20,text,9.232689953566075e-08,1.0000033378601074,0.5
no-language,sample-0064.npz,20,action_readout,0.0002676291381002602,0.9998536109924316,0.3125
no-language,sample-0064.npz,21,image_main,0.00022682155265008167,0.9998887181282043,0.5
no-language,sample-0064.npz,21,image_wrist,0.00044643182528475206,0.999778687953949,0.390625
no-language,sample-0064.npz,21,proprio,1.6695600420080403e-05,0.9999924898147583,0.5
no-language,sample-0064.npz,21,text,1.1657853903170849e-07,1.0000046491622925,0.5
no-language,sample-0064.npz,21,action_readout,0.0002676600155598207,0.9998509287834167,0.34375
no-language,sample-0064.npz,22,image_main,0.0002506800037911163,0.9998763203620911,0.5
no-language,sample-0064.npz,22,image_wrist,0.0004887383159921414,0.9997565746307373,0.515625
no-language,sample-0064.npz,22,proprio,2.0125776237922533e-05,0.999990701675415,0.5
no-language,sample-0064.npz,22,text,1.5081085331163569e-07,1.0000042915344238,0.5
no-language,sample-0064.npz,22,action_readout,0.00025573389612912567,0.9998588562011719,0.4609375
no-language,sample-0064.npz,23,image_main,0.00028162119574178874,0.999859631061554,0.5
no-language,sample-0064.npz,23,image_wrist,0.0005469519921316459,0.9997277855873108,0.53125
no-language,sample-0064.npz,23,proprio,2.2428645299990458e-05,0.9999896287918091,0.5
no-language,sample-0064.npz,23,text,1.8463408280082478e-07,1.0000039339065552,0.5
no-language,sample-0064.npz,23,action_readout,0.0002645351416983932,0.9998592734336853,0.4375
no-language,sample-0064.npz,24,image_main,0.0002964899942243557,0.9998503923416138,0.5
no-language,sample-0064.npz,24,image_wrist,0.0005575466441800551,0.999722957611084,0.65625
no-language,sample-0064.npz,24,proprio,2.5291482699611526e-05,0.9999879598617554,0.5
no-language,sample-0064.npz,24,text,2.2541200686211157e-07,1.0000042915344238,0.5
no-language,sample-0064.npz,24,action_readout,0.00025478439685252163,0.9998674392700195,0.5
no-language,sample-0064.npz,25,image_main,0.00032008581888689103,0.9998394846916199,0.5
no-language,sample-0064.npz,25,image_wrist,0.0005937321738099913,0.9997057914733887,0.65625
no-language,sample-0064.npz,25,proprio,2.7742008646651337e-05,0.9999867677688599,0.5
no-language,sample-0064.npz,25,text,2.700092143575283e-07,1.0000035762786865,0.5
no-language,sample-0064.npz,25,action_readout,0.00025602303412345555,0.9998650550842285,0.75
no-language,sample-0064.npz,26,image_main,0.00031866295969864655,0.9998401403427124,0.75
no-language,sample-0064.npz,26,image_wrist,0.0005810288650858393,0.9997108578681946,0.640625
no-language,sample-0064.npz,26,proprio,2.992591031472506e-05,0.9999856948852539,0.5
no-language,sample-0064.npz,26,text,3.126066083351588e-07,1.0000038146972656,0.625
no-language,sample-0064.npz,26,action_readout,0.0002319599947721341,0.999871015548706,0.75
no-language,sample-0064.npz,27,image_main,0.00031971073651856376,0.9998389482498169,0.5
no-language,sample-0064.npz,27,image_wrist,0.0005809212880242145,0.9997120499610901,0.59375
no-language,sample-0064.npz,27,proprio,3.334129480515379e-05,0.9999841451644897,0.5
no-language,sample-0064.npz,27,text,3.6458168234353837e-07,1.000003695487976,0.75
no-language,sample-0064.npz,27,action_readout,0.00021150827860962157,0.9998787045478821,1.0
no-language,sample-0064.npz,28,image_main,0.0003291619425235592,0.9998352527618408,0.5
no-language,sample-0064.npz,28,image_wrist,0.0005969028540279074,0.9997045397758484,0.5625
no-language,sample-0064.npz,28,proprio,3.589838477971048e-05,0.9999828338623047,0.5
no-language,sample-0064.npz,28,text,4.16961221358925e-07,1.0000039339065552,1.0
no-language,sample-0064.npz,28,action_readout,0.00019838027855349148,0.9998852014541626,1.0
no-language,sample-0064.npz,29,image_main,0.0003153110130876318,0.9998428821563721,1.0
no-language,sample-0064.npz,29,image_wrist,0.0005902930820940995,0.9997089505195618,1.0
no-language,sample-0064.npz,29,proprio,3.985684904387431e-05,0.9999807476997375,0.5
no-language,sample-0064.npz,29,text,4.804975185052216e-07,1.0000026226043701,1.0
no-language,sample-0064.npz,29,action_readout,0.00016911305690979554,0.9999009370803833,1.0
no-language,sample-0064.npz,30,image_main,0.00026545672183066275,0.9998658895492554,0.5
no-language,sample-0064.npz,30,image_wrist,0.0004848218708109717,0.9997596740722656,1.0
no-language,sample-0064.npz,30,proprio,4.277846960271699e-05,0.9999793767929077,0.5
no-language,sample-0064.npz,30,text,5.943418062762209e-07,1.0000025033950806,4.0
no-language,sample-0064.npz,30,action_readout,0.00013662137872324733,0.9999209642410278,2.0
no-language,sample-0064.npz,31,image_main,0.00015002037753998344,0.9999240636825562,2.0
no-language,sample-0064.npz,31,image_wrist,0.0002847247509530456,0.9998583793640137,3.0
no-language,sample-0064.npz,31,proprio,4.001110074829318e-05,0.9999808073043823,0.375
no-language,sample-0064.npz,31,text,6.831749390362703e-07,1.000002145767212,4.0
no-language,sample-0064.npz,31,action_readout,9.092739737137653e-05,0.9999397397041321,2.0
no-language,sample-0065.npz,0,image_main,0.00021923477387829492,0.9998917579650879,0.125
no-language,sample-0065.npz,0,image_wrist,0.00033713047381641334,0.9998370409011841,0.125
no-language,sample-0065.npz,0,proprio,3.245184284517925e-09,1.0000008344650269,0.03125
no-language,sample-0065.npz,0,text,4.5707409930391965e-06,0.9999954700469971,0.015625
no-language,sample-0065.npz,0,action_readout,3.695588169993817e-06,1.000003695487976,0.001953125
no-language,sample-0065.npz,1,image_main,0.00020053256688506074,0.9998997449874878,0.125
no-language,sample-0065.npz,1,image_wrist,0.0003027549444881166,0.9998524188995361,0.125
no-language,sample-0065.npz,1,proprio,1.9255226124302322e-08,1.0000009536743164,0.0625
no-language,sample-0065.npz,1,text,6.308523233809297e-10,1.0000008344650269,0.125
no-language,sample-0065.npz,1,action_readout,1.4274115817738091e-05,0.999984622001648,0.03125
no-language,sample-0065.npz,2,image_main,0.00016522643668282375,0.9999167323112488,0.125
no-language,sample-0065.npz,2,image_wrist,0.0002533031675609578,0.9998762607574463,0.25
no-language,sample-0065.npz,2,proprio,4.143548827897141e-07,1.0000007152557373,0.25
no-language,sample-0065.npz,2,text,9.691249547343626e-10,1.0000011920928955,0.125
no-language,sample-0065.npz,2,action_readout,1.6944045593811627e-05,0.9999825954437256,0.0625
no-language,sample-0065.npz,3,image_main,0.00015928877961490066,0.9999195337295532,0.25
no-language,sample-0065.npz,3,image_wrist,0.0002480138176271079,0.9998786449432373,0.25
no-language,sample-0065.npz,3,proprio,8.9159724744253e-07,1.0000005960464478,0.25
no-language,sample-0065.npz,3,text,1.2968652253959224e-09,1.000001072883606,0.125
no-language,sample-0065.npz,3,action_readout,2.740712343983358e-05,0.9999760389328003,0.0625
no-language,sample-0065.npz,4,image_main,0.00016102661457509078,0.9999184012413025,0.25
no-language,sample-0065.npz,4,image_wrist,0.00025232964268507186,0.9998766779899597,0.25
no-language,sample-0065.npz,4,proprio,1.0527040101862198e-06,1.0000004768371582,0.25
no-language,sample-0065.npz,4,text,1.6536841974541557e-09,1.000001072883606,0.125
no-language,sample-0065.npz,4,action_readout,3.709501814931573e-05,0.9999709129333496,0.09375
no-language,sample-0065.npz,5,image_main,0.0001580328696958125,0.9999196529388428,0.25
no-language,sample-0065.npz,5,image_wrist,0.00025646161073879134,0.9998745918273926,0.25
no-language,sample-0065.npz,5,proprio,1.3267223664447835e-06,1.000000238418579,0.25
no-language,sample-0065.npz,5,text,2.033662720707445e-09,1.0000009536743164,0.125
no-language,sample-0065.npz,5,action_readout,4.7383298876020175e-05,0.9999654293060303,0.125
no-language,sample-0065.npz,6,image_main,0.0001606686681322519,0.9999183416366577,0.25
no-language,sample-0065.npz,6,image_wrist,0.0002580921409097127,0.9998734593391418,0.25
no-language,sample-0065.npz,6,proprio,1.5460984069063206e-06,1.0000004768371582,0.25
no-language,sample-0065.npz,6,text,2.645835066678488e-09,1.0000005960464478,0.1875
no-language,sample-0065.npz,6,action_readout,5.54972546783549e-05,0.9999611973762512,0.125
no-language,sample-0065.npz,7,image_main,0.00017038838912417185,0.9999141693115234,0.25
no-language,sample-0065.npz,7,image_wrist,0.0002680734223046778,0.9998683333396912,0.25
no-language,sample-0065.npz,7,proprio,1.8437649612739718e-06,0.9999999403953552,0.25
no-language,sample-0065.npz,7,text,3.3355725544573883e-09,1.0000008344650269,0.1875
no-language,sample-0065.npz,7,action_readout,6.721771969328011e-05,0.9999525547027588,0.125
no-language,sample-0065.npz,8,image_main,0.00017473460522249735,0.9999118447303772,0.25
no-language,sample-0065.npz,8,image_wrist,0.0002732583939411767,0.9998657703399658,0.25
no-language,sample-0065.npz,8,proprio,2.1251489765806957e-06,0.9999998807907104,0.25
no-language,sample-0065.npz,8,text,4.101325013663352e-09,1.0000007152557373,0.25
no-language,sample-0065.npz,8,action_readout,6.558876968538792e-05,0.9999511241912842,0.125
no-language,sample-0065.npz,9,image_main,0.00017912194704929852,0.9999104738235474,0.25
no-language,sample-0065.npz,9,image_wrist,0.0002809170271189863,0.9998617172241211,0.1875
no-language,sample-0065.npz,9,proprio,2.549771944564632e-06,0.9999995827674866,0.25
no-language,sample-0065.npz,9,text,7.322519785142238e-09,1.000001072883606,1.0
no-language,sample-0065.npz,9,action_readout,7.91232943795611e-05,0.9999438524246216,0.25
no-language,sample-0065.npz,10,image_main,0.00018055772642753564,0.9999103546142578,0.171875
no-language,sample-0065.npz,10,image_wrist,0.00028757534591669376,0.9998587369918823,0.25
no-language,sample-0065.npz,10,proprio,3.0549076049357603e-06,0.999999463558197,0.25
no-language,sample-0065.npz,10,text,8.644097403322995e-09,1.000001072883606,1.0
no-language,sample-0065.npz,10,action_readout,9.046794352971356e-05,0.9999375939369202,0.25
no-language,sample-0065.npz,11,image_main,0.00019401903241072883,0.9999039769172668,0.25
no-language,sample-0065.npz,11,image_wrist,0.00029469295986098176,0.999854564666748,0.25
no-language,sample-0065.npz,11,proprio,3.3667698502965714e-06,0.9999993443489075,0.25
no-language,sample-0065.npz,11,text,1.0568677814647557e-08,1.0000016689300537,1.0
no-language,sample-0065.npz,11,action_readout,0.00010755734259837567,0.999931812286377,0.25
no-language,sample-0065.npz,12,image_main,0.00020494814380995704,0.9998983144760132,0.25
no-language,sample-0065.npz,12,image_wrist,0.0003145442282336114,0.999845027923584,0.25
no-language,sample-0065.npz,12,proprio,4.040461308515973e-06,0.9999988079071045,0.25
no-language,sample-0065.npz,12,text,1.2632718206927356e-08,1.0000011920928955,1.0
no-language,sample-0065.npz,12,action_readout,0.0001272920778080149,0.9999223351478577,0.25
no-language,sample-0065.npz,13,image_main,0.0002120569204472911,0.9998953342437744,0.375
no-language,sample-0065.npz,13,image_wrist,0.00032917122225735565,0.9998371005058289,0.25
no-language,sample-0065.npz,13,proprio,4.638842655626158e-06,0.9999985098838806,0.25
no-language,sample-0065.npz,13,text,1.5105936719918348e-08,1.000001072883606,1.0
no-language,sample-0065.npz,13,action_readout,0.0001422809459421018,0.9999164938926697,0.25
no-language,sample-0065.npz,14,image_main,0.0002254171251460747,0.9998898506164551,0.375
no-language,sample-0065.npz,14,image_wrist,0.000356874113793709,0.9998233318328857,0.3125
no-language,sample-0065.npz,14,proprio,5.244033331601912e-06,0.9999983310699463,0.25
no-language,sample-0065.npz,14,text,1.840915055619271e-08,1.000001311302185,1.0
no-language,sample-0065.npz,14,action_readout,0.0001669843734995772,0.999905526638031,0.25
no-language,sample-0065.npz,15,image_main,0.00023647759540086725,0.9998843669891357,0.375
no-language,sample-0065.npz,15,image_wrist,0.0003721511467860299,0.9998161196708679,0.3125
no-language,sample-0065.npz,15,proprio,5.913719752559006e-06,0.999998152256012,0.25
no-language,sample-0065.npz,15,text,2.2855524398695272e-08,1.0000009536743164,1.0
no-language,sample-0065.npz,15,action_readout,0.00019800411055511785,0.999890148639679,0.3125
no-language,sample-0065.npz,16,image_main,0.00024293052097249245,0.9998811483383179,0.5
no-language,sample-0065.npz,16,image_wrist,0.00037102163917905677,0.9998162984848022,0.3125
no-language,sample-0065.npz,16,proprio,6.529414428419326e-06,0.999997615814209,0.25
no-language,sample-0065.npz,16,text,2.773903543948543e-08,1.0000014305114746,1.0
no-language,sample-0065.npz,16,action_readout,0.00021687248284089824,0.999879002571106,0.3125
no-language,sample-0065.npz,17,image_main,0.00026734243176199476,0.9998689889907837,0.5
no-language,sample-0065.npz,17,image_wrist,0.0004035626031972039,0.9998006820678711,0.3125
no-language,sample-0065.npz,17,proprio,7.191919889858071e-06,0.9999974370002747,0.25
no-language,sample-0065.npz,17,text,3.2927944923104074e-08,1.0000019073486328,1.0
no-language,sample-0065.npz,17,action_readout,0.0002495303190934696,0.9998598098754883,0.3125
no-language,sample-0065.npz,18,image_main,0.00028418052210698724,0.999860405921936,0.5
no-language,sample-0065.npz,18,image_wrist,0.00041267517629122157,0.9997959136962891,0.34375
no-language,sample-0065.npz,18,proprio,8.015598757799705e-06,0.9999969601631165,0.375
no-language,sample-0065.npz,18,text,4.004946828879152e-08,1.0000017881393433,1.0
no-language,sample-0065.npz,18,action_readout,0.00028006714492843096,0.9998431205749512,0.375
no-language,sample-0065.npz,19,image_main,0.0003112572694757529,0.9998471736907959,0.5
no-language,sample-0065.npz,19,image_wrist,0.0004448700675353988,0.9997799396514893,0.3671875
no-language,sample-0065.npz,19,proprio,8.853405650278638e-06,0.9999966621398926,0.375
no-language,sample-0065.npz,19,text,4.7975685447878797e-08,1.0000017881393433,1.0
no-language,sample-0065.npz,19,action_readout,0.0003231907664181294,0.9998218417167664,0.4375
no-language,sample-0065.npz,20,image_main,0.000337906489814569,0.9998334050178528,0.5
no-language,sample-0065.npz,20,image_wrist,0.0004725970889158559,0.9997671246528625,0.40625
no-language,sample-0065.npz,20,proprio,9.954786252582011e-06,0.9999959468841553,0.375
no-language,sample-0065.npz,20,text,6.020295563668165e-08,1.000002384185791,1.0
no-language,sample-0065.npz,20,action_readout,0.00036384508515458934,0.9998013973236084,0.5
no-language,sample-0065.npz,21,image_main,0.0003659871551367664,0.9998191595077515,0.4375
no-language,sample-0065.npz,21,image_wrist,0.000513952111457631,0.9997464418411255,0.5
no-language,sample-0065.npz,21,proprio,1.1518715790749297e-05,0.9999952912330627,0.375
no-language,sample-0065.npz,21,text,7.619151137028635e-08,1.000002384185791,1.0
no-language,sample-0065.npz,21,action_readout,0.00042079790012030326,0.9997743964195251,0.5
no-language,sample-0065.npz,22,image_main,0.0004036295900629492,0.9997991323471069,0.5
no-language,sample-0065.npz,22,image_wrist,0.0005447102727100568,0.9997301697731018,0.5
no-language,sample-0065.npz,22,proprio,1.286567417846179e-05,0.9999945163726807,0.375
no-language,sample-0065.npz,22,text,1.0037261503490439e-07,1.000002145767212,1.0
no-language,sample-0065.npz,22,action_readout,0.0004705977830344435,0.9997540712356567,0.5
no-language,sample-0065.npz,23,image_main,0.0004439789811105961,0.9997780323028564,0.625
no-language,sample-0065.npz,23,image_wrist,0.000609716263147393,0.9996966123580933,0.5
no-language,sample-0065.npz,23,proprio,1.3815350465536892e-05,0.9999940991401672,0.375
no-language,sample-0065.npz,23,text,1.244755280483958e-07,1.0000027418136597,1.0
no-language,sample-0065.npz,23,action_readout,0.0005529812536044822,0.9997137784957886,0.5
no-language,sample-0065.npz,24,image_main,0.00047392151102600366,0.9997626543045044,0.75
no-language,sample-0065.npz,24,image_wrist,0.0006467093979252271,0.999677300453186,0.5
no-language,sample-0065.npz,24,proprio,1.5429963428263834e-05,0.9999933242797852,0.375
no-language,sample-0065.npz,24,text,1.5930425840898477e-07,1.0000033378601074,1.0
no-language,sample-0065.npz,24,action_readout,0.0006056817618651946,0.999686598777771,0.5
no-language,sample-0065.npz,25,image_main,0.0005127135338578205,0.9997444152832031,0.75
no-language,sample-0065.npz,25,image_wrist,0.0007044969090133742,0.9996487498283386,0.5
no-language,sample-0065.npz,25,proprio,1.775258744724404e-05,0.9999920129776001,0.5
no-language,sample-0065.npz,25,text,1.996621386360104e-07,1.0000033378601074,1.0
no-language,sample-0065.npz,25,action_readout,0.0006889139722109323,0.9996415376663208,0.625
no-language,sample-0065.npz,26,image_main,0.0005158370816142249,0.9997402429580688,0.5
no-language,sample-0065.npz,26,image_wrist,0.000729641774444358,0.9996356964111328,0.5
no-language,sample-0065.npz,26,proprio,1.9424512307042718e-05,0.9999913573265076,0.5
no-language,sample-0065.npz,26,text,2.4184274053215204e-07,1.0000033378601074,1.0
no-language,sample-0065.npz,26,action_readout,0.0007450151367964964,0.9996132254600525,0.625
no-language,sample-0065.npz,27,image_main,0.0005515073497796918,0.9997231364250183,0.75
no-language,sample-0065.npz,27,image_wrist,0.0008217309060447778,0.9995900392532349,0.625
no-language,sample-0065.npz,27,proprio,2.17107689321279e-05,0.9999900460243225,0.5
no-language,sample-0065.npz,27,text,3.035578604795079e-07,1.000003695487976,1.0
no-language,sample-0065.npz,27,action_readout,0.0012871171193512667,0.9993423223495483,0.75
no-language,sample-0065.npz,28,image_main,0.0005812503417640785,0.9997085332870483,0.75
no-language,sample-0065.npz,28,image_wrist,0.0008721960072461228,0.9995636940002441,0.5
no-language,sample-0065.npz,28,proprio,2.4297383976290963e-05,0.9999885559082031,0.5
no-language,sample-0065.npz,28,text,3.796043744135319e-07,1.0000039339065552,0.625
no-language,sample-0065.npz,28,action_readout,0.001513551140301334,0.999228835105896,1.5
no-language,sample-0065.npz,29,image_main,0.0005728244427768915,0.9997137784957886,0.5
no-language,sample-0065.npz,29,image_wrist,0.0008789105043351312,0.9995606541633606,0.75
no-language,sample-0065.npz,29,proprio,2.8258045863350304e-05,0.9999869465827942,0.5
no-language,sample-0065.npz,29,text,4.773580011629719e-07,1.0000039339065552,0.75
no-language,sample-0065.npz,29,action_readout,0.0016984112536813736,0.9991386532783508,3.0
no-language,sample-0065.npz,30,image_main,0.0004806530119213317,0.9997600317001343,0.5
no-language,sample-0065.npz,30,image_wrist,0.0007850927738073557,0.9996095299720764,1.0
no-language,sample-0065.npz,30,proprio,3.2036122533627934e-05,0.9999849796295166,0.5625
no-language,sample-0065.npz,30,text,5.85250446654897e-07,1.0000030994415283,1.0
no-language,sample-0065.npz,30,action_readout,0.0019801991115880753,0.9990032315254211,4.0
no-language,sample-0065.npz,31,image_main,0.00026103406317442304,0.9998868703842163,6.0
no-language,sample-0065.npz,31,image_wrist,0.0003368092260220141,0.9998297691345215,13.0
no-language,sample-0065.npz,31,proprio,3.46898712528059e-05,0.9999837875366211,1.0
no-language,sample-0065.npz,31,text,9.074832914662718e-07,1.0000025033950806,8.0
no-language,sample-0065.npz,31,action_readout,0.00891078511756646,0.9959090948104858,144.0
no-language,sample-0066.npz,0,image_main,0.00022766843358893425,0.9998867511749268,0.25
no-language,sample-0066.npz,0,image_wrist,0.000259094657771918,0.9998730421066284,0.09375
no-language,sample-0066.npz,0,proprio,2.8028479653815346e-10,1.0000005960464478,0.015625
no-language,sample-0066.npz,0,text,8.895232600994918e-06,0.9999939203262329,0.03125
no-language,sample-0066.npz,0,action_readout,3.082700337419775e-06,1.0000028610229492,0.0009765625
no-language,sample-0066.npz,1,image_main,0.00020361176830310977,0.9998990893363953,0.25
no-language,sample-0066.npz,1,image_wrist,0.0002360130965553992,0.9998843669891357,0.125
no-language,sample-0066.npz,1,proprio,2.7545458752216195e-08,1.0000004768371582,0.125
no-language,sample-0066.npz,1,text,1.248948045039363e-05,0.9999898672103882,0.03125
no-language,sample-0066.npz,1,action_readout,1.3831760177696746e-05,0.9999825358390808,0.03125
no-language,sample-0066.npz,2,image_main,0.00016911883927520137,0.9999142289161682,0.25
no-language,sample-0066.npz,2,image_wrist,0.00020131171070294227,0.9999009966850281,0.125
no-language,sample-0066.npz,2,proprio,1.2320946998633658e-07,1.0000007152557373,0.25
no-language,sample-0066.npz,2,text,1.961412654716207e-05,0.9999922513961792,0.03125
no-language,sample-0066.npz,2,action_readout,1.7171300229311185e-05,0.9999786615371704,0.0625
no-language,sample-0066.npz,3,image_main,0.00015677374142461398,0.9999203085899353,0.25
no-language,sample-0066.npz,3,image_wrist,0.0002028560687460355,0.9998995661735535,0.125
no-language,sample-0066.npz,3,proprio,2.71183510189111e-07,1.0000004768371582,0.25
no-language,sample-0066.npz,3,text,2.926914465593431e-05,0.9999874234199524,0.0625
no-language,sample-0066.npz,3,action_readout,2.907480813940325e-05,0.9999755024909973,0.09375
no-language,sample-0066.npz,4,image_main,0.0001513730513371377,0.9999227523803711,0.25
no-language,sample-0066.npz,4,image_wrist,0.00020316971705210262,0.9998995065689087,0.125
no-language,sample-0066.npz,4,proprio,4.588731304860457e-07,1.0000003576278687,0.25
no-language,sample-0066.npz,4,text,3.7379117751243e-05,0.9999834299087524,0.0625
no-language,sample-0066.npz,4,action_readout,3.856821337275611e-05,0.9999690055847168,0.09375
no-language,sample-0066.npz,5,image_main,0.00015309452263745517,0.9999217987060547,0.25
no-language,sample-0066.npz,5,image_wrist,0.0002044618285078008,0.9998986721038818,0.125
no-language,sample-0066.npz,5,proprio,6.415669587782046e-07,1.000000238418579,0.25
no-language,sample-0066.npz,5,text,4.837661899107889e-05,0.9999765157699585,0.0625
no-language,sample-0066.npz,5,action_readout,4.666243105346091e-05,0.9999648332595825,0.09375
no-language,sample-0066.npz,6,image_main,0.00015748137975320607,0.9999197125434875,0.25
no-language,sample-0066.npz,6,image_wrist,0.00021162957401933764,0.9998952150344849,0.1875
no-language,sample-0066.npz,6,proprio,9.004538491092803e-07,1.000000238418579,0.25
no-language,sample-0066.npz,6,text,5.6976924668874175e-05,0.9999730587005615,0.0625
no-language,sample-0066.npz,6,action_readout,6.0395857271686365e-05,0.9999570846557617,0.125
no-language,sample-0066.npz,7,image_main,0.00016251556355897408,0.9999171495437622,0.25
no-language,sample-0066.npz,7,image_wrist,0.00021839851707964182,0.999890923500061,0.25
no-language,sample-0066.npz,7,proprio,1.1300466025362814e-06,1.0000001192092896,0.25
no-language,sample-0066.npz,7,text,7.447526956089065e-05,0.9999646544456482,0.125
no-language,sample-0066.npz,7,action_readout,7.949172251630722e-05,0.9999474287033081,0.125
no-language,sample-0066.npz,8,image_main,0.000166539351343956,0.9999151229858398,0.25
no-language,sample-0066.npz,8,image_wrist,0.00022539158185195388,0.9998881220817566,0.25
no-language,sample-0066.npz,8,proprio,1.5863191242688862e-06,0.9999998211860657,0.5
no-language,sample-0066.npz,8,text,7.880383741671586e-05,0.9999594688415527,0.1875
no-language,sample-0066.npz,8,action_readout,6.797046959952153e-05,0.9999507665634155,0.125
no-language,sample-0066.npz,9,image_main,0.00016616362091158323,0.999915599822998,0.25
no-language,sample-0066.npz,9,image_wrist,0.00023831798180476196,0.9998821020126343,0.25
no-language,sample-0066.npz,9,proprio,1.806176787526498e-06,0.9999997615814209,0.5
no-language,sample-0066.npz,9,text,9.431411256619415e-05,0.9999518990516663,0.25
no-language,sample-0066.npz,9,action_readout,8.18947249555203e-05,0.9999434351921082,0.125
no-language,sample-0066.npz,10,image_main,0.00016528635378141888,0.999915599822998,0.375
no-language,sample-0066.npz,10,image_wrist,0.00024805381379868255,0.9998773336410522,0.25
no-language,sample-0066.npz,10,proprio,2.281151438352413e-06,0.999999463558197,0.5
no-language,sample-0066.npz,10,text,0.00010184481561571625,0.9999485611915588,0.25
no-language,sample-0066.npz,10,action_readout,8.677823697893274e-05,0.9999410510063171,0.25
no-language,sample-0066.npz,11,image_main,0.00016564539683145443,0.9999164342880249,0.375
no-language,sample-0066.npz,11,image_wrist,0.0002632346190046887,0.999870777130127,0.25
no-language,sample-0066.npz,11,proprio,2.600183763302294e-06,0.9999993443489075,0.5
no-language,sample-0066.npz,11,text,0.00011858398236456906,0.9999410510063171,0.25
no-language,sample-0066.npz,11,action_readout,0.00010152660841989682,0.9999325275421143,0.25
no-language,sample-0066.npz,12,image_main,0.0001693058672408949,0.9999136328697205,0.375
no-language,sample-0066.npz,12,image_wrist,0.0002856807533367559,0.9998593926429749,0.25
no-language,sample-0066.npz,12,proprio,3.017060592803832e-06,0.9999992251396179,0.5
no-language,sample-0066.npz,12,text,0.00013959461972658287,0.9999312162399292,0.25
no-language,sample-0066.npz,12,action_readout,0.00012285268477757686,0.9999231696128845,0.25
no-language,sample-0066.npz,13,image_main,0.0001744815034614244,0.9999111294746399,0.375
no-language,sample-0066.npz,13,image_wrist,0.0003108748770009337,0.9998464584350586,0.3125
no-language,sample-0066.npz,13,proprio,3.2085092611346354e-06,0.9999990463256836,0.5
no-language,sample-0066.npz,13,text,0.00015344929347726593,0.9999247789382935,0.25
no-language,sample-0066.npz,13,action_readout,0.00013798034975381912,0.9999160766601562,0.25
no-language,sample-0066.npz,14,image_main,0.00018171415800151934,0.9999075531959534,0.5
no-language,sample-0066.npz,14,image_wrist,0.0003341173289793875,0.9998341202735901,0.3125
no-language,sample-0066.npz,14,proprio,3.5532143943771233e-06,0.9999988675117493,0.5
no-language,sample-0066.npz,14,text,0.00018315475553978272,0.9999108910560608,0.25
no-language,sample-0066.npz,14,action_readout,0.0001633614623167341,0.9999046921730042,0.25
no-language,sample-0066.npz,15,image_main,0.00018794617425059096,0.9999053478240967,0.5
no-language,sample-0066.npz,15,image_wrist,0.0003619708801174817,0.9998207092285156,0.375
no-language,sample-0066.npz,15,proprio,3.902854541087167e-06,0.9999986886978149,0.5
no-language,sample-0066.npz,15,text,0.00021467246698901157,0.9998948574066162,0.25
no-language,sample-0066.npz,15,action_readout,0.00020878952984451746,0.9998831748962402,0.25
no-language,sample-0066.npz,16,image_main,0.00018544070679312277,0.999906063079834,0.5
no-language,sample-0066.npz,16,image_wrist,0.0003842818549289255,0.9998093247413635,0.375
no-language,sample-0066.npz,16,proprio,4.426335478413434e-06,0.9999985098838806,0.5
no-language,sample-0066.npz,16,text,0.000261791806063196,0.9998704791069031,0.25
no-language,sample-0066.npz,16,action_readout,0.00026070799850060414,0.9998596906661987,0.25
no-language,sample-0066.npz,17,image_main,0.0002025931419254754,0.9998971819877625,0.5
no-language,sample-0066.npz,17,image_wrist,0.0004319997133839383,0.9997866153717041,0.34375
no-language,sample-0066.npz,17,proprio,5.177101350631103e-06,0.9999980926513672,1.0
no-language,sample-0066.npz,17,text,0.00032220355871378267,0.9998409748077393,0.25
no-language,sample-0066.npz,17,action_readout,0.00031805348433303006,0.9998258352279663,0.25
no-language,sample-0066.npz,18,image_main,0.00021032502418315272,0.999894380569458,0.5
no-language,sample-0066.npz,18,image_wrist,0.00046264046250728253,0.9997708797454834,0.375
no-language,sample-0066.npz,18,proprio,5.627985125058181e-06,0.9999977946281433,1.0
no-language,sample-0066.npz,18,text,0.00037893896073035264,0.9998136758804321,0.25
no-language,sample-0066.npz,18,action_readout,0.0003826462147940916,0.9997926354408264,0.3125
no-language,sample-0066.npz,19,image_main,0.0002308808030346214,0.9998838901519775,0.5
no-language,sample-0066.npz,19,image_wrist,0.0005177546199217072,0.9997439384460449,0.359375
no-language,sample-0066.npz,19,proprio,5.907947111326641e-06,0.9999976754188538,1.0
no-language,sample-0066.npz,19,text,0.000419065874612974,0.9997958540916443,0.375
no-language,sample-0066.npz,19,action_readout,0.0004431298138323251,0.9997632503509521,0.4375
no-language,sample-0066.npz,20,image_main,0.0002473109965499944,0.999876081943512,0.5
no-language,sample-0066.npz,20,image_wrist,0.0005578648444253822,0.9997244477272034,0.5
no-language,sample-0066.npz,20,proprio,6.307822970324602e-06,0.9999974370002747,1.0
no-language,sample-0066.npz,20,text,0.0004536802994926769,0.999778151512146,0.5
no-language,sample-0066.npz,20,action_readout,0.0004698081968397409,0.9997528791427612,0.5
no-language,sample-0066.npz,21,image_main,0.00027035158273087674,0.9998658895492554,0.5
no-language,sample-0066.npz,21,image_wrist,0.0006191960310580299,0.9996930360794067,0.5
no-language,sample-0066.npz,21,proprio,7.066506584849455e-06,0.9999970197677612,1.0
no-language,sample-0066.npz,21,text,0.0005015203037194658,0.9997538924217224,0.5
no-language,sample-0066.npz,21,action_readout,0.0005207349599082536,0.9997283816337585,0.5
no-language,sample-0066.npz,22,image_main,0.00030478009048667896,0.9998493790626526,0.5
no-language,sample-0066.npz,22,image_wrist,0.0006658222270332759,0.999669075012207,0.5
no-language,sample-0066.npz,22,proprio,7.921492787520866e-06,0.9999966621398926,1.0
no-language,sample-0066.npz,22,text,0.0005067254477592748,0.9997493028640747,0.25
no-language,sample-0066.npz,22,action_readout,0.0005159193340944922,0.9997319579124451,0.625
no-language,sample-0066.npz,23,image_main,0.0003383981384722889,0.9998332858085632,0.5
no-language,sample-0066.npz,23,image_wrist,0.0007377690623041868,0.9996324181556702,0.5
no-language,sample-0066.npz,23,proprio,8.677362497270411e-06,0.9999962449073792,1.0
no-language,sample-0066.npz,23,text,0.0005444288379562478,0.9997305274009705,0.5
no-language,sample-0066.npz,23,action_readout,0.0005258811248233599,0.9997270703315735,0.5
no-language,sample-0066.npz,24,image_main,0.00035269349779271634,0.9998241662979126,0.625
no-language,sample-0066.npz,24,image_wrist,0.000745434970483107,0.999627947807312,0.75
no-language,sample-0066.npz,24,proprio,9.205446243940806e-06,0.9999959468841553,1.0
no-language,sample-0066.npz,24,text,0.00048654207374461525,0.999755859375,0.5
no-language,sample-0066.npz,24,action_readout,0.00043136679278707435,0.9997687339782715,0.5
no-language,sample-0066.npz,25,image_main,0.0003759041990254282,0.9998128414154053,0.625
no-language,sample-0066.npz,25,image_wrist,0.0007941794824070103,0.9996036291122437,0.75
no-language,sample-0066.npz,25,proprio,1.0214325428512757e-05,0.9999955892562866,1.0
no-language,sample-0066.npz,25,text,0.0004926240979342631,0.9997525215148926,0.5
no-language,sample-0066.npz,25,action_readout,0.00043628665319456563,0.9997665882110596,0.5
no-language,sample-0066.npz,26,image_main,0.0003380623241283182,0.9998288750648499,0.5
no-language,sample-0066.npz,26,image_wrist,0.0007378532297301125,0.9996296167373657,0.625
no-language,sample-0066.npz,26,proprio,1.1221929851108002e-05,0.9999949932098389,1.0
no-language,sample-0066.npz,26,text,0.00041652143869948396,0.9997901916503906,0.5
no-language,sample-0066.npz,26,action_readout,0.00035490419618381563,0.9998102784156799,0.5
no-language,sample-0066.npz,27,image_main,0.000351588789954596,0.9998223185539246,0.5
no-language,sample-0066.npz,27,image_wrist,0.0007639263306907708,0.9996174573898315,0.625
no-language,sample-0066.npz,27,proprio,1.2498024659054424e-05,0.9999943971633911,1.0
no-language,sample-0066.npz,27,text,0.0004187317550023272,0.9997898936271667,0.5
no-language,sample-0066.npz,27,action_readout,0.0003461301376714337,0.999814510345459,1.0
no-language,sample-0066.npz,28,image_main,0.00036774461810792127,0.9998148083686829,1.0
no-language,sample-0066.npz,28,image_wrist,0.0007707976020126946,0.9996134042739868,0.625
no-language,sample-0066.npz,28,proprio,1.4110225641217681e-05,0.999993622303009,1.0
no-language,sample-0066.npz,28,text,0.00041352844054499705,0.9997936487197876,1.0
no-language,sample-0066.npz,28,action_readout,0.00033653014909262754,0.9998171329498291,1.5
no-language,sample-0066.npz,29,image_main,0.00035712258790007967,0.9998199939727783,1.0
no-language,sample-0066.npz,29,image_wrist,0.0007622305202051293,0.9996188282966614,1.0
no-language,sample-0066.npz,29,proprio,1.5213798483958511e-05,0.9999929070472717,1.0
no-language,sample-0066.npz,29,text,0.00039506703650000536,0.9998016357421875,1.0
no-language,sample-0066.npz,29,action_readout,0.00031644892181232053,0.9998266100883484,1.5
no-language,sample-0066.npz,30,image_main,0.00030111136396606146,0.9998468160629272,1.0
no-language,sample-0066.npz,30,image_wrist,0.0006528968597864817,0.9996742010116577,1.0
no-language,sample-0066.npz,30,proprio,1.6433172381687046e-05,0.9999924898147583,1.0
no-language,sample-0066.npz,30,text,0.00034672241171134486,0.9998264312744141,1.0
no-language,sample-0066.npz,30,action_readout,0.0002692318232947661,0.9998561143875122,2.0
no-language,sample-0066.npz,31,image_main,0.0001373144649873261,0.9999301433563232,4.0
no-language,sample-0066.npz,31,image_wrist,0.00029820871206724247,0.9998493194580078,4.0
no-language,sample-0066.npz,31,proprio,1.6704447445606253e-05,0.9999924302101135,0.5
no-language,sample-0066.npz,31,text,0.000215674722042736,0.9998918771743774,2.0
no-language,sample-0066.npz,31,action_readout,0.00017384080831912876,0.9998979568481445,2.0
no-language,sample-0067.npz,0,image_main,0.00024237150673915545,0.9998816251754761,0.09375
no-language,sample-0067.npz,0,image_wrist,0.0003222413902732405,0.9998432993888855,0.09375
no-language,sample-0067.npz,0,proprio,9.643151345274363e-11,1.0000008344650269,0.0078125
no-language,sample-0067.npz,0,text,8.741869014329582e-06,0.9999916553497314,0.03125
no-language,sample-0067.npz,0,action_readout,4.493750850267061e-06,1.0000050067901611,0.001953125
no-language,sample-0067.npz,1,image_main,0.0002150067788066861,0.9998949766159058,0.125
no-language,sample-0067.npz,1,image_wrist,0.0002965457488847402,0.9998557567596436,0.125
no-language,sample-0067.npz,1,proprio,2.2076491722753546e-08,1.0000005960464478,0.125
no-language,sample-0067.npz,1,text,1.1787872249638737e-05,0.9999915361404419,0.03125
no-language,sample-0067.npz,1,action_readout,1.514588817276644e-05,0.999981164932251,0.03125
no-language,sample-0067.npz,2,image_main,0.00017984045621563505,0.9999111890792847,0.125
no-language,sample-0067.npz,2,image_wrist,0.00026056481914426015,0.9998729228973389,0.125
no-language,sample-0067.npz,2,proprio,2.3402861434309092e-07,1.0000005960464478,0.25
no-language,sample-0067.npz,2,text,2.2376134153562537e-05,0.9999855756759644,0.03125
no-language,sample-0067.npz,2,action_readout,2.0791800614407887e-05,0.9999803304672241,0.0625
no-language,sample-0067.npz,3,image_main,0.0001678003949498748,0.9999157786369324,0.125
no-language,sample-0067.npz,3,image_wrist,0.0002649753815906158,0.9998711347579956,0.1875
no-language,sample-0067.npz,3,proprio,3.2330445008336767e-07,1.0000008344650269,0.25
no-language,sample-0067.npz,3,text,2.7379537398285672e-05,0.999983549118042,0.0625
no-language,sample-0067.npz,3,action_readout,2.9793722580734865e-05,0.9999747276306152,0.125
no-language,sample-0067.npz,4,image_main,0.00015965241658307948,0.9999195337295532,0.125
no-language,sample-0067.npz,4,image_wrist,0.0002687345482520905,0.999868631362915,0.21875
no-language,sample-0067.npz,4,proprio,3.7010334418024297e-07,1.0000005960464478,0.25
no-language,sample-0067.npz,4,text,3.250154203710486e-05,0.9999817609786987,0.0625
no-language,sample-0067.npz,4,action_readout,3.642608756591929e-05,0.9999715685844421,0.125
no-language,sample-0067.npz,5,image_main,0.0001568059016830292,0.9999210834503174,0.1875
no-language,sample-0067.npz,5,image_wrist,0.00026856980430079466,0.9998687505722046,0.1875
no-language,sample-0067.npz,5,proprio,5.463423449693804e-07,1.0000005960464478,0.25
no-language,sample-0067.npz,5,text,3.7512890478631095e-05,0.99997878074646,0.0625
no-language,sample-0067.npz,5,action_readout,4.161427360714846e-05,0.9999696612358093,0.125
no-language,sample-0067.npz,6,image_main,0.00016061429371713845,0.9999189376831055,0.25
no-language,sample-0067.npz,6,image_wrist,0.0002736281040202829,0.9998664259910583,0.21875
no-language,sample-0067.npz,6,proprio,8.23004551683293e-07,1.0000003576278687,0.25
no-language,sample-0067.npz,6,text,5.192455013543106e-05,0.999972939491272,0.125
no-language,sample-0067.npz,6,action_readout,5.4925756250302364e-05,0.9999634623527527,0.25
no-language,sample-0067.npz,7,image_main,0.0001696752174920121,0.9999141097068787,0.25
no-language,sample-0067.npz,7,image_wrist,0.0002814500821672297,0.9998623132705688,0.1875
no-language,sample-0067.npz,7,proprio,1.3213711374707468e-06,1.000000238418579,0.25
no-language,sample-0067.npz,7,text,7.479305830224881e-05,0.9999614953994751,0.25
no-language,sample-0067.npz,7,action_readout,7.200396607792098e-05,0.999955415725708,0.25
no-language,sample-0067.npz,8,image_main,0.00017197940087324007,0.9999128580093384,0.25
no-language,sample-0067.npz,8,image_wrist,0.00028760513308193596,0.9998592734336853,0.125
no-language,sample-0067.npz,8,proprio,1.6612347704160888e-06,1.0,0.25
no-language,sample-0067.npz,8,text,6.548780915523189e-05,0.9999654293060303,0.125
no-language,sample-0067.npz,8,action_readout,6.403871093523707e-05,0.9999596476554871,0.1875
no-language,sample-0067.npz,9,image_main,0.00017087524739376394,0.9999129772186279,0.25
no-language,sample-0067.npz,9,image_wrist,0.00029332799036959755,0.9998565316200256,0.25
no-language,sample-0067.npz,9,proprio,1.9205224299755846e-06,0.9999997615814209,0.25
no-language,sample-0067.npz,9,text,7.750846942392365e-05,0.9999607801437378,0.25
no-language,sample-0067.npz,9,action_readout,8.029922503141352e-05,0.9999501705169678,0.25
no-language,sample-0067.npz,10,image_main,0.00017187441959225921,0.9999116063117981,0.25
no-language,sample-0067.npz,10,image_wrist,0.0002969451928331943,0.9998544454574585,0.25
no-language,sample-0067.npz,10,proprio,2.3900015013575265e-06,0.9999996423721313,0.25
no-language,sample-0067.npz,10,text,8.735924152417875e-05,0.9999552965164185,0.25
no-language,sample-0067.npz,10,action_readout,9.119198749316747e-05,0.9999443888664246,0.25
no-language,sample-0067.npz,11,image_main,0.00017612716435859253,0.9999103546142578,0.25
no-language,sample-0067.npz,11,image_wrist,0.0002980205624487931,0.9998536109924316,0.25
no-language,sample-0067.npz,11,proprio,2.7646935393137596e-06,0.9999995827674866,0.25
no-language,sample-0067.npz,11,text,0.00011090586736308507,0.9999430775642395,0.25
no-language,sample-0067.npz,11,action_readout,0.0001230804713052456,0.9999253749847412,0.25
no-language,sample-0067.npz,12,image_main,0.00018213416593559223,0.999907374382019,0.25
no-language,sample-0067.npz,12,image_wrist,0.0003146565698793592,0.9998457431793213,0.25
no-language,sample-0067.npz,12,proprio,3.0545622480558015e-06,0.9999994039535522,0.25
no-language,sample-0067.npz,12,text,0.0001382865355933659,0.9999309182167053,0.25
no-language,sample-0067.npz,12,action_readout,0.00015873041714400035,0.999906063079834,0.3125
no-language,sample-0067.npz,13,image_main,0.00018677508945897533,0.9999061226844788,0.25
no-language,sample-0067.npz,13,image_wrist,0.0003348864707428785,0.9998350143432617,0.3125
no-language,sample-0067.npz,13,proprio,3.6658889316888907e-06,0.9999989867210388,0.5
no-language,sample-0067.npz,13,text,0.00016035555917109806,0.9999198317527771,0.25
no-language,sample-0067.npz,13,action_readout,0.0001692257757256163,0.999900221824646,0.3125
no-language,sample-0067.npz,14,image_main,0.00019943551054244627,0.9998998641967773,0.25
no-language,sample-0067.npz,14,image_wrist,0.0003657548098967661,0.9998196959495544,0.34375
no-language,sample-0067.npz,14,proprio,4.2265732610079865e-06,0.9999985694885254,0.5
no-language,sample-0067.npz,14,text,0.00019652744308434048,0.9999033212661743,0.25
no-language,sample-0067.npz,14,action_readout,0.00022592973341776073,0.9998714923858643,0.3125
no-language,sample-0067.npz,15,image_main,0.00020749664996128785,0.9998948574066162,0.25
no-language,sample-0067.npz,15,image_wrist,0.000392399085711813,0.9998053312301636,0.375
no-language,sample-0067.npz,15,proprio,4.7993431287083064e-06,0.9999984502792358,0.5
no-language,sample-0067.npz,15,text,0.00022774617325966087,0.9998877048492432,0.25
no-language,sample-0067.npz,15,action_readout,0.0002745239450189377,0.9998530745506287,0.25
no-language,sample-0067.npz,16,image_main,0.00020478887271982232,0.9998970031738281,0.25
no-language,sample-0067.npz,16,image_wrist,0.00041599047737258925,0.9997925758361816,0.5
no-language,sample-0067.npz,16,proprio,5.171256952000227e-06,0.999998152256012,0.5
no-language,sample-0067.npz,16,text,0.0002607595426608518,0.9998712539672852,0.25
no-language,sample-0067.npz,16,action_readout,0.0003152074733651346,0.9998314380645752,0.25
no-language,sample-0067.npz,17,image_main,0.00022337724337840082,0.9998875260353088,0.25
no-language,sample-0067.npz,17,image_wrist,0.00045505746501988743,0.9997738599777222,0.5
no-language,sample-0067.npz,17,proprio,5.877488325196829e-06,0.9999978542327881,0.5
no-language,sample-0067.npz,17,text,0.0003032935111757101,0.9998512864112854,0.25
no-language,sample-0067.npz,17,action_readout,0.00038489086696909356,0.9997952580451965,0.25
no-language,sample-0067.npz,18,image_main,0.0002360130444577633,0.9998809099197388,0.3125
no-language,sample-0067.npz,18,image_wrist,0.0004857076873677249,0.999758243560791,0.53125
no-language,sample-0067.npz,18,proprio,6.5191977733348224e-06,0.999997615814209,0.5
no-language,sample-0067.npz,18,text,0.00034626296343426104,0.9998313188552856,0.25
no-language,sample-0067.npz,18,action_readout,0.00045540119167496645,0.9997580647468567,0.375
no-language,sample-0067.npz,19,image_main,0.00025923693224463005,0.9998704195022583,0.3125
no-language,sample-0067.npz,19,image_wrist,0.0005228784985089954,0.9997420310974121,0.5078125
no-language,sample-0067.npz,19,proprio,7.035089004437143e-06,0.9999974966049194,0.5
no-language,sample-0067.npz,19,text,0.00038663236162791797,0.9998108148574829,0.25
no-language,sample-0067.npz,19,action_readout,0.0005286556529381112,0.9997239112854004,0.4375
no-language,sample-0067.npz,20,image_main,0.00028021388593271735,0.9998610615730286,0.375
no-language,sample-0067.npz,20,image_wrist,0.0005546613172704764,0.9997267723083496,0.53125
no-language,sample-0067.npz,20,proprio,7.667836462467643e-06,0.9999968409538269,0.5
no-language,sample-0067.npz,20,text,0.00042440047501884524,0.9997920989990234,0.25
no-language,sample-0067.npz,20,action_readout,0.000580653958784218,0.9996998310089111,0.375
no-language,sample-0067.npz,21,image_main,0.0003046533552688409,0.9998483657836914,0.375
no-language,sample-0067.npz,21,image_wrist,0.00060289880354675,0.9997022151947021,0.515625
no-language,sample-0067.npz,21,proprio,8.904162006906413e-06,0.999996542930603,0.75
no-language,sample-0067.npz,21,text,0.0004686298032039055,0.9997693300247192,0.25
no-language,sample-0067.npz,21,action_readout,0.0006731204598724052,0.9996532201766968,0.5
no-language,sample-0067.npz,22,image_main,0.0003457992156790334,0.9998294115066528,0.53125
no-language,sample-0067.npz,22,image_wrist,0.0006612746783924919,0.9996726512908936,0.9375
no-language,sample-0067.npz,22,proprio,9.941975385043523e-06,0.9999958872795105,0.75
no-language,sample-0067.npz,22,text,0.0005287752393108306,0.9997377395629883,0.375
no-language,sample-0067.npz,22,action_readout,0.0007727007745090082,0.9996058940887451,0.4375
no-language,sample-0067.npz,23,image_main,0.00038495900483953804,0.9998090267181396,0.5625
no-language,sample-0067.npz,23,image_wrist,0.0007285585221675745,0.9996387958526611,1.0
no-language,sample-0067.npz,23,proprio,1.0899432300338649e-05,0.9999955296516418,0.75
no-language,sample-0067.npz,23,text,0.0005697884115775667,0.9997170567512512,0.5
no-language,sample-0067.npz,23,action_readout,0.0008715994162714356,0.9995533227920532,0.5
no-language,sample-0067.npz,24,image_main,0.000416975456176528,0.9997931718826294,0.6875
no-language,sample-0067.npz,24,image_wrist,0.0007508173063884268,0.9996267557144165,1.125
no-language,sample-0067.npz,24,proprio,1.2291394300628835e-05,0.9999949336051941,0.75
no-language,sample-0067.npz,24,text,0.000572771005412947,0.9997149109840393,0.5
no-language,sample-0067.npz,24,action_readout,0.0008601446004191074,0.9995555281639099,0.75
no-language,sample-0067.npz,25,image_main,0.0004635375392307545,0.9997689723968506,0.75
no-language,sample-0067.npz,25,image_wrist,0.0008036348569065585,0.999600350856781,1.125
no-language,sample-0067.npz,25,proprio,1.4094980936155968e-05,0.9999938011169434,1.0
no-language,sample-0067.npz,25,text,0.0006102034282487709,0.9996964335441589,0.5
no-language,sample-0067.npz,25,action_readout,0.0009018841330593905,0.9995337128639221,0.75
no-language,sample-0067.npz,26,image_main,0.0004704412507960341,0.9997648000717163,1.0
no-language,sample-0067.npz,26,image_wrist,0.000810818058870876,0.9995952248573303,1.0
no-language,sample-0067.npz,26,proprio,1.5744832777586186e-05,0.9999930262565613,1.0
no-language,sample-0067.npz,26,text,0.0005818724716635263,0.9997093677520752,0.5
no-language,sample-0067.npz,26,action_readout,0.0008814844787761977,0.9995432496070862,0.75
no-language,sample-0067.npz,27,image_main,0.0004947386792601906,0.9997522830963135,1.0
no-language,sample-0067.npz,27,image_wrist,0.000844721385255521,0.9995774030685425,1.25
no-language,sample-0067.npz,27,proprio,1.7031855997337784e-05,0.9999922513961792,1.0
no-language,sample-0067.npz,27,text,0.0006273731835024178,0.9996863603591919,1.0
no-language,sample-0067.npz,27,action_readout,0.0010259983671594198,0.9994695782661438,1.0
no-language,sample-0067.npz,28,image_main,0.0005354495975758931,0.9997308254241943,1.0
no-language,sample-0067.npz,28,image_wrist,0.0008784187772072084,0.9995602369308472,1.25
no-language,sample-0067.npz,28,proprio,1.9380547660826957e-05,0.9999911785125732,1.0
no-language,sample-0067.npz,28,text,0.0006514870970665548,0.9996744394302368,1.0
no-language,sample-0067.npz,28,action_readout,0.0011424895106859755,0.9994118213653564,1.0
no-language,sample-0067.npz,29,image_main,0.0005540687067910588,0.9997216463088989,1.0
no-language,sample-0067.npz,29,image_wrist,0.0008990139768654176,0.9995509386062622,1.25
no-language,sample-0067.npz,29,proprio,2.2071240436271837e-05,0.9999901056289673,1.0
no-language,sample-0067.npz,29,text,0.0006413924851759912,0.9996804594993591,1.0
no-language,sample-0067.npz,29,action_readout,0.0012155205019981062,0.9993780851364136,2.0
no-language,sample-0067.npz,30,image_main,0.00046286604623675513,0.9997673630714417,1.0
no-language,sample-0067.npz,30,image_wrist,0.0007941015054442423,0.9996039271354675,1.0
no-language,sample-0067.npz,30,proprio,2.481599372461981e-05,0.9999884366989136,1.0
no-language,sample-0067.npz,30,text,0.0005570085381931563,0.9997220039367676,1.0
no-language,sample-0067.npz,30,action_readout,0.0010888926649840638,0.999444842338562,2.5
no-language,sample-0067.npz,31,image_main,0.00014869076951513777,0.9999234676361084,2.0
no-language,sample-0067.npz,31,image_wrist,0.0003389872462847213,0.9998275637626648,5.0
no-language,sample-0067.npz,31,proprio,2.4611566124327693e-05,0.9999885559082031,1.0
no-language,sample-0067.npz,31,text,0.00029463924751835154,0.9998528361320496,4.0
no-language,sample-0067.npz,31,action_readout,0.0017532964856160408,0.9991327524185181,47.0
no-language,sample-0068.npz,0,image_main,0.00020006006899531928,0.9999020099639893,0.1875
no-language,sample-0068.npz,0,image_wrist,0.0001970764268752812,0.9999006986618042,0.1875
no-language,sample-0068.npz,0,proprio,2.161687087314757e-09,1.0000007152557373,0.03125
no-language,sample-0068.npz,0,text,2.951097391816231e-06,0.9999970197677612,0.00390625
no-language,sample-0068.npz,0,action_readout,3.139173668117453e-06,0.999989926815033,0.001953125
no-language,sample-0068.npz,1,image_main,0.00018185828906054814,0.9999112486839294,0.1875
no-language,sample-0068.npz,1,image_wrist,0.00018019098740229157,0.9999094605445862,0.125
no-language,sample-0068.npz,1,proprio,3.889375498145001e-08,1.0000007152557373,0.0625
no-language,sample-0068.npz,1,text,3.771714211523616e-10,1.000001072883606,0.125
no-language,sample-0068.npz,1,action_readout,1.7283006529014963e-05,0.9999808073043823,0.03125
no-language,sample-0068.npz,2,image_main,0.00014952428626683896,0.9999264478683472,0.25
no-language,sample-0068.npz,2,image_wrist,0.00015506517279778218,0.9999223947525024,0.25
no-language,sample-0068.npz,2,proprio,2.939720553418352e-07,1.0000004768371582,0.125
no-language,sample-0068.npz,2,text,8.507893208950468e-10,1.000001072883606,0.125
no-language,sample-0068.npz,2,action_readout,1.5599160152709383e-05,0.9999805688858032,0.0625
no-language,sample-0068.npz,3,image_main,0.00014248813553829643,0.9999299645423889,0.3125
no-language,sample-0068.npz,3,image_wrist,0.00015503741640654023,0.9999224543571472,0.25
no-language,sample-0068.npz,3,proprio,6.082082661690907e-07,1.0000004768371582,0.125
no-language,sample-0068.npz,3,text,1.3812612880369521e-09,1.000001072883606,0.125
no-language,sample-0068.npz,3,action_readout,2.6141304101747225e-05,0.9999725818634033,0.125
no-language,sample-0068.npz,4,image_main,0.00014207240760810529,0.9999293088912964,0.25
no-language,sample-0068.npz,4,image_wrist,0.00015928125269878046,0.9999210834503174,0.25
no-language,sample-0068.npz,4,proprio,9.357018244200736e-07,1.000000238418579,0.125
no-language,sample-0068.npz,4,text,1.94940804025031e-09,1.0000011920928955,0.25
no-language,sample-0068.npz,4,action_readout,3.394879994830339e-05,0.9999685883522034,0.125
no-language,sample-0068.npz,5,image_main,0.0001428596113483343,0.9999299049377441,0.1875
no-language,sample-0068.npz,5,image_wrist,0.00016490812937742697,0.9999179244041443,0.25
no-language,sample-0068.npz,5,proprio,1.1785457104521242e-06,1.0,0.125
no-language,sample-0068.npz,5,text,2.287096348349318e-09,1.0000007152557373,0.25
no-language,sample-0068.npz,5,action_readout,4.101343897249316e-05,0.9999634623527527,0.125
no-language,sample-0068.npz,6,image_main,0.0001450851234023348,0.99992835521698,0.25
no-language,sample-0068.npz,6,image_wrist,0.00016540202424625739,0.9999173879623413,0.25
no-language,sample-0068.npz,6,proprio,1.6443905061986158e-06,1.0,0.125
no-language,sample-0068.npz,6,text,2.791120070564718e-09,1.000001072883606,0.25
no-language,sample-0068.npz,6,action_readout,4.933253266765581e-05,0.9999595880508423,0.1875
no-language,sample-0068.npz,7,image_main,0.0001488977060256193,0.9999258518218994,0.25
no-language,sample-0068.npz,7,image_wrist,0.0001700243871418111,0.9999156594276428,0.25
no-language,sample-0068.npz,7,proprio,1.9852303570079604e-06,0.9999998211860657,0.125
no-language,sample-0068.npz,7,text,3.338381265858907e-09,1.000001072883606,0.25
no-language,sample-0068.npz,7,action_readout,5.822737358989489e-05,0.9999561309814453,0.25
no-language,sample-0068.npz,8,image_main,0.00015201550277003006,0.9999250173568726,0.25
no-language,sample-0068.npz,8,image_wrist,0.00016696751037541613,0.9999170899391174,0.25
no-language,sample-0068.npz,8,proprio,2.4620232167287624e-06,0.9999998211860657,0.1875
no-language,sample-0068.npz,8,text,4.29829127667954e-09,1.0000014305114746,0.25
no-language,sample-0068.npz,8,action_readout,5.917046104528151e-05,0.9999560117721558,0.25
no-language,sample-0068.npz,9,image_main,0.00015364947500274298,0.99992436170578,0.25
no-language,sample-0068.npz,9,image_wrist,0.00017231492879873995,0.9999145269393921,0.25
no-language,sample-0068.npz,9,proprio,2.941386594019042e-06,0.9999994039535522,0.25
no-language,sample-0068.npz,9,text,7.59743691891832e-09,1.0000009536743164,1.0
no-language,sample-0068.npz,9,action_readout,6.395909172225371e-05,0.9999558925628662,0.25
no-language,sample-0068.npz,10,image_main,0.00015538510078199925,0.99992436170578,0.375
no-language,sample-0068.npz,10,image_wrist,0.0001759183520287236,0.9999136924743652,0.25
no-language,sample-0068.npz,10,proprio,3.3486420400254665e-06,0.9999990463256836,0.25
no-language,sample-0068.npz,10,text,8.754532262597086e-09,1.0000007152557373,1.0
no-language,sample-0068.npz,10,action_readout,6.536896735977317e-05,0.9999556541442871,0.25
no-language,sample-0068.npz,11,image_main,0.00016819379388704233,0.9999179840087891,0.5
no-language,sample-0068.npz,11,image_wrist,0.00018401739937326953,0.9999099969863892,0.25
no-language,sample-0068.npz,11,proprio,3.884117576307904e-06,0.9999986290931702,0.25
no-language,sample-0068.npz,11,text,1.0238026284377239e-08,1.0000008344650269,1.0
no-language,sample-0068.npz,11,action_readout,7.604614364638095e-05,0.999951183795929,0.375
no-language,sample-0068.npz,12,image_main,0.00017399559990665653,0.999914288520813,0.5
no-language,sample-0068.npz,12,image_wrist,0.00018926986941936747,0.999907374382019,0.25
no-language,sample-0068.npz,12,proprio,4.65332092738587e-06,0.9999985694885254,0.25
no-language,sample-0068.npz,12,text,1.2036451156148237e-08,1.0000009536743164,1.0
no-language,sample-0068.npz,12,action_readout,9.334086532060316e-05,0.9999414086341858,0.375
no-language,sample-0068.npz,13,image_main,0.00017952550610791232,0.9999125003814697,0.5
no-language,sample-0068.npz,13,image_wrist,0.00019470648730916942,0.9999047517776489,0.5
no-language,sample-0068.npz,13,proprio,5.273502784552121e-06,0.9999982118606567,0.25
no-language,sample-0068.npz,13,text,1.3746365907379123e-08,1.0000014305114746,1.0
no-language,sample-0068.npz,13,action_readout,0.00010520436708344523,0.9999338388442993,0.5
no-language,sample-0068.npz,14,image_main,0.00018765599875268963,0.9999091029167175,0.5
no-language,sample-0068.npz,14,image_wrist,0.00019754929290003264,0.9999028444290161,0.5
no-language,sample-0068.npz,14,proprio,6.089446899850162e-06,0.999997615814209,0.25
no-language,sample-0068.npz,14,text,1.6960517583421187e-08,1.0000016689300537,1.0
no-language,sample-0068.npz,14,action_readout,0.00012155380690593132,0.9999260902404785,0.5
no-language,sample-0068.npz,15,image_main,0.00019438096618766326,0.9999048709869385,0.5
no-language,sample-0068.npz,15,image_wrist,0.00019811104304799627,0.9999024271965027,0.5
no-language,sample-0068.npz,15,proprio,7.26309719042966e-06,0.9999971985816956,0.25
no-language,sample-0068.npz,15,text,1.960859106341851e-08,1.0000019073486328,1.0
no-language,sample-0068.npz,15,action_readout,0.00014572956164274803,0.9999127388000488,0.5
no-language,sample-0068.npz,16,image_main,0.00020177527469065603,0.9999006986618042,0.5
no-language,sample-0068.npz,16,image_wrist,0.00019805895898358092,0.9999023675918579,0.5
no-language,sample-0068.npz,16,proprio,8.205625737722388e-06,0.9999966025352478,0.25
no-language,sample-0068.npz,16,text,2.2641505362173917e-08,1.0000017881393433,1.0
no-language,sample-0068.npz,16,action_readout,0.00016951663379113829,0.9999006390571594,0.5
no-language,sample-0068.npz,17,image_main,0.00022127108082490885,0.9998912811279297,0.75
no-language,sample-0068.npz,17,image_wrist,0.00021368189470967667,0.9998939037322998,0.5
no-language,sample-0068.npz,17,proprio,9.327932426477177e-06,0.9999960660934448,0.3125
no-language,sample-0068.npz,17,text,2.8264967077058096e-08,1.0000020265579224,1.0
no-language,sample-0068.npz,17,action_readout,0.00019308771054551876,0.9998910427093506,0.5
no-language,sample-0068.npz,18,image_main,0.000233455454738523,0.9998852610588074,0.75
no-language,sample-0068.npz,18,image_wrist,0.00022054088065193264,0.9998910427093506,0.5
no-language,sample-0068.npz,18,proprio,1.0014267194698683e-05,0.9999957084655762,0.25
no-language,sample-0068.npz,18,text,3.453017774080086e-08,1.000002145767212,1.0
no-language,sample-0068.npz,18,action_readout,0.0002095794618686203,0.9998823404312134,0.4375
no-language,sample-0068.npz,19,image_main,0.0002553851688354162,0.9998747110366821,0.75
no-language,sample-0068.npz,19,image_wrist,0.00024434420161984405,0.9998794794082642,0.5
no-language,sample-0068.npz,19,proprio,1.1189875367129512e-05,0.9999954104423523,0.375
no-language,sample-0068.npz,19,text,4.2788715474214815e-08,1.000002145767212,1.0
no-language,sample-0068.npz,19,action_readout,0.00024455684664689056,0.9998661279678345,0.40625
no-language,sample-0068.npz,20,image_main,0.00027347923773222364,0.9998658299446106,0.75
no-language,sample-0068.npz,20,image_wrist,0.0002687753968408495,0.9998676776885986,0.5
no-language,sample-0068.npz,20,proprio,1.2700151797787041e-05,0.9999944567680359,0.375
no-language,sample-0068.npz,20,text,5.571598022165376e-08,1.0000026226043701,1.0
no-language,sample-0068.npz,20,action_readout,0.0002739189670888363,0.9998550415039062,0.40625
no-language,sample-0068.npz,21,image_main,0.0003082038770062985,0.9998492002487183,0.75
no-language,sample-0068.npz,21,image_wrist,0.00030711478025763795,0.9998488426208496,0.5
no-language,sample-0068.npz,21,proprio,1.3967537190991245e-05,0.9999937415122986,0.375
no-language,sample-0068.npz,21,text,1.1409640762956931e-07,1.0000033378601074,4.0
no-language,sample-0068.npz,21,action_readout,0.00030405504251166787,0.9998408555984497,0.34375
no-language,sample-0068.npz,22,image_main,0.0003433069982869209,0.9998319149017334,0.75
no-language,sample-0068.npz,22,image_wrist,0.0003291727667014465,0.9998368620872498,0.5
no-language,sample-0068.npz,22,proprio,1.6116290074497184e-05,0.9999925494194031,0.375
no-language,sample-0068.npz,22,text,1.4676929651172751e-07,1.0000039339065552,4.0
no-language,sample-0068.npz,22,action_readout,0.00030888333778681027,0.9998302459716797,0.46875
no-language,sample-0068.npz,23,image_main,0.0003913646648733576,0.9998075366020203,0.75
no-language,sample-0068.npz,23,image_wrist,0.00036890346282132273,0.9998161196708679,0.5
no-language,sample-0068.npz,23,proprio,1.8225556350532496e-05,0.9999915361404419,0.375
no-language,sample-0068.npz,23,text,1.7481863558086923e-07,1.0000035762786865,4.0
no-language,sample-0068.npz,23,action_readout,0.0003483003762758976,0.9998098611831665,0.5
no-language,sample-0068.npz,24,image_main,0.00041867586306382584,0.9997928142547607,0.75
no-language,sample-0068.npz,24,image_wrist,0.0003972570795502203,0.9998011589050293,0.75
no-language,sample-0068.npz,24,proprio,1.992329162437034e-05,0.9999907612800598,0.375
no-language,sample-0068.npz,24,text,2.1774920028559202e-07,1.000003695487976,4.0
no-language,sample-0068.npz,24,action_readout,0.00035197008458736723,0.9998096823692322,0.4375
no-language,sample-0068.npz,25,image_main,0.00043811918680218076,0.9997822642326355,0.75
no-language,sample-0068.npz,25,image_wrist,0.0004208173414881264,0.9997897148132324,0.75
no-language,sample-0068.npz,25,proprio,2.1964093938187966e-05,0.9999896883964539,0.375
no-language,sample-0068.npz,25,text,2.649797333915186e-07,1.000003695487976,4.0
no-language,sample-0068.npz,25,action_readout,0.00033778027529722554,0.9998223781585693,0.5
no-language,sample-0068.npz,26,image_main,0.0004582091365443897,0.9997719526290894,0.75
no-language,sample-0068.npz,26,image_wrist,0.0004423981151428368,0.9997791051864624,0.75
no-language,sample-0068.npz,26,proprio,2.4494044870973944e-05,0.9999885559082031,0.5
no-language,sample-0068.npz,26,text,3.118119021741069e-07,1.0000039339065552,4.0
no-language,sample-0068.npz,26,action_readout,0.0003536837310232676,0.9998162388801575,0.5
no-language,sample-0068.npz,27,image_main,0.00043347868227334123,0.9997846484184265,0.75
no-language,sample-0068.npz,27,image_wrist,0.0004120463711523093,0.999795138835907,1.0
no-language,sample-0068.npz,27,proprio,2.7575695584049628e-05,0.9999869465827942,0.5
no-language,sample-0068.npz,27,text,3.7403684725222934e-07,1.0000030994415283,4.0
no-language,sample-0068.npz,27,action_readout,0.0002992651846997769,0.999836802482605,0.5
no-language,sample-0068.npz,28,image_main,0.0004568961415700334,0.9997729063034058,0.75
no-language,sample-0068.npz,28,image_wrist,0.0004220883833319362,0.999789834022522,1.0
no-language,sample-0068.npz,28,proprio,3.0562884056460046e-05,0.9999856352806091,0.5
no-language,sample-0068.npz,28,text,4.3599041678932047e-07,1.0000032186508179,4.0
no-language,sample-0068.npz,28,action_readout,0.0002893590363347156,0.9998403191566467,0.75
no-language,sample-0068.npz,29,image_main,0.00039501051943618677,0.9998060464859009,1.0
no-language,sample-0068.npz,29,image_wrist,0.00037033469669512867,0.9998164772987366,1.0
no-language,sample-0068.npz,29,proprio,3.296737941908049e-05,0.9999843835830688,0.5
no-language,sample-0068.npz,29,text,5.390793803997931e-07,1.0000030994415283,4.0
no-language,sample-0068.npz,29,action_readout,0.00021654525659957094,0.9998751878738403,1.0
no-language,sample-0068.npz,30,image_main,0.00029245984376161083,0.9998557567596436,1.0
no-language,sample-0068.npz,30,image_wrist,0.0002761924627864607,0.9998629093170166,1.0
no-language,sample-0068.npz,30,proprio,3.752717084308396e-05,0.9999820590019226,0.75
no-language,sample-0068.npz,30,text,6.467732367321109e-07,1.0000022649765015,4.0
no-language,sample-0068.npz,30,action_readout,0.00015570155388277006,0.9999101161956787,1.0
no-language,sample-0068.npz,31,image_main,0.0001566156954591999,0.9999245405197144,4.0
no-language,sample-0068.npz,31,image_wrist,0.00015487370634243342,0.9999221563339233,3.0
no-language,sample-0068.npz,31,proprio,3.5370490970332066e-05,0.9999831914901733,0.5
no-language,sample-0068.npz,31,text,7.978543457356746e-07,1.000002384185791,4.0
no-language,sample-0068.npz,31,action_readout,9.777527910442747e-05,0.9999361038208008,2.0
no-language,sample-0069.npz,0,image_main,0.0002619304493080185,0.9998700022697449,0.125
no-language,sample-0069.npz,0,image_wrist,0.0002734787273535236,0.9998667240142822,0.125
no-language,sample-0069.npz,0,proprio,1.5176009034249352e-09,1.000001311302185,0.03125
no-language,sample-0069.npz,0,text,8.009673676758906e-06,0.9999946355819702,0.03125
no-language,sample-0069.npz,0,action_readout,8.268029755631625e-06,1.0000007152557373,0.00390625
no-language,sample-0069.npz,1,image_main,0.00023756170919595545,0.9998825788497925,0.125
no-language,sample-0069.npz,1,image_wrist,0.0002513286157541821,0.9998775124549866,0.125
no-language,sample-0069.npz,1,proprio,1.7035518409274336e-09,1.0000007152557373,0.0625
no-language,sample-0069.npz,1,text,4.5582243855855594e-10,1.0000008344650269,0.125
no-language,sample-0069.npz,1,action_readout,2.4520714192921124e-05,0.9999789595603943,0.03125
no-language,sample-0069.npz,2,image_main,0.00019766378343111604,0.9998997449874878,0.125
no-language,sample-0069.npz,2,image_wrist,0.0002238991493651874,0.9998890161514282,0.125
no-language,sample-0069.npz,2,proprio,4.286951829280169e-08,1.0000003576278687,0.125
no-language,sample-0069.npz,2,text,6.579633198472519e-10,1.0000011920928955,0.125
no-language,sample-0069.npz,2,action_readout,2.9471279860393987e-05,0.9999764561653137,0.0625
no-language,sample-0069.npz,3,image_main,0.0001903344632524909,0.9999032020568848,0.25
no-language,sample-0069.npz,3,image_wrist,0.00022619071047432404,0.9998887181282043,0.125
no-language,sample-0069.npz,3,proprio,7.209121763170529e-08,1.0000004768371582,0.125
no-language,sample-0069.npz,3,text,8.349161719759803e-10,1.0000011920928955,0.0625
no-language,sample-0069.npz,3,action_readout,2.8523617486103747e-05,0.9999781847000122,0.0625
no-language,sample-0069.npz,4,image_main,0.0001845662579052931,0.9999064207077026,0.25
no-language,sample-0069.npz,4,image_wrist,0.00022810087158636047,0.9998874068260193,0.125
no-language,sample-0069.npz,4,proprio,1.2585958369285811e-07,1.0000003576278687,0.125
no-language,sample-0069.npz,4,text,1.0639614651958792e-09,1.0000007152557373,0.09375
no-language,sample-0069.npz,4,action_readout,3.512176054300553e-05,0.999977707862854,0.125
no-language,sample-0069.npz,5,image_main,0.00018333103995978302,0.9999068975448608,0.25
no-language,sample-0069.npz,5,image_wrist,0.0002303972262962648,0.9998865723609924,0.125
no-language,sample-0069.npz,5,proprio,1.835068516217461e-07,1.0000007152557373,0.25
no-language,sample-0069.npz,5,text,1.3763679979894261e-09,1.0000005960464478,0.09375
no-language,sample-0069.npz,5,action_readout,3.807138430335699e-05,0.9999706745147705,0.125
no-language,sample-0069.npz,6,image_main,0.00018138899963605207,0.999908447265625,0.25
no-language,sample-0069.npz,6,image_wrist,0.00023523287052405493,0.9998832941055298,0.25
no-language,sample-0069.npz,6,proprio,2.5168182397516466e-07,1.0,0.25
no-language,sample-0069.npz,6,text,1.7100724391958632e-09,1.0000005960464478,0.125
no-language,sample-0069.npz,6,action_readout,4.5204793400475164e-05,0.9999672174453735,0.125
no-language,sample-0069.npz,7,image_main,0.00019449111893768433,0.9999017715454102,0.375
no-language,sample-0069.npz,7,image_wrist,0.00024285673196819413,0.9998794794082642,0.25
no-language,sample-0069.npz,7,proprio,2.8371372960638773e-07,1.0000004768371582,0.25
no-language,sample-0069.npz,7,text,2.4065863449480516e-09,1.0000005960464478,0.25
no-language,sample-0069.npz,7,action_readout,5.5943460217308364e-05,0.9999620914459229,0.1875
no-language,sample-0069.npz,8,image_main,0.0001971912912621113,0.9999005794525146,0.3125
no-language,sample-0069.npz,8,image_wrist,0.00025301283519148037,0.9998753070831299,0.3125
no-language,sample-0069.npz,8,proprio,3.4552562067630683e-07,1.0000003576278687,0.25
no-language,sample-0069.npz,8,text,3.0000026746819143e-09,1.0000007152557373,0.25
no-language,sample-0069.npz,8,action_readout,5.496965812998334e-05,0.9999644756317139,0.25
no-language,sample-0069.npz,9,image_main,0.00020014308868423502,0.9998986124992371,0.375
no-language,sample-0069.npz,9,image_wrist,0.00026209862402253026,0.9998703598976135,0.25
no-language,sample-0069.npz,9,proprio,3.861737811190121e-07,1.000000238418579,0.25
no-language,sample-0069.npz,9,text,3.6814481171292935e-09,1.0000008344650269,0.25
no-language,sample-0069.npz,9,action_readout,7.732976844019425e-05,0.9999483823776245,0.375
no-language,sample-0069.npz,10,image_main,0.00020429984480500388,0.9998973608016968,0.46875
no-language,sample-0069.npz,10,image_wrist,0.00027706818714510426,0.9998636245727539,0.25
no-language,sample-0069.npz,10,proprio,4.446272971432569e-07,1.0000005960464478,0.25
no-language,sample-0069.npz,10,text,4.521989961432814e-09,1.0000008344650269,0.25
no-language,sample-0069.npz,10,action_readout,9.352230764781601e-05,0.9999393224716187,0.375
no-language,sample-0069.npz,11,image_main,0.00021297487805508976,0.9998922944068909,0.46875
no-language,sample-0069.npz,11,image_wrist,0.0002875882775109245,0.9998571276664734,0.25
no-language,sample-0069.npz,11,proprio,5.347830547522595e-07,1.0000005960464478,0.25
no-language,sample-0069.npz,11,text,5.681875476760816e-09,1.0000007152557373,0.25
no-language,sample-0069.npz,11,action_readout,0.00011005263589744911,0.9999326467514038,0.25
no-language,sample-0069.npz,12,image_main,0.0002201455858033826,0.9998879432678223,0.5
no-language,sample-0069.npz,12,image_wrist,0.0003098956472741411,0.9998459815979004,0.375
no-language,sample-0069.npz,12,proprio,6.234726413665695e-07,1.0000005960464478,0.25
no-language,sample-0069.npz,12,text,7.251229965383859e-09,1.000001072883606,0.125
no-language,sample-0069.npz,12,action_readout,0.00015587911846420222,0.9999074935913086,0.25
no-language,sample-0069.npz,13,image_main,0.00022727881912839324,0.9998847246170044,0.46875
no-language,sample-0069.npz,13,image_wrist,0.00032366743118175667,0.9998390078544617,0.375
no-language,sample-0069.npz,13,proprio,6.615589181062625e-07,1.000000238418579,0.25
no-language,sample-0069.npz,13,text,9.65681712142958e-09,1.000001311302185,0.1875
no-language,sample-0069.npz,13,action_readout,0.0001766028387269407,0.9998950958251953,0.25
no-language,sample-0069.npz,14,image_main,0.00024845308478126034,0.9998752474784851,0.4375
no-language,sample-0069.npz,14,image_wrist,0.0003558466340142404,0.9998222589492798,0.375
no-language,sample-0069.npz,14,proprio,8.320429117311411e-07,0.9999997615814209,0.25
no-language,sample-0069.npz,14,text,1.3841977410619426e-08,1.0000016689300537,0.1875
no-language,sample-0069.npz,14,action_readout,0.00021691911989005168,0.9998812079429626,0.375
no-language,sample-0069.npz,15,image_main,0.0002655227809604293,0.9998663663864136,0.421875
no-language,sample-0069.npz,15,image_wrist,0.0003740376438806166,0.999812662601471,0.375
no-language,sample-0069.npz,15,proprio,9.95565890902211e-07,1.0,0.3125
no-language,sample-0069.npz,15,text,1.8742367525052783e-08,1.0000016689300537,0.1875
no-language,sample-0069.npz,15,action_readout,0.0002540656382642647,0.999862015247345,0.3125
no-language,sample-0069.npz,16,image_main,0.0002737867606374135,0.9998620748519897,0.453125
no-language,sample-0069.npz,16,image_wrist,0.00037804635869586857,0.9998106956481934,0.25
no-language,sample-0069.npz,16,proprio,1.112284276576063e-06,0.9999998807907104,0.25
no-language,sample-0069.npz,16,text,2.515143655927747e-08,1.0000016689300537,0.1875
no-language,sample-0069.npz,16,action_readout,0.0003048533888680515,0.999834418296814,0.3125
no-language,sample-0069.npz,17,image_main,0.00030328670799170264,0.999847412109375,0.46875
no-language,sample-0069.npz,17,image_wrist,0.0004229156409743979,0.9997892379760742,0.3125
no-language,sample-0069.npz,17,proprio,1.175212941002418e-06,1.0000001192092896,0.25
no-language,sample-0069.npz,17,text,3.505603085435782e-08,1.0000016689300537,1.0
no-language,sample-0069.npz,17,action_readout,0.0003711047992859971,0.9998005628585815,0.3125
no-language,sample-0069.npz,18,image_main,0.0003259288630687719,0.9998378753662109,0.5
no-language,sample-0069.npz,18,image_wrist,0.00043603873577303546,0.9997841715812683,0.375
no-language,sample-0069.npz,18,proprio,1.3713320990484592e-06,1.0000001192092896,0.25
no-language,sample-0069.npz,18,text,4.600521791694572e-08,1.0000015497207642,1.0
no-language,sample-0069.npz,18,action_readout,0.00041099910915086613,0.9997785091400146,0.375
no-language,sample-0069.npz,19,image_main,0.00035392443296416754,0.9998234510421753,0.484375
no-language,sample-0069.npz,19,image_wrist,0.00047642220907172234,0.9997643232345581,0.375
no-language,sample-0069.npz,19,proprio,1.5622466616505973e-06,0.9999998211860657,0.25
no-language,sample-0069.npz,19,text,5.721966452808025e-08,1.0000017881393433,1.0
no-language,sample-0069.npz,19,action_readout,0.00048521879830108197,0.999742865562439,0.4375
no-language,sample-0069.npz,20,image_main,0.00037219850744162807,0.9998149871826172,0.5
no-language,sample-0069.npz,20,image_wrist,0.0005028620888590464,0.9997519850730896,0.4375
no-language,sample-0069.npz,20,proprio,1.7290464572250155e-06,0.9999997615814209,0.25
no-language,sample-0069.npz,20,text,7.420372140367871e-08,1.000002384185791,1.0
no-language,sample-0069.npz,20,action_readout,0.0005069164751767276,0.9997366666793823,0.375
no-language,sample-0069.npz,21,image_main,0.0004031139238585479,0.9998001456260681,0.4375
no-language,sample-0069.npz,21,image_wrist,0.0005500854674131111,0.999727725982666,0.5
no-language,sample-0069.npz,21,proprio,2.0641140721356977e-06,1.0,0.5
no-language,sample-0069.npz,21,text,9.632687286270773e-08,1.0000022649765015,1.0
no-language,sample-0069.npz,21,action_readout,0.0005756734162716788,0.9997021555900574,0.375
no-language,sample-0069.npz,22,image_main,0.00043452954266200123,0.9997857809066772,0.4375
no-language,sample-0069.npz,22,image_wrist,0.0005888495416093645,0.9997086524963379,0.546875
no-language,sample-0069.npz,22,proprio,2.3652615902300514e-06,0.9999992251396179,0.5
no-language,sample-0069.npz,22,text,1.2378452287484626e-07,1.0000025033950806,1.0
no-language,sample-0069.npz,22,action_readout,0.0006452057719526693,0.9996703863143921,0.4375
no-language,sample-0069.npz,23,image_main,0.00048162480031433314,0.9997617602348328,0.5
no-language,sample-0069.npz,23,image_wrist,0.0006553862059482748,0.9996753334999084,0.625
no-language,sample-0069.npz,23,proprio,2.6281629276789045e-06,0.9999995231628418,0.5
no-language,sample-0069.npz,23,text,1.5008386188582106e-07,1.0000028610229492,1.0
no-language,sample-0069.npz,23,action_readout,0.0007349823702285931,0.9996235370635986,0.5
no-language,sample-0069.npz,24,image_main,0.0004924391671108025,0.9997560977935791,0.5
no-language,sample-0069.npz,24,image_wrist,0.0006677459050625201,0.9996676445007324,1.0
no-language,sample-0069.npz,24,proprio,2.9273916075066183e-06,0.9999990463256836,0.5
no-language,sample-0069.npz,24,text,1.9019891320366004e-07,1.0000029802322388,1.0
no-language,sample-0069.npz,24,action_readout,0.0007604416476078825,0.9996055960655212,0.5
no-language,sample-0069.npz,25,image_main,0.0005195929966031542,0.9997410774230957,0.5
no-language,sample-0069.npz,25,image_wrist,0.0007084193153040152,0.9996469020843506,1.0
no-language,sample-0069.npz,25,proprio,3.315077652874162e-06,0.9999988079071045,0.5
no-language,sample-0069.npz,25,text,2.3192893744849706e-07,1.000003457069397,1.0
no-language,sample-0069.npz,25,action_readout,0.0008278354605574772,0.9995707273483276,0.75
no-language,sample-0069.npz,26,image_main,0.0004741296359727577,0.9997607469558716,0.5
no-language,sample-0069.npz,26,image_wrist,0.000676691349770827,0.9996609687805176,1.0
no-language,sample-0069.npz,26,proprio,3.6829892536074717e-06,0.9999988675117493,0.5
no-language,sample-0069.npz,26,text,2.713609489134795e-07,1.0000035762786865,1.0
no-language,sample-0069.npz,26,action_readout,0.000802198522632861,0.9995828866958618,0.75
no-language,sample-0069.npz,27,image_main,0.0005624681172022214,0.9997164011001587,0.5
no-language,sample-0069.npz,27,image_wrist,0.0007049343003832957,0.9996464252471924,1.0
no-language,sample-0069.npz,27,proprio,4.260692148793656e-06,0.9999985098838806,0.625
no-language,sample-0069.npz,27,text,3.260395311687257e-07,1.0000039339065552,1.0
no-language,sample-0069.npz,27,action_readout,0.0008837507922547113,0.9995419383049011,1.0
no-language,sample-0069.npz,28,image_main,0.0005840638259162425,0.9997059106826782,0.625
no-language,sample-0069.npz,28,image_wrist,0.0007070907371715425,0.9996458888053894,1.0
no-language,sample-0069.npz,28,proprio,4.582698021796582e-06,0.9999982118606567,0.5
no-language,sample-0069.npz,28,text,3.818564449994981e-07,1.000003457069397,1.0
no-language,sample-0069.npz,28,action_readout,0.0009385359291019456,0.9995160102844238,1.5
no-language,sample-0069.npz,29,image_main,0.0005421725813715317,0.9997282028198242,1.0
no-language,sample-0069.npz,29,image_wrist,0.0006497774592834884,0.9996742010116577,1.5
no-language,sample-0069.npz,29,proprio,5.1671725606910966e-06,0.999997615814209,0.5
no-language,sample-0069.npz,29,text,4.5382003093201976e-07,1.0000033378601074,1.0
no-language,sample-0069.npz,29,action_readout,0.0008583296718199977,0.9995585680007935,2.0
no-language,sample-0069.npz,30,image_main,0.0004680556589481516,0.9997638463973999,1.0
no-language,sample-0069.npz,30,image_wrist,0.0005127591979725865,0.9997435808181763,2.0
no-language,sample-0069.npz,30,proprio,5.873015431526864e-06,0.9999978542327881,0.5
no-language,sample-0069.npz,30,text,5.325574051483802e-07,1.0000039339065552,1.5
no-language,sample-0069.npz,30,action_readout,0.0007000372994811262,0.9996398687362671,2.5
no-language,sample-0069.npz,31,image_main,0.0009156362029948061,0.9995737671852112,31.0
no-language,sample-0069.npz,31,image_wrist,0.00019698684490987212,0.9998974204063416,6.0
no-language,sample-0069.npz,31,proprio,6.552630706588786e-06,0.9999973773956299,0.5
no-language,sample-0069.npz,31,text,1.1001190741892212e-06,1.0000029802322388,8.0
no-language,sample-0069.npz,31,action_readout,0.001344017640746237,0.9993677139282227,47.0
no-language,sample-0070.npz,0,image_main,0.00019661360316378728,0.9999027252197266,0.125
no-language,sample-0070.npz,0,image_wrist,0.00037604475290885816,0.9998147487640381,0.09375
no-language,sample-0070.npz,0,proprio,3.156039754278565e-10,1.0000009536743164,0.015625
no-language,sample-0070.npz,0,text,3.867269417796111e-06,0.9999974966049194,0.00390625
no-language,sample-0070.npz,0,action_readout,2.052473365703297e-05,0.9999873638153076,0.0078125
no-language,sample-0070.npz,1,image_main,0.00018016183895422464,0.9999112486839294,0.125
no-language,sample-0070.npz,1,image_wrist,0.0003488326843231269,0.9998289942741394,0.125
no-language,sample-0070.npz,1,proprio,4.154185563592815e-08,1.0000009536743164,0.125
no-language,sample-0070.npz,1,text,3.880019666700641e-08,1.000001311302185,4.0
no-language,sample-0070.npz,1,action_readout,2.1138627944279385e-05,0.9999768137931824,0.03125
no-language,sample-0070.npz,2,image_main,0.00016082033784539074,0.9999198913574219,0.125
no-language,sample-0070.npz,2,image_wrist,0.0002974429424386329,0.9998559355735779,0.140625
no-language,sample-0070.npz,2,proprio,3.5535228105140953e-07,1.0000008344650269,0.25
no-language,sample-0070.npz,2,text,3.9339179500083395e-08,1.0000017881393433,4.0
no-language,sample-0070.npz,2,action_readout,1.712171146595064e-05,0.9999812841415405,0.125
no-language,sample-0070.npz,3,image_main,0.00014449904941356398,0.9999282360076904,0.125
no-language,sample-0070.npz,3,image_wrist,0.00025888873214918165,0.9998760223388672,0.125
no-language,sample-0070.npz,3,proprio,6.946153725964862e-07,1.0000007152557373,0.25
no-language,sample-0070.npz,3,text,4.006697607775345e-08,1.000002384185791,4.0
no-language,sample-0070.npz,3,action_readout,2.987756978849906e-05,0.9999804496765137,0.1640625
no-language,sample-0070.npz,4,image_main,0.00014171169635884178,0.9999290704727173,0.125
no-language,sample-0070.npz,4,image_wrist,0.0002675950270211632,0.9998717308044434,0.125
no-language,sample-0070.npz,4,proprio,9.649402073755953e-07,1.0000004768371582,0.25
no-language,sample-0070.npz,4,text,4.0623296641242264e-08,1.0000027418136597,4.0
no-language,sample-0070.npz,4,action_readout,3.9829157368846396e-05,0.9999731779098511,0.15625
no-language,sample-0070.npz,5,image_main,0.0001444505944070763,0.9999276399612427,0.25
no-language,sample-0070.npz,5,image_wrist,0.00027690166466660205,0.9998668432235718,0.125
no-language,sample-0070.npz,5,proprio,1.2993553928679445e-06,1.000000238418579,0.25
no-language,sample-0070.npz,5,text,4.120256524018074e-08,1.0000026226043701,4.0
no-language,sample-0070.npz,5,action_readout,4.9672737341515306e-05,0.9999681711196899,0.171875
no-language,sample-0070.npz,6,image_main,0.0001449512421629365,0.9999273419380188,0.25
no-language,sample-0070.npz,6,image_wrist,0.00028811666230238046,0.9998608827590942,0.1875
no-language,sample-0070.npz,6,proprio,1.7535104395801815e-06,1.0,0.25
no-language,sample-0070.npz,6,text,4.184462612170756e-08,1.0000017881393433,4.0
no-language,sample-0070.npz,6,action_readout,6.231585700152724e-05,0.999961793422699,0.171875
no-language,sample-0070.npz,7,image_main,0.00014810258171927586,0.9999258518218994,0.25
no-language,sample-0070.npz,7,image_wrist,0.0002981226642026589,0.9998564720153809,0.1875
no-language,sample-0070.npz,7,proprio,2.117876949595174e-06,0.9999999403953552,0.25
no-language,sample-0070.npz,7,text,4.249426976036885e-08,1.0000017881393433,4.0
no-language,sample-0070.npz,7,action_readout,7.581766577813652e-05,0.9999529719352722,0.203125
no-language,sample-0070.npz,8,image_main,0.00015060412004291673,0.9999242424964905,0.25
no-language,sample-0070.npz,8,image_wrist,0.0003102582474829236,0.9998489618301392,0.25
no-language,sample-0070.npz,8,proprio,2.7120148417710414e-06,0.9999997615814209,0.25
no-language,sample-0070.npz,8,text,4.336849745946702e-08,1.000001311302185,4.0
no-language,sample-0070.npz,8,action_readout,9.14117072161611e-05,0.999944269657135,0.1875
no-language,sample-0070.npz,9,image_main,0.00015277459485289527,0.9999231100082397,0.25
no-language,sample-0070.npz,9,image_wrist,0.00033038824562046405,0.9998396635055542,0.234375
no-language,sample-0070.npz,9,proprio,2.971345481540981e-06,0.999999463558197,0.25
no-language,sample-0070.npz,9,text,4.414290953348237e-08,1.0000016689300537,4.0
no-language,sample-0070.npz,9,action_readout,0.00010546031974405108,0.9999353289604187,0.25
no-language,sample-0070.npz,10,image_main,0.00015692344828027092,0.9999218583106995,0.25
no-language,sample-0070.npz,10,image_wrist,0.00034946281598969523,0.9998291730880737,0.203125
no-language,sample-0070.npz,10,proprio,3.3836619247349e-06,0.9999992847442627,0.25
no-language,sample-0070.npz,10,text,4.57546769512009e-08,1.0000025033950806,4.0
no-language,sample-0070.npz,10,action_readout,0.00011381798438545158,0.9999318718910217,0.25
no-language,sample-0070.npz,11,image_main,0.00016263689711233222,0.9999188184738159,0.25
no-language,sample-0070.npz,11,image_wrist,0.00036040617840246605,0.999822735786438,0.1875
no-language,sample-0070.npz,11,proprio,3.8885092640520255e-06,0.9999986886978149,0.25
no-language,sample-0070.npz,11,text,4.808985174186784e-08,1.000002384185791,4.0
no-language,sample-0070.npz,11,action_readout,0.00012175877133391661,0.9999277591705322,0.1875
no-language,sample-0070.npz,12,image_main,0.00016888415971538824,0.9999157190322876,0.25
no-language,sample-0070.npz,12,image_wrist,0.0003893240619700534,0.999807596206665,0.25
no-language,sample-0070.npz,12,proprio,4.1487093806400955e-06,0.9999988675117493,0.25
no-language,sample-0070.npz,12,text,4.941204843080608e-08,1.0000026226043701,4.0
no-language,sample-0070.npz,12,action_readout,0.0001460122852359185,0.999916136264801,0.1875
no-language,sample-0070.npz,13,image_main,0.00017181976008215529,0.9999144077301025,0.25
no-language,sample-0070.npz,13,image_wrist,0.0004084745021576362,0.9997984766960144,0.25
no-language,sample-0070.npz,13,proprio,4.461108315039984e-06,0.9999988675117493,0.25
no-language,sample-0070.npz,13,text,5.1733167753639407e-08,1.0000028610229492,4.0
no-language,sample-0070.npz,13,action_readout,0.00016418724273906232,0.9999077320098877,0.25
no-language,sample-0070.npz,14,image_main,0.00018626299083704718,0.999907374382019,0.25
no-language,sample-0070.npz,14,image_wrist,0.00045140801622764096,0.99977707862854,0.25
no-language,sample-0070.npz,14,proprio,5.194893044581469e-06,0.9999983906745911,0.3125
no-language,sample-0070.npz,14,text,5.51407464317446e-08,1.0000028610229492,4.0
no-language,sample-0070.npz,14,action_readout,0.00017871579617711355,0.9998953342437744,0.25
no-language,sample-0070.npz,15,image_main,0.00020050836860435335,0.9999006390571594,0.25
no-language,sample-0070.npz,15,image_wrist,0.00048561774110778526,0.9997594356536865,0.25
no-language,sample-0070.npz,15,proprio,6.170652857086479e-06,0.9999979734420776,0.5
no-language,sample-0070.npz,15,text,6.049832038439012e-08,1.0000033378601074,4.0
no-language,sample-0070.npz,15,action_readout,0.0002115748446948927,0.9998786449432373,0.21875
no-language,sample-0070.npz,16,image_main,0.0002098532504660266,0.999894917011261,0.25
no-language,sample-0070.npz,16,image_wrist,0.0005122668375124761,0.9997462034225464,0.375
no-language,sample-0070.npz,16,proprio,6.837395279543341e-06,0.999997615814209,0.5
no-language,sample-0070.npz,16,text,6.546768334307032e-08,1.0000030994415283,4.0
no-language,sample-0070.npz,16,action_readout,0.00024672653000954803,0.9998605251312256,0.21875
no-language,sample-0070.npz,17,image_main,0.00023345604692783753,0.999883234500885,0.25
no-language,sample-0070.npz,17,image_wrist,0.0005696605188414398,0.9997180700302124,0.375
no-language,sample-0070.npz,17,proprio,7.759660674053316e-06,0.999997079372406,0.5
no-language,sample-0070.npz,17,text,7.306120332035947e-08,1.0000030994415283,4.0
no-language,sample-0070.npz,17,action_readout,0.00028363611781940504,0.9998424649238586,0.21875
no-language,sample-0070.npz,18,image_main,0.0002560899636896428,0.9998729228973389,0.25
no-language,sample-0070.npz,18,image_wrist,0.0006181880518192609,0.9996935129165649,0.375
no-language,sample-0070.npz,18,proprio,8.74110283283612e-06,0.9999966621398926,0.5
no-language,sample-0070.npz,18,text,8.24608480754215e-08,1.0000038146972656,4.0
no-language,sample-0070.npz,18,action_readout,0.0003342859932019946,0.9998191595077515,0.25
no-language,sample-0070.npz,19,image_main,0.00028853609273751845,0.9998564124107361,0.3125
no-language,sample-0070.npz,19,image_wrist,0.000688349790026908,0.999659538269043,0.375
no-language,sample-0070.npz,19,proprio,9.904246980841632e-06,0.9999960660934448,0.5
no-language,sample-0070.npz,19,text,9.597451584140214e-08,1.0000041723251343,4.0
no-language,sample-0070.npz,19,action_readout,0.0003847698922455875,0.9997954368591309,0.25
no-language,sample-0070.npz,20,image_main,0.00032135021601625055,0.999840259552002,0.34375
no-language,sample-0070.npz,20,image_wrist,0.0007521611461881298,0.9996283054351807,0.5
no-language,sample-0070.npz,20,proprio,1.0819039568152632e-05,0.9999954700469971,0.5
no-language,sample-0070.npz,20,text,1.1537698105195967e-07,1.0000046491622925,4.0
no-language,sample-0070.npz,20,action_readout,0.0004359377102997999,0.9997738599777222,0.28125
no-language,sample-0070.npz,21,image_main,0.00035891150414193204,0.9998233318328857,0.3125
no-language,sample-0070.npz,21,image_wrist,0.0008253727235887179,0.9995921850204468,0.5
no-language,sample-0070.npz,21,proprio,1.1872101930563717e-05,0.9999951124191284,0.5
no-language,sample-0070.npz,21,text,1.3668779384501e-07,1.000004768371582,4.0
no-language,sample-0070.npz,21,action_readout,0.000499191530045306,0.999744713306427,0.34375
no-language,sample-0070.npz,22,image_main,0.0003859205572676766,0.9998090863227844,0.25
no-language,sample-0070.npz,22,image_wrist,0.0008646356906901844,0.9995706081390381,0.5625
no-language,sample-0070.npz,22,proprio,1.4636220479539838e-05,0.9999937415122986,1.0
no-language,sample-0070.npz,22,text,1.7143161135198546e-07,1.0000063180923462,4.0
no-language,sample-0070.npz,22,action_readout,0.0005485633685171343,0.9997140169143677,0.78125
no-language,sample-0070.npz,23,image_main,0.0004236594063888164,0.999789834022522,0.2578125
no-language,sample-0070.npz,23,image_wrist,0.0009579414274511637,0.999522864818573,0.59375
no-language,sample-0070.npz,23,proprio,1.598683732662132e-05,0.9999929070472717,1.0
no-language,sample-0070.npz,23,text,2.0710128969800993e-07,1.0000066757202148,4.0
no-language,sample-0070.npz,23,action_readout,0.0006296161751637192,0.9996719360351562,0.859375
no-language,sample-0070.npz,24,image_main,0.00041809233219633533,0.9997917413711548,0.5
no-language,sample-0070.npz,24,image_wrist,0.0009347699264909307,0.999534010887146,0.625
no-language,sample-0070.npz,24,proprio,1.901473935418143e-05,0.9999915361404419,1.5
no-language,sample-0070.npz,24,text,2.480957336831342e-07,1.0000077486038208,4.0
no-language,sample-0070.npz,24,action_readout,0.0006293053523816936,0.99966961145401,0.875
no-language,sample-0070.npz,25,image_main,0.0004392478571219776,0.9997803568840027,0.5
no-language,sample-0070.npz,25,image_wrist,0.000985497599393288,0.9995083212852478,0.75
no-language,sample-0070.npz,25,proprio,2.0489516354803143e-05,0.999990701675415,1.5
no-language,sample-0070.npz,25,text,2.920743276823395e-07,1.0000085830688477,4.0
no-language,sample-0070.npz,25,action_readout,0.0006715002869556189,0.9996482729911804,1.0
no-language,sample-0070.npz,26,image_main,0.00040087017870209,0.9997968673706055,0.5
no-language,sample-0070.npz,26,image_wrist,0.0009290184190670712,0.9995347857475281,1.0
no-language,sample-0070.npz,26,proprio,2.281316754051478e-05,0.99998939037323,1.5
no-language,sample-0070.npz,26,text,3.349431565752663e-07,1.0000090599060059,4.0
no-language,sample-0070.npz,26,action_readout,0.0006298727963509318,0.9996700882911682,1.0
no-language,sample-0070.npz,27,image_main,0.0004090751917133246,0.9997931718826294,0.625
no-language,sample-0070.npz,27,image_wrist,0.0009138763769559044,0.9995440244674683,1.5
no-language,sample-0070.npz,27,proprio,2.468541905390588e-05,0.999988853931427,1.5
no-language,sample-0070.npz,27,text,3.954079065521082e-07,1.0000098943710327,4.0
no-language,sample-0070.npz,27,action_readout,0.0006286930525990345,0.9996707439422607,0.75
no-language,sample-0070.npz,28,image_main,0.0004185187988208438,0.9997884631156921,0.75
no-language,sample-0070.npz,28,image_wrist,0.0009571513452712223,0.9995226263999939,1.5
no-language,sample-0070.npz,28,proprio,2.6705178051262993e-05,0.9999875426292419,1.5
no-language,sample-0070.npz,28,text,4.549899921279929e-07,1.0000091791152954,4.0
no-language,sample-0070.npz,28,action_readout,0.0006332042591940675,0.999671459197998,1.0
no-language,sample-0070.npz,29,image_main,0.00039704734282624486,0.9998005628585815,0.75
no-language,sample-0070.npz,29,image_wrist,0.0009138943458447416,0.9995445013046265,1.5
no-language,sample-0070.npz,29,proprio,2.967150868398011e-05,0.9999864101409912,1.5
no-language,sample-0070.npz,29,text,5.717183822524104e-07,1.0000098943710327,4.0
no-language,sample-0070.npz,29,action_readout,0.0005726109304235507,0.9997038841247559,1.0
no-language,sample-0070.npz,30,image_main,0.00031735346793167077,0.9998409748077393,1.0
no-language,sample-0070.npz,30,image_wrist,0.0007477397266818641,0.9996274709701538,1.5
no-language,sample-0070.npz,30,proprio,3.5099044616862726e-05,0.9999836087226868,2.0
no-language,sample-0070.npz,30,text,6.615127181697284e-07,1.0000064373016357,4.0
no-language,sample-0070.npz,30,action_readout,0.0004201607013517312,0.9997754693031311,1.5
no-language,sample-0070.npz,31,image_main,0.00016943295988976613,0.9999157190322876,8.0
no-language,sample-0070.npz,31,image_wrist,0.00039587594101272224,0.9998031258583069,6.0
no-language,sample-0070.npz,31,proprio,3.6731023919063925e-05,0.9999829530715942,2.0
no-language,sample-0070.npz,31,text,7.668221033994372e-07,1.0000051259994507,4.0
no-language,sample-0070.npz,31,action_readout,0.0002433908343839764,0.9998624324798584,3.0
no-language,sample-0071.npz,0,image_main,0.0003062784355074389,0.9998547434806824,0.125
no-language,sample-0071.npz,0,image_wrist,0.00028499647375590677,0.9998608231544495,0.09375
no-language,sample-0071.npz,0,proprio,1.1414672910804223e-09,1.000001072883606,0.03125
no-language,sample-0071.npz,0,text,4.637811851479329e-06,0.9999958276748657,0.0078125
no-language,sample-0071.npz,0,action_readout,2.399661745750941e-05,0.9999914765357971,0.0078125
no-language,sample-0071.npz,1,image_main,0.0002772808752123723,0.9998670816421509,0.125
no-language,sample-0071.npz,1,image_wrist,0.00026278126481760536,0.9998718500137329,0.125
no-language,sample-0071.npz,1,proprio,1.5426000667451635e-09,0.9999998807907104,0.125
no-language,sample-0071.npz,1,text,8.758325698599169e-10,1.0000008344650269,0.25
no-language,sample-0071.npz,1,action_readout,3.3298020809895025e-05,0.9999738335609436,0.03125
no-language,sample-0071.npz,2,image_main,0.000240805826439587,0.9998828172683716,0.1875
no-language,sample-0071.npz,2,image_wrist,0.00024225525411043078,0.9998802542686462,0.125
no-language,sample-0071.npz,2,proprio,6.223013170799296e-09,0.9999998807907104,0.25
no-language,sample-0071.npz,2,text,1.0984619815888434e-09,1.0000011920928955,0.25
no-language,sample-0071.npz,2,action_readout,3.1144652308675844e-05,0.9999739527702332,0.0625
no-language,sample-0071.npz,3,image_main,0.00023270891971934475,0.9998862743377686,0.25
no-language,sample-0071.npz,3,image_wrist,0.00024257412040937573,0.9998807311058044,0.125
no-language,sample-0071.npz,3,proprio,9.839580234962275e-09,0.9999998807907104,0.25
no-language,sample-0071.npz,3,text,1.3940996574812134e-09,1.0000008344650269,0.25
no-language,sample-0071.npz,3,action_readout,3.364579210635537e-05,0.9999731779098511,0.0625
no-language,sample-0071.npz,4,image_main,0.0002242494384133766,0.9998906850814819,0.3125
no-language,sample-0071.npz,4,image_wrist,0.00024211322090262488,0.9998810887336731,0.125
no-language,sample-0071.npz,4,proprio,1.3260407697563417e-08,0.9999997615814209,0.25
no-language,sample-0071.npz,4,text,1.8290614510827444e-09,1.0000007152557373,0.25
no-language,sample-0071.npz,4,action_readout,3.377221803383596e-05,0.9999744892120361,0.125
no-language,sample-0071.npz,5,image_main,0.00022152408351971007,0.9998915195465088,0.3125
no-language,sample-0071.npz,5,image_wrist,0.00024121803630981986,0.9998814463615417,0.25
no-language,sample-0071.npz,5,proprio,1.5422056379606685e-08,1.0000001192092896,0.25
no-language,sample-0071.npz,5,text,2.1479062442401296e-09,1.0000009536743164,0.25
no-language,sample-0071.npz,5,action_readout,3.563351748420159e-05,0.9999740719795227,0.1875
no-language,sample-0071.npz,6,image_main,0.00022069517684948154,0.9998923540115356,0.375
no-language,sample-0071.npz,6,image_wrist,0.00024388118068211325,0.9998806715011597,0.25
no-language,sample-0071.npz,6,proprio,2.1219341473283592e-08,0.9999991655349731,0.25
no-language,sample-0071.npz,6,text,2.472228562202168e-09,1.0000005960464478,0.25
no-language,sample-0071.npz,6,action_readout,3.897508260895896e-05,0.9999723434448242,0.1875
no-language,sample-0071.npz,7,image_main,0.0002210017860948206,0.999891996383667,0.3125
no-language,sample-0071.npz,7,image_wrist,0.0002610109516035123,0.9998719692230225,0.375
no-language,sample-0071.npz,7,proprio,2.8820487109483074e-08,0.9999998211860657,0.25
no-language,sample-0071.npz,7,text,2.9425650637938114e-09,1.0000007152557373,0.25
no-language,sample-0071.npz,7,action_readout,5.8471291589600043e-05,0.9999610185623169,0.1875
no-language,sample-0071.npz,8,image_main,0.00022252424765156572,0.9998914003372192,0.25
no-language,sample-0071.npz,8,image_wrist,0.000267674939173866,0.9998687505722046,0.375
no-language,sample-0071.npz,8,proprio,3.494105969298573e-08,0.9999997615814209,0.25
no-language,sample-0071.npz,8,text,3.6788595810258856e-09,1.0000005960464478,0.25
no-language,sample-0071.npz,8,action_readout,6.480516148198253e-05,0.9999594688415527,0.25
no-language,sample-0071.npz,9,image_main,0.00022643428716719575,0.9998899698257446,0.3125
no-language,sample-0071.npz,9,image_wrist,0.00027717737484267527,0.9998634457588196,0.375
no-language,sample-0071.npz,9,proprio,3.9077786528980326e-08,0.9999997615814209,0.25
no-language,sample-0071.npz,9,text,4.504433587250633e-09,1.0000005960464478,0.25
no-language,sample-0071.npz,9,action_readout,7.560894586548767e-05,0.9999541640281677,0.25
no-language,sample-0071.npz,10,image_main,0.00023322295720783014,0.9998855590820312,0.34375
no-language,sample-0071.npz,10,image_wrist,0.0002850866476300499,0.9998594522476196,0.25
no-language,sample-0071.npz,10,proprio,4.358195346037125e-08,0.9999996423721313,0.25
no-language,sample-0071.npz,10,text,5.525431156415375e-09,1.0000004768371582,0.25
no-language,sample-0071.npz,10,action_readout,8.53828843783536e-05,0.9999446868896484,0.25
no-language,sample-0071.npz,11,image_main,0.00023801726556886243,0.9998834133148193,0.3125
no-language,sample-0071.npz,11,image_wrist,0.0003006911610269656,0.9998512268066406,0.3125
no-language,sample-0071.npz,11,proprio,4.990432621272717e-08,0.9999997615814209,0.25
no-language,sample-0071.npz,11,text,6.918190264377547e-09,1.0000011920928955,0.25
no-language,sample-0071.npz,11,action_readout,0.00010447353976042222,0.9999346733093262,0.25
no-language,sample-0071.npz,12,image_main,0.0002487865058567677,0.9998785853385925,0.3125
no-language,sample-0071.npz,12,image_wrist,0.0003219635512340803,0.999841034412384,0.3125
no-language,sample-0071.npz,12,proprio,5.8595111351986065e-08,0.9999999403953552,0.25
no-language,sample-0071.npz,12,text,8.918432033365724e-09,1.000001311302185,0.25
no-language,sample-0071.npz,12,action_readout,0.000132374143838293,0.9999178647994995,0.25
no-language,sample-0071.npz,13,image_main,0.00025156486681095425,0.9998769164085388,0.3125
no-language,sample-0071.npz,13,image_wrist,0.0003298226312643853,0.9998372793197632,0.3125
no-language,sample-0071.npz,13,proprio,6.78969486938164e-08,0.9999992847442627,0.25
no-language,sample-0071.npz,13,text,1.093898734542953e-08,1.000001072883606,0.25
no-language,sample-0071.npz,13,action_readout,0.00013870961965318888,0.9999135136604309,0.25
no-language,sample-0071.npz,14,image_main,0.00027379151918877553,0.9998648166656494,0.328125
no-language,sample-0071.npz,14,image_wrist,0.00036351910665588386,0.9998205900192261,0.3125
no-language,sample-0071.npz,14,proprio,7.928398820546347e-08,0.9999998211860657,0.25
no-language,sample-0071.npz,14,text,1.4385414324945473e-08,1.0000007152557373,0.25
no-language,sample-0071.npz,14,action_readout,0.00017803154711994718,0.9998980164527893,0.25
no-language,sample-0071.npz,15,image_main,0.00029519528744990806,0.9998550415039062,0.3125
no-language,sample-0071.npz,15,image_wrist,0.00038957349876153993,0.9998072385787964,0.3125
no-language,sample-0071.npz,15,proprio,8.939008685823598e-08,0.9999997615814209,0.25
no-language,sample-0071.npz,15,text,1.9301430418369488e-08,1.0000015497207642,0.25
no-language,sample-0071.npz,15,action_readout,0.00021610839267682756,0.999882161617279,0.3125
no-language,sample-0071.npz,16,image_main,0.0003121448755485611,0.9998453259468079,0.375
no-language,sample-0071.npz,16,image_wrist,0.0004110663944821241,0.9997962117195129,0.25
no-language,sample-0071.npz,16,proprio,1.0395397469402258e-07,0.9999994039535522,0.3125
no-language,sample-0071.npz,16,text,2.5434666423831747e-08,1.0000011920928955,0.25
no-language,sample-0071.npz,16,action_readout,0.0002516061470633024,0.9998615384101868,0.3125
no-language,sample-0071.npz,17,image_main,0.000348210977888363,0.99982750415802,0.375
no-language,sample-0071.npz,17,image_wrist,0.00045798147889031113,0.9997732043266296,0.3125
no-language,sample-0071.npz,17,proprio,1.1592544102910395e-07,0.9999994039535522,0.375
no-language,sample-0071.npz,17,text,3.398156594464464e-08,1.000002145767212,0.25
no-language,sample-0071.npz,17,action_readout,0.0003042083720026076,0.999832808971405,0.375
no-language,sample-0071.npz,18,image_main,0.00037019933622083496,0.9998171329498291,0.375
no-language,sample-0071.npz,18,image_wrist,0.00048085339089144703,0.9997619390487671,0.375
no-language,sample-0071.npz,18,proprio,1.3650661779633366e-07,1.0,0.375
no-language,sample-0071.npz,18,text,4.3634425717390967e-08,1.0000015497207642,0.25
no-language,sample-0071.npz,18,action_readout,0.00035047268339537935,0.9998092651367188,0.4375
no-language,sample-0071.npz,19,image_main,0.00040527010471829583,0.9997996091842651,0.375
no-language,sample-0071.npz,19,image_wrist,0.0005315914929402331,0.9997380971908569,0.375
no-language,sample-0071.npz,19,proprio,1.568111319904076e-07,0.9999998807907104,0.4375
no-language,sample-0071.npz,19,text,5.5918511392679226e-08,1.000002145767212,0.25
no-language,sample-0071.npz,19,action_readout,0.00040741340017547514,0.9997811317443848,0.4375
no-language,sample-0071.npz,20,image_main,0.0004325341926412586,0.9997865557670593,0.5
no-language,sample-0071.npz,20,image_wrist,0.0005735289507538707,0.9997178316116333,0.375
no-language,sample-0071.npz,20,proprio,1.758026851321911e-07,0.9999997615814209,0.4375
no-language,sample-0071.npz,20,text,7.291315139488702e-08,1.0000019073486328,0.3125
no-language,sample-0071.npz,20,action_readout,0.0004763756592362621,0.9997472763061523,0.5
no-language,sample-0071.npz,21,image_main,0.00046431686056728317,0.99977046251297,0.5
no-language,sample-0071.npz,21,image_wrist,0.0006221227409430042,0.9996923208236694,0.375
no-language,sample-0071.npz,21,proprio,2.034864017201775e-07,0.9999997615814209,0.5
no-language,sample-0071.npz,21,text,9.350157282412265e-08,1.000002145767212,0.25
no-language,sample-0071.npz,21,action_readout,0.0005343650728232138,0.9997206330299377,0.5
no-language,sample-0071.npz,22,image_main,0.0005178171839938386,0.9997435808181763,0.53125
no-language,sample-0071.npz,22,image_wrist,0.0007054690268299256,0.9996504783630371,0.5
no-language,sample-0071.npz,22,proprio,2.3328236673237697e-07,0.9999992251396179,0.5
no-language,sample-0071.npz,22,text,1.2892878417873852e-07,1.0000026226043701,0.5
no-language,sample-0071.npz,22,action_readout,0.0006306579022136148,0.9996777176856995,0.6796875
no-language,sample-0071.npz,23,image_main,0.000571547546713068,0.9997166991233826,0.625
no-language,sample-0071.npz,23,image_wrist,0.0007801621643033081,0.9996124505996704,0.5
no-language,sample-0071.npz,23,proprio,2.6026857553247483e-07,0.9999997615814209,0.5
no-language,sample-0071.npz,23,text,1.640556494767798e-07,1.0000028610229492,0.625
no-language,sample-0071.npz,23,action_readout,0.0007342712155458942,0.999626100063324,0.6875
no-language,sample-0071.npz,24,image_main,0.0005727219651967866,0.9997150301933289,0.6875
no-language,sample-0071.npz,24,image_wrist,0.0008028363270958864,0.9996013045310974,0.75
no-language,sample-0071.npz,24,proprio,2.915267802853594e-07,0.9999995231628418,0.5
no-language,sample-0071.npz,24,text,2.079304646427384e-07,1.0000028610229492,0.625
no-language,sample-0071.npz,24,action_readout,0.0007935227367975379,0.9995894432067871,1.0
no-language,sample-0071.npz,25,image_main,0.000612295075540397,0.9996955990791321,0.875
no-language,sample-0071.npz,25,image_wrist,0.0008607834325411672,0.9995728731155396,0.75
no-language,sample-0071.npz,25,proprio,3.237712338765147e-07,0.9999994039535522,0.5
no-language,sample-0071.npz,25,text,2.5704459996094626e-07,1.000003457069397,0.625
no-language,sample-0071.npz,25,action_readout,0.0008586924557539937,0.9995538592338562,1.125
no-language,sample-0071.npz,26,image_main,0.0005854878080003504,0.9997072815895081,1.0
no-language,sample-0071.npz,26,image_wrist,0.000837280537244238,0.9995823502540588,1.0
no-language,sample-0071.npz,26,proprio,3.579202159759903e-07,0.9999992847442627,0.5
no-language,sample-0071.npz,26,text,3.0121628601194133e-07,1.0000033378601074,0.75
no-language,sample-0071.npz,26,action_readout,0.0008532871606292744,0.9995574951171875,1.25
no-language,sample-0071.npz,27,image_main,0.0005972677646868512,0.9996998310089111,1.0
no-language,sample-0071.npz,27,image_wrist,0.000924541583882356,0.9995395541191101,1.0
no-language,sample-0071.npz,27,proprio,4.1119404032912816e-07,0.9999997615814209,0.5
no-language,sample-0071.npz,27,text,3.659605064886021e-07,1.0000040531158447,0.5
no-language,sample-0071.npz,27,action_readout,0.0007124254104724637,0.9996306896209717,1.5
no-language,sample-0071.npz,28,image_main,0.0006000040595400439,0.9996986985206604,1.0
no-language,sample-0071.npz,28,image_wrist,0.000947590476672693,0.9995280504226685,1.0
no-language,sample-0071.npz,28,proprio,4.54040284498647e-07,0.9999995231628418,0.5
no-language,sample-0071.npz,28,text,4.1791494539894654e-07,1.0000042915344238,0.5
no-language,sample-0071.npz,28,action_readout,0.0007114440228163252,0.999632716178894,1.5
no-language,sample-0071.npz,29,image_main,0.0005716654338665495,0.9997144937515259,1.0
no-language,sample-0071.npz,29,image_wrist,0.0008861086427239554,0.9995594024658203,1.0
no-language,sample-0071.npz,29,proprio,4.999979196674035e-07,0.9999995231628418,0.5
no-language,sample-0071.npz,29,text,4.933762302991339e-07,1.0000033378601074,1.0
no-language,sample-0071.npz,29,action_readout,0.0005777709732265564,0.9997026920318604,1.5
no-language,sample-0071.npz,30,image_main,0.00045873757833812763,0.9997698664665222,1.5
no-language,sample-0071.npz,30,image_wrist,0.0007447278402137642,0.999628484249115,1.5
no-language,sample-0071.npz,30,proprio,5.649314335532846e-07,0.9999997615814209,0.5
no-language,sample-0071.npz,30,text,5.918754971383951e-07,1.0000038146972656,1.0
no-language,sample-0071.npz,30,action_readout,0.0004044595695113559,0.9997827410697937,1.5
no-language,sample-0071.npz,31,image_main,0.0003345549453942261,0.999834418296814,14.0
no-language,sample-0071.npz,31,image_wrist,0.0020738477638971736,0.999077320098877,52.0
no-language,sample-0071.npz,31,proprio,5.992917397851313e-07,0.9999995231628418,0.5
no-language,sample-0071.npz,31,text,3.931541814846146e-06,1.0000016689300537,34.0
no-language,sample-0071.npz,31,action_readout,0.0002721574853221075,0.9998511672019958,3.0
no-language-oracle,sample-0064.npz,0,image_main,0.0,0.9999995231628418,0.0
no-language-oracle,sample-0064.npz,0,image_wrist,0.0,1.0000014305114746,0.0
no-language-oracle,sample-0064.npz,0,proprio,0.0,1.0000004768371582,0.0
no-language-oracle,sample-0064.npz,0,text,0.0,0.9999984502792358,0.0
no-language-oracle,sample-0064.npz,0,action_readout,0.0,1.0000088214874268,0.0
no-language-oracle,sample-0064.npz,1,image_main,0.0,0.9999995827674866,0.0
no-language-oracle,sample-0064.npz,1,image_wrist,0.0,1.0000016689300537,0.0
no-language-oracle,sample-0064.npz,1,proprio,0.0,1.0000007152557373,0.0
no-language-oracle,sample-0064.npz,1,text,0.0,1.0000008344650269,0.0
no-language-oracle,sample-0064.npz,1,action_readout,0.0,0.9999904632568359,0.0
no-language-oracle,sample-0064.npz,2,image_main,0.0,0.9999991655349731,0.0
no-language-oracle,sample-0064.npz,2,image_wrist,0.0,0.999998927116394,0.0
no-language-oracle,sample-0064.npz,2,proprio,0.0,1.0000005960464478,0.0
no-language-oracle,sample-0064.npz,2,text,0.0,1.000001072883606,0.0
no-language-oracle,sample-0064.npz,2,action_readout,0.0,0.9999859929084778,0.0
no-language-oracle,sample-0064.npz,3,image_main,0.0,0.999998927116394,0.0
no-language-oracle,sample-0064.npz,3,image_wrist,0.0,0.9999992251396179,0.0
no-language-oracle,sample-0064.npz,3,proprio,0.0,1.0000007152557373,0.0
no-language-oracle,sample-0064.npz,3,text,0.0,1.0000009536743164,0.0
no-language-oracle,sample-0064.npz,3,action_readout,0.0,0.9999850988388062,0.0
no-language-oracle,sample-0064.npz,4,image_main,0.0,0.9999992847442627,0.0
no-language-oracle,sample-0064.npz,4,image_wrist,0.0,0.9999994039535522,0.0
no-language-oracle,sample-0064.npz,4,proprio,0.0,1.0000004768371582,0.0
no-language-oracle,sample-0064.npz,4,text,0.0,1.0000007152557373,0.0
no-language-oracle,sample-0064.npz,4,action_readout,0.0,0.9999852180480957,0.0
no-language-oracle,sample-0064.npz,5,image_main,0.0,0.9999995231628418,0.0
no-language-oracle,sample-0064.npz,5,image_wrist,0.0,0.9999999403953552,0.0
no-language-oracle,sample-0064.npz,5,proprio,0.0,1.0000005960464478,0.0
no-language-oracle,sample-0064.npz,5,text,0.0,1.0000009536743164,0.0
no-language-oracle,sample-0064.npz,5,action_readout,0.0,0.9999841451644897,0.0
no-language-oracle,sample-0064.npz,6,image_main,0.0,0.9999996423721313,0.0
no-language-oracle,sample-0064.npz,6,image_wrist,0.0,0.9999996423721313,0.0
no-language-oracle,sample-0064.npz,6,proprio,0.0,1.0000005960464478,0.0
no-language-oracle,sample-0064.npz,6,text,0.0,1.0000011920928955,0.0
no-language-oracle,sample-0064.npz,6,action_readout,0.0,0.999984622001648,0.0
no-language-oracle,sample-0064.npz,7,image_main,0.0,0.9999991655349731,0.0
no-language-oracle,sample-0064.npz,7,image_wrist,0.0,1.0,0.0
no-language-oracle,sample-0064.npz,7,proprio,0.0,1.0000004768371582,0.0
no-language-oracle,sample-0064.npz,7,text,0.0,1.000001311302185,0.0
no-language-oracle,sample-0064.npz,7,action_readout,0.0,0.9999860525131226,0.0
no-language-oracle,sample-0064.npz,8,image_main,0.0,0.9999992847442627,0.0
no-language-oracle,sample-0064.npz,8,image_wrist,0.0,1.0000005960464478,0.0
no-language-oracle,sample-0064.npz,8,proprio,0.0,1.0000004768371582,0.0
no-language-oracle,sample-0064.npz,8,text,0.0,1.0000011920928955,0.0
no-language-oracle,sample-0064.npz,8,action_readout,0.0,0.9999858140945435,0.0
no-language-oracle,sample-0064.npz,9,image_main,0.0,0.9999993443489075,0.0
no-language-oracle,sample-0064.npz,9,image_wrist,0.0,1.0000007152557373,0.0
no-language-oracle,sample-0064.npz,9,proprio,0.0,1.0000007152557373,0.0
no-language-oracle,sample-0064.npz,9,text,0.0,1.000001311302185,0.0
no-language-oracle,sample-0064.npz,9,action_readout,0.0,0.9999867677688599,0.0
no-language-oracle,sample-0064.npz,10,image_main,0.0,0.9999992847442627,0.0
no-language-oracle,sample-0064.npz,10,image_wrist,0.0,1.0000014305114746,0.0
no-language-oracle,sample-0064.npz,10,proprio,0.0,1.0000003576278687,0.0
no-language-oracle,sample-0064.npz,10,text,0.0,1.0000015497207642,0.0
no-language-oracle,sample-0064.npz,10,action_readout,0.0,0.9999886751174927,0.0
no-language-oracle,sample-0064.npz,11,image_main,0.0,0.9999985694885254,0.0
no-language-oracle,sample-0064.npz,11,image_wrist,0.0,1.000002145767212,0.0
no-language-oracle,sample-0064.npz,11,proprio,0.0,1.0000005960464478,0.0
no-language-oracle,sample-0064.npz,11,text,0.0,1.0000008344650269,0.0
no-language-oracle,sample-0064.npz,11,action_readout,0.0,0.9999889135360718,0.0
no-language-oracle,sample-0064.npz,12,image_main,0.0,1.000000238418579,0.0
no-language-oracle,sample-0064.npz,12,image_wrist,0.0,1.0000026226043701,0.0
no-language-oracle,sample-0064.npz,12,proprio,0.0,1.0000007152557373,0.0
no-language-oracle,sample-0064.npz,12,text,0.0,1.0000011920928955,0.0
no-language-oracle,sample-0064.npz,12,action_readout,0.0,0.9999879598617554,0.0
no-language-oracle,sample-0064.npz,13,image_main,0.0,0.9999998211860657,0.0
no-language-oracle,sample-0064.npz,13,image_wrist,0.0,1.0000017881393433,0.0
no-language-oracle,sample-0064.npz,13,proprio,0.0,1.0000007152557373,0.0
no-language-oracle,sample-0064.npz,13,text,0.0,1.0000014305114746,0.0
no-language-oracle,sample-0064.npz,13,action_readout,0.0,0.9999892711639404,0.0
no-language-oracle,sample-0064.npz,14,image_main,0.0,0.9999996423721313,0.0
no-language-oracle,sample-0064.npz,14,image_wrist,0.0,1.000003695487976,0.0
no-language-oracle,sample-0064.npz,14,proprio,0.0,1.0000004768371582,0.0
no-language-oracle,sample-0064.npz,14,text,0.0,1.0000020265579224,0.0
no-language-oracle,sample-0064.npz,14,action_readout,0.0,0.9999852180480957,0.0
no-language-oracle,sample-0064.npz,15,image_main,0.0,1.000000238418579,0.0
no-language-oracle,sample-0064.npz,15,image_wrist,0.0,1.000003695487976,0.0
no-language-oracle,sample-0064.npz,15,proprio,0.0,1.0000007152557373,0.0
no-language-oracle,sample-0064.npz,15,text,0.0,1.0000020265579224,0.0
no-language-oracle,sample-0064.npz,15,action_readout,0.0,0.9999828934669495,0.0
no-language-oracle,sample-0064.npz,16,image_main,0.0,0.9999997019767761,0.0
no-language-oracle,sample-0064.npz,16,image_wrist,0.0,1.0000038146972656,0.0
no-language-oracle,sample-0064.npz,16,proprio,0.0,1.0000005960464478,0.0
no-language-oracle,sample-0064.npz,16,text,0.0,1.000002145767212,0.0
no-language-oracle,sample-0064.npz,16,action_readout,0.0,0.999983549118042,0.0
no-language-oracle,sample-0064.npz,17,image_main,0.0,0.9999995827674866,0.0
no-language-oracle,sample-0064.npz,17,image_wrist,0.0,1.0000040531158447,0.0
no-language-oracle,sample-0064.npz,17,proprio,0.0,1.0000007152557373,0.0
no-language-oracle,sample-0064.npz,17,text,0.0,1.0000027418136597,0.0
no-language-oracle,sample-0064.npz,17,action_readout,0.0,0.9999909400939941,0.0
no-language-oracle,sample-0064.npz,18,image_main,0.0,0.9999997615814209,0.0
no-language-oracle,sample-0064.npz,18,image_wrist,0.0,1.000003457069397,0.0
no-language-oracle,sample-0064.npz,18,proprio,0.0,1.0000007152557373,0.0
no-language-oracle,sample-0064.npz,18,text,0.0,1.0000028610229492,0.0
no-language-oracle,sample-0064.npz,18,action_readout,0.0,0.999993085861206,0.0
no-language-oracle,sample-0064.npz,19,image_main,0.0,1.0000003576278687,0.0
no-language-oracle,sample-0064.npz,19,image_wrist,0.0,1.0000040531158447,0.0
no-language-oracle,sample-0064.npz,19,proprio,0.0,1.0000007152557373,0.0
no-language-oracle,sample-0064.npz,19,text,0.0,1.000003457069397,0.0
no-language-oracle,sample-0064.npz,19,action_readout,0.0,0.9999943971633911,0.0
no-language-oracle,sample-0064.npz,20,image_main,0.0,1.0000008344650269,0.0
no-language-oracle,sample-0064.npz,20,image_wrist,0.0,1.0000038146972656,0.0
no-language-oracle,sample-0064.npz,20,proprio,0.0,1.0000007152557373,0.0
no-language-oracle,sample-0064.npz,20,text,0.0,1.000003457069397,0.0
no-language-oracle,sample-0064.npz,20,action_readout,0.0,0.9999866485595703,0.0
no-language-oracle,sample-0064.npz,21,image_main,0.0,1.0000019073486328,0.0
no-language-oracle,sample-0064.npz,21,image_wrist,0.0,1.0000016689300537,0.0
no-language-oracle,sample-0064.npz,21,proprio,0.0,1.0000007152557373,0.0
no-language-oracle,sample-0064.npz,21,text,0.0,1.0000046491622925,0.0
no-language-oracle,sample-0064.npz,21,action_readout,0.0,0.9999846816062927,0.0
no-language-oracle,sample-0064.npz,22,image_main,0.0,1.0000017881393433,0.0
no-language-oracle,sample-0064.npz,22,image_wrist,0.0,1.0000007152557373,0.0
no-language-oracle,sample-0064.npz,22,proprio,0.0,1.0000007152557373,0.0
no-language-oracle,sample-0064.npz,22,text,0.0,1.000004529953003,0.0
no-language-oracle,sample-0064.npz,22,action_readout,0.0,0.9999876618385315,0.0
no-language-oracle,sample-0064.npz,23,image_main,0.0,1.0000004768371582,0.0
no-language-oracle,sample-0064.npz,23,image_wrist,0.0,1.0000016689300537,0.0
no-language-oracle,sample-0064.npz,23,proprio,0.0,1.0000007152557373,0.0
no-language-oracle,sample-0064.npz,23,text,0.0,1.0000040531158447,0.0
no-language-oracle,sample-0064.npz,23,action_readout,0.0,0.9999911189079285,0.0
no-language-oracle,sample-0064.npz,24,image_main,0.0,0.9999988675117493,0.0
no-language-oracle,sample-0064.npz,24,image_wrist,0.0,1.000001311302185,0.0
no-language-oracle,sample-0064.npz,24,proprio,0.0,1.0000005960464478,0.0
no-language-oracle,sample-0064.npz,24,text,0.0,1.0000041723251343,0.0
no-language-oracle,sample-0064.npz,24,action_readout,0.0,0.9999938607215881,0.0
no-language-oracle,sample-0064.npz,25,image_main,0.0,0.9999992847442627,0.0
no-language-oracle,sample-0064.npz,25,image_wrist,0.0,1.0000026226043701,0.0
no-language-oracle,sample-0064.npz,25,proprio,0.0,1.0000007152557373,0.0
no-language-oracle,sample-0064.npz,25,text,0.0,1.0000038146972656,0.0
no-language-oracle,sample-0064.npz,25,action_readout,0.0,0.9999927282333374,0.0
no-language-oracle,sample-0064.npz,26,image_main,0.0,0.9999988675117493,0.0
no-language-oracle,sample-0064.npz,26,image_wrist,0.0,1.000001072883606,0.0
no-language-oracle,sample-0064.npz,26,proprio,0.0,1.0000007152557373,0.0
no-language-oracle,sample-0064.npz,26,text,0.0,1.0000040531158447,0.0
no-language-oracle,sample-0064.npz,26,action_readout,0.0,0.99998539686203,0.0
no-language-oracle,sample-0064.npz,27,image_main,0.0,0.9999973773956299,0.0
no-language-oracle,sample-0064.npz,27,image_wrist,0.0,1.0000025033950806,0.0
no-language-oracle,sample-0064.npz,27,proprio,0.0,1.0000009536743164,0.0
no-language-oracle,sample-0064.npz,27,text,0.0,1.000003695487976,0.0
no-language-oracle,sample-0064.npz,27,action_readout,0.0,0.999984085559845,0.0
no-language-oracle,sample-0064.npz,28,image_main,0.0,0.9999988079071045,0.0
no-language-oracle,sample-0064.npz,28,image_wrist,0.0,1.000002384185791,0.0
no-language-oracle,sample-0064.npz,28,proprio,0.0,1.0000008344650269,0.0
no-language-oracle,sample-0064.npz,28,text,0.0,1.0000042915344238,0.0
no-language-oracle,sample-0064.npz,28,action_readout,0.0,0.9999833106994629,0.0
no-language-oracle,sample-0064.npz,29,image_main,0.0,0.9999997615814209,0.0
no-language-oracle,sample-0064.npz,29,image_wrist,0.0,1.0000029802322388,0.0
no-language-oracle,sample-0064.npz,29,proprio,0.0,1.0000007152557373,0.0
no-language-oracle,sample-0064.npz,29,text,0.0,1.0000028610229492,0.0
no-language-oracle,sample-0064.npz,29,action_readout,0.0,0.999984860420227,0.0
no-language-oracle,sample-0064.npz,30,image_main,0.0,0.9999983310699463,0.0
no-language-oracle,sample-0064.npz,30,image_wrist,0.0,1.0000004768371582,0.0
no-language-oracle,sample-0064.npz,30,proprio,0.0,1.0000008344650269,0.0
no-language-oracle,sample-0064.npz,30,text,0.0,1.0000028610229492,0.0
no-language-oracle,sample-0064.npz,30,action_readout,0.0,0.9999879002571106,0.0
no-language-oracle,sample-0064.npz,31,image_main,0.0,0.9999985694885254,0.0
no-language-oracle,sample-0064.npz,31,image_wrist,0.0,0.9999988079071045,0.0
no-language-oracle,sample-0064.npz,31,proprio,0.0,1.0000008344650269,0.0
no-language-oracle,sample-0064.npz,31,text,0.0,1.0000025033950806,0.0
no-language-oracle,sample-0064.npz,31,action_readout,0.0,0.999984085559845,0.0
no-language-oracle,sample-0065.npz,0,image_main,0.0,1.000001072883606,0.0
no-language-oracle,sample-0065.npz,0,image_wrist,0.0,1.000003695487976,0.0
no-language-oracle,sample-0065.npz,0,proprio,0.0,1.0000009536743164,0.0
no-language-oracle,sample-0065.npz,0,text,0.0,0.9999984502792358,0.0
no-language-oracle,sample-0065.npz,0,action_readout,0.0,1.0000104904174805,0.0
no-language-oracle,sample-0065.npz,1,image_main,0.0,0.9999997615814209,0.0
no-language-oracle,sample-0065.npz,1,image_wrist,0.0,1.0000016689300537,0.0
no-language-oracle,sample-0065.npz,1,proprio,0.0,1.000001072883606,0.0
no-language-oracle,sample-0065.npz,1,text,0.0,1.0000008344650269,0.0
no-language-oracle,sample-0065.npz,1,action_readout,0.0,0.9999914169311523,0.0
no-language-oracle,sample-0065.npz,2,image_main,0.0,0.9999988675117493,0.0
no-language-oracle,sample-0065.npz,2,image_wrist,0.0,1.000002145767212,0.0
no-language-oracle,sample-0065.npz,2,proprio,0.0,1.0000008344650269,0.0
no-language-oracle,sample-0065.npz,2,text,0.0,1.0000011920928955,0.0
no-language-oracle,sample-0065.npz,2,action_readout,0.0,0.9999914169311523,0.0
no-language-oracle,sample-0065.npz,3,image_main,0.0,0.9999983310699463,0.0
no-language-oracle,sample-0065.npz,3,image_wrist,0.0,1.0000016689300537,0.0
no-language-oracle,sample-0065.npz,3,proprio,0.0,1.0000009536743164,0.0
no-language-oracle,sample-0065.npz,3,text,0.0,1.000001072883606,0.0
no-language-oracle,sample-0065.npz,3,action_readout,0.0,0.9999903440475464,0.0
no-language-oracle,sample-0065.npz,4,image_main,0.0,0.9999977946281433,0.0
no-language-oracle,sample-0065.npz,4,image_wrist,0.0,1.000002384185791,0.0
no-language-oracle,sample-0065.npz,4,proprio,0.0,1.0000009536743164,0.0
no-language-oracle,sample-0065.npz,4,text,0.0,1.000001072883606,0.0
no-language-oracle,sample-0065.npz,4,action_readout,0.0,0.9999900460243225,0.0
no-language-oracle,sample-0065.npz,5,image_main,0.0,0.9999979734420776,0.0
no-language-oracle,sample-0065.npz,5,image_wrist,0.0,1.000001072883606,0.0
no-language-oracle,sample-0065.npz,5,proprio,0.0,1.0000009536743164,0.0
no-language-oracle,sample-0065.npz,5,text,0.0,1.0000009536743164,0.0
no-language-oracle,sample-0065.npz,5,action_readout,0.0,0.9999892711639404,0.0
no-language-oracle,sample-0065.npz,6,image_main,0.0,0.9999979734420776,0.0
no-language-oracle,sample-0065.npz,6,image_wrist,0.0,1.0000014305114746,0.0
no-language-oracle,sample-0065.npz,6,proprio,0.0,1.0000011920928955,0.0
no-language-oracle,sample-0065.npz,6,text,0.0,1.0000005960464478,0.0
no-language-oracle,sample-0065.npz,6,action_readout,0.0,0.999988853931427,0.0
no-language-oracle,sample-0065.npz,7,image_main,0.0,0.999999463558197,0.0
no-language-oracle,sample-0065.npz,7,image_wrist,0.0,1.0000017881393433,0.0
no-language-oracle,sample-0065.npz,7,proprio,0.0,1.0000009536743164,0.0
no-language-oracle,sample-0065.npz,7,text,0.0,1.0000008344650269,0.0
no-language-oracle,sample-0065.npz,7,action_readout,0.0,0.9999854564666748,0.0
no-language-oracle,sample-0065.npz,8,image_main,0.0,0.9999986886978149,0.0
no-language-oracle,sample-0065.npz,8,image_wrist,0.0,1.0000011920928955,0.0
no-language-oracle,sample-0065.npz,8,proprio,0.0,1.0000008344650269,0.0
no-language-oracle,sample-0065.npz,8,text,0.0,1.0000007152557373,0.0
no-language-oracle,sample-0065.npz,8,action_readout,0.0,0.9999842047691345,0.0
no-language-oracle,sample-0065.npz,9,image_main,0.0,1.0000008344650269,0.0
no-language-oracle,sample-0065.npz,9,image_wrist,0.0,1.0000017881393433,0.0
no-language-oracle,sample-0065.npz,9,proprio,0.0,1.0000008344650269,0.0
no-language-oracle,sample-0065.npz,9,text,0.0,1.000001072883606,0.0
no-language-oracle,sample-0065.npz,9,action_readout,0.0,0.9999829530715942,0.0
no-language-oracle,sample-0065.npz,10,image_main,0.0,1.0000004768371582,0.0
no-language-oracle,sample-0065.npz,10,image_wrist,0.0,1.0000019073486328,0.0
no-language-oracle,sample-0065.npz,10,proprio,0.0,1.0000009536743164,0.0
no-language-oracle,sample-0065.npz,10,text,0.0,1.0000009536743164,0.0
no-language-oracle,sample-0065.npz,10,action_readout,0.0,0.9999834299087524,0.0
no-language-oracle,sample-0065.npz,11,image_main,0.0,1.0000011920928955,0.0
no-language-oracle,sample-0065.npz,11,image_wrist,0.0,1.0000017881393433,0.0
no-language-oracle,sample-0065.npz,11,proprio,0.0,1.000001072883606,0.0
no-language-oracle,sample-0065.npz,11,text,0.0,1.0000016689300537,0.0
no-language-oracle,sample-0065.npz,11,action_readout,0.0,0.9999864101409912,0.0
no-language-oracle,sample-0065.npz,12,image_main,0.0,1.0000007152557373,0.0
no-language-oracle,sample-0065.npz,12,image_wrist,0.0,1.0000025033950806,0.0
no-language-oracle,sample-0065.npz,12,proprio,0.0,1.0000008344650269,0.0
no-language-oracle,sample-0065.npz,12,text,0.0,1.000001072883606,0.0
no-language-oracle,sample-0065.npz,12,action_readout,0.0,0.9999858140945435,0.0
no-language-oracle,sample-0065.npz,13,image_main,0.0,1.0000009536743164,0.0
no-language-oracle,sample-0065.npz,13,image_wrist,0.0,1.0000009536743164,0.0
no-language-oracle,sample-0065.npz,13,proprio,0.0,1.0000008344650269,0.0
no-language-oracle,sample-0065.npz,13,text,0.0,1.0000009536743164,0.0
no-language-oracle,sample-0065.npz,13,action_readout,0.0,0.9999872446060181,0.0
no-language-oracle,sample-0065.npz,14,image_main,0.0,1.0000022649765015,0.0
no-language-oracle,sample-0065.npz,14,image_wrist,0.0,1.0000015497207642,0.0
no-language-oracle,sample-0065.npz,14,proprio,0.0,1.000001072883606,0.0
no-language-oracle,sample-0065.npz,14,text,0.0,1.000001311302185,0.0
no-language-oracle,sample-0065.npz,14,action_readout,0.0,0.9999891519546509,0.0
no-language-oracle,sample-0065.npz,15,image_main,0.0,1.0000026226043701,0.0
no-language-oracle,sample-0065.npz,15,image_wrist,0.0,1.000002384185791,0.0
no-language-oracle,sample-0065.npz,15,proprio,0.0,1.0000009536743164,0.0
no-language-oracle,sample-0065.npz,15,text,0.0,1.0000009536743164,0.0
no-language-oracle,sample-0065.npz,15,action_readout,0.0,0.999988853931427,0.0
no-language-oracle,sample-0065.npz,16,image_main,0.0,1.0000028610229492,0.0
no-language-oracle,sample-0065.npz,16,image_wrist,0.0,1.0000017881393433,0.0
no-language-oracle,sample-0065.npz,16,proprio,0.0,1.0000009536743164,0.0
no-language-oracle,sample-0065.npz,16,text,0.0,1.000001311302185,0.0
no-language-oracle,sample-0065.npz,16,action_readout,0.0,0.9999889135360718,0.0
no-language-oracle,sample-0065.npz,17,image_main,0.0,1.000002384185791,0.0
no-language-oracle,sample-0065.npz,17,image_wrist,0.0,1.000002384185791,0.0
no-language-oracle,sample-0065.npz,17,proprio,0.0,1.0000008344650269,0.0
no-language-oracle,sample-0065.npz,17,text,0.0,1.0000020265579224,0.0
no-language-oracle,sample-0065.npz,17,action_readout,0.0,0.9999862313270569,0.0
no-language-oracle,sample-0065.npz,18,image_main,0.0,1.0000030994415283,0.0
no-language-oracle,sample-0065.npz,18,image_wrist,0.0,1.0000022649765015,0.0
no-language-oracle,sample-0065.npz,18,proprio,0.0,1.0000009536743164,0.0
no-language-oracle,sample-0065.npz,18,text,0.0,1.0000017881393433,0.0
no-language-oracle,sample-0065.npz,18,action_readout,0.0,0.9999827146530151,0.0
no-language-oracle,sample-0065.npz,19,image_main,0.0,1.0000030994415283,0.0
no-language-oracle,sample-0065.npz,19,image_wrist,0.0,1.000002145767212,0.0
no-language-oracle,sample-0065.npz,19,proprio,0.0,1.0000009536743164,0.0
no-language-oracle,sample-0065.npz,19,text,0.0,1.0000020265579224,0.0
no-language-oracle,sample-0065.npz,19,action_readout,0.0,0.9999823570251465,0.0
no-language-oracle,sample-0065.npz,20,image_main,0.0,1.0000025033950806,0.0
no-language-oracle,sample-0065.npz,20,image_wrist,0.0,1.0000035762786865,0.0
no-language-oracle,sample-0065.npz,20,proprio,0.0,1.0000009536743164,0.0
no-language-oracle,sample-0065.npz,20,text,0.0,1.000002384185791,0.0
no-language-oracle,sample-0065.npz,20,action_readout,0.0,0.9999825954437256,0.0
no-language-oracle,sample-0065.npz,21,image_main,0.0,1.000002384185791,0.0
no-language-oracle,sample-0065.npz,21,image_wrist,0.0,1.0000028610229492,0.0
no-language-oracle,sample-0065.npz,21,proprio,0.0,1.0000008344650269,0.0
no-language-oracle,sample-0065.npz,21,text,0.0,1.000002384185791,0.0
no-language-oracle,sample-0065.npz,21,action_readout,0.0,0.9999843239784241,0.0
no-language-oracle,sample-0065.npz,22,image_main,0.0,1.0000009536743164,0.0
no-language-oracle,sample-0065.npz,22,image_wrist,0.0,1.0000028610229492,0.0
no-language-oracle,sample-0065.npz,22,proprio,0.0,1.0000011920928955,0.0
no-language-oracle,sample-0065.npz,22,text,0.0,1.0000022649765015,0.0
no-language-oracle,sample-0065.npz,22,action_readout,0.0,0.9999897480010986,0.0
no-language-oracle,sample-0065.npz,23,image_main,0.0,1.0000001192092896,0.0
no-language-oracle,sample-0065.npz,23,image_wrist,0.0,1.000001072883606,0.0
no-language-oracle,sample-0065.npz,23,proprio,0.0,1.0000011920928955,0.0
no-language-oracle,sample-0065.npz,23,text,0.0,1.0000029802322388,0.0
no-language-oracle,sample-0065.npz,23,action_readout,0.0,0.9999902844429016,0.0
no-language-oracle,sample-0065.npz,24,image_main,0.0,0.9999997615814209,0.0
no-language-oracle,sample-0065.npz,24,image_wrist,0.0,1.0000009536743164,0.0
no-language-oracle,sample-0065.npz,24,proprio,0.0,1.0000009536743164,0.0
no-language-oracle,sample-0065.npz,24,text,0.0,1.0000033378601074,0.0
no-language-oracle,sample-0065.npz,24,action_readout,0.0,0.9999890923500061,0.0
no-language-oracle,sample-0065.npz,25,image_main,0.0,1.0000007152557373,0.0
no-language-oracle,sample-0065.npz,25,image_wrist,0.0,1.0000007152557373,0.0
no-language-oracle,sample-0065.npz,25,proprio,0.0,1.0000008344650269,0.0
no-language-oracle,sample-0065.npz,25,text,0.0,1.000003457069397,0.0
no-language-oracle,sample-0065.npz,25,action_readout,0.0,0.9999856948852539,0.0
no-language-oracle,sample-0065.npz,26,image_main,0.0,0.9999989867210388,0.0
no-language-oracle,sample-0065.npz,26,image_wrist,0.0,1.0000008344650269,0.0
no-language-oracle,sample-0065.npz,26,proprio,0.0,1.000001072883606,0.0
no-language-oracle,sample-0065.npz,26,text,0.0,1.000003457069397,0.0
no-language-oracle,sample-0065.npz,26,action_readout,0.0,0.999984622001648,0.0
no-language-oracle,sample-0065.npz,27,image_main,0.0,0.9999987483024597,0.0
no-language-oracle,sample-0065.npz,27,image_wrist,0.0,1.0000011920928955,0.0
no-language-oracle,sample-0065.npz,27,proprio,0.0,1.0000008344650269,0.0
no-language-oracle,sample-0065.npz,27,text,0.0,1.000003695487976,0.0
no-language-oracle,sample-0065.npz,27,action_readout,0.0,0.9999847412109375,0.0
no-language-oracle,sample-0065.npz,28,image_main,0.0,0.9999996423721313,0.0
no-language-oracle,sample-0065.npz,28,image_wrist,0.0,0.9999988079071045,0.0
no-language-oracle,sample-0065.npz,28,proprio,0.0,1.0000007152557373,0.0
no-language-oracle,sample-0065.npz,28,text,0.0,1.0000039339065552,0.0
no-language-oracle,sample-0065.npz,28,action_readout,0.0,0.9999855756759644,0.0
no-language-oracle,sample-0065.npz,29,image_main,0.0,1.0000007152557373,0.0
no-language-oracle,sample-0065.npz,29,image_wrist,0.0,0.9999998807907104,0.0
no-language-oracle,sample-0065.npz,29,proprio,0.0,1.0000011920928955,0.0
no-language-oracle,sample-0065.npz,29,text,0.0,1.0000041723251343,0.0
no-language-oracle,sample-0065.npz,29,action_readout,0.0,0.9999863505363464,0.0
no-language-oracle,sample-0065.npz,30,image_main,0.0,1.0000009536743164,0.0
no-language-oracle,sample-0065.npz,30,image_wrist,0.0,1.0000014305114746,0.0
no-language-oracle,sample-0065.npz,30,proprio,0.0,1.0000009536743164,0.0
no-language-oracle,sample-0065.npz,30,text,0.0,1.0000030994415283,0.0
no-language-oracle,sample-0065.npz,30,action_readout,0.0,0.9999890923500061,0.0
no-language-oracle,sample-0065.npz,31,image_main,0.0,0.9999980926513672,0.0
no-language-oracle,sample-0065.npz,31,image_wrist,0.0,0.9999988079071045,0.0
no-language-oracle,sample-0065.npz,31,proprio,0.0,1.0000009536743164,0.0
no-language-oracle,sample-0065.npz,31,text,0.0,1.0000029802322388,0.0
no-language-oracle,sample-0065.npz,31,action_readout,0.0,1.000004529953003,0.0
no-language-oracle,sample-0066.npz,0,image_main,0.0,1.0000005960464478,0.0
no-language-oracle,sample-0066.npz,0,image_wrist,0.0,1.000002145767212,0.0
no-language-oracle,sample-0066.npz,0,proprio,0.0,1.0000005960464478,0.0
no-language-oracle,sample-0066.npz,0,text,0.0,0.9999972581863403,0.0
no-language-oracle,sample-0066.npz,0,action_readout,0.0,1.0000085830688477,0.0
no-language-oracle,sample-0066.npz,1,image_main,0.0,1.000001311302185,0.0
no-language-oracle,sample-0066.npz,1,image_wrist,0.0,1.0000028610229492,0.0
no-language-oracle,sample-0066.npz,1,proprio,0.0,1.0000004768371582,0.0
no-language-oracle,sample-0066.npz,1,text,0.0,0.9999955892562866,0.0
no-language-oracle,sample-0066.npz,1,action_readout,0.0,0.9999887943267822,0.0
no-language-oracle,sample-0066.npz,2,image_main,0.0,0.9999982118606567,0.0
no-language-oracle,sample-0066.npz,2,image_wrist,0.0,1.0000017881393433,0.0
no-language-oracle,sample-0066.npz,2,proprio,0.0,1.0000008344650269,0.0
no-language-oracle,sample-0066.npz,2,text,0.0,1.0000020265579224,0.0
no-language-oracle,sample-0066.npz,2,action_readout,0.0,0.9999870657920837,0.0
no-language-oracle,sample-0066.npz,3,image_main,0.0,0.9999991655349731,0.0
no-language-oracle,sample-0066.npz,3,image_wrist,0.0,1.0000009536743164,0.0
no-language-oracle,sample-0066.npz,3,proprio,0.0,1.0000005960464478,0.0
no-language-oracle,sample-0066.npz,3,text,0.0,1.0000020265579224,0.0
no-language-oracle,sample-0066.npz,3,action_readout,0.0,0.999990701675415,0.0
no-language-oracle,sample-0066.npz,4,image_main,0.0,0.999998927116394,0.0
no-language-oracle,sample-0066.npz,4,image_wrist,0.0,1.0000014305114746,0.0
no-language-oracle,sample-0066.npz,4,proprio,0.0,1.0000005960464478,0.0
no-language-oracle,sample-0066.npz,4,text,0.0,1.000002145767212,0.0
no-language-oracle,sample-0066.npz,4,action_readout,0.0,0.9999883770942688,0.0
no-language-oracle,sample-0066.npz,5,image_main,0.0,0.9999983310699463,0.0
no-language-oracle,sample-0066.npz,5,image_wrist,0.0,1.0000007152557373,0.0
no-language-oracle,sample-0066.npz,5,proprio,0.0,1.0000004768371582,0.0
no-language-oracle,sample-0066.npz,5,text,0.0,1.0000009536743164,0.0
no-language-oracle,sample-0066.npz,5,action_readout,0.0,0.9999873638153076,0.0
no-language-oracle,sample-0066.npz,6,image_main,0.0,0.9999986886978149,0.0
no-language-oracle,sample-0066.npz,6,image_wrist,0.0,1.0000009536743164,0.0
no-language-oracle,sample-0066.npz,6,proprio,0.0,1.0000005960464478,0.0
no-language-oracle,sample-0066.npz,6,text,0.0,1.0000016689300537,0.0
no-language-oracle,sample-0066.npz,6,action_readout,0.0,0.9999880790710449,0.0
no-language-oracle,sample-0066.npz,7,image_main,0.0,0.9999990463256836,0.0
no-language-oracle,sample-0066.npz,7,image_wrist,0.0,0.9999997615814209,0.0
no-language-oracle,sample-0066.npz,7,proprio,0.0,1.0000004768371582,0.0
no-language-oracle,sample-0066.npz,7,text,0.0,1.000002145767212,0.0
no-language-oracle,sample-0066.npz,7,action_readout,0.0,0.9999873638153076,0.0
no-language-oracle,sample-0066.npz,8,image_main,0.0,0.9999977946281433,0.0
no-language-oracle,sample-0066.npz,8,image_wrist,0.0,1.0000008344650269,0.0
no-language-oracle,sample-0066.npz,8,proprio,0.0,1.0000005960464478,0.0
no-language-oracle,sample-0066.npz,8,text,0.0,0.9999984502792358,0.0
no-language-oracle,sample-0066.npz,8,action_readout,0.0,0.9999843835830688,0.0
no-language-oracle,sample-0066.npz,9,image_main,0.0,0.9999979734420776,0.0
no-language-oracle,sample-0066.npz,9,image_wrist,0.0,1.0000007152557373,0.0
no-language-oracle,sample-0066.npz,9,proprio,0.0,1.0000007152557373,0.0
no-language-oracle,sample-0066.npz,9,text,0.0,0.999997615814209,0.0
no-language-oracle,sample-0066.npz,9,action_readout,0.0,0.9999840259552002,0.0
no-language-oracle,sample-0066.npz,10,image_main,0.0,0.9999978542327881,0.0
no-language-oracle,sample-0066.npz,10,image_wrist,0.0,1.000001072883606,0.0
no-language-oracle,sample-0066.npz,10,proprio,0.0,1.0000004768371582,0.0
no-language-oracle,sample-0066.npz,10,text,0.0,0.9999985694885254,0.0
no-language-oracle,sample-0066.npz,10,action_readout,0.0,0.9999837875366211,0.0
no-language-oracle,sample-0066.npz,11,image_main,0.0,0.9999991655349731,0.0
no-language-oracle,sample-0066.npz,11,image_wrist,0.0,1.000002145767212,0.0
no-language-oracle,sample-0066.npz,11,proprio,0.0,1.0000007152557373,0.0
no-language-oracle,sample-0066.npz,11,text,0.0,0.9999991059303284,0.0
no-language-oracle,sample-0066.npz,11,action_readout,0.0,0.9999825358390808,0.0
no-language-oracle,sample-0066.npz,12,image_main,0.0,0.9999972581863403,0.0
no-language-oracle,sample-0066.npz,12,image_wrist,0.0,1.0000017881393433,0.0
no-language-oracle,sample-0066.npz,12,proprio,0.0,1.0000007152557373,0.0
no-language-oracle,sample-0066.npz,12,text,0.0,1.000000238418579,0.0
no-language-oracle,sample-0066.npz,12,action_readout,0.0,0.9999837279319763,0.0
no-language-oracle,sample-0066.npz,13,image_main,0.0,0.9999983310699463,0.0
no-language-oracle,sample-0066.npz,13,image_wrist,0.0,1.000002145767212,0.0
no-language-oracle,sample-0066.npz,13,proprio,0.0,1.0000007152557373,0.0
no-language-oracle,sample-0066.npz,13,text,0.0,1.0000008344650269,0.0
no-language-oracle,sample-0066.npz,13,action_readout,0.0,0.9999858140945435,0.0
no-language-oracle,sample-0066.npz,14,image_main,0.0,0.9999974966049194,0.0
no-language-oracle,sample-0066.npz,14,image_wrist,0.0,1.0000007152557373,0.0
no-language-oracle,sample-0066.npz,14,proprio,0.0,1.0000005960464478,0.0
no-language-oracle,sample-0066.npz,14,text,0.0,1.000002145767212,0.0
no-language-oracle,sample-0066.npz,14,action_readout,0.0,0.999986469745636,0.0
no-language-oracle,sample-0066.npz,15,image_main,0.0,0.9999982118606567,0.0
no-language-oracle,sample-0066.npz,15,image_wrist,0.0,1.000001311302185,0.0
no-language-oracle,sample-0066.npz,15,proprio,0.0,1.0000005960464478,0.0
no-language-oracle,sample-0066.npz,15,text,0.0,1.0000016689300537,0.0
no-language-oracle,sample-0066.npz,15,action_readout,0.0,0.999987781047821,0.0
no-language-oracle,sample-0066.npz,16,image_main,0.0,0.9999983310699463,0.0
no-language-oracle,sample-0066.npz,16,image_wrist,0.0,1.000001311302185,0.0
no-language-oracle,sample-0066.npz,16,proprio,0.0,1.0000007152557373,0.0
no-language-oracle,sample-0066.npz,16,text,0.0,1.0000008344650269,0.0
no-language-oracle,sample-0066.npz,16,action_readout,0.0,0.9999902844429016,0.0
no-language-oracle,sample-0066.npz,17,image_main,0.0,0.9999979734420776,0.0
no-language-oracle,sample-0066.npz,17,image_wrist,0.0,1.0000025033950806,0.0
no-language-oracle,sample-0066.npz,17,proprio,0.0,1.0000005960464478,0.0
no-language-oracle,sample-0066.npz,17,text,0.0,1.0000026226043701,0.0
no-language-oracle,sample-0066.npz,17,action_readout,0.0,0.9999849796295166,0.0
no-language-oracle,sample-0066.npz,18,image_main,0.0,0.9999986886978149,0.0
no-language-oracle,sample-0066.npz,18,image_wrist,0.0,1.0000016689300537,0.0
no-language-oracle,sample-0066.npz,18,proprio,0.0,1.0000007152557373,0.0
no-language-oracle,sample-0066.npz,18,text,0.0,1.0000028610229492,0.0
no-language-oracle,sample-0066.npz,18,action_readout,0.0,0.9999839067459106,0.0
no-language-oracle,sample-0066.npz,19,image_main,0.0,0.9999992847442627,0.0
no-language-oracle,sample-0066.npz,19,image_wrist,0.0,1.000003457069397,0.0
no-language-oracle,sample-0066.npz,19,proprio,0.0,1.0000007152557373,0.0
no-language-oracle,sample-0066.npz,19,text,0.0,1.0000054836273193,0.0
no-language-oracle,sample-0066.npz,19,action_readout,0.0,0.9999852180480957,0.0
no-language-oracle,sample-0066.npz,20,image_main,0.0,0.9999992847442627,0.0
no-language-oracle,sample-0066.npz,20,image_wrist,0.0,1.0000038146972656,0.0
no-language-oracle,sample-0066.npz,20,proprio,0.0,1.0000004768371582,0.0
no-language-oracle,sample-0066.npz,20,text,0.0,1.0000052452087402,0.0
no-language-oracle,sample-0066.npz,20,action_readout,0.0,0.9999886751174927,0.0
no-language-oracle,sample-0066.npz,21,image_main,0.0,1.0000004768371582,0.0
no-language-oracle,sample-0066.npz,21,image_wrist,0.0,1.0000030994415283,0.0
no-language-oracle,sample-0066.npz,21,proprio,0.0,1.0000004768371582,0.0
no-language-oracle,sample-0066.npz,21,text,0.0,1.0000042915344238,0.0
no-language-oracle,sample-0066.npz,21,action_readout,0.0,0.999988853931427,0.0
no-language-oracle,sample-0066.npz,22,image_main,0.0,1.000001311302185,0.0
no-language-oracle,sample-0066.npz,22,image_wrist,0.0,1.0000019073486328,0.0
no-language-oracle,sample-0066.npz,22,proprio,0.0,1.0000007152557373,0.0
no-language-oracle,sample-0066.npz,22,text,0.0,1.0000032186508179,0.0
no-language-oracle,sample-0066.npz,22,action_readout,0.0,0.99998939037323,0.0
no-language-oracle,sample-0066.npz,23,image_main,0.0,1.000002384185791,0.0
no-language-oracle,sample-0066.npz,23,image_wrist,0.0,1.0000014305114746,0.0
no-language-oracle,sample-0066.npz,23,proprio,0.0,1.0000007152557373,0.0
no-language-oracle,sample-0066.npz,23,text,0.0,1.0000028610229492,0.0
no-language-oracle,sample-0066.npz,23,action_readout,0.0,0.9999889135360718,0.0
no-language-oracle,sample-0066.npz,24,image_main,0.0,1.0000003576278687,0.0
no-language-oracle,sample-0066.npz,24,image_wrist,0.0,1.0000004768371582,0.0
no-language-oracle,sample-0066.npz,24,proprio,0.0,1.0000005960464478,0.0
no-language-oracle,sample-0066.npz,24,text,0.0,0.9999992251396179,0.0
no-language-oracle,sample-0066.npz,24,action_readout,0.0,0.9999830722808838,0.0
no-language-oracle,sample-0066.npz,25,image_main,0.0,1.0000007152557373,0.0
no-language-oracle,sample-0066.npz,25,image_wrist,0.0,1.0000007152557373,0.0
no-language-oracle,sample-0066.npz,25,proprio,0.0,1.0000005960464478,0.0
no-language-oracle,sample-0066.npz,25,text,0.0,0.9999988079071045,0.0
no-language-oracle,sample-0066.npz,25,action_readout,0.0,0.999984622001648,0.0
no-language-oracle,sample-0066.npz,26,image_main,0.0,0.9999976754188538,0.0
no-language-oracle,sample-0066.npz,26,image_wrist,0.0,0.9999980330467224,0.0
no-language-oracle,sample-0066.npz,26,proprio,0.0,1.0000007152557373,0.0
no-language-oracle,sample-0066.npz,26,text,0.0,0.9999982118606567,0.0
no-language-oracle,sample-0066.npz,26,action_readout,0.0,0.9999876022338867,0.0
no-language-oracle,sample-0066.npz,27,image_main,0.0,0.9999972581863403,0.0
no-language-oracle,sample-0066.npz,27,image_wrist,0.0,0.9999996423721313,0.0
no-language-oracle,sample-0066.npz,27,proprio,0.0,1.0000007152557373,0.0
no-language-oracle,sample-0066.npz,27,text,0.0,0.9999994039535522,0.0
no-language-oracle,sample-0066.npz,27,action_readout,0.0,0.9999872446060181,0.0
no-language-oracle,sample-0066.npz,28,image_main,0.0,0.9999980926513672,0.0
no-language-oracle,sample-0066.npz,28,image_wrist,0.0,0.9999987483024597,0.0
no-language-oracle,sample-0066.npz,28,proprio,0.0,1.0000007152557373,0.0
no-language-oracle,sample-0066.npz,28,text,0.0,1.000001072883606,0.0
no-language-oracle,sample-0066.npz,28,action_readout,0.0,0.9999843835830688,0.0
no-language-oracle,sample-0066.npz,29,image_main,0.0,0.9999973177909851,0.0
no-language-oracle,sample-0066.npz,29,image_wrist,0.0,0.9999993443489075,0.0
no-language-oracle,sample-0066.npz,29,proprio,0.0,1.0000007152557373,0.0
no-language-oracle,sample-0066.npz,29,text,0.0,0.9999990463256836,0.0
no-language-oracle,sample-0066.npz,29,action_readout,0.0,0.9999853372573853,0.0
no-language-oracle,sample-0066.npz,30,image_main,0.0,0.9999986290931702,0.0
no-language-oracle,sample-0066.npz,30,image_wrist,0.0,0.999998927116394,0.0
no-language-oracle,sample-0066.npz,30,proprio,0.0,1.0000007152557373,0.0
no-language-oracle,sample-0066.npz,30,text,0.0,0.9999984502792358,0.0
no-language-oracle,sample-0066.npz,30,action_readout,0.0,0.9999908804893494,0.0
no-language-oracle,sample-0066.npz,31,image_main,0.0,0.9999980330467224,0.0
no-language-oracle,sample-0066.npz,31,image_wrist,0.0,0.9999994039535522,0.0
no-language-oracle,sample-0066.npz,31,proprio,0.0,1.0000007152557373,0.0
no-language-oracle,sample-0066.npz,31,text,0.0,0.9999990463256836,0.0
no-language-oracle,sample-0066.npz,31,action_readout,0.0,0.9999833703041077,0.0
no-language-oracle,sample-0067.npz,0,image_main,0.0,1.0000019073486328,0.0
no-language-oracle,sample-0067.npz,0,image_wrist,0.0,1.0000041723251343,0.0
no-language-oracle,sample-0067.npz,0,proprio,0.0,1.0000008344650269,0.0
no-language-oracle,sample-0067.npz,0,text,0.0,0.999995768070221,0.0
no-language-oracle,sample-0067.npz,0,action_readout,0.0,1.000008463859558,0.0
no-language-oracle,sample-0067.npz,1,image_main,0.0,1.0000014305114746,0.0
no-language-oracle,sample-0067.npz,1,image_wrist,0.0,1.000004529953003,0.0
no-language-oracle,sample-0067.npz,1,proprio,0.0,1.0000005960464478,0.0
no-language-oracle,sample-0067.npz,1,text,0.0,0.999997615814209,0.0
no-language-oracle,sample-0067.npz,1,action_readout,0.0,0.9999908804893494,0.0
no-language-oracle,sample-0067.npz,2,image_main,0.0,1.0,0.0
no-language-oracle,sample-0067.npz,2,image_wrist,0.0,1.0000029802322388,0.0
no-language-oracle,sample-0067.npz,2,proprio,0.0,1.0000007152557373,0.0
no-language-oracle,sample-0067.npz,2,text,0.0,0.9999963045120239,0.0
no-language-oracle,sample-0067.npz,2,action_readout,0.0,0.9999911189079285,0.0
no-language-oracle,sample-0067.npz,3,image_main,0.0,0.9999992251396179,0.0
no-language-oracle,sample-0067.npz,3,image_wrist,0.0,1.0000038146972656,0.0
no-language-oracle,sample-0067.npz,3,proprio,0.0,1.0000009536743164,0.0
no-language-oracle,sample-0067.npz,3,text,0.0,0.9999973773956299,0.0
no-language-oracle,sample-0067.npz,3,action_readout,0.0,0.9999897480010986,0.0
no-language-oracle,sample-0067.npz,4,image_main,0.0,0.9999988079071045,0.0
no-language-oracle,sample-0067.npz,4,image_wrist,0.0,1.0000026226043701,0.0
no-language-oracle,sample-0067.npz,4,proprio,0.0,1.0000005960464478,0.0
no-language-oracle,sample-0067.npz,4,text,0.0,0.9999983310699463,0.0
no-language-oracle,sample-0067.npz,4,action_readout,0.0,0.9999901056289673,0.0
no-language-oracle,sample-0067.npz,5,image_main,0.0,0.9999994039535522,0.0
no-language-oracle,sample-0067.npz,5,image_wrist,0.0,1.0000026226043701,0.0
no-language-oracle,sample-0067.npz,5,proprio,0.0,1.0000009536743164,0.0
no-language-oracle,sample-0067.npz,5,text,0.0,0.9999971389770508,0.0
no-language-oracle,sample-0067.npz,5,action_readout,0.0,0.999990701675415,0.0
no-language-oracle,sample-0067.npz,6,image_main,0.0,0.9999982118606567,0.0
no-language-oracle,sample-0067.npz,6,image_wrist,0.0,1.0000035762786865,0.0
no-language-oracle,sample-0067.npz,6,proprio,0.0,1.0000008344650269,0.0
no-language-oracle,sample-0067.npz,6,text,0.0,0.9999991655349731,0.0
no-language-oracle,sample-0067.npz,6,action_readout,0.0,0.9999912977218628,0.0
no-language-oracle,sample-0067.npz,7,image_main,0.0,0.9999982118606567,0.0
no-language-oracle,sample-0067.npz,7,image_wrist,0.0,1.0000027418136597,0.0
no-language-oracle,sample-0067.npz,7,proprio,0.0,1.0000007152557373,0.0
no-language-oracle,sample-0067.npz,7,text,0.0,0.9999986886978149,0.0
no-language-oracle,sample-0067.npz,7,action_readout,0.0,0.9999914169311523,0.0
no-language-oracle,sample-0067.npz,8,image_main,0.0,0.9999978542327881,0.0
no-language-oracle,sample-0067.npz,8,image_wrist,0.0,1.0000028610229492,0.0
no-language-oracle,sample-0067.npz,8,proprio,0.0,1.0000008344650269,0.0
no-language-oracle,sample-0067.npz,8,text,0.0,0.9999967813491821,0.0
no-language-oracle,sample-0067.npz,8,action_readout,0.0,0.9999908804893494,0.0
no-language-oracle,sample-0067.npz,9,image_main,0.0,0.9999984502792358,0.0
no-language-oracle,sample-0067.npz,9,image_wrist,0.0,1.0000030994415283,0.0
no-language-oracle,sample-0067.npz,9,proprio,0.0,1.0000005960464478,0.0
no-language-oracle,sample-0067.npz,9,text,0.0,0.9999987483024597,0.0
no-language-oracle,sample-0067.npz,9,action_readout,0.0,0.9999910593032837,0.0
no-language-oracle,sample-0067.npz,10,image_main,0.0,0.9999971389770508,0.0
no-language-oracle,sample-0067.npz,10,image_wrist,0.0,1.0000029802322388,0.0
no-language-oracle,sample-0067.npz,10,proprio,0.0,1.0000008344650269,0.0
no-language-oracle,sample-0067.npz,10,text,0.0,0.9999977350234985,0.0
no-language-oracle,sample-0067.npz,10,action_readout,0.0,0.9999905228614807,0.0
no-language-oracle,sample-0067.npz,11,image_main,0.0,0.999997615814209,0.0
no-language-oracle,sample-0067.npz,11,image_wrist,0.0,1.0000022649765015,0.0
no-language-oracle,sample-0067.npz,11,proprio,0.0,1.0000009536743164,0.0
no-language-oracle,sample-0067.npz,11,text,0.0,0.9999974370002747,0.0
no-language-oracle,sample-0067.npz,11,action_readout,0.0,0.9999879002571106,0.0
no-language-oracle,sample-0067.npz,12,image_main,0.0,0.9999974966049194,0.0
no-language-oracle,sample-0067.npz,12,image_wrist,0.0,1.0000032186508179,0.0
no-language-oracle,sample-0067.npz,12,proprio,0.0,1.0000009536743164,0.0
no-language-oracle,sample-0067.npz,12,text,0.0,0.9999990463256836,0.0
no-language-oracle,sample-0067.npz,12,action_readout,0.0,0.9999843835830688,0.0
no-language-oracle,sample-0067.npz,13,image_main,0.0,0.9999985098838806,0.0
no-language-oracle,sample-0067.npz,13,image_wrist,0.0,1.0000026226043701,0.0
no-language-oracle,sample-0067.npz,13,proprio,0.0,1.0000009536743164,0.0
no-language-oracle,sample-0067.npz,13,text,0.0,0.9999995827674866,0.0
no-language-oracle,sample-0067.npz,13,action_readout,0.0,0.9999839067459106,0.0
no-language-oracle,sample-0067.npz,14,image_main,0.0,0.9999988675117493,0.0
no-language-oracle,sample-0067.npz,14,image_wrist,0.0,1.0000033378601074,0.0
no-language-oracle,sample-0067.npz,14,proprio,0.0,1.0000005960464478,0.0
no-language-oracle,sample-0067.npz,14,text,0.0,1.0000014305114746,0.0
no-language-oracle,sample-0067.npz,14,action_readout,0.0,0.9999842643737793,0.0
no-language-oracle,sample-0067.npz,15,image_main,0.0,0.9999977350234985,0.0
no-language-oracle,sample-0067.npz,15,image_wrist,0.0,1.0000014305114746,0.0
no-language-oracle,sample-0067.npz,15,proprio,0.0,1.0000009536743164,0.0
no-language-oracle,sample-0067.npz,15,text,0.0,1.000001311302185,0.0
no-language-oracle,sample-0067.npz,15,action_readout,0.0,0.9999903440475464,0.0
no-language-oracle,sample-0067.npz,16,image_main,0.0,0.9999983310699463,0.0
no-language-oracle,sample-0067.npz,16,image_wrist,0.0,1.0000011920928955,0.0
no-language-oracle,sample-0067.npz,16,proprio,0.0,1.0000007152557373,0.0
no-language-oracle,sample-0067.npz,16,text,0.0,1.0000011920928955,0.0
no-language-oracle,sample-0067.npz,16,action_readout,0.0,0.9999892711639404,0.0
no-language-oracle,sample-0067.npz,17,image_main,0.0,0.9999982714653015,0.0
no-language-oracle,sample-0067.npz,17,image_wrist,0.0,1.0000011920928955,0.0
no-language-oracle,sample-0067.npz,17,proprio,0.0,1.0000005960464478,0.0
no-language-oracle,sample-0067.npz,17,text,0.0,1.000002145767212,0.0
no-language-oracle,sample-0067.npz,17,action_readout,0.0,0.9999873638153076,0.0
no-language-oracle,sample-0067.npz,18,image_main,0.0,0.9999976754188538,0.0
no-language-oracle,sample-0067.npz,18,image_wrist,0.0,1.0000008344650269,0.0
no-language-oracle,sample-0067.npz,18,proprio,0.0,1.0000008344650269,0.0
no-language-oracle,sample-0067.npz,18,text,0.0,1.000004529953003,0.0
no-language-oracle,sample-0067.npz,18,action_readout,0.0,0.9999863505363464,0.0
no-language-oracle,sample-0067.npz,19,image_main,0.0,0.9999996423721313,0.0
no-language-oracle,sample-0067.npz,19,image_wrist,0.0,1.0000025033950806,0.0
no-language-oracle,sample-0067.npz,19,proprio,0.0,1.0000009536743164,0.0
no-language-oracle,sample-0067.npz,19,text,0.0,1.0000048875808716,0.0
no-language-oracle,sample-0067.npz,19,action_readout,0.0,0.9999887943267822,0.0
no-language-oracle,sample-0067.npz,20,image_main,0.0,0.9999998807907104,0.0
no-language-oracle,sample-0067.npz,20,image_wrist,0.0,1.0000038146972656,0.0
no-language-oracle,sample-0067.npz,20,proprio,0.0,1.0000005960464478,0.0
no-language-oracle,sample-0067.npz,20,text,0.0,1.0000040531158447,0.0
no-language-oracle,sample-0067.npz,20,action_readout,0.0,0.9999903440475464,0.0
no-language-oracle,sample-0067.npz,21,image_main,0.0,1.0000007152557373,0.0
no-language-oracle,sample-0067.npz,21,image_wrist,0.0,1.0000035762786865,0.0
no-language-oracle,sample-0067.npz,21,proprio,0.0,1.000001072883606,0.0
no-language-oracle,sample-0067.npz,21,text,0.0,1.0000035762786865,0.0
no-language-oracle,sample-0067.npz,21,action_readout,0.0,0.9999902844429016,0.0
no-language-oracle,sample-0067.npz,22,image_main,0.0,1.0000027418136597,0.0
no-language-oracle,sample-0067.npz,22,image_wrist,0.0,1.0000027418136597,0.0
no-language-oracle,sample-0067.npz,22,proprio,0.0,1.0000007152557373,0.0
no-language-oracle,sample-0067.npz,22,text,0.0,1.0000016689300537,0.0
no-language-oracle,sample-0067.npz,22,action_readout,0.0,0.9999921321868896,0.0
no-language-oracle,sample-0067.npz,23,image_main,0.0,1.000002384185791,0.0
no-language-oracle,sample-0067.npz,23,image_wrist,0.0,1.0000025033950806,0.0
no-language-oracle,sample-0067.npz,23,proprio,0.0,1.0000008344650269,0.0
no-language-oracle,sample-0067.npz,23,text,0.0,1.0000020265579224,0.0
no-language-oracle,sample-0067.npz,23,action_readout,0.0,0.9999896287918091,0.0
no-language-oracle,sample-0067.npz,24,image_main,0.0,1.0000014305114746,0.0
no-language-oracle,sample-0067.npz,24,image_wrist,0.0,1.0000017881393433,0.0
no-language-oracle,sample-0067.npz,24,proprio,0.0,1.0000011920928955,0.0
no-language-oracle,sample-0067.npz,24,text,0.0,1.000001311302185,0.0
no-language-oracle,sample-0067.npz,24,action_readout,0.0,0.9999856948852539,0.0
no-language-oracle,sample-0067.npz,25,image_main,0.0,1.000001072883606,0.0
no-language-oracle,sample-0067.npz,25,image_wrist,0.0,1.0000019073486328,0.0
no-language-oracle,sample-0067.npz,25,proprio,0.0,1.0000007152557373,0.0
no-language-oracle,sample-0067.npz,25,text,0.0,1.0000014305114746,0.0
no-language-oracle,sample-0067.npz,25,action_readout,0.0,0.9999849200248718,0.0
no-language-oracle,sample-0067.npz,26,image_main,0.0,1.000000238418579,0.0
no-language-oracle,sample-0067.npz,26,image_wrist,0.0,1.0000004768371582,0.0
no-language-oracle,sample-0067.npz,26,proprio,0.0,1.0000011920928955,0.0
no-language-oracle,sample-0067.npz,26,text,0.0,1.0000005960464478,0.0
no-language-oracle,sample-0067.npz,26,action_readout,0.0,0.9999836683273315,0.0
no-language-oracle,sample-0067.npz,27,image_main,0.0,0.9999998211860657,0.0
no-language-oracle,sample-0067.npz,27,image_wrist,0.0,0.9999994039535522,0.0
no-language-oracle,sample-0067.npz,27,proprio,0.0,1.0000007152557373,0.0
no-language-oracle,sample-0067.npz,27,text,0.0,0.9999997615814209,0.0
no-language-oracle,sample-0067.npz,27,action_readout,0.0,0.9999832510948181,0.0
no-language-oracle,sample-0067.npz,28,image_main,0.0,0.9999983906745911,0.0
no-language-oracle,sample-0067.npz,28,image_wrist,0.0,0.9999994039535522,0.0
no-language-oracle,sample-0067.npz,28,proprio,0.0,1.0000007152557373,0.0
no-language-oracle,sample-0067.npz,28,text,0.0,1.0000008344650269,0.0
no-language-oracle,sample-0067.npz,28,action_readout,0.0,0.999982476234436,0.0
no-language-oracle,sample-0067.npz,29,image_main,0.0,0.9999985694885254,0.0
no-language-oracle,sample-0067.npz,29,image_wrist,0.0,1.0000009536743164,0.0
no-language-oracle,sample-0067.npz,29,proprio,0.0,1.000001072883606,0.0
no-language-oracle,sample-0067.npz,29,text,0.0,1.0000005960464478,0.0
no-language-oracle,sample-0067.npz,29,action_readout,0.0,0.9999860525131226,0.0
no-language-oracle,sample-0067.npz,30,image_main,0.0,0.9999980926513672,0.0
no-language-oracle,sample-0067.npz,30,image_wrist,0.0,1.0000005960464478,0.0
no-language-oracle,sample-0067.npz,30,proprio,0.0,1.0000009536743164,0.0
no-language-oracle,sample-0067.npz,30,text,0.0,1.0000009536743164,0.0
no-language-oracle,sample-0067.npz,30,action_readout,0.0,0.9999900460243225,0.0
no-language-oracle,sample-0067.npz,31,image_main,0.0,0.9999979734420776,0.0
no-language-oracle,sample-0067.npz,31,image_wrist,0.0,0.9999971389770508,0.0
no-language-oracle,sample-0067.npz,31,proprio,0.0,1.0000008344650269,0.0
no-language-oracle,sample-0067.npz,31,text,0.0,0.9999977350234985,0.0
no-language-oracle,sample-0067.npz,31,action_readout,0.0,0.9999902248382568,0.0
no-language-oracle,sample-0068.npz,0,image_main,0.0,1.0,0.0
no-language-oracle,sample-0068.npz,0,image_wrist,0.0,0.9999990463256836,0.0
no-language-oracle,sample-0068.npz,0,proprio,0.0,1.0000004768371582,0.0
no-language-oracle,sample-0068.npz,0,text,0.0,0.9999985098838806,0.0
no-language-oracle,sample-0068.npz,0,action_readout,0.0,0.9999887943267822,0.0
no-language-oracle,sample-0068.npz,1,image_main,0.0,1.0000009536743164,0.0
no-language-oracle,sample-0068.npz,1,image_wrist,0.0,0.9999997615814209,0.0
no-language-oracle,sample-0068.npz,1,proprio,0.0,1.0000007152557373,0.0
no-language-oracle,sample-0068.npz,1,text,0.0,1.0000009536743164,0.0
no-language-oracle,sample-0068.npz,1,action_readout,0.0,0.9999895095825195,0.0
no-language-oracle,sample-0068.npz,2,image_main,0.0,1.000000238418579,0.0
no-language-oracle,sample-0068.npz,2,image_wrist,0.0,0.9999997615814209,0.0
no-language-oracle,sample-0068.npz,2,proprio,0.0,1.0000005960464478,0.0
no-language-oracle,sample-0068.npz,2,text,0.0,1.0000009536743164,0.0
no-language-oracle,sample-0068.npz,2,action_readout,0.0,0.9999878406524658,0.0
no-language-oracle,sample-0068.npz,3,image_main,0.0,1.0000004768371582,0.0
no-language-oracle,sample-0068.npz,3,image_wrist,0.0,0.9999995231628418,0.0
no-language-oracle,sample-0068.npz,3,proprio,0.0,1.0000007152557373,0.0
no-language-oracle,sample-0068.npz,3,text,0.0,1.000001072883606,0.0
no-language-oracle,sample-0068.npz,3,action_readout,0.0,0.9999850392341614,0.0
no-language-oracle,sample-0068.npz,4,image_main,0.0,1.0,0.0
no-language-oracle,sample-0068.npz,4,image_wrist,0.0,1.0000007152557373,0.0
no-language-oracle,sample-0068.npz,4,proprio,0.0,1.0000005960464478,0.0
no-language-oracle,sample-0068.npz,4,text,0.0,1.0000011920928955,0.0
no-language-oracle,sample-0068.npz,4,action_readout,0.0,0.9999859929084778,0.0
no-language-oracle,sample-0068.npz,5,image_main,0.0,1.0000007152557373,0.0
no-language-oracle,sample-0068.npz,5,image_wrist,0.0,1.0000001192092896,0.0
no-language-oracle,sample-0068.npz,5,proprio,0.0,1.0000007152557373,0.0
no-language-oracle,sample-0068.npz,5,text,0.0,1.0000007152557373,0.0
no-language-oracle,sample-0068.npz,5,action_readout,0.0,0.9999836683273315,0.0
no-language-oracle,sample-0068.npz,6,image_main,0.0,1.000000238418579,0.0
no-language-oracle,sample-0068.npz,6,image_wrist,0.0,0.9999994039535522,0.0
no-language-oracle,sample-0068.npz,6,proprio,0.0,1.0000008344650269,0.0
no-language-oracle,sample-0068.npz,6,text,0.0,1.0000011920928955,0.0
no-language-oracle,sample-0068.npz,6,action_readout,0.0,0.9999852180480957,0.0
no-language-oracle,sample-0068.npz,7,image_main,0.0,0.9999990463256836,0.0
no-language-oracle,sample-0068.npz,7,image_wrist,0.0,1.0000007152557373,0.0
no-language-oracle,sample-0068.npz,7,proprio,0.0,1.0000007152557373,0.0
no-language-oracle,sample-0068.npz,7,text,0.0,1.000001072883606,0.0
no-language-oracle,sample-0068.npz,7,action_readout,0.0,0.9999843835830688,0.0
no-language-oracle,sample-0068.npz,8,image_main,0.0,1.000000238418579,0.0
no-language-oracle,sample-0068.npz,8,image_wrist,0.0,0.9999998807907104,0.0
no-language-oracle,sample-0068.npz,8,proprio,0.0,1.0000009536743164,0.0
no-language-oracle,sample-0068.npz,8,text,0.0,1.0000014305114746,0.0
no-language-oracle,sample-0068.npz,8,action_readout,0.0,0.9999842047691345,0.0
no-language-oracle,sample-0068.npz,9,image_main,0.0,1.0000004768371582,0.0
no-language-oracle,sample-0068.npz,9,image_wrist,0.0,1.0000008344650269,0.0
no-language-oracle,sample-0068.npz,9,proprio,0.0,1.0000009536743164,0.0
no-language-oracle,sample-0068.npz,9,text,0.0,1.0000011920928955,0.0
no-language-oracle,sample-0068.npz,9,action_readout,0.0,0.9999880790710449,0.0
no-language-oracle,sample-0068.npz,10,image_main,0.0,1.0000015497207642,0.0
no-language-oracle,sample-0068.npz,10,image_wrist,0.0,1.0000009536743164,0.0
no-language-oracle,sample-0068.npz,10,proprio,0.0,1.0000008344650269,0.0
no-language-oracle,sample-0068.npz,10,text,0.0,1.0000007152557373,0.0
no-language-oracle,sample-0068.npz,10,action_readout,0.0,0.9999887943267822,0.0
no-language-oracle,sample-0068.npz,11,image_main,0.0,1.0000009536743164,0.0
no-language-oracle,sample-0068.npz,11,image_wrist,0.0,1.0000011920928955,0.0
no-language-oracle,sample-0068.npz,11,proprio,0.0,1.0000005960464478,0.0
no-language-oracle,sample-0068.npz,11,text,0.0,1.0000008344650269,0.0
no-language-oracle,sample-0068.npz,11,action_readout,0.0,0.9999897480010986,0.0
no-language-oracle,sample-0068.npz,12,image_main,0.0,0.9999997615814209,0.0
no-language-oracle,sample-0068.npz,12,image_wrist,0.0,1.000001072883606,0.0
no-language-oracle,sample-0068.npz,12,proprio,0.0,1.0000008344650269,0.0
no-language-oracle,sample-0068.npz,12,text,0.0,1.000001072883606,0.0
no-language-oracle,sample-0068.npz,12,action_readout,0.0,0.9999877214431763,0.0
no-language-oracle,sample-0068.npz,13,image_main,0.0,1.0000019073486328,0.0
no-language-oracle,sample-0068.npz,13,image_wrist,0.0,1.0000014305114746,0.0
no-language-oracle,sample-0068.npz,13,proprio,0.0,1.0000008344650269,0.0
no-language-oracle,sample-0068.npz,13,text,0.0,1.0000014305114746,0.0
no-language-oracle,sample-0068.npz,13,action_readout,0.0,0.9999852180480957,0.0
no-language-oracle,sample-0068.npz,14,image_main,0.0,1.0000019073486328,0.0
no-language-oracle,sample-0068.npz,14,image_wrist,0.0,1.0000011920928955,0.0
no-language-oracle,sample-0068.npz,14,proprio,0.0,1.0000007152557373,0.0
no-language-oracle,sample-0068.npz,14,text,0.0,1.0000016689300537,0.0
no-language-oracle,sample-0068.npz,14,action_readout,0.0,0.9999862313270569,0.0
no-language-oracle,sample-0068.npz,15,image_main,0.0,1.0000007152557373,0.0
no-language-oracle,sample-0068.npz,15,image_wrist,0.0,1.000002145767212,0.0
no-language-oracle,sample-0068.npz,15,proprio,0.0,1.0000008344650269,0.0
no-language-oracle,sample-0068.npz,15,text,0.0,1.0000019073486328,0.0
no-language-oracle,sample-0068.npz,15,action_readout,0.0,0.9999856352806091,0.0
no-language-oracle,sample-0068.npz,16,image_main,0.0,1.0000008344650269,0.0
no-language-oracle,sample-0068.npz,16,image_wrist,0.0,1.0000005960464478,0.0
no-language-oracle,sample-0068.npz,16,proprio,0.0,1.0000008344650269,0.0
no-language-oracle,sample-0068.npz,16,text,0.0,1.0000017881393433,0.0
no-language-oracle,sample-0068.npz,16,action_readout,0.0,0.9999856948852539,0.0
no-language-oracle,sample-0068.npz,17,image_main,0.0,1.0000011920928955,0.0
no-language-oracle,sample-0068.npz,17,image_wrist,0.0,1.0,0.0
no-language-oracle,sample-0068.npz,17,proprio,0.0,1.0000007152557373,0.0
no-language-oracle,sample-0068.npz,17,text,0.0,1.0000019073486328,0.0
no-language-oracle,sample-0068.npz,17,action_readout,0.0,0.9999868869781494,0.0
no-language-oracle,sample-0068.npz,18,image_main,0.0,1.0000004768371582,0.0
no-language-oracle,sample-0068.npz,18,image_wrist,0.0,1.000001311302185,0.0
no-language-oracle,sample-0068.npz,18,proprio,0.0,1.0000007152557373,0.0
no-language-oracle,sample-0068.npz,18,text,0.0,1.0000020265579224,0.0
no-language-oracle,sample-0068.npz,18,action_readout,0.0,0.9999871253967285,0.0
no-language-oracle,sample-0068.npz,19,image_main,0.0,1.0000004768371582,0.0
no-language-oracle,sample-0068.npz,19,image_wrist,0.0,1.0000019073486328,0.0
no-language-oracle,sample-0068.npz,19,proprio,0.0,1.0000009536743164,0.0
no-language-oracle,sample-0068.npz,19,text,0.0,1.0000022649765015,0.0
no-language-oracle,sample-0068.npz,19,action_readout,0.0,0.9999887347221375,0.0
no-language-oracle,sample-0068.npz,20,image_main,0.0,1.000002145767212,0.0
no-language-oracle,sample-0068.npz,20,image_wrist,0.0,1.0000016689300537,0.0
no-language-oracle,sample-0068.npz,20,proprio,0.0,1.0000009536743164,0.0
no-language-oracle,sample-0068.npz,20,text,0.0,1.0000026226043701,0.0
no-language-oracle,sample-0068.npz,20,action_readout,0.0,0.9999915957450867,0.0
no-language-oracle,sample-0068.npz,21,image_main,0.0,1.0000020265579224,0.0
no-language-oracle,sample-0068.npz,21,image_wrist,0.0,1.0000027418136597,0.0
no-language-oracle,sample-0068.npz,21,proprio,0.0,1.0000007152557373,0.0
no-language-oracle,sample-0068.npz,21,text,0.0,1.000003457069397,0.0
no-language-oracle,sample-0068.npz,21,action_readout,0.0,0.9999940395355225,0.0
no-language-oracle,sample-0068.npz,22,image_main,0.0,1.0000028610229492,0.0
no-language-oracle,sample-0068.npz,22,image_wrist,0.0,1.0000014305114746,0.0
no-language-oracle,sample-0068.npz,22,proprio,0.0,1.0000005960464478,0.0
no-language-oracle,sample-0068.npz,22,text,0.0,1.0000039339065552,0.0
no-language-oracle,sample-0068.npz,22,action_readout,0.0,0.9999852776527405,0.0
no-language-oracle,sample-0068.npz,23,image_main,0.0,1.0000028610229492,0.0
no-language-oracle,sample-0068.npz,23,image_wrist,0.0,0.9999998807907104,0.0
no-language-oracle,sample-0068.npz,23,proprio,0.0,1.0000008344650269,0.0
no-language-oracle,sample-0068.npz,23,text,0.0,1.000003695487976,0.0
no-language-oracle,sample-0068.npz,23,action_readout,0.0,0.9999837875366211,0.0
no-language-oracle,sample-0068.npz,24,image_main,0.0,1.0000016689300537,0.0
no-language-oracle,sample-0068.npz,24,image_wrist,0.0,0.9999994039535522,0.0
no-language-oracle,sample-0068.npz,24,proprio,0.0,1.0000007152557373,0.0
no-language-oracle,sample-0068.npz,24,text,0.0,1.0000038146972656,0.0
no-language-oracle,sample-0068.npz,24,action_readout,0.0,0.9999853372573853,0.0
no-language-oracle,sample-0068.npz,25,image_main,0.0,1.000000238418579,0.0
no-language-oracle,sample-0068.npz,25,image_wrist,0.0,1.0000004768371582,0.0
no-language-oracle,sample-0068.npz,25,proprio,0.0,1.0000007152557373,0.0
no-language-oracle,sample-0068.npz,25,text,0.0,1.0000038146972656,0.0
no-language-oracle,sample-0068.npz,25,action_readout,0.0,0.9999921321868896,0.0
no-language-oracle,sample-0068.npz,26,image_main,0.0,1.0000004768371582,0.0
no-language-oracle,sample-0068.npz,26,image_wrist,0.0,1.0000004768371582,0.0
no-language-oracle,sample-0068.npz,26,proprio,0.0,1.0000008344650269,0.0
no-language-oracle,sample-0068.npz,26,text,0.0,1.0000041723251343,0.0
no-language-oracle,sample-0068.npz,26,action_readout,0.0,0.9999929070472717,0.0
no-language-oracle,sample-0068.npz,27,image_main,0.0,1.0000004768371582,0.0
no-language-oracle,sample-0068.npz,27,image_wrist,0.0,1.000001311302185,0.0
no-language-oracle,sample-0068.npz,27,proprio,0.0,1.0000005960464478,0.0
no-language-oracle,sample-0068.npz,27,text,0.0,1.0000032186508179,0.0
no-language-oracle,sample-0068.npz,27,action_readout,0.0,0.9999867081642151,0.0
no-language-oracle,sample-0068.npz,28,image_main,0.0,1.0000004768371582,0.0
no-language-oracle,sample-0068.npz,28,image_wrist,0.0,1.0000011920928955,0.0
no-language-oracle,sample-0068.npz,28,proprio,0.0,1.0000008344650269,0.0
no-language-oracle,sample-0068.npz,28,text,0.0,1.0000033378601074,0.0
no-language-oracle,sample-0068.npz,28,action_readout,0.0,0.9999843239784241,0.0
no-language-oracle,sample-0068.npz,29,image_main,0.0,1.0000029802322388,0.0
no-language-oracle,sample-0068.npz,29,image_wrist,0.0,1.0000016689300537,0.0
no-language-oracle,sample-0068.npz,29,proprio,0.0,1.0000009536743164,0.0
no-language-oracle,sample-0068.npz,29,text,0.0,1.0000035762786865,0.0
no-language-oracle,sample-0068.npz,29,action_readout,0.0,0.999982476234436,0.0
no-language-oracle,sample-0068.npz,30,image_main,0.0,1.0000011920928955,0.0
no-language-oracle,sample-0068.npz,30,image_wrist,0.0,1.0000004768371582,0.0
no-language-oracle,sample-0068.npz,30,proprio,0.0,1.0000008344650269,0.0
no-language-oracle,sample-0068.npz,30,text,0.0,1.0000026226043701,0.0
no-language-oracle,sample-0068.npz,30,action_readout,0.0,0.9999880194664001,0.0
no-language-oracle,sample-0068.npz,31,image_main,0.0,0.9999980330467224,0.0
no-language-oracle,sample-0068.npz,31,image_wrist,0.0,0.999998927116394,0.0
no-language-oracle,sample-0068.npz,31,proprio,0.0,1.0000007152557373,0.0
no-language-oracle,sample-0068.npz,31,text,0.0,1.0000027418136597,0.0
no-language-oracle,sample-0068.npz,31,action_readout,0.0,0.9999846816062927,0.0
no-language-oracle,sample-0069.npz,0,image_main,0.0,1.0000011920928955,0.0
no-language-oracle,sample-0069.npz,0,image_wrist,0.0,1.000003695487976,0.0
no-language-oracle,sample-0069.npz,0,proprio,0.0,1.0000011920928955,0.0
no-language-oracle,sample-0069.npz,0,text,0.0,0.9999984502792358,0.0
no-language-oracle,sample-0069.npz,0,action_readout,0.0,1.0000100135803223,0.0
no-language-oracle,sample-0069.npz,1,image_main,0.0,1.0000007152557373,0.0
no-language-oracle,sample-0069.npz,1,image_wrist,0.0,1.0000028610229492,0.0
no-language-oracle,sample-0069.npz,1,proprio,0.0,1.0000007152557373,0.0
no-language-oracle,sample-0069.npz,1,text,0.0,1.0000008344650269,0.0
no-language-oracle,sample-0069.npz,1,action_readout,0.0,0.9999895095825195,0.0
no-language-oracle,sample-0069.npz,2,image_main,0.0,0.9999986290931702,0.0
no-language-oracle,sample-0069.npz,2,image_wrist,0.0,1.0000007152557373,0.0
no-language-oracle,sample-0069.npz,2,proprio,0.0,1.0000004768371582,0.0
no-language-oracle,sample-0069.npz,2,text,0.0,1.000001072883606,0.0
no-language-oracle,sample-0069.npz,2,action_readout,0.0,0.9999893307685852,0.0
no-language-oracle,sample-0069.npz,3,image_main,0.0,0.9999982118606567,0.0
no-language-oracle,sample-0069.npz,3,image_wrist,0.0,1.0000020265579224,0.0
no-language-oracle,sample-0069.npz,3,proprio,0.0,1.0000005960464478,0.0
no-language-oracle,sample-0069.npz,3,text,0.0,1.0000011920928955,0.0
no-language-oracle,sample-0069.npz,3,action_readout,0.0,0.9999942779541016,0.0
no-language-oracle,sample-0069.npz,4,image_main,0.0,0.9999986290931702,0.0
no-language-oracle,sample-0069.npz,4,image_wrist,0.0,1.0000011920928955,0.0
no-language-oracle,sample-0069.npz,4,proprio,0.0,1.0000003576278687,0.0
no-language-oracle,sample-0069.npz,4,text,0.0,1.0000005960464478,0.0
no-language-oracle,sample-0069.npz,4,action_readout,0.0,0.9999958872795105,0.0
no-language-oracle,sample-0069.npz,5,image_main,0.0,0.9999978542327881,0.0
no-language-oracle,sample-0069.npz,5,image_wrist,0.0,1.0000022649765015,0.0
no-language-oracle,sample-0069.npz,5,proprio,0.0,1.0000007152557373,0.0
no-language-oracle,sample-0069.npz,5,text,0.0,1.0000005960464478,0.0
no-language-oracle,sample-0069.npz,5,action_readout,0.0,0.9999889731407166,0.0
no-language-oracle,sample-0069.npz,6,image_main,0.0,0.9999990463256836,0.0
no-language-oracle,sample-0069.npz,6,image_wrist,0.0,1.000000238418579,0.0
no-language-oracle,sample-0069.npz,6,proprio,0.0,1.0,0.0
no-language-oracle,sample-0069.npz,6,text,0.0,1.0000005960464478,0.0
no-language-oracle,sample-0069.npz,6,action_readout,0.0,0.9999901056289673,0.0
no-language-oracle,sample-0069.npz,7,image_main,0.0,0.9999986886978149,0.0
no-language-oracle,sample-0069.npz,7,image_wrist,0.0,1.0000009536743164,0.0
no-language-oracle,sample-0069.npz,7,proprio,0.0,1.0000007152557373,0.0
no-language-oracle,sample-0069.npz,7,text,0.0,1.0000005960464478,0.0
no-language-oracle,sample-0069.npz,7,action_readout,0.0,0.9999887347221375,0.0
no-language-oracle,sample-0069.npz,8,image_main,0.0,0.9999989867210388,0.0
no-language-oracle,sample-0069.npz,8,image_wrist,0.0,1.0000017881393433,0.0
no-language-oracle,sample-0069.npz,8,proprio,0.0,1.0000005960464478,0.0
no-language-oracle,sample-0069.npz,8,text,0.0,1.0000005960464478,0.0
no-language-oracle,sample-0069.npz,8,action_readout,0.0,0.9999932050704956,0.0
no-language-oracle,sample-0069.npz,9,image_main,0.0,0.9999993443489075,0.0
no-language-oracle,sample-0069.npz,9,image_wrist,0.0,1.0000014305114746,0.0
no-language-oracle,sample-0069.npz,9,proprio,0.0,1.0000003576278687,0.0
no-language-oracle,sample-0069.npz,9,text,0.0,1.0000008344650269,0.0
no-language-oracle,sample-0069.npz,9,action_readout,0.0,0.9999873638153076,0.0
no-language-oracle,sample-0069.npz,10,image_main,0.0,0.999998927116394,0.0
no-language-oracle,sample-0069.npz,10,image_wrist,0.0,1.0000016689300537,0.0
no-language-oracle,sample-0069.npz,10,proprio,0.0,1.0000007152557373,0.0
no-language-oracle,sample-0069.npz,10,text,0.0,1.0000009536743164,0.0
no-language-oracle,sample-0069.npz,10,action_readout,0.0,0.9999852776527405,0.0
no-language-oracle,sample-0069.npz,11,image_main,0.0,0.9999989867210388,0.0
no-language-oracle,sample-0069.npz,11,image_wrist,0.0,1.0000014305114746,0.0
no-language-oracle,sample-0069.npz,11,proprio,0.0,1.0000008344650269,0.0
no-language-oracle,sample-0069.npz,11,text,0.0,1.0000007152557373,0.0
no-language-oracle,sample-0069.npz,11,action_readout,0.0,0.9999878406524658,0.0
no-language-oracle,sample-0069.npz,12,image_main,0.0,0.9999985098838806,0.0
no-language-oracle,sample-0069.npz,12,image_wrist,0.0,1.0000014305114746,0.0
no-language-oracle,sample-0069.npz,12,proprio,0.0,1.000001072883606,0.0
no-language-oracle,sample-0069.npz,12,text,0.0,1.0000011920928955,0.0
no-language-oracle,sample-0069.npz,12,action_readout,0.0,0.9999846816062927,0.0
no-language-oracle,sample-0069.npz,13,image_main,0.0,0.9999985694885254,0.0
no-language-oracle,sample-0069.npz,13,image_wrist,0.0,1.0000008344650269,0.0
no-language-oracle,sample-0069.npz,13,proprio,0.0,1.0000004768371582,0.0
no-language-oracle,sample-0069.npz,13,text,0.0,1.000001311302185,0.0
no-language-oracle,sample-0069.npz,13,action_readout,0.0,0.9999828338623047,0.0
no-language-oracle,sample-0069.npz,14,image_main,0.0,0.9999997615814209,0.0
no-language-oracle,sample-0069.npz,14,image_wrist,0.0,1.0000009536743164,0.0
no-language-oracle,sample-0069.npz,14,proprio,0.0,1.000000238418579,0.0
no-language-oracle,sample-0069.npz,14,text,0.0,1.0000017881393433,0.0
no-language-oracle,sample-0069.npz,14,action_readout,0.0,0.9999898672103882,0.0
no-language-oracle,sample-0069.npz,15,image_main,0.0,0.9999991059303284,0.0
no-language-oracle,sample-0069.npz,15,image_wrist,0.0,1.0,0.0
no-language-oracle,sample-0069.npz,15,proprio,0.0,1.0000004768371582,0.0
no-language-oracle,sample-0069.npz,15,text,0.0,1.0000015497207642,0.0
no-language-oracle,sample-0069.npz,15,action_readout,0.0,0.9999889731407166,0.0
no-language-oracle,sample-0069.npz,16,image_main,0.0,0.9999990463256836,0.0
no-language-oracle,sample-0069.npz,16,image_wrist,0.0,0.9999991059303284,0.0
no-language-oracle,sample-0069.npz,16,proprio,0.0,1.0000004768371582,0.0
no-language-oracle,sample-0069.npz,16,text,0.0,1.0000016689300537,0.0
no-language-oracle,sample-0069.npz,16,action_readout,0.0,0.9999873638153076,0.0
no-language-oracle,sample-0069.npz,17,image_main,0.0,0.9999991655349731,0.0
no-language-oracle,sample-0069.npz,17,image_wrist,0.0,1.0000007152557373,0.0
no-language-oracle,sample-0069.npz,17,proprio,0.0,1.0000009536743164,0.0
no-language-oracle,sample-0069.npz,17,text,0.0,1.0000016689300537,0.0
no-language-oracle,sample-0069.npz,17,action_readout,0.0,0.9999867677688599,0.0
no-language-oracle,sample-0069.npz,18,image_main,0.0,1.0000004768371582,0.0
no-language-oracle,sample-0069.npz,18,image_wrist,0.0,1.0000011920928955,0.0
no-language-oracle,sample-0069.npz,18,proprio,0.0,1.0000005960464478,0.0
no-language-oracle,sample-0069.npz,18,text,0.0,1.0000014305114746,0.0
no-language-oracle,sample-0069.npz,18,action_readout,0.0,0.9999840259552002,0.0
no-language-oracle,sample-0069.npz,19,image_main,0.0,1.000000238418579,0.0
no-language-oracle,sample-0069.npz,19,image_wrist,0.0,1.0000025033950806,0.0
no-language-oracle,sample-0069.npz,19,proprio,0.0,1.0000004768371582,0.0
no-language-oracle,sample-0069.npz,19,text,0.0,1.0000017881393433,0.0
no-language-oracle,sample-0069.npz,19,action_readout,0.0,0.9999855160713196,0.0
no-language-oracle,sample-0069.npz,20,image_main,0.0,1.000001072883606,0.0
no-language-oracle,sample-0069.npz,20,image_wrist,0.0,1.000003457069397,0.0
no-language-oracle,sample-0069.npz,20,proprio,0.0,1.0000005960464478,0.0
no-language-oracle,sample-0069.npz,20,text,0.0,1.0000026226043701,0.0
no-language-oracle,sample-0069.npz,20,action_readout,0.0,0.9999909400939941,0.0
no-language-oracle,sample-0069.npz,21,image_main,0.0,1.0000015497207642,0.0
no-language-oracle,sample-0069.npz,21,image_wrist,0.0,1.000002145767212,0.0
no-language-oracle,sample-0069.npz,21,proprio,0.0,1.0000009536743164,0.0
no-language-oracle,sample-0069.npz,21,text,0.0,1.0000022649765015,0.0
no-language-oracle,sample-0069.npz,21,action_readout,0.0,0.9999884366989136,0.0
no-language-oracle,sample-0069.npz,22,image_main,0.0,1.0000026226043701,0.0
no-language-oracle,sample-0069.npz,22,image_wrist,0.0,1.0000028610229492,0.0
no-language-oracle,sample-0069.npz,22,proprio,0.0,1.0000005960464478,0.0
no-language-oracle,sample-0069.npz,22,text,0.0,1.000002384185791,0.0
no-language-oracle,sample-0069.npz,22,action_readout,0.0,0.9999934434890747,0.0
no-language-oracle,sample-0069.npz,23,image_main,0.0,1.0000030994415283,0.0
no-language-oracle,sample-0069.npz,23,image_wrist,0.0,1.0000028610229492,0.0
no-language-oracle,sample-0069.npz,23,proprio,0.0,1.0000007152557373,0.0
no-language-oracle,sample-0069.npz,23,text,0.0,1.0000028610229492,0.0
no-language-oracle,sample-0069.npz,23,action_readout,0.0,0.9999915957450867,0.0
no-language-oracle,sample-0069.npz,24,image_main,0.0,1.0000016689300537,0.0
no-language-oracle,sample-0069.npz,24,image_wrist,0.0,1.0000016689300537,0.0
no-language-oracle,sample-0069.npz,24,proprio,0.0,1.0000004768371582,0.0
no-language-oracle,sample-0069.npz,24,text,0.0,1.0000033378601074,0.0
no-language-oracle,sample-0069.npz,24,action_readout,0.0,0.999986469745636,0.0
no-language-oracle,sample-0069.npz,25,image_main,0.0,1.0000009536743164,0.0
no-language-oracle,sample-0069.npz,25,image_wrist,0.0,1.0000017881393433,0.0
no-language-oracle,sample-0069.npz,25,proprio,0.0,1.0000003576278687,0.0
no-language-oracle,sample-0069.npz,25,text,0.0,1.000003695487976,0.0
no-language-oracle,sample-0069.npz,25,action_readout,0.0,0.9999840259552002,0.0
no-language-oracle,sample-0069.npz,26,image_main,0.0,0.9999979734420776,0.0
no-language-oracle,sample-0069.npz,26,image_wrist,0.0,0.9999998807907104,0.0
no-language-oracle,sample-0069.npz,26,proprio,0.0,1.0000005960464478,0.0
no-language-oracle,sample-0069.npz,26,text,0.0,1.0000039339065552,0.0
no-language-oracle,sample-0069.npz,26,action_readout,0.0,0.9999831914901733,0.0
no-language-oracle,sample-0069.npz,27,image_main,0.0,0.999997615814209,0.0
no-language-oracle,sample-0069.npz,27,image_wrist,0.0,0.9999980926513672,0.0
no-language-oracle,sample-0069.npz,27,proprio,0.0,1.0000007152557373,0.0
no-language-oracle,sample-0069.npz,27,text,0.0,1.0000039339065552,0.0
no-language-oracle,sample-0069.npz,27,action_readout,0.0,0.9999834299087524,0.0
no-language-oracle,sample-0069.npz,28,image_main,0.0,0.9999976754188538,0.0
no-language-oracle,sample-0069.npz,28,image_wrist,0.0,0.9999995827674866,0.0
no-language-oracle,sample-0069.npz,28,proprio,0.0,1.000000238418579,0.0
no-language-oracle,sample-0069.npz,28,text,0.0,1.000003695487976,0.0
no-language-oracle,sample-0069.npz,28,action_readout,0.0,0.9999868869781494,0.0
no-language-oracle,sample-0069.npz,29,image_main,0.0,0.999998927116394,0.0
no-language-oracle,sample-0069.npz,29,image_wrist,0.0,0.9999992847442627,0.0
no-language-oracle,sample-0069.npz,29,proprio,0.0,1.0000001192092896,0.0
no-language-oracle,sample-0069.npz,29,text,0.0,1.0000035762786865,0.0
no-language-oracle,sample-0069.npz,29,action_readout,0.0,0.9999858140945435,0.0
no-language-oracle,sample-0069.npz,30,image_main,0.0,0.9999982714653015,0.0
no-language-oracle,sample-0069.npz,30,image_wrist,0.0,0.9999992847442627,0.0
no-language-oracle,sample-0069.npz,30,proprio,0.0,1.0000007152557373,0.0
no-language-oracle,sample-0069.npz,30,text,0.0,1.0000041723251343,0.0
no-language-oracle,sample-0069.npz,30,action_readout,0.0,0.9999898076057434,0.0
no-language-oracle,sample-0069.npz,31,image_main,0.0,0.9999990463256836,0.0
no-language-oracle,sample-0069.npz,31,image_wrist,0.0,0.9999966621398926,0.0
no-language-oracle,sample-0069.npz,31,proprio,0.0,1.0000008344650269,0.0
no-language-oracle,sample-0069.npz,31,text,0.0,1.0000035762786865,0.0
no-language-oracle,sample-0069.npz,31,action_readout,0.0,0.9999932646751404,0.0
no-language-oracle,sample-0070.npz,0,image_main,0.0,1.0000007152557373,0.0
no-language-oracle,sample-0070.npz,0,image_wrist,0.0,1.0000026226043701,0.0
no-language-oracle,sample-0070.npz,0,proprio,0.0,1.000001072883606,0.0
no-language-oracle,sample-0070.npz,0,text,0.0,0.9999988079071045,0.0
no-language-oracle,sample-0070.npz,0,action_readout,0.0,1.000000238418579,0.0
no-language-oracle,sample-0070.npz,1,image_main,0.0,1.000001072883606,0.0
no-language-oracle,sample-0070.npz,1,image_wrist,0.0,1.0000030994415283,0.0
no-language-oracle,sample-0070.npz,1,proprio,0.0,1.0000009536743164,0.0
no-language-oracle,sample-0070.npz,1,text,0.0,1.000001311302185,0.0
no-language-oracle,sample-0070.npz,1,action_readout,0.0,0.9999883770942688,0.0
no-language-oracle,sample-0070.npz,2,image_main,0.0,0.9999998211860657,0.0
no-language-oracle,sample-0070.npz,2,image_wrist,0.0,1.0000041723251343,0.0
no-language-oracle,sample-0070.npz,2,proprio,0.0,1.0000009536743164,0.0
no-language-oracle,sample-0070.npz,2,text,0.0,1.0000016689300537,0.0
no-language-oracle,sample-0070.npz,2,action_readout,0.0,0.9999908208847046,0.0
no-language-oracle,sample-0070.npz,3,image_main,0.0,1.0000009536743164,0.0
no-language-oracle,sample-0070.npz,3,image_wrist,0.0,1.0000051259994507,0.0
no-language-oracle,sample-0070.npz,3,proprio,0.0,1.000001072883606,0.0
no-language-oracle,sample-0070.npz,3,text,0.0,1.0000025033950806,0.0
no-language-oracle,sample-0070.npz,3,action_readout,0.0,0.9999947547912598,0.0
no-language-oracle,sample-0070.npz,4,image_main,0.0,1.0,0.0
no-language-oracle,sample-0070.npz,4,image_wrist,0.0,1.0000057220458984,0.0
no-language-oracle,sample-0070.npz,4,proprio,0.0,1.0000008344650269,0.0
no-language-oracle,sample-0070.npz,4,text,0.0,1.0000027418136597,0.0
no-language-oracle,sample-0070.npz,4,action_readout,0.0,0.9999931454658508,0.0
no-language-oracle,sample-0070.npz,5,image_main,0.0,1.0000004768371582,0.0
no-language-oracle,sample-0070.npz,5,image_wrist,0.0,1.0000052452087402,0.0
no-language-oracle,sample-0070.npz,5,proprio,0.0,1.0000009536743164,0.0
no-language-oracle,sample-0070.npz,5,text,0.0,1.0000025033950806,0.0
no-language-oracle,sample-0070.npz,5,action_readout,0.0,0.9999934434890747,0.0
no-language-oracle,sample-0070.npz,6,image_main,0.0,1.0,0.0
no-language-oracle,sample-0070.npz,6,image_wrist,0.0,1.0000052452087402,0.0
no-language-oracle,sample-0070.npz,6,proprio,0.0,1.0000009536743164,0.0
no-language-oracle,sample-0070.npz,6,text,0.0,1.0000019073486328,0.0
no-language-oracle,sample-0070.npz,6,action_readout,0.0,0.9999922513961792,0.0
no-language-oracle,sample-0070.npz,7,image_main,0.0,0.9999992847442627,0.0
no-language-oracle,sample-0070.npz,7,image_wrist,0.0,1.0000054836273193,0.0
no-language-oracle,sample-0070.npz,7,proprio,0.0,1.0000009536743164,0.0
no-language-oracle,sample-0070.npz,7,text,0.0,1.0000017881393433,0.0
no-language-oracle,sample-0070.npz,7,action_readout,0.0,0.9999901652336121,0.0
no-language-oracle,sample-0070.npz,8,image_main,0.0,0.9999992847442627,0.0
no-language-oracle,sample-0070.npz,8,image_wrist,0.0,1.0000042915344238,0.0
no-language-oracle,sample-0070.npz,8,proprio,0.0,1.000001072883606,0.0
no-language-oracle,sample-0070.npz,8,text,0.0,1.0000014305114746,0.0
no-language-oracle,sample-0070.npz,8,action_readout,0.0,0.9999901652336121,0.0
no-language-oracle,sample-0070.npz,9,image_main,0.0,0.9999991655349731,0.0
no-language-oracle,sample-0070.npz,9,image_wrist,0.0,1.0000053644180298,0.0
no-language-oracle,sample-0070.npz,9,proprio,0.0,1.0000008344650269,0.0
no-language-oracle,sample-0070.npz,9,text,0.0,1.0000017881393433,0.0
no-language-oracle,sample-0070.npz,9,action_readout,0.0,0.9999884963035583,0.0
no-language-oracle,sample-0070.npz,10,image_main,0.0,1.0000003576278687,0.0
no-language-oracle,sample-0070.npz,10,image_wrist,0.0,1.000003457069397,0.0
no-language-oracle,sample-0070.npz,10,proprio,0.0,1.000001072883606,0.0
no-language-oracle,sample-0070.npz,10,text,0.0,1.0000025033950806,0.0
no-language-oracle,sample-0070.npz,10,action_readout,0.0,0.9999883770942688,0.0
no-language-oracle,sample-0070.npz,11,image_main,0.0,1.0000009536743164,0.0
no-language-oracle,sample-0070.npz,11,image_wrist,0.0,1.0000026226043701,0.0
no-language-oracle,sample-0070.npz,11,proprio,0.0,1.0000008344650269,0.0
no-language-oracle,sample-0070.npz,11,text,0.0,1.0000025033950806,0.0
no-language-oracle,sample-0070.npz,11,action_readout,0.0,0.9999889135360718,0.0
no-language-oracle,sample-0070.npz,12,image_main,0.0,1.0,0.0
no-language-oracle,sample-0070.npz,12,image_wrist,0.0,1.0000020265579224,0.0
no-language-oracle,sample-0070.npz,12,proprio,0.0,1.0000011920928955,0.0
no-language-oracle,sample-0070.npz,12,text,0.0,1.0000027418136597,0.0
no-language-oracle,sample-0070.npz,12,action_readout,0.0,0.9999887943267822,0.0
no-language-oracle,sample-0070.npz,13,image_main,0.0,1.0000005960464478,0.0
no-language-oracle,sample-0070.npz,13,image_wrist,0.0,1.0000028610229492,0.0
no-language-oracle,sample-0070.npz,13,proprio,0.0,1.0000011920928955,0.0
no-language-oracle,sample-0070.npz,13,text,0.0,1.0000029802322388,0.0
no-language-oracle,sample-0070.npz,13,action_readout,0.0,0.9999885559082031,0.0
no-language-oracle,sample-0070.npz,14,image_main,0.0,1.000000238418579,0.0
no-language-oracle,sample-0070.npz,14,image_wrist,0.0,1.0000028610229492,0.0
no-language-oracle,sample-0070.npz,14,proprio,0.0,1.0000008344650269,0.0
no-language-oracle,sample-0070.npz,14,text,0.0,1.0000028610229492,0.0
no-language-oracle,sample-0070.npz,14,action_readout,0.0,0.9999843835830688,0.0
no-language-oracle,sample-0070.npz,15,image_main,0.0,0.9999999403953552,0.0
no-language-oracle,sample-0070.npz,15,image_wrist,0.0,1.0000014305114746,0.0
no-language-oracle,sample-0070.npz,15,proprio,0.0,1.000001072883606,0.0
no-language-oracle,sample-0070.npz,15,text,0.0,1.0000032186508179,0.0
no-language-oracle,sample-0070.npz,15,action_readout,0.0,0.9999837279319763,0.0
no-language-oracle,sample-0070.npz,16,image_main,0.0,1.0000005960464478,0.0
no-language-oracle,sample-0070.npz,16,image_wrist,0.0,1.0000016689300537,0.0
no-language-oracle,sample-0070.npz,16,proprio,0.0,1.000001072883606,0.0
no-language-oracle,sample-0070.npz,16,text,0.0,1.0000030994415283,0.0
no-language-oracle,sample-0070.npz,16,action_readout,0.0,0.9999826550483704,0.0
no-language-oracle,sample-0070.npz,17,image_main,0.0,1.0000004768371582,0.0
no-language-oracle,sample-0070.npz,17,image_wrist,0.0,1.0000026226043701,0.0
no-language-oracle,sample-0070.npz,17,proprio,0.0,1.000001072883606,0.0
no-language-oracle,sample-0070.npz,17,text,0.0,1.0000030994415283,0.0
no-language-oracle,sample-0070.npz,17,action_readout,0.0,0.9999834299087524,0.0
no-language-oracle,sample-0070.npz,18,image_main,0.0,1.0000007152557373,0.0
no-language-oracle,sample-0070.npz,18,image_wrist,0.0,1.000002384185791,0.0
no-language-oracle,sample-0070.npz,18,proprio,0.0,1.0000009536743164,0.0
no-language-oracle,sample-0070.npz,18,text,0.0,1.000003695487976,0.0
no-language-oracle,sample-0070.npz,18,action_readout,0.0,0.9999861717224121,0.0
no-language-oracle,sample-0070.npz,19,image_main,0.0,1.0000008344650269,0.0
no-language-oracle,sample-0070.npz,19,image_wrist,0.0,1.0000042915344238,0.0
no-language-oracle,sample-0070.npz,19,proprio,0.0,1.000001072883606,0.0
no-language-oracle,sample-0070.npz,19,text,0.0,1.0000040531158447,0.0
no-language-oracle,sample-0070.npz,19,action_readout,0.0,0.9999875426292419,0.0
no-language-oracle,sample-0070.npz,20,image_main,0.0,1.0000009536743164,0.0
no-language-oracle,sample-0070.npz,20,image_wrist,0.0,1.000004768371582,0.0
no-language-oracle,sample-0070.npz,20,proprio,0.0,1.0000009536743164,0.0
no-language-oracle,sample-0070.npz,20,text,0.0,1.000004768371582,0.0
no-language-oracle,sample-0070.npz,20,action_readout,0.0,0.9999915361404419,0.0
no-language-oracle,sample-0070.npz,21,image_main,0.0,1.000002384185791,0.0
no-language-oracle,sample-0070.npz,21,image_wrist,0.0,1.0000046491622925,0.0
no-language-oracle,sample-0070.npz,21,proprio,0.0,1.0000009536743164,0.0
no-language-oracle,sample-0070.npz,21,text,0.0,1.0000050067901611,0.0
no-language-oracle,sample-0070.npz,21,action_readout,0.0,0.9999940395355225,0.0
no-language-oracle,sample-0070.npz,22,image_main,0.0,1.0000015497207642,0.0
no-language-oracle,sample-0070.npz,22,image_wrist,0.0,1.0000030994415283,0.0
no-language-oracle,sample-0070.npz,22,proprio,0.0,1.0000011920928955,0.0
no-language-oracle,sample-0070.npz,22,text,0.0,1.0000064373016357,0.0
no-language-oracle,sample-0070.npz,22,action_readout,0.0,0.999987006187439,0.0
no-language-oracle,sample-0070.npz,23,image_main,0.0,1.0000020265579224,0.0
no-language-oracle,sample-0070.npz,23,image_wrist,0.0,1.0000019073486328,0.0
no-language-oracle,sample-0070.npz,23,proprio,0.0,1.0000009536743164,0.0
no-language-oracle,sample-0070.npz,23,text,0.0,1.0000066757202148,0.0
no-language-oracle,sample-0070.npz,23,action_readout,0.0,0.9999883770942688,0.0
no-language-oracle,sample-0070.npz,24,image_main,0.0,1.0000008344650269,0.0
no-language-oracle,sample-0070.npz,24,image_wrist,0.0,1.0000011920928955,0.0
no-language-oracle,sample-0070.npz,24,proprio,0.0,1.0000008344650269,0.0
no-language-oracle,sample-0070.npz,24,text,0.0,1.0000077486038208,0.0
no-language-oracle,sample-0070.npz,24,action_readout,0.0,0.9999841451644897,0.0
no-language-oracle,sample-0070.npz,25,image_main,0.0,1.000000238418579,0.0
no-language-oracle,sample-0070.npz,25,image_wrist,0.0,1.000001072883606,0.0
no-language-oracle,sample-0070.npz,25,proprio,0.0,1.0000007152557373,0.0
no-language-oracle,sample-0070.npz,25,text,0.0,1.0000088214874268,0.0
no-language-oracle,sample-0070.npz,25,action_readout,0.0,0.9999836683273315,0.0
no-language-oracle,sample-0070.npz,26,image_main,0.0,0.9999972581863403,0.0
no-language-oracle,sample-0070.npz,26,image_wrist,0.0,0.9999997615814209,0.0
no-language-oracle,sample-0070.npz,26,proprio,0.0,1.0000007152557373,0.0
no-language-oracle,sample-0070.npz,26,text,0.0,1.0000089406967163,0.0
no-language-oracle,sample-0070.npz,26,action_readout,0.0,0.999984860420227,0.0
no-language-oracle,sample-0070.npz,27,image_main,0.0,0.9999978542327881,0.0
no-language-oracle,sample-0070.npz,27,image_wrist,0.0,1.0000005960464478,0.0
no-language-oracle,sample-0070.npz,27,proprio,0.0,1.0000009536743164,0.0
no-language-oracle,sample-0070.npz,27,text,0.0,1.0000102519989014,0.0
no-language-oracle,sample-0070.npz,27,action_readout,0.0,0.9999852180480957,0.0
no-language-oracle,sample-0070.npz,28,image_main,0.0,0.9999976754188538,0.0
no-language-oracle,sample-0070.npz,28,image_wrist,0.0,1.000001311302185,0.0
no-language-oracle,sample-0070.npz,28,proprio,0.0,1.0000009536743164,0.0
no-language-oracle,sample-0070.npz,28,text,0.0,1.000009298324585,0.0
no-language-oracle,sample-0070.npz,28,action_readout,0.0,0.999988317489624,0.0
no-language-oracle,sample-0070.npz,29,image_main,0.0,0.9999990463256836,0.0
no-language-oracle,sample-0070.npz,29,image_wrist,0.0,1.0000016689300537,0.0
no-language-oracle,sample-0070.npz,29,proprio,0.0,1.000001072883606,0.0
no-language-oracle,sample-0070.npz,29,text,0.0,1.0000102519989014,0.0
no-language-oracle,sample-0070.npz,29,action_readout,0.0,0.9999903440475464,0.0
no-language-oracle,sample-0070.npz,30,image_main,0.0,0.999999463558197,0.0
no-language-oracle,sample-0070.npz,30,image_wrist,0.0,1.0000004768371582,0.0
no-language-oracle,sample-0070.npz,30,proprio,0.0,1.000001072883606,0.0
no-language-oracle,sample-0070.npz,30,text,0.0,1.0000070333480835,0.0
no-language-oracle,sample-0070.npz,30,action_readout,0.0,0.9999844431877136,0.0
no-language-oracle,sample-0070.npz,31,image_main,0.0,0.9999966621398926,0.0
no-language-oracle,sample-0070.npz,31,image_wrist,0.0,0.9999988675117493,0.0
no-language-oracle,sample-0070.npz,31,proprio,0.0,1.000001072883606,0.0
no-language-oracle,sample-0070.npz,31,text,0.0,1.0000056028366089,0.0
no-language-oracle,sample-0070.npz,31,action_readout,0.0,0.9999819993972778,0.0
no-language-oracle,sample-0071.npz,0,image_main,0.0,1.0000028610229492,0.0
no-language-oracle,sample-0071.npz,0,image_wrist,0.0,1.0000030994415283,0.0
no-language-oracle,sample-0071.npz,0,proprio,0.0,1.0000009536743164,0.0
no-language-oracle,sample-0071.npz,0,text,0.0,0.9999979138374329,0.0
no-language-oracle,sample-0071.npz,0,action_readout,0.0,0.9999948740005493,0.0
no-language-oracle,sample-0071.npz,1,image_main,0.0,1.0000016689300537,0.0
no-language-oracle,sample-0071.npz,1,image_wrist,0.0,1.0000030994415283,0.0
no-language-oracle,sample-0071.npz,1,proprio,0.0,0.9999998807907104,0.0
no-language-oracle,sample-0071.npz,1,text,0.0,1.0000008344650269,0.0
no-language-oracle,sample-0071.npz,1,action_readout,0.0,0.9999897480010986,0.0
no-language-oracle,sample-0071.npz,2,image_main,0.0,1.0000004768371582,0.0
no-language-oracle,sample-0071.npz,2,image_wrist,0.0,1.0000019073486328,0.0
no-language-oracle,sample-0071.npz,2,proprio,0.0,0.9999998211860657,0.0
no-language-oracle,sample-0071.npz,2,text,0.0,1.0000011920928955,0.0
no-language-oracle,sample-0071.npz,2,action_readout,0.0,0.9999880194664001,0.0
no-language-oracle,sample-0071.npz,3,image_main,0.0,1.0000001192092896,0.0
no-language-oracle,sample-0071.npz,3,image_wrist,0.0,1.000002145767212,0.0
no-language-oracle,sample-0071.npz,3,proprio,0.0,1.0,0.0
no-language-oracle,sample-0071.npz,3,text,0.0,1.0000009536743164,0.0
no-language-oracle,sample-0071.npz,3,action_readout,0.0,0.9999885559082031,0.0
no-language-oracle,sample-0071.npz,4,image_main,0.0,1.0000003576278687,0.0
no-language-oracle,sample-0071.npz,4,image_wrist,0.0,1.0000027418136597,0.0
no-language-oracle,sample-0071.npz,4,proprio,0.0,0.9999998211860657,0.0
no-language-oracle,sample-0071.npz,4,text,0.0,1.0000007152557373,0.0
no-language-oracle,sample-0071.npz,4,action_readout,0.0,0.9999904632568359,0.0
no-language-oracle,sample-0071.npz,5,image_main,0.0,0.999999463558197,0.0
no-language-oracle,sample-0071.npz,5,image_wrist,0.0,1.0000017881393433,0.0
no-language-oracle,sample-0071.npz,5,proprio,0.0,1.0000001192092896,0.0
no-language-oracle,sample-0071.npz,5,text,0.0,1.0000009536743164,0.0
no-language-oracle,sample-0071.npz,5,action_readout,0.0,0.9999924898147583,0.0
no-language-oracle,sample-0071.npz,6,image_main,0.0,1.0000008344650269,0.0
no-language-oracle,sample-0071.npz,6,image_wrist,0.0,1.000002384185791,0.0
no-language-oracle,sample-0071.npz,6,proprio,0.0,0.9999991655349731,0.0
no-language-oracle,sample-0071.npz,6,text,0.0,1.0000005960464478,0.0
no-language-oracle,sample-0071.npz,6,action_readout,0.0,0.9999924302101135,0.0
no-language-oracle,sample-0071.npz,7,image_main,0.0,1.0000004768371582,0.0
no-language-oracle,sample-0071.npz,7,image_wrist,0.0,1.0000022649765015,0.0
no-language-oracle,sample-0071.npz,7,proprio,0.0,1.0,0.0
no-language-oracle,sample-0071.npz,7,text,0.0,1.0000007152557373,0.0
no-language-oracle,sample-0071.npz,7,action_readout,0.0,0.9999908208847046,0.0
no-language-oracle,sample-0071.npz,8,image_main,0.0,1.0000015497207642,0.0
no-language-oracle,sample-0071.npz,8,image_wrist,0.0,1.0000030994415283,0.0
no-language-oracle,sample-0071.npz,8,proprio,0.0,0.9999996423721313,0.0
no-language-oracle,sample-0071.npz,8,text,0.0,1.0000007152557373,0.0
no-language-oracle,sample-0071.npz,8,action_readout,0.0,0.9999903440475464,0.0
no-language-oracle,sample-0071.npz,9,image_main,0.0,1.0000016689300537,0.0
no-language-oracle,sample-0071.npz,9,image_wrist,0.0,1.0000016689300537,0.0
no-language-oracle,sample-0071.npz,9,proprio,0.0,0.9999997019767761,0.0
no-language-oracle,sample-0071.npz,9,text,0.0,1.0000005960464478,0.0
no-language-oracle,sample-0071.npz,9,action_readout,0.0,0.9999908804893494,0.0
no-language-oracle,sample-0071.npz,10,image_main,0.0,1.0000011920928955,0.0
no-language-oracle,sample-0071.npz,10,image_wrist,0.0,1.0000016689300537,0.0
no-language-oracle,sample-0071.npz,10,proprio,0.0,0.9999997019767761,0.0
no-language-oracle,sample-0071.npz,10,text,0.0,1.0000005960464478,0.0
no-language-oracle,sample-0071.npz,10,action_readout,0.0,0.9999861717224121,0.0
no-language-oracle,sample-0071.npz,11,image_main,0.0,1.0000019073486328,0.0
no-language-oracle,sample-0071.npz,11,image_wrist,0.0,1.0000014305114746,0.0
no-language-oracle,sample-0071.npz,11,proprio,0.0,0.9999997019767761,0.0
no-language-oracle,sample-0071.npz,11,text,0.0,1.0000011920928955,0.0
no-language-oracle,sample-0071.npz,11,action_readout,0.0,0.999987006187439,0.0
no-language-oracle,sample-0071.npz,12,image_main,0.0,1.0000028610229492,0.0
no-language-oracle,sample-0071.npz,12,image_wrist,0.0,1.0000025033950806,0.0
no-language-oracle,sample-0071.npz,12,proprio,0.0,0.9999998807907104,0.0
no-language-oracle,sample-0071.npz,12,text,0.0,1.0000011920928955,0.0
no-language-oracle,sample-0071.npz,12,action_readout,0.0,0.9999836683273315,0.0
no-language-oracle,sample-0071.npz,13,image_main,0.0,1.000002145767212,0.0
no-language-oracle,sample-0071.npz,13,image_wrist,0.0,1.000002145767212,0.0
no-language-oracle,sample-0071.npz,13,proprio,0.0,0.9999995231628418,0.0
no-language-oracle,sample-0071.npz,13,text,0.0,1.000001072883606,0.0
no-language-oracle,sample-0071.npz,13,action_readout,0.0,0.999984085559845,0.0
no-language-oracle,sample-0071.npz,14,image_main,0.0,1.0000016689300537,0.0
no-language-oracle,sample-0071.npz,14,image_wrist,0.0,1.0000020265579224,0.0
no-language-oracle,sample-0071.npz,14,proprio,0.0,1.0,0.0
no-language-oracle,sample-0071.npz,14,text,0.0,1.0000007152557373,0.0
no-language-oracle,sample-0071.npz,14,action_readout,0.0,0.9999878406524658,0.0
no-language-oracle,sample-0071.npz,15,image_main,0.0,1.0000019073486328,0.0
no-language-oracle,sample-0071.npz,15,image_wrist,0.0,1.000002145767212,0.0
no-language-oracle,sample-0071.npz,15,proprio,0.0,1.0,0.0
no-language-oracle,sample-0071.npz,15,text,0.0,1.0000014305114746,0.0
no-language-oracle,sample-0071.npz,15,action_readout,0.0,0.9999895095825195,0.0
no-language-oracle,sample-0071.npz,16,image_main,0.0,1.000001072883606,0.0
no-language-oracle,sample-0071.npz,16,image_wrist,0.0,1.0000022649765015,0.0
no-language-oracle,sample-0071.npz,16,proprio,0.0,0.9999996423721313,0.0
no-language-oracle,sample-0071.npz,16,text,0.0,1.000001311302185,0.0
no-language-oracle,sample-0071.npz,16,action_readout,0.0,0.9999864101409912,0.0
no-language-oracle,sample-0071.npz,17,image_main,0.0,1.0000017881393433,0.0
no-language-oracle,sample-0071.npz,17,image_wrist,0.0,1.000002384185791,0.0
no-language-oracle,sample-0071.npz,17,proprio,0.0,0.9999994039535522,0.0
no-language-oracle,sample-0071.npz,17,text,0.0,1.000002145767212,0.0
no-language-oracle,sample-0071.npz,17,action_readout,0.0,0.99998539686203,0.0
no-language-oracle,sample-0071.npz,18,image_main,0.0,1.000002384185791,0.0
no-language-oracle,sample-0071.npz,18,image_wrist,0.0,1.0000028610229492,0.0
no-language-oracle,sample-0071.npz,18,proprio,0.0,1.0000001192092896,0.0
no-language-oracle,sample-0071.npz,18,text,0.0,1.0000016689300537,0.0
no-language-oracle,sample-0071.npz,18,action_readout,0.0,0.9999850988388062,0.0
no-language-oracle,sample-0071.npz,19,image_main,0.0,1.0000016689300537,0.0
no-language-oracle,sample-0071.npz,19,image_wrist,0.0,1.0000035762786865,0.0
no-language-oracle,sample-0071.npz,19,proprio,0.0,1.0000001192092896,0.0
no-language-oracle,sample-0071.npz,19,text,0.0,1.000002145767212,0.0
no-language-oracle,sample-0071.npz,19,action_readout,0.0,0.99998539686203,0.0
no-language-oracle,sample-0071.npz,20,image_main,0.0,1.0000028610229492,0.0
no-language-oracle,sample-0071.npz,20,image_wrist,0.0,1.0000042915344238,0.0
no-language-oracle,sample-0071.npz,20,proprio,0.0,0.9999997615814209,0.0
no-language-oracle,sample-0071.npz,20,text,0.0,1.0000019073486328,0.0
no-language-oracle,sample-0071.npz,20,action_readout,0.0,0.9999853372573853,0.0
no-language-oracle,sample-0071.npz,21,image_main,0.0,1.0000026226043701,0.0
no-language-oracle,sample-0071.npz,21,image_wrist,0.0,1.0000032186508179,0.0
no-language-oracle,sample-0071.npz,21,proprio,0.0,0.9999997615814209,0.0
no-language-oracle,sample-0071.npz,21,text,0.0,1.000002145767212,0.0
no-language-oracle,sample-0071.npz,21,action_readout,0.0,0.9999874830245972,0.0
no-language-oracle,sample-0071.npz,22,image_main,0.0,1.0000028610229492,0.0
no-language-oracle,sample-0071.npz,22,image_wrist,0.0,1.0000029802322388,0.0
no-language-oracle,sample-0071.npz,22,proprio,0.0,0.9999994039535522,0.0
no-language-oracle,sample-0071.npz,22,text,0.0,1.0000026226043701,0.0
no-language-oracle,sample-0071.npz,22,action_readout,0.0,0.9999932050704956,0.0
no-language-oracle,sample-0071.npz,23,image_main,0.0,1.0000028610229492,0.0
no-language-oracle,sample-0071.npz,23,image_wrist,0.0,1.000002384185791,0.0
no-language-oracle,sample-0071.npz,23,proprio,0.0,1.0,0.0
no-language-oracle,sample-0071.npz,23,text,0.0,1.0000029802322388,0.0
no-language-oracle,sample-0071.npz,23,action_readout,0.0,0.999993085861206,0.0
no-language-oracle,sample-0071.npz,24,image_main,0.0,1.0000016689300537,0.0
no-language-oracle,sample-0071.npz,24,image_wrist,0.0,1.0000026226043701,0.0
no-language-oracle,sample-0071.npz,24,proprio,0.0,0.9999995231628418,0.0
no-language-oracle,sample-0071.npz,24,text,0.0,1.0000030994415283,0.0
no-language-oracle,sample-0071.npz,24,action_readout,0.0,0.9999853372573853,0.0
no-language-oracle,sample-0071.npz,25,image_main,0.0,1.0000016689300537,0.0
no-language-oracle,sample-0071.npz,25,image_wrist,0.0,1.0000017881393433,0.0
no-language-oracle,sample-0071.npz,25,proprio,0.0,0.9999993443489075,0.0
no-language-oracle,sample-0071.npz,25,text,0.0,1.0000035762786865,0.0
no-language-oracle,sample-0071.npz,25,action_readout,0.0,0.9999821186065674,0.0
no-language-oracle,sample-0071.npz,26,image_main,0.0,1.0000003576278687,0.0
no-language-oracle,sample-0071.npz,26,image_wrist,0.0,1.0000009536743164,0.0
no-language-oracle,sample-0071.npz,26,proprio,0.0,0.9999995231628418,0.0
no-language-oracle,sample-0071.npz,26,text,0.0,1.0000033378601074,0.0
no-language-oracle,sample-0071.npz,26,action_readout,0.0,0.999984622001648,0.0
no-language-oracle,sample-0071.npz,27,image_main,0.0,0.9999982118606567,0.0
no-language-oracle,sample-0071.npz,27,image_wrist,0.0,1.0000007152557373,0.0
no-language-oracle,sample-0071.npz,27,proprio,0.0,0.9999998807907104,0.0
no-language-oracle,sample-0071.npz,27,text,0.0,1.0000042915344238,0.0
no-language-oracle,sample-0071.npz,27,action_readout,0.0,0.9999879598617554,0.0
no-language-oracle,sample-0071.npz,28,image_main,0.0,0.999999463558197,0.0
no-language-oracle,sample-0071.npz,28,image_wrist,0.0,1.0000009536743164,0.0
no-language-oracle,sample-0071.npz,28,proprio,0.0,0.9999995827674866,0.0
no-language-oracle,sample-0071.npz,28,text,0.0,1.000004529953003,0.0
no-language-oracle,sample-0071.npz,28,action_readout,0.0,0.999988853931427,0.0
no-language-oracle,sample-0071.npz,29,image_main,0.0,1.000001072883606,0.0
no-language-oracle,sample-0071.npz,29,image_wrist,0.0,1.000002145767212,0.0
no-language-oracle,sample-0071.npz,29,proprio,0.0,1.0,0.0
no-language-oracle,sample-0071.npz,29,text,0.0,1.0000035762786865,0.0
no-language-oracle,sample-0071.npz,29,action_readout,0.0,0.9999907612800598,0.0
no-language-oracle,sample-0071.npz,30,image_main,0.0,0.9999984502792358,0.0
no-language-oracle,sample-0071.npz,30,image_wrist,0.0,1.0000014305114746,0.0
no-language-oracle,sample-0071.npz,30,proprio,0.0,0.9999998211860657,0.0
no-language-oracle,sample-0071.npz,30,text,0.0,1.0000040531158447,0.0
no-language-oracle,sample-0071.npz,30,action_readout,0.0,0.9999833703041077,0.0
no-language-oracle,sample-0071.npz,31,image_main,0.0,0.9999982118606567,0.0
no-language-oracle,sample-0071.npz,31,image_wrist,0.0,0.999996542930603,0.0
no-language-oracle,sample-0071.npz,31,proprio,0.0,0.9999998807907104,0.0
no-language-oracle,sample-0071.npz,31,text,0.0,1.000003695487976,0.0
no-language-oracle,sample-0071.npz,31,action_readout,0.0,0.9999856352806091,0.0
