2026-09-24 13:03:02.644922: I tensorflow/core/util/port.cc:113] oneDNN custom operations are on. You may see slightly different numerical results due to floating-point round-off errors from different computation orders. To turn them off, set the environment variable `TF_ENABLE_ONEDNN_OPTS=0`.
2026-09-24 13:03:02.682928: E external/local_xla/xla/stream_executor/cuda/cuda_dnn.cc:9261] Unable to register cuDNN factory: Attempting to register factory for plugin cuDNN when one has already been registered
2026-09-24 13:03:02.682952: E external/local_xla/xla/stream_executor/cuda/cuda_fft.cc:607] Unable to register cuFFT factory: Attempting to register factory for plugin cuFFT when one has already been registered
2026-09-24 13:03:02.684142: E external/local_xla/xla/stream_executor/cuda/cuda_blas.cc:1515] Unable to register cuBLAS factory: Attempting to register factory for plugin cuBLAS when one has already been registered
2026-09-24 13:03:02.690240: I tensorflow/core/platform/cpu_feature_guard.cc:182] This TensorFlow binary is optimized to use available CPU instructions in performance-critical operations.
To enable the following instructions: AVX2 AVX512F AVX512_VNNI FMA, in other operations, rebuild TensorFlow with the appropriate compiler flags.
2026-09-24 13:03:03.429758: W tensorflow/compiler/tf2tensorrt/utils/py_utils.cc:38] TF-TRT Warning: Could not find TensorRT
[robosuite WARNING] No private macro file found! (__init__.py:7)
[robosuite WARNING] It is recommended to use a private macro file (__init__.py:8)
[robosuite WARNING] To setup, run: python /root/miniconda3/envs/qvla-oft/lib/python3.10/site-packages/robosuite/scripts/setup_macros.py (__init__.py:9)
Gym has been unmaintained since 2022 and does not support NumPy 2.0 amongst other critical functionality.
Please upgrade to Gymnasium, the maintained drop-in replacement of Gym, or contact the authors of your software and request that they upgrade.
Users of this version of Gym should be able to simply replace 'import gym' with 'import gymnasium as gym' in the vast majority of cases.
See the migration guide at https://gymnasium.farama.org/introduction/migration_guide/ for additional information.
Using LIBERO constants:
  NUM_ACTIONS_CHUNK = 8
  ACTION_DIM = 7
  PROPRIO_DIM = 8
  ACTION_PROPRIO_NORMALIZATION_TYPE = bounds_q99
If needed, manually set the correct constants in `prismatic/vla/constants.py`!
VILA is not installed. Multimodal features will not be available. To activate, please install VILA at https://github.com/NVlabs/VILA.
[official-quant] scope={"fused_vision": 105, "language": 224, "primary_vision": 93, "total": 422, "unexpected": 0, "vision": 198}
Loading checkpoint shards:   0%|          | 0/4 [00:00<?, ?it/s]Loading checkpoint shards:  25%|██▌       | 1/4 [00:00<00:00,  4.15it/s]Loading checkpoint shards:  50%|█████     | 2/4 [00:00<00:00,  4.69it/s]Loading checkpoint shards:  75%|███████▌  | 3/4 [00:00<00:00,  4.89it/s]Loading checkpoint shards: 100%|██████████| 4/4 [00:00<00:00,  5.00it/s]Loading checkpoint shards: 100%|██████████| 4/4 [00:00<00:00,  4.86it/s]
[official-awq] 1/422 language_model.model.layers.0.self_attn.q_proj
[official-awq] 2/422 language_model.model.layers.0.self_attn.k_proj
[official-awq] 3/422 language_model.model.layers.0.self_attn.v_proj
[official-awq] 4/422 language_model.model.layers.0.self_attn.o_proj
[official-awq] 5/422 language_model.model.layers.0.mlp.gate_proj
[official-awq] 6/422 language_model.model.layers.0.mlp.up_proj
[official-awq] 7/422 language_model.model.layers.0.mlp.down_proj
[official-awq] 8/422 language_model.model.layers.1.self_attn.q_proj
[official-awq] 9/422 language_model.model.layers.1.self_attn.k_proj
[official-awq] 10/422 language_model.model.layers.1.self_attn.v_proj
[official-awq] 11/422 language_model.model.layers.1.self_attn.o_proj
[official-awq] 12/422 language_model.model.layers.1.mlp.gate_proj
[official-awq] 13/422 language_model.model.layers.1.mlp.up_proj
[official-awq] 14/422 language_model.model.layers.1.mlp.down_proj
[official-awq] 15/422 language_model.model.layers.2.self_attn.q_proj
[official-awq] 16/422 language_model.model.layers.2.self_attn.k_proj
[official-awq] 17/422 language_model.model.layers.2.self_attn.v_proj
[official-awq] 18/422 language_model.model.layers.2.self_attn.o_proj
[official-awq] 19/422 language_model.model.layers.2.mlp.gate_proj
[official-awq] 20/422 language_model.model.layers.2.mlp.up_proj
[official-awq] 21/422 language_model.model.layers.2.mlp.down_proj
[official-awq] 22/422 language_model.model.layers.3.self_attn.q_proj
[official-awq] 23/422 language_model.model.layers.3.self_attn.k_proj
[official-awq] 24/422 language_model.model.layers.3.self_attn.v_proj
[official-awq] 25/422 language_model.model.layers.3.self_attn.o_proj
[official-awq] 26/422 language_model.model.layers.3.mlp.gate_proj
[official-awq] 27/422 language_model.model.layers.3.mlp.up_proj
[official-awq] 28/422 language_model.model.layers.3.mlp.down_proj
[official-awq] 29/422 language_model.model.layers.4.self_attn.q_proj
[official-awq] 30/422 language_model.model.layers.4.self_attn.k_proj
[official-awq] 31/422 language_model.model.layers.4.self_attn.v_proj
[official-awq] 32/422 language_model.model.layers.4.self_attn.o_proj
[official-awq] 33/422 language_model.model.layers.4.mlp.gate_proj
[official-awq] 34/422 language_model.model.layers.4.mlp.up_proj
[official-awq] 35/422 language_model.model.layers.4.mlp.down_proj
[official-awq] 36/422 language_model.model.layers.5.self_attn.q_proj
[official-awq] 37/422 language_model.model.layers.5.self_attn.k_proj
[official-awq] 38/422 language_model.model.layers.5.self_attn.v_proj
[official-awq] 39/422 language_model.model.layers.5.self_attn.o_proj
[official-awq] 40/422 language_model.model.layers.5.mlp.gate_proj
[official-awq] 41/422 language_model.model.layers.5.mlp.up_proj
[official-awq] 42/422 language_model.model.layers.5.mlp.down_proj
[official-awq] 43/422 language_model.model.layers.6.self_attn.q_proj
[official-awq] 44/422 language_model.model.layers.6.self_attn.k_proj
[official-awq] 45/422 language_model.model.layers.6.self_attn.v_proj
[official-awq] 46/422 language_model.model.layers.6.self_attn.o_proj
[official-awq] 47/422 language_model.model.layers.6.mlp.gate_proj
[official-awq] 48/422 language_model.model.layers.6.mlp.up_proj
[official-awq] 49/422 language_model.model.layers.6.mlp.down_proj
[official-awq] 50/422 language_model.model.layers.7.self_attn.q_proj
[official-awq] 51/422 language_model.model.layers.7.self_attn.k_proj
[official-awq] 52/422 language_model.model.layers.7.self_attn.v_proj
[official-awq] 53/422 language_model.model.layers.7.self_attn.o_proj
[official-awq] 54/422 language_model.model.layers.7.mlp.gate_proj
[official-awq] 55/422 language_model.model.layers.7.mlp.up_proj
[official-awq] 56/422 language_model.model.layers.7.mlp.down_proj
[official-awq] 57/422 language_model.model.layers.8.self_attn.q_proj
[official-awq] 58/422 language_model.model.layers.8.self_attn.k_proj
[official-awq] 59/422 language_model.model.layers.8.self_attn.v_proj
[official-awq] 60/422 language_model.model.layers.8.self_attn.o_proj
[official-awq] 61/422 language_model.model.layers.8.mlp.gate_proj
[official-awq] 62/422 language_model.model.layers.8.mlp.up_proj
[official-awq] 63/422 language_model.model.layers.8.mlp.down_proj
[official-awq] 64/422 language_model.model.layers.9.self_attn.q_proj
[official-awq] 65/422 language_model.model.layers.9.self_attn.k_proj
[official-awq] 66/422 language_model.model.layers.9.self_attn.v_proj
[official-awq] 67/422 language_model.model.layers.9.self_attn.o_proj
[official-awq] 68/422 language_model.model.layers.9.mlp.gate_proj
[official-awq] 69/422 language_model.model.layers.9.mlp.up_proj
[official-awq] 70/422 language_model.model.layers.9.mlp.down_proj
[official-awq] 71/422 language_model.model.layers.10.self_attn.q_proj
[official-awq] 72/422 language_model.model.layers.10.self_attn.k_proj
[official-awq] 73/422 language_model.model.layers.10.self_attn.v_proj
[official-awq] 74/422 language_model.model.layers.10.self_attn.o_proj
[official-awq] 75/422 language_model.model.layers.10.mlp.gate_proj
[official-awq] 76/422 language_model.model.layers.10.mlp.up_proj
[official-awq] 77/422 language_model.model.layers.10.mlp.down_proj
[official-awq] 78/422 language_model.model.layers.11.self_attn.q_proj
[official-awq] 79/422 language_model.model.layers.11.self_attn.k_proj
[official-awq] 80/422 language_model.model.layers.11.self_attn.v_proj
[official-awq] 81/422 language_model.model.layers.11.self_attn.o_proj
[official-awq] 82/422 language_model.model.layers.11.mlp.gate_proj
[official-awq] 83/422 language_model.model.layers.11.mlp.up_proj
[official-awq] 84/422 language_model.model.layers.11.mlp.down_proj
[official-awq] 85/422 language_model.model.layers.12.self_attn.q_proj
[official-awq] 86/422 language_model.model.layers.12.self_attn.k_proj
[official-awq] 87/422 language_model.model.layers.12.self_attn.v_proj
[official-awq] 88/422 language_model.model.layers.12.self_attn.o_proj
[official-awq] 89/422 language_model.model.layers.12.mlp.gate_proj
[official-awq] 90/422 language_model.model.layers.12.mlp.up_proj
[official-awq] 91/422 language_model.model.layers.12.mlp.down_proj
[official-awq] 92/422 language_model.model.layers.13.self_attn.q_proj
[official-awq] 93/422 language_model.model.layers.13.self_attn.k_proj
[official-awq] 94/422 language_model.model.layers.13.self_attn.v_proj
[official-awq] 95/422 language_model.model.layers.13.self_attn.o_proj
[official-awq] 96/422 language_model.model.layers.13.mlp.gate_proj
[official-awq] 97/422 language_model.model.layers.13.mlp.up_proj
[official-awq] 98/422 language_model.model.layers.13.mlp.down_proj
[official-awq] 99/422 language_model.model.layers.14.self_attn.q_proj
[official-awq] 100/422 language_model.model.layers.14.self_attn.k_proj
[official-awq] 101/422 language_model.model.layers.14.self_attn.v_proj
[official-awq] 102/422 language_model.model.layers.14.self_attn.o_proj
[official-awq] 103/422 language_model.model.layers.14.mlp.gate_proj
[official-awq] 104/422 language_model.model.layers.14.mlp.up_proj
[official-awq] 105/422 language_model.model.layers.14.mlp.down_proj
[official-awq] 106/422 language_model.model.layers.15.self_attn.q_proj
[official-awq] 107/422 language_model.model.layers.15.self_attn.k_proj
[official-awq] 108/422 language_model.model.layers.15.self_attn.v_proj
[official-awq] 109/422 language_model.model.layers.15.self_attn.o_proj
[official-awq] 110/422 language_model.model.layers.15.mlp.gate_proj
[official-awq] 111/422 language_model.model.layers.15.mlp.up_proj
[official-awq] 112/422 language_model.model.layers.15.mlp.down_proj
[official-awq] 113/422 language_model.model.layers.16.self_attn.q_proj
[official-awq] 114/422 language_model.model.layers.16.self_attn.k_proj
[official-awq] 115/422 language_model.model.layers.16.self_attn.v_proj
[official-awq] 116/422 language_model.model.layers.16.self_attn.o_proj
[official-awq] 117/422 language_model.model.layers.16.mlp.gate_proj
[official-awq] 118/422 language_model.model.layers.16.mlp.up_proj
[official-awq] 119/422 language_model.model.layers.16.mlp.down_proj
[official-awq] 120/422 language_model.model.layers.17.self_attn.q_proj
[official-awq] 121/422 language_model.model.layers.17.self_attn.k_proj
[official-awq] 122/422 language_model.model.layers.17.self_attn.v_proj
[official-awq] 123/422 language_model.model.layers.17.self_attn.o_proj
[official-awq] 124/422 language_model.model.layers.17.mlp.gate_proj
[official-awq] 125/422 language_model.model.layers.17.mlp.up_proj
[official-awq] 126/422 language_model.model.layers.17.mlp.down_proj
[official-awq] 127/422 language_model.model.layers.18.self_attn.q_proj
[official-awq] 128/422 language_model.model.layers.18.self_attn.k_proj
[official-awq] 129/422 language_model.model.layers.18.self_attn.v_proj
[official-awq] 130/422 language_model.model.layers.18.self_attn.o_proj
[official-awq] 131/422 language_model.model.layers.18.mlp.gate_proj
[official-awq] 132/422 language_model.model.layers.18.mlp.up_proj
[official-awq] 133/422 language_model.model.layers.18.mlp.down_proj
[official-awq] 134/422 language_model.model.layers.19.self_attn.q_proj
[official-awq] 135/422 language_model.model.layers.19.self_attn.k_proj
[official-awq] 136/422 language_model.model.layers.19.self_attn.v_proj
[official-awq] 137/422 language_model.model.layers.19.self_attn.o_proj
[official-awq] 138/422 language_model.model.layers.19.mlp.gate_proj
[official-awq] 139/422 language_model.model.layers.19.mlp.up_proj
[official-awq] 140/422 language_model.model.layers.19.mlp.down_proj
[official-awq] 141/422 language_model.model.layers.20.self_attn.q_proj
[official-awq] 142/422 language_model.model.layers.20.self_attn.k_proj
[official-awq] 143/422 language_model.model.layers.20.self_attn.v_proj
[official-awq] 144/422 language_model.model.layers.20.self_attn.o_proj
[official-awq] 145/422 language_model.model.layers.20.mlp.gate_proj
[official-awq] 146/422 language_model.model.layers.20.mlp.up_proj
[official-awq] 147/422 language_model.model.layers.20.mlp.down_proj
[official-awq] 148/422 language_model.model.layers.21.self_attn.q_proj
[official-awq] 149/422 language_model.model.layers.21.self_attn.k_proj
[official-awq] 150/422 language_model.model.layers.21.self_attn.v_proj
[official-awq] 151/422 language_model.model.layers.21.self_attn.o_proj
[official-awq] 152/422 language_model.model.layers.21.mlp.gate_proj
[official-awq] 153/422 language_model.model.layers.21.mlp.up_proj
[official-awq] 154/422 language_model.model.layers.21.mlp.down_proj
[official-awq] 155/422 language_model.model.layers.22.self_attn.q_proj
[official-awq] 156/422 language_model.model.layers.22.self_attn.k_proj
[official-awq] 157/422 language_model.model.layers.22.self_attn.v_proj
[official-awq] 158/422 language_model.model.layers.22.self_attn.o_proj
[official-awq] 159/422 language_model.model.layers.22.mlp.gate_proj
[official-awq] 160/422 language_model.model.layers.22.mlp.up_proj
[official-awq] 161/422 language_model.model.layers.22.mlp.down_proj
[official-awq] 162/422 language_model.model.layers.23.self_attn.q_proj
[official-awq] 163/422 language_model.model.layers.23.self_attn.k_proj
[official-awq] 164/422 language_model.model.layers.23.self_attn.v_proj
[official-awq] 165/422 language_model.model.layers.23.self_attn.o_proj
[official-awq] 166/422 language_model.model.layers.23.mlp.gate_proj
[official-awq] 167/422 language_model.model.layers.23.mlp.up_proj
[official-awq] 168/422 language_model.model.layers.23.mlp.down_proj
[official-awq] 169/422 language_model.model.layers.24.self_attn.q_proj
[official-awq] 170/422 language_model.model.layers.24.self_attn.k_proj
[official-awq] 171/422 language_model.model.layers.24.self_attn.v_proj
[official-awq] 172/422 language_model.model.layers.24.self_attn.o_proj
[official-awq] 173/422 language_model.model.layers.24.mlp.gate_proj
[official-awq] 174/422 language_model.model.layers.24.mlp.up_proj
[official-awq] 175/422 language_model.model.layers.24.mlp.down_proj
[official-awq] 176/422 language_model.model.layers.25.self_attn.q_proj
[official-awq] 177/422 language_model.model.layers.25.self_attn.k_proj
[official-awq] 178/422 language_model.model.layers.25.self_attn.v_proj
[official-awq] 179/422 language_model.model.layers.25.self_attn.o_proj
[official-awq] 180/422 language_model.model.layers.25.mlp.gate_proj
[official-awq] 181/422 language_model.model.layers.25.mlp.up_proj
[official-awq] 182/422 language_model.model.layers.25.mlp.down_proj
[official-awq] 183/422 language_model.model.layers.26.self_attn.q_proj
[official-awq] 184/422 language_model.model.layers.26.self_attn.k_proj
[official-awq] 185/422 language_model.model.layers.26.self_attn.v_proj
[official-awq] 186/422 language_model.model.layers.26.self_attn.o_proj
[official-awq] 187/422 language_model.model.layers.26.mlp.gate_proj
[official-awq] 188/422 language_model.model.layers.26.mlp.up_proj
[official-awq] 189/422 language_model.model.layers.26.mlp.down_proj
[official-awq] 190/422 language_model.model.layers.27.self_attn.q_proj
[official-awq] 191/422 language_model.model.layers.27.self_attn.k_proj
[official-awq] 192/422 language_model.model.layers.27.self_attn.v_proj
[official-awq] 193/422 language_model.model.layers.27.self_attn.o_proj
[official-awq] 194/422 language_model.model.layers.27.mlp.gate_proj
[official-awq] 195/422 language_model.model.layers.27.mlp.up_proj
[official-awq] 196/422 language_model.model.layers.27.mlp.down_proj
[official-awq] 197/422 language_model.model.layers.28.self_attn.q_proj
[official-awq] 198/422 language_model.model.layers.28.self_attn.k_proj
[official-awq] 199/422 language_model.model.layers.28.self_attn.v_proj
[official-awq] 200/422 language_model.model.layers.28.self_attn.o_proj
[official-awq] 201/422 language_model.model.layers.28.mlp.gate_proj
[official-awq] 202/422 language_model.model.layers.28.mlp.up_proj
[official-awq] 203/422 language_model.model.layers.28.mlp.down_proj
[official-awq] 204/422 language_model.model.layers.29.self_attn.q_proj
[official-awq] 205/422 language_model.model.layers.29.self_attn.k_proj
[official-awq] 206/422 language_model.model.layers.29.self_attn.v_proj
[official-awq] 207/422 language_model.model.layers.29.self_attn.o_proj
[official-awq] 208/422 language_model.model.layers.29.mlp.gate_proj
[official-awq] 209/422 language_model.model.layers.29.mlp.up_proj
[official-awq] 210/422 language_model.model.layers.29.mlp.down_proj
[official-awq] 211/422 language_model.model.layers.30.self_attn.q_proj
[official-awq] 212/422 language_model.model.layers.30.self_attn.k_proj
[official-awq] 213/422 language_model.model.layers.30.self_attn.v_proj
[official-awq] 214/422 language_model.model.layers.30.self_attn.o_proj
[official-awq] 215/422 language_model.model.layers.30.mlp.gate_proj
[official-awq] 216/422 language_model.model.layers.30.mlp.up_proj
[official-awq] 217/422 language_model.model.layers.30.mlp.down_proj
[official-awq] 218/422 language_model.model.layers.31.self_attn.q_proj
[official-awq] 219/422 language_model.model.layers.31.self_attn.k_proj
[official-awq] 220/422 language_model.model.layers.31.self_attn.v_proj
[official-awq] 221/422 language_model.model.layers.31.self_attn.o_proj
[official-awq] 222/422 language_model.model.layers.31.mlp.gate_proj
[official-awq] 223/422 language_model.model.layers.31.mlp.up_proj
[official-awq] 224/422 language_model.model.layers.31.mlp.down_proj
[official-awq] 225/422 vision_backbone.featurizer.patch_embed.proj
[official-awq] 226/422 vision_backbone.featurizer.blocks.0.attn.qkv
[official-awq] 227/422 vision_backbone.featurizer.blocks.0.attn.proj
[official-awq] 228/422 vision_backbone.featurizer.blocks.0.mlp.fc1
[official-awq] 229/422 vision_backbone.featurizer.blocks.0.mlp.fc2
[official-awq] 230/422 vision_backbone.featurizer.blocks.1.attn.qkv
[official-awq] 231/422 vision_backbone.featurizer.blocks.1.attn.proj
[official-awq] 232/422 vision_backbone.featurizer.blocks.1.mlp.fc1
[official-awq] 233/422 vision_backbone.featurizer.blocks.1.mlp.fc2
[official-awq] 234/422 vision_backbone.featurizer.blocks.2.attn.qkv
[official-awq] 235/422 vision_backbone.featurizer.blocks.2.attn.proj
[official-awq] 236/422 vision_backbone.featurizer.blocks.2.mlp.fc1
[official-awq] 237/422 vision_backbone.featurizer.blocks.2.mlp.fc2
[official-awq] 238/422 vision_backbone.featurizer.blocks.3.attn.qkv
[official-awq] 239/422 vision_backbone.featurizer.blocks.3.attn.proj
[official-awq] 240/422 vision_backbone.featurizer.blocks.3.mlp.fc1
[official-awq] 241/422 vision_backbone.featurizer.blocks.3.mlp.fc2
[official-awq] 242/422 vision_backbone.featurizer.blocks.4.attn.qkv
[official-awq] 243/422 vision_backbone.featurizer.blocks.4.attn.proj
[official-awq] 244/422 vision_backbone.featurizer.blocks.4.mlp.fc1
[official-awq] 245/422 vision_backbone.featurizer.blocks.4.mlp.fc2
[official-awq] 246/422 vision_backbone.featurizer.blocks.5.attn.qkv
[official-awq] 247/422 vision_backbone.featurizer.blocks.5.attn.proj
[official-awq] 248/422 vision_backbone.featurizer.blocks.5.mlp.fc1
[official-awq] 249/422 vision_backbone.featurizer.blocks.5.mlp.fc2
[official-awq] 250/422 vision_backbone.featurizer.blocks.6.attn.qkv
[official-awq] 251/422 vision_backbone.featurizer.blocks.6.attn.proj
[official-awq] 252/422 vision_backbone.featurizer.blocks.6.mlp.fc1
[official-awq] 253/422 vision_backbone.featurizer.blocks.6.mlp.fc2
[official-awq] 254/422 vision_backbone.featurizer.blocks.7.attn.qkv
[official-awq] 255/422 vision_backbone.featurizer.blocks.7.attn.proj
[official-awq] 256/422 vision_backbone.featurizer.blocks.7.mlp.fc1
[official-awq] 257/422 vision_backbone.featurizer.blocks.7.mlp.fc2
[official-awq] 258/422 vision_backbone.featurizer.blocks.8.attn.qkv
[official-awq] 259/422 vision_backbone.featurizer.blocks.8.attn.proj
[official-awq] 260/422 vision_backbone.featurizer.blocks.8.mlp.fc1
[official-awq] 261/422 vision_backbone.featurizer.blocks.8.mlp.fc2
[official-awq] 262/422 vision_backbone.featurizer.blocks.9.attn.qkv
[official-awq] 263/422 vision_backbone.featurizer.blocks.9.attn.proj
[official-awq] 264/422 vision_backbone.featurizer.blocks.9.mlp.fc1
[official-awq] 265/422 vision_backbone.featurizer.blocks.9.mlp.fc2
[official-awq] 266/422 vision_backbone.featurizer.blocks.10.attn.qkv
[official-awq] 267/422 vision_backbone.featurizer.blocks.10.attn.proj
[official-awq] 268/422 vision_backbone.featurizer.blocks.10.mlp.fc1
[official-awq] 269/422 vision_backbone.featurizer.blocks.10.mlp.fc2
[official-awq] 270/422 vision_backbone.featurizer.blocks.11.attn.qkv
[official-awq] 271/422 vision_backbone.featurizer.blocks.11.attn.proj
[official-awq] 272/422 vision_backbone.featurizer.blocks.11.mlp.fc1
[official-awq] 273/422 vision_backbone.featurizer.blocks.11.mlp.fc2
[official-awq] 274/422 vision_backbone.featurizer.blocks.12.attn.qkv
[official-awq] 275/422 vision_backbone.featurizer.blocks.12.attn.proj
[official-awq] 276/422 vision_backbone.featurizer.blocks.12.mlp.fc1
[official-awq] 277/422 vision_backbone.featurizer.blocks.12.mlp.fc2
[official-awq] 278/422 vision_backbone.featurizer.blocks.13.attn.qkv
[official-awq] 279/422 vision_backbone.featurizer.blocks.13.attn.proj
[official-awq] 280/422 vision_backbone.featurizer.blocks.13.mlp.fc1
[official-awq] 281/422 vision_backbone.featurizer.blocks.13.mlp.fc2
[official-awq] 282/422 vision_backbone.featurizer.blocks.14.attn.qkv
[official-awq] 283/422 vision_backbone.featurizer.blocks.14.attn.proj
[official-awq] 284/422 vision_backbone.featurizer.blocks.14.mlp.fc1
[official-awq] 285/422 vision_backbone.featurizer.blocks.14.mlp.fc2
[official-awq] 286/422 vision_backbone.featurizer.blocks.15.attn.qkv
[official-awq] 287/422 vision_backbone.featurizer.blocks.15.attn.proj
[official-awq] 288/422 vision_backbone.featurizer.blocks.15.mlp.fc1
[official-awq] 289/422 vision_backbone.featurizer.blocks.15.mlp.fc2
[official-awq] 290/422 vision_backbone.featurizer.blocks.16.attn.qkv
[official-awq] 291/422 vision_backbone.featurizer.blocks.16.attn.proj
[official-awq] 292/422 vision_backbone.featurizer.blocks.16.mlp.fc1
[official-awq] 293/422 vision_backbone.featurizer.blocks.16.mlp.fc2
[official-awq] 294/422 vision_backbone.featurizer.blocks.17.attn.qkv
[official-awq] 295/422 vision_backbone.featurizer.blocks.17.attn.proj
[official-awq] 296/422 vision_backbone.featurizer.blocks.17.mlp.fc1
[official-awq] 297/422 vision_backbone.featurizer.blocks.17.mlp.fc2
[official-awq] 298/422 vision_backbone.featurizer.blocks.18.attn.qkv
[official-awq] 299/422 vision_backbone.featurizer.blocks.18.attn.proj
[official-awq] 300/422 vision_backbone.featurizer.blocks.18.mlp.fc1
[official-awq] 301/422 vision_backbone.featurizer.blocks.18.mlp.fc2
[official-awq] 302/422 vision_backbone.featurizer.blocks.19.attn.qkv
[official-awq] 303/422 vision_backbone.featurizer.blocks.19.attn.proj
[official-awq] 304/422 vision_backbone.featurizer.blocks.19.mlp.fc1
[official-awq] 305/422 vision_backbone.featurizer.blocks.19.mlp.fc2
[official-awq] 306/422 vision_backbone.featurizer.blocks.20.attn.qkv
[official-awq] 307/422 vision_backbone.featurizer.blocks.20.attn.proj
[official-awq] 308/422 vision_backbone.featurizer.blocks.20.mlp.fc1
[official-awq] 309/422 vision_backbone.featurizer.blocks.20.mlp.fc2
[official-awq] 310/422 vision_backbone.featurizer.blocks.21.attn.qkv
[official-awq] 311/422 vision_backbone.featurizer.blocks.21.attn.proj
[official-awq] 312/422 vision_backbone.featurizer.blocks.21.mlp.fc1
[official-awq] 313/422 vision_backbone.featurizer.blocks.21.mlp.fc2
[official-awq] 314/422 vision_backbone.featurizer.blocks.22.attn.qkv
[official-awq] 315/422 vision_backbone.featurizer.blocks.22.attn.proj
[official-awq] 316/422 vision_backbone.featurizer.blocks.22.mlp.fc1
[official-awq] 317/422 vision_backbone.featurizer.blocks.22.mlp.fc2
[official-awq] 318/422 vision_backbone.fused_featurizer.patch_embed.proj
[official-awq] 319/422 vision_backbone.fused_featurizer.blocks.0.attn.qkv
[official-awq] 320/422 vision_backbone.fused_featurizer.blocks.0.attn.proj
[official-awq] 321/422 vision_backbone.fused_featurizer.blocks.0.mlp.fc1
[official-awq] 322/422 vision_backbone.fused_featurizer.blocks.0.mlp.fc2
[official-awq] 323/422 vision_backbone.fused_featurizer.blocks.1.attn.qkv
[official-awq] 324/422 vision_backbone.fused_featurizer.blocks.1.attn.proj
[official-awq] 325/422 vision_backbone.fused_featurizer.blocks.1.mlp.fc1
[official-awq] 326/422 vision_backbone.fused_featurizer.blocks.1.mlp.fc2
[official-awq] 327/422 vision_backbone.fused_featurizer.blocks.2.attn.qkv
[official-awq] 328/422 vision_backbone.fused_featurizer.blocks.2.attn.proj
[official-awq] 329/422 vision_backbone.fused_featurizer.blocks.2.mlp.fc1
[official-awq] 330/422 vision_backbone.fused_featurizer.blocks.2.mlp.fc2
[official-awq] 331/422 vision_backbone.fused_featurizer.blocks.3.attn.qkv
[official-awq] 332/422 vision_backbone.fused_featurizer.blocks.3.attn.proj
[official-awq] 333/422 vision_backbone.fused_featurizer.blocks.3.mlp.fc1
[official-awq] 334/422 vision_backbone.fused_featurizer.blocks.3.mlp.fc2
[official-awq] 335/422 vision_backbone.fused_featurizer.blocks.4.attn.qkv
[official-awq] 336/422 vision_backbone.fused_featurizer.blocks.4.attn.proj
[official-awq] 337/422 vision_backbone.fused_featurizer.blocks.4.mlp.fc1
[official-awq] 338/422 vision_backbone.fused_featurizer.blocks.4.mlp.fc2
[official-awq] 339/422 vision_backbone.fused_featurizer.blocks.5.attn.qkv
[official-awq] 340/422 vision_backbone.fused_featurizer.blocks.5.attn.proj
[official-awq] 341/422 vision_backbone.fused_featurizer.blocks.5.mlp.fc1
[official-awq] 342/422 vision_backbone.fused_featurizer.blocks.5.mlp.fc2
[official-awq] 343/422 vision_backbone.fused_featurizer.blocks.6.attn.qkv
[official-awq] 344/422 vision_backbone.fused_featurizer.blocks.6.attn.proj
[official-awq] 345/422 vision_backbone.fused_featurizer.blocks.6.mlp.fc1
[official-awq] 346/422 vision_backbone.fused_featurizer.blocks.6.mlp.fc2
[official-awq] 347/422 vision_backbone.fused_featurizer.blocks.7.attn.qkv
[official-awq] 348/422 vision_backbone.fused_featurizer.blocks.7.attn.proj
[official-awq] 349/422 vision_backbone.fused_featurizer.blocks.7.mlp.fc1
[official-awq] 350/422 vision_backbone.fused_featurizer.blocks.7.mlp.fc2
[official-awq] 351/422 vision_backbone.fused_featurizer.blocks.8.attn.qkv
[official-awq] 352/422 vision_backbone.fused_featurizer.blocks.8.attn.proj
[official-awq] 353/422 vision_backbone.fused_featurizer.blocks.8.mlp.fc1
[official-awq] 354/422 vision_backbone.fused_featurizer.blocks.8.mlp.fc2
<frozen importlib._bootstrap>:283: DeprecationWarning: the load_module() method is deprecated and slated for removal in Python 3.12; use exec_module() instead
[official-awq] 355/422 vision_backbone.fused_featurizer.blocks.9.attn.qkv
[official-awq] 356/422 vision_backbone.fused_featurizer.blocks.9.attn.proj
[official-awq] 357/422 vision_backbone.fused_featurizer.blocks.9.mlp.fc1
[official-awq] 358/422 vision_backbone.fused_featurizer.blocks.9.mlp.fc2
[official-awq] 359/422 vision_backbone.fused_featurizer.blocks.10.attn.qkv
[official-awq] 360/422 vision_backbone.fused_featurizer.blocks.10.attn.proj
[official-awq] 361/422 vision_backbone.fused_featurizer.blocks.10.mlp.fc1
[official-awq] 362/422 vision_backbone.fused_featurizer.blocks.10.mlp.fc2
[official-awq] 363/422 vision_backbone.fused_featurizer.blocks.11.attn.qkv
[official-awq] 364/422 vision_backbone.fused_featurizer.blocks.11.attn.proj
[official-awq] 365/422 vision_backbone.fused_featurizer.blocks.11.mlp.fc1
[official-awq] 366/422 vision_backbone.fused_featurizer.blocks.11.mlp.fc2
[official-awq] 367/422 vision_backbone.fused_featurizer.blocks.12.attn.qkv
[official-awq] 368/422 vision_backbone.fused_featurizer.blocks.12.attn.proj
[official-awq] 369/422 vision_backbone.fused_featurizer.blocks.12.mlp.fc1
[official-awq] 370/422 vision_backbone.fused_featurizer.blocks.12.mlp.fc2
[official-awq] 371/422 vision_backbone.fused_featurizer.blocks.13.attn.qkv
[official-awq] 372/422 vision_backbone.fused_featurizer.blocks.13.attn.proj
[official-awq] 373/422 vision_backbone.fused_featurizer.blocks.13.mlp.fc1
[official-awq] 374/422 vision_backbone.fused_featurizer.blocks.13.mlp.fc2
[official-awq] 375/422 vision_backbone.fused_featurizer.blocks.14.attn.qkv
[official-awq] 376/422 vision_backbone.fused_featurizer.blocks.14.attn.proj
[official-awq] 377/422 vision_backbone.fused_featurizer.blocks.14.mlp.fc1
[official-awq] 378/422 vision_backbone.fused_featurizer.blocks.14.mlp.fc2
[official-awq] 379/422 vision_backbone.fused_featurizer.blocks.15.attn.qkv
[official-awq] 380/422 vision_backbone.fused_featurizer.blocks.15.attn.proj
[official-awq] 381/422 vision_backbone.fused_featurizer.blocks.15.mlp.fc1
[official-awq] 382/422 vision_backbone.fused_featurizer.blocks.15.mlp.fc2
[official-awq] 383/422 vision_backbone.fused_featurizer.blocks.16.attn.qkv
[official-awq] 384/422 vision_backbone.fused_featurizer.blocks.16.attn.proj
[official-awq] 385/422 vision_backbone.fused_featurizer.blocks.16.mlp.fc1
[official-awq] 386/422 vision_backbone.fused_featurizer.blocks.16.mlp.fc2
[official-awq] 387/422 vision_backbone.fused_featurizer.blocks.17.attn.qkv
[official-awq] 388/422 vision_backbone.fused_featurizer.blocks.17.attn.proj
[official-awq] 389/422 vision_backbone.fused_featurizer.blocks.17.mlp.fc1
[official-awq] 390/422 vision_backbone.fused_featurizer.blocks.17.mlp.fc2
[official-awq] 391/422 vision_backbone.fused_featurizer.blocks.18.attn.qkv
[official-awq] 392/422 vision_backbone.fused_featurizer.blocks.18.attn.proj
[official-awq] 393/422 vision_backbone.fused_featurizer.blocks.18.mlp.fc1
[official-awq] 394/422 vision_backbone.fused_featurizer.blocks.18.mlp.fc2
[official-awq] 395/422 vision_backbone.fused_featurizer.blocks.19.attn.qkv
[official-awq] 396/422 vision_backbone.fused_featurizer.blocks.19.attn.proj
[official-awq] 397/422 vision_backbone.fused_featurizer.blocks.19.mlp.fc1
[official-awq] 398/422 vision_backbone.fused_featurizer.blocks.19.mlp.fc2
[official-awq] 399/422 vision_backbone.fused_featurizer.blocks.20.attn.qkv
[official-awq] 400/422 vision_backbone.fused_featurizer.blocks.20.attn.proj
[official-awq] 401/422 vision_backbone.fused_featurizer.blocks.20.mlp.fc1
[official-awq] 402/422 vision_backbone.fused_featurizer.blocks.20.mlp.fc2
[official-awq] 403/422 vision_backbone.fused_featurizer.blocks.21.attn.qkv
[official-awq] 404/422 vision_backbone.fused_featurizer.blocks.21.attn.proj
[official-awq] 405/422 vision_backbone.fused_featurizer.blocks.21.mlp.fc1
[official-awq] 406/422 vision_backbone.fused_featurizer.blocks.21.mlp.fc2
[official-awq] 407/422 vision_backbone.fused_featurizer.blocks.22.attn.qkv
[official-awq] 408/422 vision_backbone.fused_featurizer.blocks.22.attn.proj
[official-awq] 409/422 vision_backbone.fused_featurizer.blocks.22.mlp.fc1
[official-awq] 410/422 vision_backbone.fused_featurizer.blocks.22.mlp.fc2
[official-awq] 411/422 vision_backbone.fused_featurizer.blocks.23.attn.qkv
[official-awq] 412/422 vision_backbone.fused_featurizer.blocks.23.attn.proj
[official-awq] 413/422 vision_backbone.fused_featurizer.blocks.23.mlp.fc1
[official-awq] 414/422 vision_backbone.fused_featurizer.blocks.23.mlp.fc2
[official-awq] 415/422 vision_backbone.fused_featurizer.blocks.24.attn.qkv
[official-awq] 416/422 vision_backbone.fused_featurizer.blocks.24.attn.proj
[official-awq] 417/422 vision_backbone.fused_featurizer.blocks.24.mlp.fc1
[official-awq] 418/422 vision_backbone.fused_featurizer.blocks.24.mlp.fc2
[official-awq] 419/422 vision_backbone.fused_featurizer.blocks.25.attn.qkv
[official-awq] 420/422 vision_backbone.fused_featurizer.blocks.25.attn.proj
[official-awq] 421/422 vision_backbone.fused_featurizer.blocks.25.mlp.fc1
[official-awq] 422/422 vision_backbone.fused_featurizer.blocks.25.mlp.fc2
[official-quant] method=awq weight_bits=2 activation_bits=16 profile_targets=422 scope=all
[official-quant] BF16 exclusions=projector,proprio_projector,action_head,embeddings,norms
[official-quant] candidate={"applied_target_bits": {"2": 338, "4": 84}, "applied_targets": 422, "name": "w2-attention-primary-g64-stage-w4", "profiles": [{"path": "/root/autodl-tmp/qvla-repro/artifacts/awq-spatial-20260912-163735-1136/profiles/w2.pt", "sha256": "4fe1d2aa9a4e89fbaa5f9eb358ac6526d899195f774378b476742b801c7f4ccc"}, {"path": "/root/autodl-tmp/qvla-repro/artifacts/awq-primary-group-20260913-213127-3342/profiles/w2-g64.pt", "sha256": "947a849114a402978ae60995a652cd3212ded8d66f6ee7e0f3eeb3484712b3b8"}, {"path": "/root/autodl-tmp/qvla-repro/artifacts/awq-spatial-20260912-163735-1136/profiles/w4.pt", "sha256": "ea3faca6130c88bd38fbe20be28eafc742d66605d339f8d9acfedb8da4703ea4"}], "removed_language_clips": 40, "scope": "all", "target_group_counts": {"128": 189, "64": 233}, "w4_layers": "8,9,10,11,12,13,14,15,20,21,22,23"}
[official-quant] using preloaded model
09/24 [13:03:46] INFO     | >> Logging to local log file: run_libero_eval.py:223
                          /root/autodl-tmp/qvla-repro/eva                       
                          l/awq-p0-stage-full-w2-dino64-s                       
                          iglip128-language-g64-attention                       
                          -stage-8-9-10-11-12-13-14-15-20                       
                          -21-22-23-15-19-20260924-130256                       
                          -10062/full-w2-dino64-siglip128                       
                          -language-g64-attention-stage-8                       
                          -9-10-11-12-13-14-15-20-21-22-2                       
                          3/EVAL-libero_spatial-openvla-2                       
                          026_09_24-13_03_18.txt                                
                 INFO     | >> SEED_PROTOCOL {"env_seed": run_libero_eval.py:238
                          0, "model_seed": 0, "protocol":                       
                          "paired",                                             
                          "pythonhashseed_at_launch":                           
                          "0", "runner_sha256":                                 
                          "fe37e8097c286e1946e5194a1f817a                       
                          2b2362d167a6a5a49443c5aa20314d8                       
                          873", "strict": false}                                
[info] using task orders [0, 1, 2, 3, 4, 5, 6, 7, 8, 9]
                 INFO     | >> Task suite: libero_spatial run_libero_eval.py:238
  0%|          | 0/10 [00:00<?, ?it/s]                 INFO     | >> Using default initial      run_libero_eval.py:238
                          states                                                

  0%|          | 0/5 [00:00<?, ?it/s][A09/24 [13:03:49] INFO     | >>                            run_libero_eval.py:238
                          Task: pick up the black bowl                          
                          between the plate and the                             
                          ramekin and place it on the                           
                          plate                                                 
                 INFO     | >> Starting episode 1...      run_libero_eval.py:238
                 INFO     | >> EPISODE_MANIFEST           run_libero_eval.py:238
                          {"env_seed": 1683549054,                              
                          "init_state_dtype": "float64",                        
                          "init_state_index": 15,                               
                          "init_state_sha256":                                  
                          "51f7d2ae92042fec16a54dd5cd6823                       
                          eac63f9c096a04bae00a5ec737d8db2                       
                          cd8", "init_state_shape": [92],                       
                          "model_seed": 3807370148,                             
                          "protocol": "paired",                                 
                          "task_id": 0}                                         
Saved rollout MP4 at path ./rollouts/2026_09_24/2026_09_24-13_03_18--openvla_oft--episode=1--success=True--task=pick_up_the_black_bowl_between_the_plate_and_the_r.mp4
09/24 [13:03:57] INFO     | >> Success: True              run_libero_eval.py:238
                 INFO     | >> # episodes completed so    run_libero_eval.py:238
                          far: 1                                                
                 INFO     | >> # successes: 1 (100.0%)    run_libero_eval.py:238

 20%|██        | 1/5 [00:08<00:33,  8.26s/it][A                 INFO     | >>                            run_libero_eval.py:238
                          Task: pick up the black bowl                          
                          between the plate and the                             
                          ramekin and place it on the                           
                          plate                                                 
                 INFO     | >> Starting episode 2...      run_libero_eval.py:238
                 INFO     | >> EPISODE_MANIFEST           run_libero_eval.py:238
                          {"env_seed": 4202172176,                              
                          "init_state_dtype": "float64",                        
                          "init_state_index": 16,                               
                          "init_state_sha256":                                  
                          "db2c9ab25c6b23526efa6be860e4bd                       
                          8330fab9a84131628f2dea6fe4062f9                       
                          93d", "init_state_shape": [92],                       
                          "model_seed": 4022819875,                             
                          "protocol": "paired",                                 
                          "task_id": 0}                                         
Saved rollout MP4 at path ./rollouts/2026_09_24/2026_09_24-13_03_18--openvla_oft--episode=2--success=True--task=pick_up_the_black_bowl_between_the_plate_and_the_r.mp4
09/24 [13:04:05] INFO     | >> Success: True              run_libero_eval.py:238
                 INFO     | >> # episodes completed so    run_libero_eval.py:238
                          far: 2                                                
                 INFO     | >> # successes: 2 (100.0%)    run_libero_eval.py:238

 40%|████      | 2/5 [00:15<00:23,  7.89s/it][A                 INFO     | >>                            run_libero_eval.py:238
                          Task: pick up the black bowl                          
                          between the plate and the                             
                          ramekin and place it on the                           
                          plate                                                 
                 INFO     | >> Starting episode 3...      run_libero_eval.py:238
                 INFO     | >> EPISODE_MANIFEST           run_libero_eval.py:238
                          {"env_seed": 2090749949,                              
                          "init_state_dtype": "float64",                        
                          "init_state_index": 17,                               
                          "init_state_sha256":                                  
                          "cf9d2825f843308d0880ee0d5e3099                       
                          a43ae2395e616351f6bae4c046dd501                       
                          98a", "init_state_shape": [92],                       
                          "model_seed": 1824987577,                             
                          "protocol": "paired",                                 
                          "task_id": 0}                                         
Saved rollout MP4 at path ./rollouts/2026_09_24/2026_09_24-13_03_18--openvla_oft--episode=3--success=True--task=pick_up_the_black_bowl_between_the_plate_and_the_r.mp4
09/24 [13:04:12] INFO     | >> Success: True              run_libero_eval.py:238
                 INFO     | >> # episodes completed so    run_libero_eval.py:238
                          far: 3                                                
                 INFO     | >> # successes: 3 (100.0%)    run_libero_eval.py:238

 60%|██████    | 3/5 [00:23<00:15,  7.77s/it][A                 INFO     | >>                            run_libero_eval.py:238
                          Task: pick up the black bowl                          
                          between the plate and the                             
                          ramekin and place it on the                           
                          plate                                                 
                 INFO     | >> Starting episode 4...      run_libero_eval.py:238
                 INFO     | >> EPISODE_MANIFEST           run_libero_eval.py:238
                          {"env_seed": 2662597911,                              
                          "init_state_dtype": "float64",                        
                          "init_state_index": 18,                               
                          "init_state_sha256":                                  
                          "1f130e9178c4924cf8d24e175c2f05                       
                          73a5e089299ddf6984b71265abf65bd                       
                          4e0", "init_state_shape": [92],                       
                          "model_seed": 3109138317,                             
                          "protocol": "paired",                                 
                          "task_id": 0}                                         
Saved rollout MP4 at path ./rollouts/2026_09_24/2026_09_24-13_03_18--openvla_oft--episode=4--success=True--task=pick_up_the_black_bowl_between_the_plate_and_the_r.mp4
09/24 [13:04:21] INFO     | >> Success: True              run_libero_eval.py:238
                 INFO     | >> # episodes completed so    run_libero_eval.py:238
                          far: 4                                                
                 INFO     | >> # successes: 4 (100.0%)    run_libero_eval.py:238

 80%|████████  | 4/5 [00:31<00:07,  7.89s/it][A                 INFO     | >>                            run_libero_eval.py:238
                          Task: pick up the black bowl                          
                          between the plate and the                             
                          ramekin and place it on the                           
                          plate                                                 
                 INFO     | >> Starting episode 5...      run_libero_eval.py:238
                 INFO     | >> EPISODE_MANIFEST           run_libero_eval.py:238
                          {"env_seed": 3267390290,                              
                          "init_state_dtype": "float64",                        
                          "init_state_index": 19,                               
                          "init_state_sha256":                                  
                          "18f349fb4d8b52566befcd2a80723d                       
                          533717d8dd5dada90ecd7721d512b65                       
                          e32", "init_state_shape": [92],                       
                          "model_seed": 2334791775,                             
                          "protocol": "paired",                                 
                          "task_id": 0}                                         
Saved rollout MP4 at path ./rollouts/2026_09_24/2026_09_24-13_03_18--openvla_oft--episode=5--success=True--task=pick_up_the_black_bowl_between_the_plate_and_the_r.mp4
09/24 [13:04:28] INFO     | >> Success: True              run_libero_eval.py:238
                 INFO     | >> # episodes completed so    run_libero_eval.py:238
                          far: 5                                                
                 INFO     | >> # successes: 5 (100.0%)    run_libero_eval.py:238

100%|██████████| 5/5 [00:39<00:00,  7.76s/it][A100%|██████████| 5/5 [00:39<00:00,  7.83s/it]
                 INFO     | >> Current task success rate: run_libero_eval.py:238
                          1.0                                                   
                 INFO     | >> Current total success      run_libero_eval.py:238
                          rate: 1.0                                             
 10%|█         | 1/10 [00:42<06:23, 42.57s/it]                 INFO     | >> Using default initial      run_libero_eval.py:238
                          states                                                

  0%|          | 0/5 [00:00<?, ?it/s][A09/24 [13:04:31] INFO     | >>                            run_libero_eval.py:238
                          Task: pick up the black bowl                          
                          next to the ramekin and place                         
                          it on the plate                                       
                 INFO     | >> Starting episode 1...      run_libero_eval.py:238
                 INFO     | >> EPISODE_MANIFEST           run_libero_eval.py:238
                          {"env_seed": 4187981846,                              
                          "init_state_dtype": "float64",                        
                          "init_state_index": 15,                               
                          "init_state_sha256":                                  
                          "e066d2a2b83106d42b1ebba4879b77                       
                          a4206fe243c2722620df89ddf272411                       
                          2be", "init_state_shape": [92],                       
                          "model_seed": 543885494,                              
                          "protocol": "paired",                                 
                          "task_id": 1}                                         
Saved rollout MP4 at path ./rollouts/2026_09_24/2026_09_24-13_03_18--openvla_oft--episode=6--success=False--task=pick_up_the_black_bowl_next_to_the_ramekin_and_pla.mp4
09/24 [13:04:47] INFO     | >> Success: False             run_libero_eval.py:238
                 INFO     | >> # episodes completed so    run_libero_eval.py:238
                          far: 6                                                
                 INFO     | >> # successes: 5 (83.3%)     run_libero_eval.py:238

 20%|██        | 1/5 [00:15<01:01, 15.45s/it][A                 INFO     | >>                            run_libero_eval.py:238
                          Task: pick up the black bowl                          
                          next to the ramekin and place                         
                          it on the plate                                       
                 INFO     | >> Starting episode 2...      run_libero_eval.py:238
                 INFO     | >> EPISODE_MANIFEST           run_libero_eval.py:238
                          {"env_seed": 101600424,                               
                          "init_state_dtype": "float64",                        
                          "init_state_index": 16,                               
                          "init_state_sha256":                                  
                          "4f194fc2e167205fe0cb404ac38fc6                       
                          1d19637e9a22a914c4a59950813501b                       
                          c4f", "init_state_shape": [92],                       
                          "model_seed": 4207872516,                             
                          "protocol": "paired",                                 
                          "task_id": 1}                                         
Saved rollout MP4 at path ./rollouts/2026_09_24/2026_09_24-13_03_18--openvla_oft--episode=7--success=False--task=pick_up_the_black_bowl_next_to_the_ramekin_and_pla.mp4
09/24 [13:05:02] INFO     | >> Success: False             run_libero_eval.py:238
                 INFO     | >> # episodes completed so    run_libero_eval.py:238
                          far: 7                                                
                 INFO     | >> # successes: 5 (71.4%)     run_libero_eval.py:238

 40%|████      | 2/5 [00:30<00:46, 15.45s/it][A                 INFO     | >>                            run_libero_eval.py:238
                          Task: pick up the black bowl                          
                          next to the ramekin and place                         
                          it on the plate                                       
                 INFO     | >> Starting episode 3...      run_libero_eval.py:238
                 INFO     | >> EPISODE_MANIFEST           run_libero_eval.py:238
                          {"env_seed": 1760898638,                              
                          "init_state_dtype": "float64",                        
                          "init_state_index": 17,                               
                          "init_state_sha256":                                  
                          "d7e0d413dd7853419fb3d2c740087d                       
                          47828487f25b21b485447376ebaf194                       
                          6ee", "init_state_shape": [92],                       
                          "model_seed": 2167843117,                             
                          "protocol": "paired",                                 
                          "task_id": 1}                                         
Saved rollout MP4 at path ./rollouts/2026_09_24/2026_09_24-13_03_18--openvla_oft--episode=8--success=False--task=pick_up_the_black_bowl_next_to_the_ramekin_and_pla.mp4
09/24 [13:05:18] INFO     | >> Success: False             run_libero_eval.py:238
                 INFO     | >> # episodes completed so    run_libero_eval.py:238
                          far: 8                                                
                 INFO     | >> # successes: 5 (62.5%)     run_libero_eval.py:238

 60%|██████    | 3/5 [00:46<00:30, 15.36s/it][A                 INFO     | >>                            run_libero_eval.py:238
                          Task: pick up the black bowl                          
                          next to the ramekin and place                         
                          it on the plate                                       
                 INFO     | >> Starting episode 4...      run_libero_eval.py:238
                 INFO     | >> EPISODE_MANIFEST           run_libero_eval.py:238
                          {"env_seed": 3382291826,                              
                          "init_state_dtype": "float64",                        
                          "init_state_index": 18,                               
                          "init_state_sha256":                                  
                          "b7a22aa591d638c864be3019d088fe                       
                          c8a4fd1460d74098f0ead3193c5bed4                       
                          0c6", "init_state_shape": [92],                       
                          "model_seed": 3871709862,                             
                          "protocol": "paired",                                 
                          "task_id": 1}                                         
Saved rollout MP4 at path ./rollouts/2026_09_24/2026_09_24-13_03_18--openvla_oft--episode=9--success=False--task=pick_up_the_black_bowl_next_to_the_ramekin_and_pla.mp4
09/24 [13:05:33] INFO     | >> Success: False             run_libero_eval.py:238
                 INFO     | >> # episodes completed so    run_libero_eval.py:238
                          far: 9                                                
                 INFO     | >> # successes: 5 (55.6%)     run_libero_eval.py:238

 80%|████████  | 4/5 [01:01<00:15, 15.37s/it][A                 INFO     | >>                            run_libero_eval.py:238
                          Task: pick up the black bowl                          
                          next to the ramekin and place                         
                          it on the plate                                       
                 INFO     | >> Starting episode 5...      run_libero_eval.py:238
                 INFO     | >> EPISODE_MANIFEST           run_libero_eval.py:238
                          {"env_seed": 2704222166,                              
                          "init_state_dtype": "float64",                        
                          "init_state_index": 19,                               
                          "init_state_sha256":                                  
                          "7ed62144c063138af691f12437505b                       
                          3fe5200d7e464743f57ae599fe238e6                       
                          fcc", "init_state_shape": [92],                       
                          "model_seed": 1820116093,                             
                          "protocol": "paired",                                 
                          "task_id": 1}                                         
Saved rollout MP4 at path ./rollouts/2026_09_24/2026_09_24-13_03_18--openvla_oft--episode=10--success=False--task=pick_up_the_black_bowl_next_to_the_ramekin_and_pla.mp4
09/24 [13:05:49] INFO     | >> Success: False             run_libero_eval.py:238
                 INFO     | >> # episodes completed so    run_libero_eval.py:238
                          far: 10                                               
                 INFO     | >> # successes: 5 (50.0%)     run_libero_eval.py:238

100%|██████████| 5/5 [01:17<00:00, 15.53s/it][A100%|██████████| 5/5 [01:17<00:00, 15.47s/it]
                 INFO     | >> Current task success rate: run_libero_eval.py:238
                          0.0                                                   
                 INFO     | >> Current total success      run_libero_eval.py:238
                          rate: 0.5                                             
 20%|██        | 2/10 [02:03<08:40, 65.04s/it]                 INFO     | >> Using default initial      run_libero_eval.py:238
                          states                                                

  0%|          | 0/5 [00:00<?, ?it/s][A09/24 [13:05:52] INFO     | >>                            run_libero_eval.py:238
                          Task: pick up the black bowl                          
                          from table center and place it                        
                          on the plate                                          
                 INFO     | >> Starting episode 1...      run_libero_eval.py:238
                 INFO     | >> EPISODE_MANIFEST           run_libero_eval.py:238
                          {"env_seed": 1569098190,                              
                          "init_state_dtype": "float64",                        
                          "init_state_index": 15,                               
                          "init_state_sha256":                                  
                          "45770514fe0b8e43809603f66532b1                       
                          5c29966b8bd10e974ac4934a32bcc2c                       
                          94d", "init_state_shape": [92],                       
                          "model_seed": 3046509409,                             
                          "protocol": "paired",                                 
                          "task_id": 2}                                         
Saved rollout MP4 at path ./rollouts/2026_09_24/2026_09_24-13_03_18--openvla_oft--episode=11--success=True--task=pick_up_the_black_bowl_from_table_center_and_place.mp4
09/24 [13:06:01] INFO     | >> Success: True              run_libero_eval.py:238
                 INFO     | >> # episodes completed so    run_libero_eval.py:238
                          far: 11                                               
                 INFO     | >> # successes: 6 (54.5%)     run_libero_eval.py:238

 20%|██        | 1/5 [00:08<00:35,  8.77s/it][A                 INFO     | >>                            run_libero_eval.py:238
                          Task: pick up the black bowl                          
                          from table center and place it                        
                          on the plate                                          
                 INFO     | >> Starting episode 2...      run_libero_eval.py:238
                 INFO     | >> EPISODE_MANIFEST           run_libero_eval.py:238
                          {"env_seed": 3448983821,                              
                          "init_state_dtype": "float64",                        
                          "init_state_index": 16,                               
                          "init_state_sha256":                                  
                          "048497d9ac994d7efd126ba1cb5794                       
                          d350e266ab578ecba687fb31b9d5299                       
                          84e", "init_state_shape": [92],                       
                          "model_seed": 1083217717,                             
                          "protocol": "paired",                                 
                          "task_id": 2}                                         
Saved rollout MP4 at path ./rollouts/2026_09_24/2026_09_24-13_03_18--openvla_oft--episode=12--success=True--task=pick_up_the_black_bowl_from_table_center_and_place.mp4
09/24 [13:06:10] INFO     | >> Success: True              run_libero_eval.py:238
                 INFO     | >> # episodes completed so    run_libero_eval.py:238
                          far: 12                                               
                 INFO     | >> # successes: 7 (58.3%)     run_libero_eval.py:238

 40%|████      | 2/5 [00:17<00:26,  8.69s/it][A                 INFO     | >>                            run_libero_eval.py:238
                          Task: pick up the black bowl                          
                          from table center and place it                        
                          on the plate                                          
                 INFO     | >> Starting episode 3...      run_libero_eval.py:238
                 INFO     | >> EPISODE_MANIFEST           run_libero_eval.py:238
                          {"env_seed": 152219977,                               
                          "init_state_dtype": "float64",                        
                          "init_state_index": 17,                               
                          "init_state_sha256":                                  
                          "d3c93a325a74c6fb997498769e0608                       
                          ac9e40c83950ded8f9dfdf6eb0e187f                       
                          4ed", "init_state_shape": [92],                       
                          "model_seed": 2682498644,                             
                          "protocol": "paired",                                 
                          "task_id": 2}                                         
Saved rollout MP4 at path ./rollouts/2026_09_24/2026_09_24-13_03_18--openvla_oft--episode=13--success=True--task=pick_up_the_black_bowl_from_table_center_and_place.mp4
09/24 [13:06:18] INFO     | >> Success: True              run_libero_eval.py:238
                 INFO     | >> # episodes completed so    run_libero_eval.py:238
                          far: 13                                               
                 INFO     | >> # successes: 8 (61.5%)     run_libero_eval.py:238

 60%|██████    | 3/5 [00:26<00:17,  8.76s/it][A                 INFO     | >>                            run_libero_eval.py:238
                          Task: pick up the black bowl                          
                          from table center and place it                        
                          on the plate                                          
                 INFO     | >> Starting episode 4...      run_libero_eval.py:238
                 INFO     | >> EPISODE_MANIFEST           run_libero_eval.py:238
                          {"env_seed": 2631818856,                              
                          "init_state_dtype": "float64",                        
                          "init_state_index": 18,                               
                          "init_state_sha256":                                  
                          "c36f01f74b686f82c83b3ea55dcb01                       
                          8a741cfefe09b6d120ae227c9c21faf                       
                          2ff", "init_state_shape": [92],                       
                          "model_seed": 178345693,                              
                          "protocol": "paired",                                 
                          "task_id": 2}                                         
Saved rollout MP4 at path ./rollouts/2026_09_24/2026_09_24-13_03_18--openvla_oft--episode=14--success=True--task=pick_up_the_black_bowl_from_table_center_and_place.mp4
09/24 [13:06:27] INFO     | >> Success: True              run_libero_eval.py:238
                 INFO     | >> # episodes completed so    run_libero_eval.py:238
                          far: 14                                               
                 INFO     | >> # successes: 9 (64.3%)     run_libero_eval.py:238

 80%|████████  | 4/5 [00:35<00:08,  8.80s/it][A                 INFO     | >>                            run_libero_eval.py:238
                          Task: pick up the black bowl                          
                          from table center and place it                        
                          on the plate                                          
                 INFO     | >> Starting episode 5...      run_libero_eval.py:238
                 INFO     | >> EPISODE_MANIFEST           run_libero_eval.py:238
                          {"env_seed": 1413599330,                              
                          "init_state_dtype": "float64",                        
                          "init_state_index": 19,                               
                          "init_state_sha256":                                  
                          "8b4a7bfbf0fff7d6bf560b38e4cf15                       
                          6bf967a1ee574e0e8b90944781ca52c                       
                          664", "init_state_shape": [92],                       
                          "model_seed": 1347478484,                             
                          "protocol": "paired",                                 
                          "task_id": 2}                                         
Saved rollout MP4 at path ./rollouts/2026_09_24/2026_09_24-13_03_18--openvla_oft--episode=15--success=True--task=pick_up_the_black_bowl_from_table_center_and_place.mp4
09/24 [13:06:36] INFO     | >> Success: True              run_libero_eval.py:238
                 INFO     | >> # episodes completed so    run_libero_eval.py:238
                          far: 15                                               
                 INFO     | >> # successes: 10 (66.7%)    run_libero_eval.py:238

100%|██████████| 5/5 [00:43<00:00,  8.82s/it][A100%|██████████| 5/5 [00:43<00:00,  8.79s/it]
                 INFO     | >> Current task success rate: run_libero_eval.py:238
                          1.0                                                   
                 INFO     | >> Current total success      run_libero_eval.py:238
                          rate: 0.6666666666666666                              
 30%|███       | 3/10 [02:50<06:38, 56.94s/it]                 INFO     | >> Using default initial      run_libero_eval.py:238
                          states                                                

  0%|          | 0/5 [00:00<?, ?it/s][A09/24 [13:06:40] INFO     | >>                            run_libero_eval.py:238
                          Task: pick up the black bowl on                       
                          the cookie box and place it on                        
                          the plate                                             
                 INFO     | >> Starting episode 1...      run_libero_eval.py:238
                 INFO     | >> EPISODE_MANIFEST           run_libero_eval.py:238
                          {"env_seed": 3338659295,                              
                          "init_state_dtype": "float64",                        
                          "init_state_index": 15,                               
                          "init_state_sha256":                                  
                          "52361b17e964ee6de88d5cacda510e                       
                          638cf084542ea78d76c70a5d395726a                       
                          bd5", "init_state_shape": [92],                       
                          "model_seed": 37896630,                               
                          "protocol": "paired",                                 
                          "task_id": 3}                                         
Saved rollout MP4 at path ./rollouts/2026_09_24/2026_09_24-13_03_18--openvla_oft--episode=16--success=True--task=pick_up_the_black_bowl_on_the_cookie_box_and_place.mp4
09/24 [13:06:48] INFO     | >> Success: True              run_libero_eval.py:238
                 INFO     | >> # episodes completed so    run_libero_eval.py:238
                          far: 16                                               
                 INFO     | >> # successes: 11 (68.8%)    run_libero_eval.py:238

 20%|██        | 1/5 [00:08<00:35,  8.78s/it][A                 INFO     | >>                            run_libero_eval.py:238
                          Task: pick up the black bowl on                       
                          the cookie box and place it on                        
                          the plate                                             
                 INFO     | >> Starting episode 2...      run_libero_eval.py:238
                 INFO     | >> EPISODE_MANIFEST           run_libero_eval.py:238
                          {"env_seed": 2389088309,                              
                          "init_state_dtype": "float64",                        
                          "init_state_index": 16,                               
                          "init_state_sha256":                                  
                          "423931bf6a388befaa73aee6d7505d                       
                          928643429025cfd78629d28fd20fd85                       
                          227", "init_state_shape": [92],                       
                          "model_seed": 4215148904,                             
                          "protocol": "paired",                                 
                          "task_id": 3}                                         
Saved rollout MP4 at path ./rollouts/2026_09_24/2026_09_24-13_03_18--openvla_oft--episode=17--success=True--task=pick_up_the_black_bowl_on_the_cookie_box_and_place.mp4
09/24 [13:06:58] INFO     | >> Success: True              run_libero_eval.py:238
                 INFO     | >> # episodes completed so    run_libero_eval.py:238
                          far: 17                                               
                 INFO     | >> # successes: 12 (70.6%)    run_libero_eval.py:238

 40%|████      | 2/5 [00:18<00:27,  9.14s/it][A                 INFO     | >>                            run_libero_eval.py:238
                          Task: pick up the black bowl on                       
                          the cookie box and place it on                        
                          the plate                                             
                 INFO     | >> Starting episode 3...      run_libero_eval.py:238
                 INFO     | >> EPISODE_MANIFEST           run_libero_eval.py:238
                          {"env_seed": 483432697,                               
                          "init_state_dtype": "float64",                        
                          "init_state_index": 17,                               
                          "init_state_sha256":                                  
                          "afbd7079d975f031f72f9f86d4f9b0                       
                          546bb5aba956165e546a303aca82f6b                       
                          006", "init_state_shape": [92],                       
                          "model_seed": 2788686702,                             
                          "protocol": "paired",                                 
                          "task_id": 3}                                         
Saved rollout MP4 at path ./rollouts/2026_09_24/2026_09_24-13_03_18--openvla_oft--episode=18--success=True--task=pick_up_the_black_bowl_on_the_cookie_box_and_place.mp4
09/24 [13:07:06] INFO     | >> Success: True              run_libero_eval.py:238
                 INFO     | >> # episodes completed so    run_libero_eval.py:238
                          far: 18                                               
                 INFO     | >> # successes: 13 (72.2%)    run_libero_eval.py:238

 60%|██████    | 3/5 [00:26<00:17,  8.92s/it][A                 INFO     | >>                            run_libero_eval.py:238
                          Task: pick up the black bowl on                       
                          the cookie box and place it on                        
                          the plate                                             
                 INFO     | >> Starting episode 4...      run_libero_eval.py:238
                 INFO     | >> EPISODE_MANIFEST           run_libero_eval.py:238
                          {"env_seed": 561897185,                               
                          "init_state_dtype": "float64",                        
                          "init_state_index": 18,                               
                          "init_state_sha256":                                  
                          "f8f9fc0451830fc655416dddfbe161                       
                          dd478fe1024e89da2515d3f11d5e324                       
                          d58", "init_state_shape": [92],                       
                          "model_seed": 857807918,                              
                          "protocol": "paired",                                 
                          "task_id": 3}                                         
Saved rollout MP4 at path ./rollouts/2026_09_24/2026_09_24-13_03_18--openvla_oft--episode=19--success=True--task=pick_up_the_black_bowl_on_the_cookie_box_and_place.mp4
09/24 [13:07:15] INFO     | >> Success: True              run_libero_eval.py:238
                 INFO     | >> # episodes completed so    run_libero_eval.py:238
                          far: 19                                               
                 INFO     | >> # successes: 14 (73.7%)    run_libero_eval.py:238

 80%|████████  | 4/5 [00:35<00:08,  8.86s/it][A                 INFO     | >>                            run_libero_eval.py:238
                          Task: pick up the black bowl on                       
                          the cookie box and place it on                        
                          the plate                                             
                 INFO     | >> Starting episode 5...      run_libero_eval.py:238
                 INFO     | >> EPISODE_MANIFEST           run_libero_eval.py:238
                          {"env_seed": 3083610471,                              
                          "init_state_dtype": "float64",                        
                          "init_state_index": 19,                               
                          "init_state_sha256":                                  
                          "506d45d3efe3f6738675330af8d19d                       
                          16069ff0ddf8470ffad2306e592c3b4                       
                          8ed", "init_state_shape": [92],                       
                          "model_seed": 1368153207,                             
                          "protocol": "paired",                                 
                          "task_id": 3}                                         
Saved rollout MP4 at path ./rollouts/2026_09_24/2026_09_24-13_03_18--openvla_oft--episode=20--success=True--task=pick_up_the_black_bowl_on_the_cookie_box_and_place.mp4
09/24 [13:07:23] INFO     | >> Success: True              run_libero_eval.py:238
                 INFO     | >> # episodes completed so    run_libero_eval.py:238
                          far: 20                                               
                 INFO     | >> # successes: 15 (75.0%)    run_libero_eval.py:238

100%|██████████| 5/5 [00:43<00:00,  8.58s/it][A100%|██████████| 5/5 [00:43<00:00,  8.74s/it]
                 INFO     | >> Current task success rate: run_libero_eval.py:238
                          1.0                                                   
                 INFO     | >> Current total success      run_libero_eval.py:238
                          rate: 0.75                                            
 40%|████      | 4/10 [03:37<05:18, 53.03s/it]09/24 [13:07:24] INFO     | >> Using default initial      run_libero_eval.py:238
                          states                                                

  0%|          | 0/5 [00:00<?, ?it/s][A09/24 [13:07:27] INFO     | >>                            run_libero_eval.py:238
                          Task: pick up the black bowl in                       
                          the top drawer of the wooden                          
                          cabinet and place it on the                           
                          plate                                                 
                 INFO     | >> Starting episode 1...      run_libero_eval.py:238
                 INFO     | >> EPISODE_MANIFEST           run_libero_eval.py:238
                          {"env_seed": 592266451,                               
                          "init_state_dtype": "float64",                        
                          "init_state_index": 15,                               
                          "init_state_sha256":                                  
                          "cb5e701ddd05a14b73dade2a434b1c                       
                          e1bd338ce61091f2e5c21eef2af3c91                       
                          ce2", "init_state_shape": [92],                       
                          "model_seed": 3913061369,                             
                          "protocol": "paired",                                 
                          "task_id": 4}                                         
Saved rollout MP4 at path ./rollouts/2026_09_24/2026_09_24-13_03_18--openvla_oft--episode=21--success=True--task=pick_up_the_black_bowl_in_the_top_drawer_of_the_wo.mp4
09/24 [13:07:36] INFO     | >> Success: True              run_libero_eval.py:238
                 INFO     | >> # episodes completed so    run_libero_eval.py:238
                          far: 21                                               
                 INFO     | >> # successes: 16 (76.2%)    run_libero_eval.py:238

 20%|██        | 1/5 [00:09<00:39,  9.84s/it][A                 INFO     | >>                            run_libero_eval.py:238
                          Task: pick up the black bowl in                       
                          the top drawer of the wooden                          
                          cabinet and place it on the                           
                          plate                                                 
                 INFO     | >> Starting episode 2...      run_libero_eval.py:238
                 INFO     | >> EPISODE_MANIFEST           run_libero_eval.py:238
                          {"env_seed": 174463350,                               
                          "init_state_dtype": "float64",                        
                          "init_state_index": 16,                               
                          "init_state_sha256":                                  
                          "2fd6bf6a9d7196b0c22521e814d899                       
                          83b55b5ee584b68a3de0ca6ff4659cf                       
                          aba", "init_state_shape": [92],                       
                          "model_seed": 2608786554,                             
                          "protocol": "paired",                                 
                          "task_id": 4}                                         
Saved rollout MP4 at path ./rollouts/2026_09_24/2026_09_24-13_03_18--openvla_oft--episode=22--success=True--task=pick_up_the_black_bowl_in_the_top_drawer_of_the_wo.mp4
09/24 [13:07:47] INFO     | >> Success: True              run_libero_eval.py:238
                 INFO     | >> # episodes completed so    run_libero_eval.py:238
                          far: 22                                               
                 INFO     | >> # successes: 17 (77.3%)    run_libero_eval.py:238

 40%|████      | 2/5 [00:20<00:30, 10.09s/it][A                 INFO     | >>                            run_libero_eval.py:238
                          Task: pick up the black bowl in                       
                          the top drawer of the wooden                          
                          cabinet and place it on the                           
                          plate                                                 
                 INFO     | >> Starting episode 3...      run_libero_eval.py:238
                 INFO     | >> EPISODE_MANIFEST           run_libero_eval.py:238
                          {"env_seed": 952382972,                               
                          "init_state_dtype": "float64",                        
                          "init_state_index": 17,                               
                          "init_state_sha256":                                  
                          "f5d465f187549523ee7aaedba70bf6                       
                          427cc717feb1cdc5beffdb576b406b6                       
                          ead", "init_state_shape": [92],                       
                          "model_seed": 2666651633,                             
                          "protocol": "paired",                                 
                          "task_id": 4}                                         
Saved rollout MP4 at path ./rollouts/2026_09_24/2026_09_24-13_03_18--openvla_oft--episode=23--success=True--task=pick_up_the_black_bowl_in_the_top_drawer_of_the_wo.mp4
09/24 [13:07:57] INFO     | >> Success: True              run_libero_eval.py:238
                 INFO     | >> # episodes completed so    run_libero_eval.py:238
                          far: 23                                               
                 INFO     | >> # successes: 18 (78.3%)    run_libero_eval.py:238

 60%|██████    | 3/5 [00:30<00:20, 10.05s/it][A                 INFO     | >>                            run_libero_eval.py:238
                          Task: pick up the black bowl in                       
                          the top drawer of the wooden                          
                          cabinet and place it on the                           
                          plate                                                 
                 INFO     | >> Starting episode 4...      run_libero_eval.py:238
                 INFO     | >> EPISODE_MANIFEST           run_libero_eval.py:238
                          {"env_seed": 597217658,                               
                          "init_state_dtype": "float64",                        
                          "init_state_index": 18,                               
                          "init_state_sha256":                                  
                          "aa414e9c1b365ba49f5754f04a6d22                       
                          fe76579e537cc0532defd2b143c8162                       
                          449", "init_state_shape": [92],                       
                          "model_seed": 4232163839,                             
                          "protocol": "paired",                                 
                          "task_id": 4}                                         
Saved rollout MP4 at path ./rollouts/2026_09_24/2026_09_24-13_03_18--openvla_oft--episode=24--success=True--task=pick_up_the_black_bowl_in_the_top_drawer_of_the_wo.mp4
09/24 [13:08:07] INFO     | >> Success: True              run_libero_eval.py:238
                 INFO     | >> # episodes completed so    run_libero_eval.py:238
                          far: 24                                               
                 INFO     | >> # successes: 19 (79.2%)    run_libero_eval.py:238

 80%|████████  | 4/5 [00:40<00:10, 10.21s/it][A                 INFO     | >>                            run_libero_eval.py:238
                          Task: pick up the black bowl in                       
                          the top drawer of the wooden                          
                          cabinet and place it on the                           
                          plate                                                 
                 INFO     | >> Starting episode 5...      run_libero_eval.py:238
                 INFO     | >> EPISODE_MANIFEST           run_libero_eval.py:238
                          {"env_seed": 1378792430,                              
                          "init_state_dtype": "float64",                        
                          "init_state_index": 19,                               
                          "init_state_sha256":                                  
                          "c3c1ec2925956850aa3e3a52f63f7b                       
                          6887c58e2e6cd4900bb07100abe491a                       
                          044", "init_state_shape": [92],                       
                          "model_seed": 2353055044,                             
                          "protocol": "paired",                                 
                          "task_id": 4}                                         
Saved rollout MP4 at path ./rollouts/2026_09_24/2026_09_24-13_03_18--openvla_oft--episode=25--success=True--task=pick_up_the_black_bowl_in_the_top_drawer_of_the_wo.mp4
09/24 [13:08:17] INFO     | >> Success: True              run_libero_eval.py:238
                 INFO     | >> # episodes completed so    run_libero_eval.py:238
                          far: 25                                               
                 INFO     | >> # successes: 20 (80.0%)    run_libero_eval.py:238

100%|██████████| 5/5 [00:50<00:00, 10.18s/it][A100%|██████████| 5/5 [00:50<00:00, 10.14s/it]
                 INFO     | >> Current task success rate: run_libero_eval.py:238
                          1.0                                                   
                 INFO     | >> Current total success      run_libero_eval.py:238
                          rate: 0.8                                             
 50%|█████     | 5/10 [04:31<04:26, 53.37s/it]09/24 [13:08:18] INFO     | >> Using default initial      run_libero_eval.py:238
                          states                                                

  0%|          | 0/5 [00:00<?, ?it/s][A09/24 [13:08:20] INFO     | >>                            run_libero_eval.py:238
                          Task: pick up the black bowl on                       
                          the ramekin and place it on the                       
                          plate                                                 
                 INFO     | >> Starting episode 1...      run_libero_eval.py:238
                 INFO     | >> EPISODE_MANIFEST           run_libero_eval.py:238
                          {"env_seed": 3020995234,                              
                          "init_state_dtype": "float64",                        
                          "init_state_index": 15,                               
                          "init_state_sha256":                                  
                          "a4deab6566eeb86430ab9f1e5f4f81                       
                          67ab666fecaf318188b9ce5f5d15999                       
                          921", "init_state_shape": [92],                       
                          "model_seed": 1559526597,                             
                          "protocol": "paired",                                 
                          "task_id": 5}                                         
Saved rollout MP4 at path ./rollouts/2026_09_24/2026_09_24-13_03_18--openvla_oft--episode=26--success=False--task=pick_up_the_black_bowl_on_the_ramekin_and_place_it.mp4
09/24 [13:08:36] INFO     | >> Success: False             run_libero_eval.py:238
                 INFO     | >> # episodes completed so    run_libero_eval.py:238
                          far: 26                                               
                 INFO     | >> # successes: 20 (76.9%)    run_libero_eval.py:238

 20%|██        | 1/5 [00:15<01:01, 15.46s/it][A                 INFO     | >>                            run_libero_eval.py:238
                          Task: pick up the black bowl on                       
                          the ramekin and place it on the                       
                          plate                                                 
                 INFO     | >> Starting episode 2...      run_libero_eval.py:238
                 INFO     | >> EPISODE_MANIFEST           run_libero_eval.py:238
                          {"env_seed": 348540942,                               
                          "init_state_dtype": "float64",                        
                          "init_state_index": 16,                               
                          "init_state_sha256":                                  
                          "7230223d3b36c289be0dc4cfbfe916                       
                          bfe65e2b20c4755b123504b97f9db19                       
                          e76", "init_state_shape": [92],                       
                          "model_seed": 571957621,                              
                          "protocol": "paired",                                 
                          "task_id": 5}                                         
Saved rollout MP4 at path ./rollouts/2026_09_24/2026_09_24-13_03_18--openvla_oft--episode=27--success=False--task=pick_up_the_black_bowl_on_the_ramekin_and_place_it.mp4
09/24 [13:08:52] INFO     | >> Success: False             run_libero_eval.py:238
                 INFO     | >> # episodes completed so    run_libero_eval.py:238
                          far: 27                                               
                 INFO     | >> # successes: 20 (74.1%)    run_libero_eval.py:238

 40%|████      | 2/5 [00:31<00:46, 15.66s/it][A                 INFO     | >>                            run_libero_eval.py:238
                          Task: pick up the black bowl on                       
                          the ramekin and place it on the                       
                          plate                                                 
                 INFO     | >> Starting episode 3...      run_libero_eval.py:238
                 INFO     | >> EPISODE_MANIFEST           run_libero_eval.py:238
                          {"env_seed": 2006356597,                              
                          "init_state_dtype": "float64",                        
                          "init_state_index": 17,                               
                          "init_state_sha256":                                  
                          "6fd8ad771d6691f57d4512a8036552                       
                          c7b7f13cc92730d96e1fe04cf10f19f                       
                          622", "init_state_shape": [92],                       
                          "model_seed": 359235110,                              
                          "protocol": "paired",                                 
                          "task_id": 5}                                         
Saved rollout MP4 at path ./rollouts/2026_09_24/2026_09_24-13_03_18--openvla_oft--episode=28--success=True--task=pick_up_the_black_bowl_on_the_ramekin_and_place_it.mp4
09/24 [13:09:00] INFO     | >> Success: True              run_libero_eval.py:238
                 INFO     | >> # episodes completed so    run_libero_eval.py:238
                          far: 28                                               
                 INFO     | >> # successes: 21 (75.0%)    run_libero_eval.py:238

 60%|██████    | 3/5 [00:39<00:24, 12.35s/it][A                 INFO     | >>                            run_libero_eval.py:238
                          Task: pick up the black bowl on                       
                          the ramekin and place it on the                       
                          plate                                                 
                 INFO     | >> Starting episode 4...      run_libero_eval.py:238
                 INFO     | >> EPISODE_MANIFEST           run_libero_eval.py:238
                          {"env_seed": 1929182354,                              
                          "init_state_dtype": "float64",                        
                          "init_state_index": 18,                               
                          "init_state_sha256":                                  
                          "bae20d83cc8f5698c74606627590ca                       
                          7a468ddfcefb40d2b14e88f856ead59                       
                          dac", "init_state_shape": [92],                       
                          "model_seed": 133738021,                              
                          "protocol": "paired",                                 
                          "task_id": 5}                                         
Saved rollout MP4 at path ./rollouts/2026_09_24/2026_09_24-13_03_18--openvla_oft--episode=29--success=True--task=pick_up_the_black_bowl_on_the_ramekin_and_place_it.mp4
09/24 [13:09:09] INFO     | >> Success: True              run_libero_eval.py:238
                 INFO     | >> # episodes completed so    run_libero_eval.py:238
                          far: 29                                               
                 INFO     | >> # successes: 22 (75.9%)    run_libero_eval.py:238

 80%|████████  | 4/5 [00:48<00:10, 10.94s/it][A                 INFO     | >>                            run_libero_eval.py:238
                          Task: pick up the black bowl on                       
                          the ramekin and place it on the                       
                          plate                                                 
                 INFO     | >> Starting episode 5...      run_libero_eval.py:238
                 INFO     | >> EPISODE_MANIFEST           run_libero_eval.py:238
                          {"env_seed": 1473662895,                              
                          "init_state_dtype": "float64",                        
                          "init_state_index": 19,                               
                          "init_state_sha256":                                  
                          "abdc5421f4dbbe198b856e56c8808b                       
                          b94de1984fbc206990666daac8c48b9                       
                          4f9", "init_state_shape": [92],                       
                          "model_seed": 4203872880,                             
                          "protocol": "paired",                                 
                          "task_id": 5}                                         
Saved rollout MP4 at path ./rollouts/2026_09_24/2026_09_24-13_03_18--openvla_oft--episode=30--success=False--task=pick_up_the_black_bowl_on_the_ramekin_and_place_it.mp4
09/24 [13:09:25] INFO     | >> Success: False             run_libero_eval.py:238
                 INFO     | >> # episodes completed so    run_libero_eval.py:238
                          far: 30                                               
                 INFO     | >> # successes: 22 (73.3%)    run_libero_eval.py:238

100%|██████████| 5/5 [01:04<00:00, 12.79s/it][A100%|██████████| 5/5 [01:04<00:00, 12.90s/it]
                 INFO     | >> Current task success rate: run_libero_eval.py:238
                          0.4                                                   
                 INFO     | >> Current total success      run_libero_eval.py:238
                          rate: 0.7333333333333333                              
 60%|██████    | 6/10 [05:39<03:53, 58.30s/it]                 INFO     | >> Using default initial      run_libero_eval.py:238
                          states                                                

  0%|          | 0/5 [00:00<?, ?it/s][A09/24 [13:09:28] INFO     | >>                            run_libero_eval.py:238
                          Task: pick up the black bowl                          
                          next to the cookie box and                            
                          place it on the plate                                 
                 INFO     | >> Starting episode 1...      run_libero_eval.py:238
                 INFO     | >> EPISODE_MANIFEST           run_libero_eval.py:238
                          {"env_seed": 1695376014,                              
                          "init_state_dtype": "float64",                        
                          "init_state_index": 15,                               
                          "init_state_sha256":                                  
                          "5ac177ae8b3d5faae0f96018f1a10c                       
                          896aa28c50cf164f892a63ace956e84                       
                          d67", "init_state_shape": [92],                       
                          "model_seed": 1779348709,                             
                          "protocol": "paired",                                 
                          "task_id": 6}                                         
Saved rollout MP4 at path ./rollouts/2026_09_24/2026_09_24-13_03_18--openvla_oft--episode=31--success=True--task=pick_up_the_black_bowl_next_to_the_cookie_box_and_.mp4
09/24 [13:09:38] INFO     | >> Success: True              run_libero_eval.py:238
                 INFO     | >> # episodes completed so    run_libero_eval.py:238
                          far: 31                                               
                 INFO     | >> # successes: 23 (74.2%)    run_libero_eval.py:238

 20%|██        | 1/5 [00:09<00:39,  9.86s/it][A                 INFO     | >>                            run_libero_eval.py:238
                          Task: pick up the black bowl                          
                          next to the cookie box and                            
                          place it on the plate                                 
                 INFO     | >> Starting episode 2...      run_libero_eval.py:238
                 INFO     | >> EPISODE_MANIFEST           run_libero_eval.py:238
                          {"env_seed": 387923774,                               
                          "init_state_dtype": "float64",                        
                          "init_state_index": 16,                               
                          "init_state_sha256":                                  
                          "2d63eeddc4973f63b27ea3eedb94ae                       
                          b27091ca0ffca689f19f33f469304ff                       
                          547", "init_state_shape": [92],                       
                          "model_seed": 2192902544,                             
                          "protocol": "paired",                                 
                          "task_id": 6}                                         
Saved rollout MP4 at path ./rollouts/2026_09_24/2026_09_24-13_03_18--openvla_oft--episode=32--success=True--task=pick_up_the_black_bowl_next_to_the_cookie_box_and_.mp4
09/24 [13:09:47] INFO     | >> Success: True              run_libero_eval.py:238
                 INFO     | >> # episodes completed so    run_libero_eval.py:238
                          far: 32                                               
                 INFO     | >> # successes: 24 (75.0%)    run_libero_eval.py:238

 40%|████      | 2/5 [00:18<00:27,  9.23s/it][A                 INFO     | >>                            run_libero_eval.py:238
                          Task: pick up the black bowl                          
                          next to the cookie box and                            
                          place it on the plate                                 
                 INFO     | >> Starting episode 3...      run_libero_eval.py:238
                 INFO     | >> EPISODE_MANIFEST           run_libero_eval.py:238
                          {"env_seed": 1763420194,                              
                          "init_state_dtype": "float64",                        
                          "init_state_index": 17,                               
                          "init_state_sha256":                                  
                          "cc6c84732e3358311f9cfb008badb2                       
                          e680c95edae0258090dc72ca95c7ecc                       
                          6d8", "init_state_shape": [92],                       
                          "model_seed": 140198152,                              
                          "protocol": "paired",                                 
                          "task_id": 6}                                         
Saved rollout MP4 at path ./rollouts/2026_09_24/2026_09_24-13_03_18--openvla_oft--episode=33--success=True--task=pick_up_the_black_bowl_next_to_the_cookie_box_and_.mp4
09/24 [13:09:56] INFO     | >> Success: True              run_libero_eval.py:238
                 INFO     | >> # episodes completed so    run_libero_eval.py:238
                          far: 33                                               
                 INFO     | >> # successes: 25 (75.8%)    run_libero_eval.py:238

 60%|██████    | 3/5 [00:27<00:18,  9.11s/it][A                 INFO     | >>                            run_libero_eval.py:238
                          Task: pick up the black bowl                          
                          next to the cookie box and                            
                          place it on the plate                                 
                 INFO     | >> Starting episode 4...      run_libero_eval.py:238
                 INFO     | >> EPISODE_MANIFEST           run_libero_eval.py:238
                          {"env_seed": 3577260325,                              
                          "init_state_dtype": "float64",                        
                          "init_state_index": 18,                               
                          "init_state_sha256":                                  
                          "cd32e37a9f4452ae643216373cd731                       
                          097bb26b2de5b4179c598f449dffe78                       
                          83c", "init_state_shape": [92],                       
                          "model_seed": 1004619153,                             
                          "protocol": "paired",                                 
                          "task_id": 6}                                         
Saved rollout MP4 at path ./rollouts/2026_09_24/2026_09_24-13_03_18--openvla_oft--episode=34--success=True--task=pick_up_the_black_bowl_next_to_the_cookie_box_and_.mp4
09/24 [13:10:05] INFO     | >> Success: True              run_libero_eval.py:238
                 INFO     | >> # episodes completed so    run_libero_eval.py:238
                          far: 34                                               
                 INFO     | >> # successes: 26 (76.5%)    run_libero_eval.py:238

 80%|████████  | 4/5 [00:36<00:09,  9.19s/it][A                 INFO     | >>                            run_libero_eval.py:238
                          Task: pick up the black bowl                          
                          next to the cookie box and                            
                          place it on the plate                                 
                 INFO     | >> Starting episode 5...      run_libero_eval.py:238
                 INFO     | >> EPISODE_MANIFEST           run_libero_eval.py:238
                          {"env_seed": 3289218336,                              
                          "init_state_dtype": "float64",                        
                          "init_state_index": 19,                               
                          "init_state_sha256":                                  
                          "83c492e3e060153644099b67cfed0e                       
                          a3ba076f44b5c1d483cbe93efe90266                       
                          de7", "init_state_shape": [92],                       
                          "model_seed": 2594496890,                             
                          "protocol": "paired",                                 
                          "task_id": 6}                                         
Saved rollout MP4 at path ./rollouts/2026_09_24/2026_09_24-13_03_18--openvla_oft--episode=35--success=True--task=pick_up_the_black_bowl_next_to_the_cookie_box_and_.mp4
09/24 [13:10:15] INFO     | >> Success: True              run_libero_eval.py:238
                 INFO     | >> # episodes completed so    run_libero_eval.py:238
                          far: 35                                               
                 INFO     | >> # successes: 27 (77.1%)    run_libero_eval.py:238

100%|██████████| 5/5 [00:46<00:00,  9.21s/it][A100%|██████████| 5/5 [00:46<00:00,  9.24s/it]
                 INFO     | >> Current task success rate: run_libero_eval.py:238
                          1.0                                                   
                 INFO     | >> Current total success      run_libero_eval.py:238
                          rate: 0.7714285714285715                              
 70%|███████   | 7/10 [06:29<02:46, 55.44s/it]                 INFO     | >> Using default initial      run_libero_eval.py:238
                          states                                                

  0%|          | 0/5 [00:00<?, ?it/s][A09/24 [13:10:18] INFO     | >>                            run_libero_eval.py:238
                          Task: pick up the black bowl on                       
                          the stove and place it on the                         
                          plate                                                 
                 INFO     | >> Starting episode 1...      run_libero_eval.py:238
                 INFO     | >> EPISODE_MANIFEST           run_libero_eval.py:238
                          {"env_seed": 1607189153,                              
                          "init_state_dtype": "float64",                        
                          "init_state_index": 15,                               
                          "init_state_sha256":                                  
                          "c2d397c97dff15be672ebc121b0bf6                       
                          a49522c58cc15164b688b81dcf1f534                       
                          86c", "init_state_shape": [92],                       
                          "model_seed": 2069251692,                             
                          "protocol": "paired",                                 
                          "task_id": 7}                                         
Saved rollout MP4 at path ./rollouts/2026_09_24/2026_09_24-13_03_18--openvla_oft--episode=36--success=False--task=pick_up_the_black_bowl_on_the_stove_and_place_it_o.mp4
09/24 [13:10:33] INFO     | >> Success: False             run_libero_eval.py:238
                 INFO     | >> # episodes completed so    run_libero_eval.py:238
                          far: 36                                               
                 INFO     | >> # successes: 27 (75.0%)    run_libero_eval.py:238

 20%|██        | 1/5 [00:15<01:01, 15.34s/it][A                 INFO     | >>                            run_libero_eval.py:238
                          Task: pick up the black bowl on                       
                          the stove and place it on the                         
                          plate                                                 
                 INFO     | >> Starting episode 2...      run_libero_eval.py:238
                 INFO     | >> EPISODE_MANIFEST           run_libero_eval.py:238
                          {"env_seed": 2378730282,                              
                          "init_state_dtype": "float64",                        
                          "init_state_index": 16,                               
                          "init_state_sha256":                                  
                          "7ca0656515f25ac924542e0f9fdc1d                       
                          e90bd8f52c93368dde245b0d8d902b7                       
                          b1f", "init_state_shape": [92],                       
                          "model_seed": 2424370288,                             
                          "protocol": "paired",                                 
                          "task_id": 7}                                         
Saved rollout MP4 at path ./rollouts/2026_09_24/2026_09_24-13_03_18--openvla_oft--episode=37--success=True--task=pick_up_the_black_bowl_on_the_stove_and_place_it_o.mp4
09/24 [13:10:43] INFO     | >> Success: True              run_libero_eval.py:238
                 INFO     | >> # episodes completed so    run_libero_eval.py:238
                          far: 37                                               
                 INFO     | >> # successes: 28 (75.7%)    run_libero_eval.py:238

 40%|████      | 2/5 [00:25<00:36, 12.28s/it][A                 INFO     | >>                            run_libero_eval.py:238
                          Task: pick up the black bowl on                       
                          the stove and place it on the                         
                          plate                                                 
                 INFO     | >> Starting episode 3...      run_libero_eval.py:238
                 INFO     | >> EPISODE_MANIFEST           run_libero_eval.py:238
                          {"env_seed": 2617456485,                              
                          "init_state_dtype": "float64",                        
                          "init_state_index": 17,                               
                          "init_state_sha256":                                  
                          "dfefa2e8fbfa660e7ad3f9fe8abfc5                       
                          f0334de73d23101a02f4832a3e88b39                       
                          9f7", "init_state_shape": [92],                       
                          "model_seed": 2396518492,                             
                          "protocol": "paired",                                 
                          "task_id": 7}                                         
Saved rollout MP4 at path ./rollouts/2026_09_24/2026_09_24-13_03_18--openvla_oft--episode=38--success=True--task=pick_up_the_black_bowl_on_the_stove_and_place_it_o.mp4
09/24 [13:10:53] INFO     | >> Success: True              run_libero_eval.py:238
                 INFO     | >> # episodes completed so    run_libero_eval.py:238
                          far: 38                                               
                 INFO     | >> # successes: 29 (76.3%)    run_libero_eval.py:238

 60%|██████    | 3/5 [00:35<00:22, 11.20s/it][A                 INFO     | >>                            run_libero_eval.py:238
                          Task: pick up the black bowl on                       
                          the stove and place it on the                         
                          plate                                                 
                 INFO     | >> Starting episode 4...      run_libero_eval.py:238
                 INFO     | >> EPISODE_MANIFEST           run_libero_eval.py:238
                          {"env_seed": 3907992634,                              
                          "init_state_dtype": "float64",                        
                          "init_state_index": 18,                               
                          "init_state_sha256":                                  
                          "a8adffa84c6ca0334dbd7c5f04255f                       
                          37049725d84d1fff85bffd76f24e22a                       
                          98c", "init_state_shape": [92],                       
                          "model_seed": 2696294697,                             
                          "protocol": "paired",                                 
                          "task_id": 7}                                         
Saved rollout MP4 at path ./rollouts/2026_09_24/2026_09_24-13_03_18--openvla_oft--episode=39--success=True--task=pick_up_the_black_bowl_on_the_stove_and_place_it_o.mp4
09/24 [13:11:03] INFO     | >> Success: True              run_libero_eval.py:238
                 INFO     | >> # episodes completed so    run_libero_eval.py:238
                          far: 39                                               
                 INFO     | >> # successes: 30 (76.9%)    run_libero_eval.py:238

 80%|████████  | 4/5 [00:44<00:10, 10.50s/it][A                 INFO     | >>                            run_libero_eval.py:238
                          Task: pick up the black bowl on                       
                          the stove and place it on the                         
                          plate                                                 
                 INFO     | >> Starting episode 5...      run_libero_eval.py:238
                 INFO     | >> EPISODE_MANIFEST           run_libero_eval.py:238
                          {"env_seed": 312003604,                               
                          "init_state_dtype": "float64",                        
                          "init_state_index": 19,                               
                          "init_state_sha256":                                  
                          "33513be059126ac134cdc4bc4e7707                       
                          7909122fc4e90b908bf8e9f3a149568                       
                          415", "init_state_shape": [92],                       
                          "model_seed": 908971156,                              
                          "protocol": "paired",                                 
                          "task_id": 7}                                         
Saved rollout MP4 at path ./rollouts/2026_09_24/2026_09_24-13_03_18--openvla_oft--episode=40--success=True--task=pick_up_the_black_bowl_on_the_stove_and_place_it_o.mp4
09/24 [13:11:13] INFO     | >> Success: True              run_libero_eval.py:238
                 INFO     | >> # episodes completed so    run_libero_eval.py:238
                          far: 40                                               
                 INFO     | >> # successes: 31 (77.5%)    run_libero_eval.py:238

100%|██████████| 5/5 [00:54<00:00, 10.32s/it][A100%|██████████| 5/5 [00:54<00:00, 10.96s/it]
                 INFO     | >> Current task success rate: run_libero_eval.py:238
                          0.8                                                   
                 INFO     | >> Current total success      run_libero_eval.py:238
                          rate: 0.775                                           
 80%|████████  | 8/10 [07:27<01:52, 56.31s/it]                 INFO     | >> Using default initial      run_libero_eval.py:238
                          states                                                

  0%|          | 0/5 [00:00<?, ?it/s][A09/24 [13:11:16] INFO     | >>                            run_libero_eval.py:238
                          Task: pick up the black bowl                          
                          next to the plate and place it                        
                          on the plate                                          
                 INFO     | >> Starting episode 1...      run_libero_eval.py:238
                 INFO     | >> EPISODE_MANIFEST           run_libero_eval.py:238
                          {"env_seed": 3838899006,                              
                          "init_state_dtype": "float64",                        
                          "init_state_index": 15,                               
                          "init_state_sha256":                                  
                          "837065b5d5e92195cc5f9e7b89da3c                       
                          ca12228766cc72f5fcff69ffbcdfd30                       
                          be4", "init_state_shape": [92],                       
                          "model_seed": 2738183301,                             
                          "protocol": "paired",                                 
                          "task_id": 8}                                         
Saved rollout MP4 at path ./rollouts/2026_09_24/2026_09_24-13_03_18--openvla_oft--episode=41--success=True--task=pick_up_the_black_bowl_next_to_the_plate_and_place.mp4
09/24 [13:11:24] INFO     | >> Success: True              run_libero_eval.py:238
                 INFO     | >> # episodes completed so    run_libero_eval.py:238
                          far: 41                                               
                 INFO     | >> # successes: 32 (78.0%)    run_libero_eval.py:238

 20%|██        | 1/5 [00:08<00:32,  8.08s/it][A                 INFO     | >>                            run_libero_eval.py:238
                          Task: pick up the black bowl                          
                          next to the plate and place it                        
                          on the plate                                          
                 INFO     | >> Starting episode 2...      run_libero_eval.py:238
                 INFO     | >> EPISODE_MANIFEST           run_libero_eval.py:238
                          {"env_seed": 2538210076,                              
                          "init_state_dtype": "float64",                        
                          "init_state_index": 16,                               
                          "init_state_sha256":                                  
                          "ba007128ac93f07dae4d1bd9c147df                       
                          e1b2793a7b934adee4666212617eccb                       
                          8ff", "init_state_shape": [92],                       
                          "model_seed": 2432764985,                             
                          "protocol": "paired",                                 
                          "task_id": 8}                                         
Saved rollout MP4 at path ./rollouts/2026_09_24/2026_09_24-13_03_18--openvla_oft--episode=42--success=True--task=pick_up_the_black_bowl_next_to_the_plate_and_place.mp4
09/24 [13:11:33] INFO     | >> Success: True              run_libero_eval.py:238
                 INFO     | >> # episodes completed so    run_libero_eval.py:238
                          far: 42                                               
                 INFO     | >> # successes: 33 (78.6%)    run_libero_eval.py:238

 40%|████      | 2/5 [00:16<00:24,  8.32s/it][A                 INFO     | >>                            run_libero_eval.py:238
                          Task: pick up the black bowl                          
                          next to the plate and place it                        
                          on the plate                                          
                 INFO     | >> Starting episode 3...      run_libero_eval.py:238
                 INFO     | >> EPISODE_MANIFEST           run_libero_eval.py:238
                          {"env_seed": 3789555858,                              
                          "init_state_dtype": "float64",                        
                          "init_state_index": 17,                               
                          "init_state_sha256":                                  
                          "be6fbfec818b29b08a928dcc4b6be9                       
                          0ad5a7f2d829cd41071924230c8331a                       
                          735", "init_state_shape": [92],                       
                          "model_seed": 903631136,                              
                          "protocol": "paired",                                 
                          "task_id": 8}                                         
Saved rollout MP4 at path ./rollouts/2026_09_24/2026_09_24-13_03_18--openvla_oft--episode=43--success=True--task=pick_up_the_black_bowl_next_to_the_plate_and_place.mp4
09/24 [13:11:42] INFO     | >> Success: True              run_libero_eval.py:238
                 INFO     | >> # episodes completed so    run_libero_eval.py:238
                          far: 43                                               
                 INFO     | >> # successes: 34 (79.1%)    run_libero_eval.py:238

 60%|██████    | 3/5 [00:25<00:17,  8.61s/it][A                 INFO     | >>                            run_libero_eval.py:238
                          Task: pick up the black bowl                          
                          next to the plate and place it                        
                          on the plate                                          
                 INFO     | >> Starting episode 4...      run_libero_eval.py:238
                 INFO     | >> EPISODE_MANIFEST           run_libero_eval.py:238
                          {"env_seed": 1768762109,                              
                          "init_state_dtype": "float64",                        
                          "init_state_index": 18,                               
                          "init_state_sha256":                                  
                          "21e9a30cf8e0eb3cf2c39deaf2f67a                       
                          b160c505d26a8a7517d7ec659243f1d                       
                          114", "init_state_shape": [92],                       
                          "model_seed": 1210240488,                             
                          "protocol": "paired",                                 
                          "task_id": 8}                                         
Saved rollout MP4 at path ./rollouts/2026_09_24/2026_09_24-13_03_18--openvla_oft--episode=44--success=True--task=pick_up_the_black_bowl_next_to_the_plate_and_place.mp4
09/24 [13:11:50] INFO     | >> Success: True              run_libero_eval.py:238
                 INFO     | >> # episodes completed so    run_libero_eval.py:238
                          far: 44                                               
                 INFO     | >> # successes: 35 (79.5%)    run_libero_eval.py:238

 80%|████████  | 4/5 [00:33<00:08,  8.51s/it][A                 INFO     | >>                            run_libero_eval.py:238
                          Task: pick up the black bowl                          
                          next to the plate and place it                        
                          on the plate                                          
                 INFO     | >> Starting episode 5...      run_libero_eval.py:238
                 INFO     | >> EPISODE_MANIFEST           run_libero_eval.py:238
                          {"env_seed": 3907673016,                              
                          "init_state_dtype": "float64",                        
                          "init_state_index": 19,                               
                          "init_state_sha256":                                  
                          "d391e42a6d2629a0c03aac61e103e6                       
                          68843920f864dfda9e010698f465ae1                       
                          805", "init_state_shape": [92],                       
                          "model_seed": 1420650844,                             
                          "protocol": "paired",                                 
                          "task_id": 8}                                         
Saved rollout MP4 at path ./rollouts/2026_09_24/2026_09_24-13_03_18--openvla_oft--episode=45--success=True--task=pick_up_the_black_bowl_next_to_the_plate_and_place.mp4
09/24 [13:11:59] INFO     | >> Success: True              run_libero_eval.py:238
                 INFO     | >> # episodes completed so    run_libero_eval.py:238
                          far: 45                                               
                 INFO     | >> # successes: 36 (80.0%)    run_libero_eval.py:238

100%|██████████| 5/5 [00:42<00:00,  8.65s/it][A100%|██████████| 5/5 [00:42<00:00,  8.56s/it]
                 INFO     | >> Current task success rate: run_libero_eval.py:238
                          1.0                                                   
                 INFO     | >> Current total success      run_libero_eval.py:238
                          rate: 0.8                                             
 90%|█████████ | 9/10 [08:13<00:53, 53.12s/it]                 INFO     | >> Using default initial      run_libero_eval.py:238
                          states                                                

  0%|          | 0/5 [00:00<?, ?it/s][A09/24 [13:12:02] INFO     | >>                            run_libero_eval.py:238
                          Task: pick up the black bowl on                       
                          the wooden cabinet and place it                       
                          on the plate                                          
                 INFO     | >> Starting episode 1...      run_libero_eval.py:238
                 INFO     | >> EPISODE_MANIFEST           run_libero_eval.py:238
                          {"env_seed": 3779558617,                              
                          "init_state_dtype": "float64",                        
                          "init_state_index": 15,                               
                          "init_state_sha256":                                  
                          "e5466b756c5f5583d1efe6408171fa                       
                          bdb6d57c076492841aaed2cf862bcb2                       
                          086", "init_state_shape": [92],                       
                          "model_seed": 3747118274,                             
                          "protocol": "paired",                                 
                          "task_id": 9}                                         
Saved rollout MP4 at path ./rollouts/2026_09_24/2026_09_24-13_03_18--openvla_oft--episode=46--success=True--task=pick_up_the_black_bowl_on_the_wooden_cabinet_and_p.mp4
09/24 [13:12:12] INFO     | >> Success: True              run_libero_eval.py:238
                 INFO     | >> # episodes completed so    run_libero_eval.py:238
                          far: 46                                               
                 INFO     | >> # successes: 37 (80.4%)    run_libero_eval.py:238

 20%|██        | 1/5 [00:09<00:38,  9.69s/it][A                 INFO     | >>                            run_libero_eval.py:238
                          Task: pick up the black bowl on                       
                          the wooden cabinet and place it                       
                          on the plate                                          
                 INFO     | >> Starting episode 2...      run_libero_eval.py:238
                 INFO     | >> EPISODE_MANIFEST           run_libero_eval.py:238
                          {"env_seed": 3307202243,                              
                          "init_state_dtype": "float64",                        
                          "init_state_index": 16,                               
                          "init_state_sha256":                                  
                          "76e2ded6c389300a73bb7cf4306348                       
                          a5ccb531ed7730f54c7fef7cb704955                       
                          eca", "init_state_shape": [92],                       
                          "model_seed": 3717612147,                             
                          "protocol": "paired",                                 
                          "task_id": 9}                                         
Saved rollout MP4 at path ./rollouts/2026_09_24/2026_09_24-13_03_18--openvla_oft--episode=47--success=True--task=pick_up_the_black_bowl_on_the_wooden_cabinet_and_p.mp4
09/24 [13:12:22] INFO     | >> Success: True              run_libero_eval.py:238
                 INFO     | >> # episodes completed so    run_libero_eval.py:238
                          far: 47                                               
                 INFO     | >> # successes: 38 (80.9%)    run_libero_eval.py:238

 40%|████      | 2/5 [00:19<00:29,  9.96s/it][A                 INFO     | >>                            run_libero_eval.py:238
                          Task: pick up the black bowl on                       
                          the wooden cabinet and place it                       
                          on the plate                                          
                 INFO     | >> Starting episode 3...      run_libero_eval.py:238
                 INFO     | >> EPISODE_MANIFEST           run_libero_eval.py:238
                          {"env_seed": 2626669344,                              
                          "init_state_dtype": "float64",                        
                          "init_state_index": 17,                               
                          "init_state_sha256":                                  
                          "f6f3204e80922a4262c002a95fe878                       
                          d8af31ae89305568ebdc0ab750f6dda                       
                          a50", "init_state_shape": [92],                       
                          "model_seed": 1171711006,                             
                          "protocol": "paired",                                 
                          "task_id": 9}                                         
Saved rollout MP4 at path ./rollouts/2026_09_24/2026_09_24-13_03_18--openvla_oft--episode=48--success=True--task=pick_up_the_black_bowl_on_the_wooden_cabinet_and_p.mp4
09/24 [13:12:32] INFO     | >> Success: True              run_libero_eval.py:238
                 INFO     | >> # episodes completed so    run_libero_eval.py:238
                          far: 48                                               
                 INFO     | >> # successes: 39 (81.2%)    run_libero_eval.py:238

 60%|██████    | 3/5 [00:29<00:19,  9.99s/it][A                 INFO     | >>                            run_libero_eval.py:238
                          Task: pick up the black bowl on                       
                          the wooden cabinet and place it                       
                          on the plate                                          
                 INFO     | >> Starting episode 4...      run_libero_eval.py:238
                 INFO     | >> EPISODE_MANIFEST           run_libero_eval.py:238
                          {"env_seed": 1569100945,                              
                          "init_state_dtype": "float64",                        
                          "init_state_index": 18,                               
                          "init_state_sha256":                                  
                          "0c9b215520647ce1a2fb63052acb60                       
                          707a3f3a9325d0e6a6c90015e9248e1                       
                          80c", "init_state_shape": [92],                       
                          "model_seed": 1553610868,                             
                          "protocol": "paired",                                 
                          "task_id": 9}                                         
Saved rollout MP4 at path ./rollouts/2026_09_24/2026_09_24-13_03_18--openvla_oft--episode=49--success=True--task=pick_up_the_black_bowl_on_the_wooden_cabinet_and_p.mp4
09/24 [13:12:43] INFO     | >> Success: True              run_libero_eval.py:238
                 INFO     | >> # episodes completed so    run_libero_eval.py:238
                          far: 49                                               
                 INFO     | >> # successes: 40 (81.6%)    run_libero_eval.py:238

 80%|████████  | 4/5 [00:40<00:10, 10.35s/it][A                 INFO     | >>                            run_libero_eval.py:238
                          Task: pick up the black bowl on                       
                          the wooden cabinet and place it                       
                          on the plate                                          
                 INFO     | >> Starting episode 5...      run_libero_eval.py:238
                 INFO     | >> EPISODE_MANIFEST           run_libero_eval.py:238
                          {"env_seed": 2304298750,                              
                          "init_state_dtype": "float64",                        
                          "init_state_index": 19,                               
                          "init_state_sha256":                                  
                          "f794efb4eb6e80746d815c6544cdfd                       
                          24ec8dcf58c45780ffee26adab7532c                       
                          50b", "init_state_shape": [92],                       
                          "model_seed": 3079865435,                             
                          "protocol": "paired",                                 
                          "task_id": 9}                                         
Saved rollout MP4 at path ./rollouts/2026_09_24/2026_09_24-13_03_18--openvla_oft--episode=50--success=True--task=pick_up_the_black_bowl_on_the_wooden_cabinet_and_p.mp4
09/24 [13:12:53] INFO     | >> Success: True              run_libero_eval.py:238
                 INFO     | >> # episodes completed so    run_libero_eval.py:238
                          far: 50                                               
                 INFO     | >> # successes: 41 (82.0%)    run_libero_eval.py:238

100%|██████████| 5/5 [00:51<00:00, 10.35s/it][A100%|██████████| 5/5 [00:51<00:00, 10.22s/it]
                 INFO     | >> Current task success rate: run_libero_eval.py:238
                          1.0                                                   
                 INFO     | >> Current total success      run_libero_eval.py:238
                          rate: 0.82                                            
100%|██████████| 10/10 [09:07<00:00, 53.51s/it]100%|██████████| 10/10 [09:07<00:00, 54.77s/it]
09/24 [13:12:54] INFO     | >> Final results:             run_libero_eval.py:238
                 INFO     | >> Total episodes: 50         run_libero_eval.py:238
                 INFO     | >> Total successes: 41        run_libero_eval.py:238
                 INFO     | >> Overall success rate:      run_libero_eval.py:238
                          0.8200 (82.0%)                                        
