2026-09-18 01:31:55.558483: I tensorflow/core/util/port.cc:113] oneDNN custom operations are on. You may see slightly different numerical results due to floating-point round-off errors from different computation orders. To turn them off, set the environment variable `TF_ENABLE_ONEDNN_OPTS=0`.
2026-09-18 01:31:55.600182: E external/local_xla/xla/stream_executor/cuda/cuda_dnn.cc:9261] Unable to register cuDNN factory: Attempting to register factory for plugin cuDNN when one has already been registered
2026-09-18 01:31:55.600207: E external/local_xla/xla/stream_executor/cuda/cuda_fft.cc:607] Unable to register cuFFT factory: Attempting to register factory for plugin cuFFT when one has already been registered
2026-09-18 01:31:55.601487: E external/local_xla/xla/stream_executor/cuda/cuda_blas.cc:1515] Unable to register cuBLAS factory: Attempting to register factory for plugin cuBLAS when one has already been registered
2026-09-18 01:31:55.607456: I tensorflow/core/platform/cpu_feature_guard.cc:182] This TensorFlow binary is optimized to use available CPU instructions in performance-critical operations.
To enable the following instructions: AVX2 AVX512F AVX512_VNNI FMA, in other operations, rebuild TensorFlow with the appropriate compiler flags.
2026-09-18 01:31:56.500084: W tensorflow/compiler/tf2tensorrt/utils/py_utils.cc:38] TF-TRT Warning: Could not find TensorRT
[robosuite WARNING] No private macro file found! (__init__.py:7)
[robosuite WARNING] It is recommended to use a private macro file (__init__.py:8)
[robosuite WARNING] To setup, run: python /root/miniconda3/envs/qvla-oft/lib/python3.10/site-packages/robosuite/scripts/setup_macros.py (__init__.py:9)
Gym has been unmaintained since 2022 and does not support NumPy 2.0 amongst other critical functionality.
Please upgrade to Gymnasium, the maintained drop-in replacement of Gym, or contact the authors of your software and request that they upgrade.
Users of this version of Gym should be able to simply replace 'import gym' with 'import gymnasium as gym' in the vast majority of cases.
See the migration guide at https://gymnasium.farama.org/introduction/migration_guide/ for additional information.
Using LIBERO constants:
  NUM_ACTIONS_CHUNK = 8
  ACTION_DIM = 7
  PROPRIO_DIM = 8
  ACTION_PROPRIO_NORMALIZATION_TYPE = bounds_q99
If needed, manually set the correct constants in `prismatic/vla/constants.py`!
VILA is not installed. Multimodal features will not be available. To activate, please install VILA at https://github.com/NVlabs/VILA.
[official-quant] scope={"fused_vision": 105, "language": 224, "primary_vision": 93, "total": 422, "unexpected": 0, "vision": 198}
Loading checkpoint shards:   0%|          | 0/4 [00:00<?, ?it/s]Loading checkpoint shards:  25%|██▌       | 1/4 [00:00<00:00,  4.59it/s]Loading checkpoint shards:  50%|█████     | 2/4 [00:00<00:00,  5.22it/s]Loading checkpoint shards:  75%|███████▌  | 3/4 [00:00<00:00,  5.45it/s]Loading checkpoint shards: 100%|██████████| 4/4 [00:00<00:00,  5.69it/s]Loading checkpoint shards: 100%|██████████| 4/4 [00:00<00:00,  5.48it/s]
[official-awq] 1/198 vision_backbone.featurizer.patch_embed.proj
[official-awq] 2/198 vision_backbone.featurizer.blocks.0.attn.qkv
[official-awq] 3/198 vision_backbone.featurizer.blocks.0.attn.proj
[official-awq] 4/198 vision_backbone.featurizer.blocks.0.mlp.fc1
[official-awq] 5/198 vision_backbone.featurizer.blocks.0.mlp.fc2
[official-awq] 6/198 vision_backbone.featurizer.blocks.1.attn.qkv
[official-awq] 7/198 vision_backbone.featurizer.blocks.1.attn.proj
[official-awq] 8/198 vision_backbone.featurizer.blocks.1.mlp.fc1
[official-awq] 9/198 vision_backbone.featurizer.blocks.1.mlp.fc2
[official-awq] 10/198 vision_backbone.featurizer.blocks.2.attn.qkv
[official-awq] 11/198 vision_backbone.featurizer.blocks.2.attn.proj
[official-awq] 12/198 vision_backbone.featurizer.blocks.2.mlp.fc1
[official-awq] 13/198 vision_backbone.featurizer.blocks.2.mlp.fc2
[official-awq] 14/198 vision_backbone.featurizer.blocks.3.attn.qkv
[official-awq] 15/198 vision_backbone.featurizer.blocks.3.attn.proj
[official-awq] 16/198 vision_backbone.featurizer.blocks.3.mlp.fc1
[official-awq] 17/198 vision_backbone.featurizer.blocks.3.mlp.fc2
[official-awq] 18/198 vision_backbone.featurizer.blocks.4.attn.qkv
[official-awq] 19/198 vision_backbone.featurizer.blocks.4.attn.proj
[official-awq] 20/198 vision_backbone.featurizer.blocks.4.mlp.fc1
[official-awq] 21/198 vision_backbone.featurizer.blocks.4.mlp.fc2
[official-awq] 22/198 vision_backbone.featurizer.blocks.5.attn.qkv
[official-awq] 23/198 vision_backbone.featurizer.blocks.5.attn.proj
[official-awq] 24/198 vision_backbone.featurizer.blocks.5.mlp.fc1
[official-awq] 25/198 vision_backbone.featurizer.blocks.5.mlp.fc2
[official-awq] 26/198 vision_backbone.featurizer.blocks.6.attn.qkv
[official-awq] 27/198 vision_backbone.featurizer.blocks.6.attn.proj
[official-awq] 28/198 vision_backbone.featurizer.blocks.6.mlp.fc1
[official-awq] 29/198 vision_backbone.featurizer.blocks.6.mlp.fc2
[official-awq] 30/198 vision_backbone.featurizer.blocks.7.attn.qkv
[official-awq] 31/198 vision_backbone.featurizer.blocks.7.attn.proj
[official-awq] 32/198 vision_backbone.featurizer.blocks.7.mlp.fc1
[official-awq] 33/198 vision_backbone.featurizer.blocks.7.mlp.fc2
[official-awq] 34/198 vision_backbone.featurizer.blocks.8.attn.qkv
[official-awq] 35/198 vision_backbone.featurizer.blocks.8.attn.proj
[official-awq] 36/198 vision_backbone.featurizer.blocks.8.mlp.fc1
[official-awq] 37/198 vision_backbone.featurizer.blocks.8.mlp.fc2
[official-awq] 38/198 vision_backbone.featurizer.blocks.9.attn.qkv
[official-awq] 39/198 vision_backbone.featurizer.blocks.9.attn.proj
[official-awq] 40/198 vision_backbone.featurizer.blocks.9.mlp.fc1
[official-awq] 41/198 vision_backbone.featurizer.blocks.9.mlp.fc2
[official-awq] 42/198 vision_backbone.featurizer.blocks.10.attn.qkv
[official-awq] 43/198 vision_backbone.featurizer.blocks.10.attn.proj
[official-awq] 44/198 vision_backbone.featurizer.blocks.10.mlp.fc1
[official-awq] 45/198 vision_backbone.featurizer.blocks.10.mlp.fc2
[official-awq] 46/198 vision_backbone.featurizer.blocks.11.attn.qkv
[official-awq] 47/198 vision_backbone.featurizer.blocks.11.attn.proj
[official-awq] 48/198 vision_backbone.featurizer.blocks.11.mlp.fc1
[official-awq] 49/198 vision_backbone.featurizer.blocks.11.mlp.fc2
[official-awq] 50/198 vision_backbone.featurizer.blocks.12.attn.qkv
[official-awq] 51/198 vision_backbone.featurizer.blocks.12.attn.proj
[official-awq] 52/198 vision_backbone.featurizer.blocks.12.mlp.fc1
[official-awq] 53/198 vision_backbone.featurizer.blocks.12.mlp.fc2
[official-awq] 54/198 vision_backbone.featurizer.blocks.13.attn.qkv
[official-awq] 55/198 vision_backbone.featurizer.blocks.13.attn.proj
[official-awq] 56/198 vision_backbone.featurizer.blocks.13.mlp.fc1
[official-awq] 57/198 vision_backbone.featurizer.blocks.13.mlp.fc2
[official-awq] 58/198 vision_backbone.featurizer.blocks.14.attn.qkv
[official-awq] 59/198 vision_backbone.featurizer.blocks.14.attn.proj
[official-awq] 60/198 vision_backbone.featurizer.blocks.14.mlp.fc1
[official-awq] 61/198 vision_backbone.featurizer.blocks.14.mlp.fc2
[official-awq] 62/198 vision_backbone.featurizer.blocks.15.attn.qkv
[official-awq] 63/198 vision_backbone.featurizer.blocks.15.attn.proj
[official-awq] 64/198 vision_backbone.featurizer.blocks.15.mlp.fc1
[official-awq] 65/198 vision_backbone.featurizer.blocks.15.mlp.fc2
[official-awq] 66/198 vision_backbone.featurizer.blocks.16.attn.qkv
[official-awq] 67/198 vision_backbone.featurizer.blocks.16.attn.proj
[official-awq] 68/198 vision_backbone.featurizer.blocks.16.mlp.fc1
[official-awq] 69/198 vision_backbone.featurizer.blocks.16.mlp.fc2
[official-awq] 70/198 vision_backbone.featurizer.blocks.17.attn.qkv
[official-awq] 71/198 vision_backbone.featurizer.blocks.17.attn.proj
[official-awq] 72/198 vision_backbone.featurizer.blocks.17.mlp.fc1
[official-awq] 73/198 vision_backbone.featurizer.blocks.17.mlp.fc2
[official-awq] 74/198 vision_backbone.featurizer.blocks.18.attn.qkv
[official-awq] 75/198 vision_backbone.featurizer.blocks.18.attn.proj
[official-awq] 76/198 vision_backbone.featurizer.blocks.18.mlp.fc1
[official-awq] 77/198 vision_backbone.featurizer.blocks.18.mlp.fc2
[official-awq] 78/198 vision_backbone.featurizer.blocks.19.attn.qkv
[official-awq] 79/198 vision_backbone.featurizer.blocks.19.attn.proj
[official-awq] 80/198 vision_backbone.featurizer.blocks.19.mlp.fc1
[official-awq] 81/198 vision_backbone.featurizer.blocks.19.mlp.fc2
[official-awq] 82/198 vision_backbone.featurizer.blocks.20.attn.qkv
[official-awq] 83/198 vision_backbone.featurizer.blocks.20.attn.proj
[official-awq] 84/198 vision_backbone.featurizer.blocks.20.mlp.fc1
[official-awq] 85/198 vision_backbone.featurizer.blocks.20.mlp.fc2
[official-awq] 86/198 vision_backbone.featurizer.blocks.21.attn.qkv
[official-awq] 87/198 vision_backbone.featurizer.blocks.21.attn.proj
[official-awq] 88/198 vision_backbone.featurizer.blocks.21.mlp.fc1
[official-awq] 89/198 vision_backbone.featurizer.blocks.21.mlp.fc2
[official-awq] 90/198 vision_backbone.featurizer.blocks.22.attn.qkv
[official-awq] 91/198 vision_backbone.featurizer.blocks.22.attn.proj
[official-awq] 92/198 vision_backbone.featurizer.blocks.22.mlp.fc1
[official-awq] 93/198 vision_backbone.featurizer.blocks.22.mlp.fc2
[official-awq] 94/198 vision_backbone.fused_featurizer.patch_embed.proj
[official-awq] 95/198 vision_backbone.fused_featurizer.blocks.0.attn.qkv
[official-awq] 96/198 vision_backbone.fused_featurizer.blocks.0.attn.proj
[official-awq] 97/198 vision_backbone.fused_featurizer.blocks.0.mlp.fc1
[official-awq] 98/198 vision_backbone.fused_featurizer.blocks.0.mlp.fc2
[official-awq] 99/198 vision_backbone.fused_featurizer.blocks.1.attn.qkv
[official-awq] 100/198 vision_backbone.fused_featurizer.blocks.1.attn.proj
[official-awq] 101/198 vision_backbone.fused_featurizer.blocks.1.mlp.fc1
[official-awq] 102/198 vision_backbone.fused_featurizer.blocks.1.mlp.fc2
[official-awq] 103/198 vision_backbone.fused_featurizer.blocks.2.attn.qkv
[official-awq] 104/198 vision_backbone.fused_featurizer.blocks.2.attn.proj
[official-awq] 105/198 vision_backbone.fused_featurizer.blocks.2.mlp.fc1
[official-awq] 106/198 vision_backbone.fused_featurizer.blocks.2.mlp.fc2
[official-awq] 107/198 vision_backbone.fused_featurizer.blocks.3.attn.qkv
[official-awq] 108/198 vision_backbone.fused_featurizer.blocks.3.attn.proj
[official-awq] 109/198 vision_backbone.fused_featurizer.blocks.3.mlp.fc1
[official-awq] 110/198 vision_backbone.fused_featurizer.blocks.3.mlp.fc2
[official-awq] 111/198 vision_backbone.fused_featurizer.blocks.4.attn.qkv
[official-awq] 112/198 vision_backbone.fused_featurizer.blocks.4.attn.proj
[official-awq] 113/198 vision_backbone.fused_featurizer.blocks.4.mlp.fc1
[official-awq] 114/198 vision_backbone.fused_featurizer.blocks.4.mlp.fc2
[official-awq] 115/198 vision_backbone.fused_featurizer.blocks.5.attn.qkv
[official-awq] 116/198 vision_backbone.fused_featurizer.blocks.5.attn.proj
[official-awq] 117/198 vision_backbone.fused_featurizer.blocks.5.mlp.fc1
[official-awq] 118/198 vision_backbone.fused_featurizer.blocks.5.mlp.fc2
[official-awq] 119/198 vision_backbone.fused_featurizer.blocks.6.attn.qkv
<frozen importlib._bootstrap>:283: DeprecationWarning: the load_module() method is deprecated and slated for removal in Python 3.12; use exec_module() instead
[official-awq] 120/198 vision_backbone.fused_featurizer.blocks.6.attn.proj
[official-awq] 121/198 vision_backbone.fused_featurizer.blocks.6.mlp.fc1
[official-awq] 122/198 vision_backbone.fused_featurizer.blocks.6.mlp.fc2
[official-awq] 123/198 vision_backbone.fused_featurizer.blocks.7.attn.qkv
[official-awq] 124/198 vision_backbone.fused_featurizer.blocks.7.attn.proj
[official-awq] 125/198 vision_backbone.fused_featurizer.blocks.7.mlp.fc1
[official-awq] 126/198 vision_backbone.fused_featurizer.blocks.7.mlp.fc2
[official-awq] 127/198 vision_backbone.fused_featurizer.blocks.8.attn.qkv
[official-awq] 128/198 vision_backbone.fused_featurizer.blocks.8.attn.proj
[official-awq] 129/198 vision_backbone.fused_featurizer.blocks.8.mlp.fc1
[official-awq] 130/198 vision_backbone.fused_featurizer.blocks.8.mlp.fc2
[official-awq] 131/198 vision_backbone.fused_featurizer.blocks.9.attn.qkv
[official-awq] 132/198 vision_backbone.fused_featurizer.blocks.9.attn.proj
[official-awq] 133/198 vision_backbone.fused_featurizer.blocks.9.mlp.fc1
[official-awq] 134/198 vision_backbone.fused_featurizer.blocks.9.mlp.fc2
[official-awq] 135/198 vision_backbone.fused_featurizer.blocks.10.attn.qkv
[official-awq] 136/198 vision_backbone.fused_featurizer.blocks.10.attn.proj
[official-awq] 137/198 vision_backbone.fused_featurizer.blocks.10.mlp.fc1
[official-awq] 138/198 vision_backbone.fused_featurizer.blocks.10.mlp.fc2
[official-awq] 139/198 vision_backbone.fused_featurizer.blocks.11.attn.qkv
[official-awq] 140/198 vision_backbone.fused_featurizer.blocks.11.attn.proj
[official-awq] 141/198 vision_backbone.fused_featurizer.blocks.11.mlp.fc1
[official-awq] 142/198 vision_backbone.fused_featurizer.blocks.11.mlp.fc2
[official-awq] 143/198 vision_backbone.fused_featurizer.blocks.12.attn.qkv
[official-awq] 144/198 vision_backbone.fused_featurizer.blocks.12.attn.proj
[official-awq] 145/198 vision_backbone.fused_featurizer.blocks.12.mlp.fc1
[official-awq] 146/198 vision_backbone.fused_featurizer.blocks.12.mlp.fc2
[official-awq] 147/198 vision_backbone.fused_featurizer.blocks.13.attn.qkv
[official-awq] 148/198 vision_backbone.fused_featurizer.blocks.13.attn.proj
[official-awq] 149/198 vision_backbone.fused_featurizer.blocks.13.mlp.fc1
[official-awq] 150/198 vision_backbone.fused_featurizer.blocks.13.mlp.fc2
[official-awq] 151/198 vision_backbone.fused_featurizer.blocks.14.attn.qkv
[official-awq] 152/198 vision_backbone.fused_featurizer.blocks.14.attn.proj
[official-awq] 153/198 vision_backbone.fused_featurizer.blocks.14.mlp.fc1
[official-awq] 154/198 vision_backbone.fused_featurizer.blocks.14.mlp.fc2
[official-awq] 155/198 vision_backbone.fused_featurizer.blocks.15.attn.qkv
[official-awq] 156/198 vision_backbone.fused_featurizer.blocks.15.attn.proj
[official-awq] 157/198 vision_backbone.fused_featurizer.blocks.15.mlp.fc1
[official-awq] 158/198 vision_backbone.fused_featurizer.blocks.15.mlp.fc2
[official-awq] 159/198 vision_backbone.fused_featurizer.blocks.16.attn.qkv
[official-awq] 160/198 vision_backbone.fused_featurizer.blocks.16.attn.proj
[official-awq] 161/198 vision_backbone.fused_featurizer.blocks.16.mlp.fc1
[official-awq] 162/198 vision_backbone.fused_featurizer.blocks.16.mlp.fc2
[official-awq] 163/198 vision_backbone.fused_featurizer.blocks.17.attn.qkv
[official-awq] 164/198 vision_backbone.fused_featurizer.blocks.17.attn.proj
[official-awq] 165/198 vision_backbone.fused_featurizer.blocks.17.mlp.fc1
[official-awq] 166/198 vision_backbone.fused_featurizer.blocks.17.mlp.fc2
[official-awq] 167/198 vision_backbone.fused_featurizer.blocks.18.attn.qkv
[official-awq] 168/198 vision_backbone.fused_featurizer.blocks.18.attn.proj
[official-awq] 169/198 vision_backbone.fused_featurizer.blocks.18.mlp.fc1
[official-awq] 170/198 vision_backbone.fused_featurizer.blocks.18.mlp.fc2
[official-awq] 171/198 vision_backbone.fused_featurizer.blocks.19.attn.qkv
[official-awq] 172/198 vision_backbone.fused_featurizer.blocks.19.attn.proj
[official-awq] 173/198 vision_backbone.fused_featurizer.blocks.19.mlp.fc1
[official-awq] 174/198 vision_backbone.fused_featurizer.blocks.19.mlp.fc2
[official-awq] 175/198 vision_backbone.fused_featurizer.blocks.20.attn.qkv
[official-awq] 176/198 vision_backbone.fused_featurizer.blocks.20.attn.proj
[official-awq] 177/198 vision_backbone.fused_featurizer.blocks.20.mlp.fc1
[official-awq] 178/198 vision_backbone.fused_featurizer.blocks.20.mlp.fc2
[official-awq] 179/198 vision_backbone.fused_featurizer.blocks.21.attn.qkv
[official-awq] 180/198 vision_backbone.fused_featurizer.blocks.21.attn.proj
[official-awq] 181/198 vision_backbone.fused_featurizer.blocks.21.mlp.fc1
[official-awq] 182/198 vision_backbone.fused_featurizer.blocks.21.mlp.fc2
[official-awq] 183/198 vision_backbone.fused_featurizer.blocks.22.attn.qkv
[official-awq] 184/198 vision_backbone.fused_featurizer.blocks.22.attn.proj
[official-awq] 185/198 vision_backbone.fused_featurizer.blocks.22.mlp.fc1
[official-awq] 186/198 vision_backbone.fused_featurizer.blocks.22.mlp.fc2
[official-awq] 187/198 vision_backbone.fused_featurizer.blocks.23.attn.qkv
[official-awq] 188/198 vision_backbone.fused_featurizer.blocks.23.attn.proj
[official-awq] 189/198 vision_backbone.fused_featurizer.blocks.23.mlp.fc1
[official-awq] 190/198 vision_backbone.fused_featurizer.blocks.23.mlp.fc2
[official-awq] 191/198 vision_backbone.fused_featurizer.blocks.24.attn.qkv
[official-awq] 192/198 vision_backbone.fused_featurizer.blocks.24.attn.proj
[official-awq] 193/198 vision_backbone.fused_featurizer.blocks.24.mlp.fc1
[official-awq] 194/198 vision_backbone.fused_featurizer.blocks.24.mlp.fc2
[official-awq] 195/198 vision_backbone.fused_featurizer.blocks.25.attn.qkv
[official-awq] 196/198 vision_backbone.fused_featurizer.blocks.25.attn.proj
[official-awq] 197/198 vision_backbone.fused_featurizer.blocks.25.mlp.fc1
[official-awq] 198/198 vision_backbone.fused_featurizer.blocks.25.mlp.fc2
[official-quant] method=awq weight_bits=2 activation_bits=16 profile_targets=422 scope=vision
[official-quant] BF16 exclusions=projector,proprio_projector,action_head,embeddings,norms
[official-quant] candidate={"applied_target_bits": {"2": 198}, "applied_targets": 198, "name": "w2-no-clip-primary-g64", "profiles": [{"path": "/root/autodl-tmp/qvla-repro/artifacts/awq-spatial-20260912-163735-1136/profiles/w2.pt", "sha256": "4fe1d2aa9a4e89fbaa5f9eb358ac6526d899195f774378b476742b801c7f4ccc"}, {"path": "/root/autodl-tmp/qvla-repro/artifacts/awq-primary-group-20260913-213127-3342/profiles/w2-g64.pt", "sha256": "947a849114a402978ae60995a652cd3212ded8d66f6ee7e0f3eeb3484712b3b8"}], "removed_language_clips": 160, "scope": "vision", "target_group_counts": {"128": 329, "64": 93}, "w4_layers": ""}
[official-quant] using preloaded model
09/18 [01:32:38] INFO     | >> Logging to local log file: run_libero_eval.py:223
                          /root/autodl-tmp/qvla-repro/eva                       
                          l/awq-scope-shard-vision-w2-30-                       
                          39-20260918-013150-63930/vision                       
                          -w2/EVAL-libero_spatial-openvla                       
                          -2026_09_18-01_32_15.txt                              
                 INFO     | >> SEED_PROTOCOL {"env_seed": run_libero_eval.py:238
                          0, "model_seed": 0, "protocol":                       
                          "paired",                                             
                          "pythonhashseed_at_launch":                           
                          "0", "runner_sha256":                                 
                          "fe37e8097c286e1946e5194a1f817a                       
                          2b2362d167a6a5a49443c5aa20314d8                       
                          873", "strict": false}                                
[info] using task orders [0, 1, 2, 3, 4, 5, 6, 7, 8, 9]
                 INFO     | >> Task suite: libero_spatial run_libero_eval.py:238
  0%|          | 0/10 [00:00<?, ?it/s]                 INFO     | >> Using default initial      run_libero_eval.py:238
                          states                                                

  0%|          | 0/10 [00:00<?, ?it/s][A09/18 [01:32:41] INFO     | >>                            run_libero_eval.py:238
                          Task: pick up the black bowl                          
                          between the plate and the                             
                          ramekin and place it on the                           
                          plate                                                 
                 INFO     | >> Starting episode 1...      run_libero_eval.py:238
                 INFO     | >> EPISODE_MANIFEST           run_libero_eval.py:238
                          {"env_seed": 3366832657,                              
                          "init_state_dtype": "float64",                        
                          "init_state_index": 30,                               
                          "init_state_sha256":                                  
                          "60373ae3ea0f921f6e0e7ad9b70c93                       
                          086584c0e40e2c729d198ac04e6f474                       
                          1d1", "init_state_shape": [92],                       
                          "model_seed": 1819856238,                             
                          "protocol": "paired",                                 
                          "task_id": 0}                                         
huggingface/tokenizers: The current process just got forked, after parallelism has already been used. Disabling parallelism to avoid deadlocks...
To disable this warning, you can either:
	- Avoid using `tokenizers` before the fork if possible
	- Explicitly set the environment variable TOKENIZERS_PARALLELISM=(true | false)
Saved rollout MP4 at path ./rollouts/2026_09_18/2026_09_18-01_32_15--openvla_oft--episode=1--success=True--task=pick_up_the_black_bowl_between_the_plate_and_the_r.mp4
09/18 [01:32:49] INFO     | >> Success: True              run_libero_eval.py:238
                 INFO     | >> # episodes completed so    run_libero_eval.py:238
                          far: 1                                                
                 INFO     | >> # successes: 1 (100.0%)    run_libero_eval.py:238

 10%|█         | 1/10 [00:07<01:07,  7.46s/it][A                 INFO     | >>                            run_libero_eval.py:238
                          Task: pick up the black bowl                          
                          between the plate and the                             
                          ramekin and place it on the                           
                          plate                                                 
                 INFO     | >> Starting episode 2...      run_libero_eval.py:238
                 INFO     | >> EPISODE_MANIFEST           run_libero_eval.py:238
                          {"env_seed": 3219659654,                              
                          "init_state_dtype": "float64",                        
                          "init_state_index": 31,                               
                          "init_state_sha256":                                  
                          "dca9d9879195a74cffd26499d9ff1d                       
                          6f566adaf1dbc1b9abe412d55d8e9c1                       
                          782", "init_state_shape": [92],                       
                          "model_seed": 3588750296,                             
                          "protocol": "paired",                                 
                          "task_id": 0}                                         
huggingface/tokenizers: The current process just got forked, after parallelism has already been used. Disabling parallelism to avoid deadlocks...
To disable this warning, you can either:
	- Avoid using `tokenizers` before the fork if possible
	- Explicitly set the environment variable TOKENIZERS_PARALLELISM=(true | false)
Saved rollout MP4 at path ./rollouts/2026_09_18/2026_09_18-01_32_15--openvla_oft--episode=2--success=True--task=pick_up_the_black_bowl_between_the_plate_and_the_r.mp4
09/18 [01:32:56] INFO     | >> Success: True              run_libero_eval.py:238
                 INFO     | >> # episodes completed so    run_libero_eval.py:238
                          far: 2                                                
                 INFO     | >> # successes: 2 (100.0%)    run_libero_eval.py:238

 20%|██        | 2/10 [00:14<00:58,  7.30s/it][A                 INFO     | >>                            run_libero_eval.py:238
                          Task: pick up the black bowl                          
                          between the plate and the                             
                          ramekin and place it on the                           
                          plate                                                 
                 INFO     | >> Starting episode 3...      run_libero_eval.py:238
                 INFO     | >> EPISODE_MANIFEST           run_libero_eval.py:238
                          {"env_seed": 607565561,                               
                          "init_state_dtype": "float64",                        
                          "init_state_index": 32,                               
                          "init_state_sha256":                                  
                          "a13fabf87ee32c1993174729953b7a                       
                          47b46aadc29474f109224017888d72f                       
                          a80", "init_state_shape": [92],                       
                          "model_seed": 2143513019,                             
                          "protocol": "paired",                                 
                          "task_id": 0}                                         
huggingface/tokenizers: The current process just got forked, after parallelism has already been used. Disabling parallelism to avoid deadlocks...
To disable this warning, you can either:
	- Avoid using `tokenizers` before the fork if possible
	- Explicitly set the environment variable TOKENIZERS_PARALLELISM=(true | false)
Saved rollout MP4 at path ./rollouts/2026_09_18/2026_09_18-01_32_15--openvla_oft--episode=3--success=True--task=pick_up_the_black_bowl_between_the_plate_and_the_r.mp4
09/18 [01:33:03] INFO     | >> Success: True              run_libero_eval.py:238
                 INFO     | >> # episodes completed so    run_libero_eval.py:238
                          far: 3                                                
                 INFO     | >> # successes: 3 (100.0%)    run_libero_eval.py:238

 30%|███       | 3/10 [00:21<00:50,  7.21s/it][A                 INFO     | >>                            run_libero_eval.py:238
                          Task: pick up the black bowl                          
                          between the plate and the                             
                          ramekin and place it on the                           
                          plate                                                 
                 INFO     | >> Starting episode 4...      run_libero_eval.py:238
                 INFO     | >> EPISODE_MANIFEST           run_libero_eval.py:238
                          {"env_seed": 2184501706,                              
                          "init_state_dtype": "float64",                        
                          "init_state_index": 33,                               
                          "init_state_sha256":                                  
                          "7462d09856ec150e6403873bd1497a                       
                          818d36d6d9175cf9c41697d986fd971                       
                          fdf", "init_state_shape": [92],                       
                          "model_seed": 3763690868,                             
                          "protocol": "paired",                                 
                          "task_id": 0}                                         
huggingface/tokenizers: The current process just got forked, after parallelism has already been used. Disabling parallelism to avoid deadlocks...
To disable this warning, you can either:
	- Avoid using `tokenizers` before the fork if possible
	- Explicitly set the environment variable TOKENIZERS_PARALLELISM=(true | false)
Saved rollout MP4 at path ./rollouts/2026_09_18/2026_09_18-01_32_15--openvla_oft--episode=4--success=True--task=pick_up_the_black_bowl_between_the_plate_and_the_r.mp4
09/18 [01:33:11] INFO     | >> Success: True              run_libero_eval.py:238
                 INFO     | >> # episodes completed so    run_libero_eval.py:238
                          far: 4                                                
                 INFO     | >> # successes: 4 (100.0%)    run_libero_eval.py:238

 40%|████      | 4/10 [00:29<00:43,  7.32s/it][A                 INFO     | >>                            run_libero_eval.py:238
                          Task: pick up the black bowl                          
                          between the plate and the                             
                          ramekin and place it on the                           
                          plate                                                 
                 INFO     | >> Starting episode 5...      run_libero_eval.py:238
                 INFO     | >> EPISODE_MANIFEST           run_libero_eval.py:238
                          {"env_seed": 1484294791,                              
                          "init_state_dtype": "float64",                        
                          "init_state_index": 34,                               
                          "init_state_sha256":                                  
                          "0fab22e4ac5a4f8f3e5380a56d03d7                       
                          f2d26c9ed14d4ddd15c3c401ac2756f                       
                          22b", "init_state_shape": [92],                       
                          "model_seed": 3861600599,                             
                          "protocol": "paired",                                 
                          "task_id": 0}                                         
huggingface/tokenizers: The current process just got forked, after parallelism has already been used. Disabling parallelism to avoid deadlocks...
To disable this warning, you can either:
	- Avoid using `tokenizers` before the fork if possible
	- Explicitly set the environment variable TOKENIZERS_PARALLELISM=(true | false)
Saved rollout MP4 at path ./rollouts/2026_09_18/2026_09_18-01_32_15--openvla_oft--episode=5--success=True--task=pick_up_the_black_bowl_between_the_plate_and_the_r.mp4
09/18 [01:33:18] INFO     | >> Success: True              run_libero_eval.py:238
                 INFO     | >> # episodes completed so    run_libero_eval.py:238
                          far: 5                                                
                 INFO     | >> # successes: 5 (100.0%)    run_libero_eval.py:238

 50%|█████     | 5/10 [00:36<00:36,  7.21s/it][A                 INFO     | >>                            run_libero_eval.py:238
                          Task: pick up the black bowl                          
                          between the plate and the                             
                          ramekin and place it on the                           
                          plate                                                 
                 INFO     | >> Starting episode 6...      run_libero_eval.py:238
                 INFO     | >> EPISODE_MANIFEST           run_libero_eval.py:238
                          {"env_seed": 652271313,                               
                          "init_state_dtype": "float64",                        
                          "init_state_index": 35,                               
                          "init_state_sha256":                                  
                          "da423a72804324ba67dd5ae2aa9cb7                       
                          e5142796aba92c25c0276ecac12d40f                       
                          41d", "init_state_shape": [92],                       
                          "model_seed": 3388046208,                             
                          "protocol": "paired",                                 
                          "task_id": 0}                                         
huggingface/tokenizers: The current process just got forked, after parallelism has already been used. Disabling parallelism to avoid deadlocks...
To disable this warning, you can either:
	- Avoid using `tokenizers` before the fork if possible
	- Explicitly set the environment variable TOKENIZERS_PARALLELISM=(true | false)
Saved rollout MP4 at path ./rollouts/2026_09_18/2026_09_18-01_32_15--openvla_oft--episode=6--success=True--task=pick_up_the_black_bowl_between_the_plate_and_the_r.mp4
09/18 [01:33:25] INFO     | >> Success: True              run_libero_eval.py:238
                 INFO     | >> # episodes completed so    run_libero_eval.py:238
                          far: 6                                                
                 INFO     | >> # successes: 6 (100.0%)    run_libero_eval.py:238

 60%|██████    | 6/10 [00:43<00:28,  7.20s/it][A                 INFO     | >>                            run_libero_eval.py:238
                          Task: pick up the black bowl                          
                          between the plate and the                             
                          ramekin and place it on the                           
                          plate                                                 
                 INFO     | >> Starting episode 7...      run_libero_eval.py:238
                 INFO     | >> EPISODE_MANIFEST           run_libero_eval.py:238
                          {"env_seed": 726642919,                               
                          "init_state_dtype": "float64",                        
                          "init_state_index": 36,                               
                          "init_state_sha256":                                  
                          "fe0d28c5f781190e1a52e36fa525ac                       
                          2eeac39b7ccb9b5baf618c9215bc3e6                       
                          8ed", "init_state_shape": [92],                       
                          "model_seed": 3906460454,                             
                          "protocol": "paired",                                 
                          "task_id": 0}                                         
huggingface/tokenizers: The current process just got forked, after parallelism has already been used. Disabling parallelism to avoid deadlocks...
To disable this warning, you can either:
	- Avoid using `tokenizers` before the fork if possible
	- Explicitly set the environment variable TOKENIZERS_PARALLELISM=(true | false)
Saved rollout MP4 at path ./rollouts/2026_09_18/2026_09_18-01_32_15--openvla_oft--episode=7--success=True--task=pick_up_the_black_bowl_between_the_plate_and_the_r.mp4
09/18 [01:33:32] INFO     | >> Success: True              run_libero_eval.py:238
                 INFO     | >> # episodes completed so    run_libero_eval.py:238
                          far: 7                                                
                 INFO     | >> # successes: 7 (100.0%)    run_libero_eval.py:238

 70%|███████   | 7/10 [00:50<00:21,  7.18s/it][A                 INFO     | >>                            run_libero_eval.py:238
                          Task: pick up the black bowl                          
                          between the plate and the                             
                          ramekin and place it on the                           
                          plate                                                 
                 INFO     | >> Starting episode 8...      run_libero_eval.py:238
                 INFO     | >> EPISODE_MANIFEST           run_libero_eval.py:238
                          {"env_seed": 1727413167,                              
                          "init_state_dtype": "float64",                        
                          "init_state_index": 37,                               
                          "init_state_sha256":                                  
                          "8592d46aef5af2e7a2b3b3eefa2116                       
                          104f427465cf06e6408a4f0b61392ea                       
                          283", "init_state_shape": [92],                       
                          "model_seed": 3989587465,                             
                          "protocol": "paired",                                 
                          "task_id": 0}                                         
huggingface/tokenizers: The current process just got forked, after parallelism has already been used. Disabling parallelism to avoid deadlocks...
To disable this warning, you can either:
	- Avoid using `tokenizers` before the fork if possible
	- Explicitly set the environment variable TOKENIZERS_PARALLELISM=(true | false)
Saved rollout MP4 at path ./rollouts/2026_09_18/2026_09_18-01_32_15--openvla_oft--episode=8--success=True--task=pick_up_the_black_bowl_between_the_plate_and_the_r.mp4
09/18 [01:33:39] INFO     | >> Success: True              run_libero_eval.py:238
                 INFO     | >> # episodes completed so    run_libero_eval.py:238
                          far: 8                                                
                 INFO     | >> # successes: 8 (100.0%)    run_libero_eval.py:238

 80%|████████  | 8/10 [00:57<00:14,  7.20s/it][A                 INFO     | >>                            run_libero_eval.py:238
                          Task: pick up the black bowl                          
                          between the plate and the                             
                          ramekin and place it on the                           
                          plate                                                 
                 INFO     | >> Starting episode 9...      run_libero_eval.py:238
                 INFO     | >> EPISODE_MANIFEST           run_libero_eval.py:238
                          {"env_seed": 360984327,                               
                          "init_state_dtype": "float64",                        
                          "init_state_index": 38,                               
                          "init_state_sha256":                                  
                          "b9b135d04e69e25d777b4b97c5adc7                       
                          68214d09d4c7752f86468896170603f                       
                          859", "init_state_shape": [92],                       
                          "model_seed": 1388213477,                             
                          "protocol": "paired",                                 
                          "task_id": 0}                                         
huggingface/tokenizers: The current process just got forked, after parallelism has already been used. Disabling parallelism to avoid deadlocks...
To disable this warning, you can either:
	- Avoid using `tokenizers` before the fork if possible
	- Explicitly set the environment variable TOKENIZERS_PARALLELISM=(true | false)
Saved rollout MP4 at path ./rollouts/2026_09_18/2026_09_18-01_32_15--openvla_oft--episode=9--success=True--task=pick_up_the_black_bowl_between_the_plate_and_the_r.mp4
09/18 [01:33:47] INFO     | >> Success: True              run_libero_eval.py:238
                 INFO     | >> # episodes completed so    run_libero_eval.py:238
                          far: 9                                                
                 INFO     | >> # successes: 9 (100.0%)    run_libero_eval.py:238

 90%|█████████ | 9/10 [01:05<00:07,  7.29s/it][A                 INFO     | >>                            run_libero_eval.py:238
                          Task: pick up the black bowl                          
                          between the plate and the                             
                          ramekin and place it on the                           
                          plate                                                 
                 INFO     | >> Starting episode 10...     run_libero_eval.py:238
                 INFO     | >> EPISODE_MANIFEST           run_libero_eval.py:238
                          {"env_seed": 667970749,                               
                          "init_state_dtype": "float64",                        
                          "init_state_index": 39,                               
                          "init_state_sha256":                                  
                          "efff0c45548163d49a2f35590a4a24                       
                          d26115f4dd8a76ba412dc8e60ba738c                       
                          e7a", "init_state_shape": [92],                       
                          "model_seed": 1547667213,                             
                          "protocol": "paired",                                 
                          "task_id": 0}                                         
huggingface/tokenizers: The current process just got forked, after parallelism has already been used. Disabling parallelism to avoid deadlocks...
To disable this warning, you can either:
	- Avoid using `tokenizers` before the fork if possible
	- Explicitly set the environment variable TOKENIZERS_PARALLELISM=(true | false)
Saved rollout MP4 at path ./rollouts/2026_09_18/2026_09_18-01_32_15--openvla_oft--episode=10--success=True--task=pick_up_the_black_bowl_between_the_plate_and_the_r.mp4
09/18 [01:33:54] INFO     | >> Success: True              run_libero_eval.py:238
                 INFO     | >> # episodes completed so    run_libero_eval.py:238
                          far: 10                                               
                 INFO     | >> # successes: 10 (100.0%)   run_libero_eval.py:238

100%|██████████| 10/10 [01:12<00:00,  7.30s/it][A100%|██████████| 10/10 [01:12<00:00,  7.26s/it]
                 INFO     | >> Current task success rate: run_libero_eval.py:238
                          1.0                                                   
                 INFO     | >> Current total success      run_libero_eval.py:238
                          rate: 1.0                                             
 10%|█         | 1/10 [01:16<11:24, 76.04s/it]                 INFO     | >> Using default initial      run_libero_eval.py:238
                          states                                                

  0%|          | 0/10 [00:00<?, ?it/s][A09/18 [01:33:57] INFO     | >>                            run_libero_eval.py:238
                          Task: pick up the black bowl                          
                          next to the ramekin and place                         
                          it on the plate                                       
                 INFO     | >> Starting episode 1...      run_libero_eval.py:238
                 INFO     | >> EPISODE_MANIFEST           run_libero_eval.py:238
                          {"env_seed": 3291550717,                              
                          "init_state_dtype": "float64",                        
                          "init_state_index": 30,                               
                          "init_state_sha256":                                  
                          "3036089344aa3de23f7a3661c48813                       
                          37ed5e278d98c5379b950d9cb00c3ed                       
                          13e", "init_state_shape": [92],                       
                          "model_seed": 2148046501,                             
                          "protocol": "paired",                                 
                          "task_id": 1}                                         
huggingface/tokenizers: The current process just got forked, after parallelism has already been used. Disabling parallelism to avoid deadlocks...
To disable this warning, you can either:
	- Avoid using `tokenizers` before the fork if possible
	- Explicitly set the environment variable TOKENIZERS_PARALLELISM=(true | false)
Saved rollout MP4 at path ./rollouts/2026_09_18/2026_09_18-01_32_15--openvla_oft--episode=11--success=False--task=pick_up_the_black_bowl_next_to_the_ramekin_and_pla.mp4
09/18 [01:34:11] INFO     | >> Success: False             run_libero_eval.py:238
09/18 [01:34:12] INFO     | >> # episodes completed so    run_libero_eval.py:238
                          far: 11                                               
                 INFO     | >> # successes: 10 (90.9%)    run_libero_eval.py:238

 10%|█         | 1/10 [00:14<02:09, 14.36s/it][A                 INFO     | >>                            run_libero_eval.py:238
                          Task: pick up the black bowl                          
                          next to the ramekin and place                         
                          it on the plate                                       
                 INFO     | >> Starting episode 2...      run_libero_eval.py:238
                 INFO     | >> EPISODE_MANIFEST           run_libero_eval.py:238
                          {"env_seed": 3396407165,                              
                          "init_state_dtype": "float64",                        
                          "init_state_index": 31,                               
                          "init_state_sha256":                                  
                          "8a60a693678e7959209f6070471a12                       
                          fe613bb54f61355402f19eecd32db53                       
                          e29", "init_state_shape": [92],                       
                          "model_seed": 2121512973,                             
                          "protocol": "paired",                                 
                          "task_id": 1}                                         
huggingface/tokenizers: The current process just got forked, after parallelism has already been used. Disabling parallelism to avoid deadlocks...
To disable this warning, you can either:
	- Avoid using `tokenizers` before the fork if possible
	- Explicitly set the environment variable TOKENIZERS_PARALLELISM=(true | false)
Saved rollout MP4 at path ./rollouts/2026_09_18/2026_09_18-01_32_15--openvla_oft--episode=12--success=True--task=pick_up_the_black_bowl_next_to_the_ramekin_and_pla.mp4
09/18 [01:34:20] INFO     | >> Success: True              run_libero_eval.py:238
                 INFO     | >> # episodes completed so    run_libero_eval.py:238
                          far: 12                                               
                 INFO     | >> # successes: 11 (91.7%)    run_libero_eval.py:238

 20%|██        | 2/10 [00:22<01:27, 10.91s/it][A                 INFO     | >>                            run_libero_eval.py:238
                          Task: pick up the black bowl                          
                          next to the ramekin and place                         
                          it on the plate                                       
                 INFO     | >> Starting episode 3...      run_libero_eval.py:238
                 INFO     | >> EPISODE_MANIFEST           run_libero_eval.py:238
                          {"env_seed": 1143324853,                              
                          "init_state_dtype": "float64",                        
                          "init_state_index": 32,                               
                          "init_state_sha256":                                  
                          "c86ee635d79d02e4d33c5aa8939999                       
                          f827d85099b2851d1178bd9f23e2315                       
                          28b", "init_state_shape": [92],                       
                          "model_seed": 4007555682,                             
                          "protocol": "paired",                                 
                          "task_id": 1}                                         
huggingface/tokenizers: The current process just got forked, after parallelism has already been used. Disabling parallelism to avoid deadlocks...
To disable this warning, you can either:
	- Avoid using `tokenizers` before the fork if possible
	- Explicitly set the environment variable TOKENIZERS_PARALLELISM=(true | false)
Saved rollout MP4 at path ./rollouts/2026_09_18/2026_09_18-01_32_15--openvla_oft--episode=13--success=True--task=pick_up_the_black_bowl_next_to_the_ramekin_and_pla.mp4
09/18 [01:34:29] INFO     | >> Success: True              run_libero_eval.py:238
                 INFO     | >> # episodes completed so    run_libero_eval.py:238
                          far: 13                                               
                 INFO     | >> # successes: 12 (92.3%)    run_libero_eval.py:238

 30%|███       | 3/10 [00:31<01:09,  9.99s/it][A                 INFO     | >>                            run_libero_eval.py:238
                          Task: pick up the black bowl                          
                          next to the ramekin and place                         
                          it on the plate                                       
                 INFO     | >> Starting episode 4...      run_libero_eval.py:238
                 INFO     | >> EPISODE_MANIFEST           run_libero_eval.py:238
                          {"env_seed": 303692254,                               
                          "init_state_dtype": "float64",                        
                          "init_state_index": 33,                               
                          "init_state_sha256":                                  
                          "dc62576220d23cd72d86cbaf994459                       
                          d768774c160c3c7605a7c7822de55e7                       
                          0e6", "init_state_shape": [92],                       
                          "model_seed": 2446284193,                             
                          "protocol": "paired",                                 
                          "task_id": 1}                                         
huggingface/tokenizers: The current process just got forked, after parallelism has already been used. Disabling parallelism to avoid deadlocks...
To disable this warning, you can either:
	- Avoid using `tokenizers` before the fork if possible
	- Explicitly set the environment variable TOKENIZERS_PARALLELISM=(true | false)
Saved rollout MP4 at path ./rollouts/2026_09_18/2026_09_18-01_32_15--openvla_oft--episode=14--success=True--task=pick_up_the_black_bowl_next_to_the_ramekin_and_pla.mp4
09/18 [01:34:37] INFO     | >> Success: True              run_libero_eval.py:238
                 INFO     | >> # episodes completed so    run_libero_eval.py:238
                          far: 14                                               
                 INFO     | >> # successes: 13 (92.9%)    run_libero_eval.py:238

 40%|████      | 4/10 [00:40<00:56,  9.38s/it][A                 INFO     | >>                            run_libero_eval.py:238
                          Task: pick up the black bowl                          
                          next to the ramekin and place                         
                          it on the plate                                       
                 INFO     | >> Starting episode 5...      run_libero_eval.py:238
                 INFO     | >> EPISODE_MANIFEST           run_libero_eval.py:238
                          {"env_seed": 2880477501,                              
                          "init_state_dtype": "float64",                        
                          "init_state_index": 34,                               
                          "init_state_sha256":                                  
                          "63821e171711e8b17ce30496fe2d02                       
                          a5b1e39cbbc1abea294e7558df9e3db                       
                          1e7", "init_state_shape": [92],                       
                          "model_seed": 2563757835,                             
                          "protocol": "paired",                                 
                          "task_id": 1}                                         
huggingface/tokenizers: The current process just got forked, after parallelism has already been used. Disabling parallelism to avoid deadlocks...
To disable this warning, you can either:
	- Avoid using `tokenizers` before the fork if possible
	- Explicitly set the environment variable TOKENIZERS_PARALLELISM=(true | false)
Saved rollout MP4 at path ./rollouts/2026_09_18/2026_09_18-01_32_15--openvla_oft--episode=15--success=True--task=pick_up_the_black_bowl_next_to_the_ramekin_and_pla.mp4
09/18 [01:34:46] INFO     | >> Success: True              run_libero_eval.py:238
                 INFO     | >> # episodes completed so    run_libero_eval.py:238
                          far: 15                                               
                 INFO     | >> # successes: 14 (93.3%)    run_libero_eval.py:238

 50%|█████     | 5/10 [00:48<00:44,  8.96s/it][A                 INFO     | >>                            run_libero_eval.py:238
                          Task: pick up the black bowl                          
                          next to the ramekin and place                         
                          it on the plate                                       
                 INFO     | >> Starting episode 6...      run_libero_eval.py:238
                 INFO     | >> EPISODE_MANIFEST           run_libero_eval.py:238
                          {"env_seed": 1028728328,                              
                          "init_state_dtype": "float64",                        
                          "init_state_index": 35,                               
                          "init_state_sha256":                                  
                          "70c13ed9b72e4a50a457aa54611443                       
                          5b5a37cf32ed8343de02d45226f5553                       
                          387", "init_state_shape": [92],                       
                          "model_seed": 3208143311,                             
                          "protocol": "paired",                                 
                          "task_id": 1}                                         
huggingface/tokenizers: The current process just got forked, after parallelism has already been used. Disabling parallelism to avoid deadlocks...
To disable this warning, you can either:
	- Avoid using `tokenizers` before the fork if possible
	- Explicitly set the environment variable TOKENIZERS_PARALLELISM=(true | false)
Saved rollout MP4 at path ./rollouts/2026_09_18/2026_09_18-01_32_15--openvla_oft--episode=16--success=False--task=pick_up_the_black_bowl_next_to_the_ramekin_and_pla.mp4
09/18 [01:35:00] INFO     | >> Success: False             run_libero_eval.py:238
                 INFO     | >> # episodes completed so    run_libero_eval.py:238
                          far: 16                                               
                 INFO     | >> # successes: 14 (87.5%)    run_libero_eval.py:238

 60%|██████    | 6/10 [01:03<00:43, 10.93s/it][A                 INFO     | >>                            run_libero_eval.py:238
                          Task: pick up the black bowl                          
                          next to the ramekin and place                         
                          it on the plate                                       
                 INFO     | >> Starting episode 7...      run_libero_eval.py:238
                 INFO     | >> EPISODE_MANIFEST           run_libero_eval.py:238
                          {"env_seed": 2923715753,                              
                          "init_state_dtype": "float64",                        
                          "init_state_index": 36,                               
                          "init_state_sha256":                                  
                          "2d46859e597481982403d4c61db844                       
                          c29c05f16c25cb9d79197100b37fb90                       
                          831", "init_state_shape": [92],                       
                          "model_seed": 76383673,                               
                          "protocol": "paired",                                 
                          "task_id": 1}                                         
huggingface/tokenizers: The current process just got forked, after parallelism has already been used. Disabling parallelism to avoid deadlocks...
To disable this warning, you can either:
	- Avoid using `tokenizers` before the fork if possible
	- Explicitly set the environment variable TOKENIZERS_PARALLELISM=(true | false)
Saved rollout MP4 at path ./rollouts/2026_09_18/2026_09_18-01_32_15--openvla_oft--episode=17--success=False--task=pick_up_the_black_bowl_next_to_the_ramekin_and_pla.mp4
09/18 [01:35:14] INFO     | >> Success: False             run_libero_eval.py:238
                 INFO     | >> # episodes completed so    run_libero_eval.py:238
                          far: 17                                               
                 INFO     | >> # successes: 14 (82.4%)    run_libero_eval.py:238

 70%|███████   | 7/10 [01:17<00:35, 11.92s/it][A                 INFO     | >>                            run_libero_eval.py:238
                          Task: pick up the black bowl                          
                          next to the ramekin and place                         
                          it on the plate                                       
                 INFO     | >> Starting episode 8...      run_libero_eval.py:238
                 INFO     | >> EPISODE_MANIFEST           run_libero_eval.py:238
                          {"env_seed": 3383354875,                              
                          "init_state_dtype": "float64",                        
                          "init_state_index": 37,                               
                          "init_state_sha256":                                  
                          "f968e145d8a87892b639b752d6d848                       
                          3e6b81e0fe7e110ef823a2432bd8c56                       
                          554", "init_state_shape": [92],                       
                          "model_seed": 620524098,                              
                          "protocol": "paired",                                 
                          "task_id": 1}                                         
huggingface/tokenizers: The current process just got forked, after parallelism has already been used. Disabling parallelism to avoid deadlocks...
To disable this warning, you can either:
	- Avoid using `tokenizers` before the fork if possible
	- Explicitly set the environment variable TOKENIZERS_PARALLELISM=(true | false)
Saved rollout MP4 at path ./rollouts/2026_09_18/2026_09_18-01_32_15--openvla_oft--episode=18--success=False--task=pick_up_the_black_bowl_next_to_the_ramekin_and_pla.mp4
09/18 [01:35:28] INFO     | >> Success: False             run_libero_eval.py:238
                 INFO     | >> # episodes completed so    run_libero_eval.py:238
                          far: 18                                               
                 INFO     | >> # successes: 14 (77.8%)    run_libero_eval.py:238

 80%|████████  | 8/10 [01:31<00:25, 12.56s/it][A                 INFO     | >>                            run_libero_eval.py:238
                          Task: pick up the black bowl                          
                          next to the ramekin and place                         
                          it on the plate                                       
                 INFO     | >> Starting episode 9...      run_libero_eval.py:238
                 INFO     | >> EPISODE_MANIFEST           run_libero_eval.py:238
                          {"env_seed": 226304449,                               
                          "init_state_dtype": "float64",                        
                          "init_state_index": 38,                               
                          "init_state_sha256":                                  
                          "6c1c5cde9ed5f8c2af0fa723c42b0e                       
                          a72196d0a9e0bdac692d95f4f1cca81                       
                          4ca", "init_state_shape": [92],                       
                          "model_seed": 240695310,                              
                          "protocol": "paired",                                 
                          "task_id": 1}                                         
huggingface/tokenizers: The current process just got forked, after parallelism has already been used. Disabling parallelism to avoid deadlocks...
To disable this warning, you can either:
	- Avoid using `tokenizers` before the fork if possible
	- Explicitly set the environment variable TOKENIZERS_PARALLELISM=(true | false)
Saved rollout MP4 at path ./rollouts/2026_09_18/2026_09_18-01_32_15--openvla_oft--episode=19--success=True--task=pick_up_the_black_bowl_next_to_the_ramekin_and_pla.mp4
09/18 [01:35:37] INFO     | >> Success: True              run_libero_eval.py:238
                 INFO     | >> # episodes completed so    run_libero_eval.py:238
                          far: 19                                               
                 INFO     | >> # successes: 15 (78.9%)    run_libero_eval.py:238

 90%|█████████ | 9/10 [01:39<00:11, 11.27s/it][A                 INFO     | >>                            run_libero_eval.py:238
                          Task: pick up the black bowl                          
                          next to the ramekin and place                         
                          it on the plate                                       
                 INFO     | >> Starting episode 10...     run_libero_eval.py:238
                 INFO     | >> EPISODE_MANIFEST           run_libero_eval.py:238
                          {"env_seed": 2099679649,                              
                          "init_state_dtype": "float64",                        
                          "init_state_index": 39,                               
                          "init_state_sha256":                                  
                          "0a95a68f036442d14f81a27c286dce                       
                          0f5a9345a1977f2ad5d225cb1184d26                       
                          411", "init_state_shape": [92],                       
                          "model_seed": 3100577966,                             
                          "protocol": "paired",                                 
                          "task_id": 1}                                         
huggingface/tokenizers: The current process just got forked, after parallelism has already been used. Disabling parallelism to avoid deadlocks...
To disable this warning, you can either:
	- Avoid using `tokenizers` before the fork if possible
	- Explicitly set the environment variable TOKENIZERS_PARALLELISM=(true | false)
Saved rollout MP4 at path ./rollouts/2026_09_18/2026_09_18-01_32_15--openvla_oft--episode=20--success=True--task=pick_up_the_black_bowl_next_to_the_ramekin_and_pla.mp4
09/18 [01:35:45] INFO     | >> Success: True              run_libero_eval.py:238
                 INFO     | >> # episodes completed so    run_libero_eval.py:238
                          far: 20                                               
                 INFO     | >> # successes: 16 (80.0%)    run_libero_eval.py:238

100%|██████████| 10/10 [01:47<00:00, 10.30s/it][A100%|██████████| 10/10 [01:47<00:00, 10.76s/it]
                 INFO     | >> Current task success rate: run_libero_eval.py:238
                          0.6                                                   
                 INFO     | >> Current total success      run_libero_eval.py:238
                          rate: 0.8                                             
 20%|██        | 2/10 [03:06<12:51, 96.49s/it]                 INFO     | >> Using default initial      run_libero_eval.py:238
                          states                                                

  0%|          | 0/10 [00:00<?, ?it/s][A09/18 [01:35:48] INFO     | >>                            run_libero_eval.py:238
                          Task: pick up the black bowl                          
                          from table center and place it                        
                          on the plate                                          
                 INFO     | >> Starting episode 1...      run_libero_eval.py:238
                 INFO     | >> EPISODE_MANIFEST           run_libero_eval.py:238
                          {"env_seed": 762872809,                               
                          "init_state_dtype": "float64",                        
                          "init_state_index": 30,                               
                          "init_state_sha256":                                  
                          "54acfd0b97b5ce95e16fdd601862cf                       
                          604f66ad922e4e1f3fccdc79c05bda0                       
                          87d", "init_state_shape": [92],                       
                          "model_seed": 1823811941,                             
                          "protocol": "paired",                                 
                          "task_id": 2}                                         
huggingface/tokenizers: The current process just got forked, after parallelism has already been used. Disabling parallelism to avoid deadlocks...
To disable this warning, you can either:
	- Avoid using `tokenizers` before the fork if possible
	- Explicitly set the environment variable TOKENIZERS_PARALLELISM=(true | false)
Saved rollout MP4 at path ./rollouts/2026_09_18/2026_09_18-01_32_15--openvla_oft--episode=21--success=True--task=pick_up_the_black_bowl_from_table_center_and_place.mp4
09/18 [01:35:57] INFO     | >> Success: True              run_libero_eval.py:238
                 INFO     | >> # episodes completed so    run_libero_eval.py:238
                          far: 21                                               
                 INFO     | >> # successes: 17 (81.0%)    run_libero_eval.py:238

 10%|█         | 1/10 [00:08<01:17,  8.62s/it][A                 INFO     | >>                            run_libero_eval.py:238
                          Task: pick up the black bowl                          
                          from table center and place it                        
                          on the plate                                          
                 INFO     | >> Starting episode 2...      run_libero_eval.py:238
                 INFO     | >> EPISODE_MANIFEST           run_libero_eval.py:238
                          {"env_seed": 598983133,                               
                          "init_state_dtype": "float64",                        
                          "init_state_index": 31,                               
                          "init_state_sha256":                                  
                          "c976c7363518d54a34633001b72079                       
                          56139afa1061ff6a217ab65eb24fecf                       
                          b0c", "init_state_shape": [92],                       
                          "model_seed": 1357376687,                             
                          "protocol": "paired",                                 
                          "task_id": 2}                                         
huggingface/tokenizers: The current process just got forked, after parallelism has already been used. Disabling parallelism to avoid deadlocks...
To disable this warning, you can either:
	- Avoid using `tokenizers` before the fork if possible
	- Explicitly set the environment variable TOKENIZERS_PARALLELISM=(true | false)
Saved rollout MP4 at path ./rollouts/2026_09_18/2026_09_18-01_32_15--openvla_oft--episode=22--success=True--task=pick_up_the_black_bowl_from_table_center_and_place.mp4
09/18 [01:36:05] INFO     | >> Success: True              run_libero_eval.py:238
                 INFO     | >> # episodes completed so    run_libero_eval.py:238
                          far: 22                                               
                 INFO     | >> # successes: 18 (81.8%)    run_libero_eval.py:238

 20%|██        | 2/10 [00:17<01:08,  8.61s/it][A                 INFO     | >>                            run_libero_eval.py:238
                          Task: pick up the black bowl                          
                          from table center and place it                        
                          on the plate                                          
                 INFO     | >> Starting episode 3...      run_libero_eval.py:238
                 INFO     | >> EPISODE_MANIFEST           run_libero_eval.py:238
                          {"env_seed": 1593406829,                              
                          "init_state_dtype": "float64",                        
                          "init_state_index": 32,                               
                          "init_state_sha256":                                  
                          "b7ea348f4b1c978f8476504e79de2a                       
                          2c661b881a8961aa4ef59500598eae8                       
                          4bf", "init_state_shape": [92],                       
                          "model_seed": 1626843166,                             
                          "protocol": "paired",                                 
                          "task_id": 2}                                         
huggingface/tokenizers: The current process just got forked, after parallelism has already been used. Disabling parallelism to avoid deadlocks...
To disable this warning, you can either:
	- Avoid using `tokenizers` before the fork if possible
	- Explicitly set the environment variable TOKENIZERS_PARALLELISM=(true | false)
Saved rollout MP4 at path ./rollouts/2026_09_18/2026_09_18-01_32_15--openvla_oft--episode=23--success=True--task=pick_up_the_black_bowl_from_table_center_and_place.mp4
09/18 [01:36:14] INFO     | >> Success: True              run_libero_eval.py:238
                 INFO     | >> # episodes completed so    run_libero_eval.py:238
                          far: 23                                               
                 INFO     | >> # successes: 19 (82.6%)    run_libero_eval.py:238

 30%|███       | 3/10 [00:25<01:00,  8.62s/it][A                 INFO     | >>                            run_libero_eval.py:238
                          Task: pick up the black bowl                          
                          from table center and place it                        
                          on the plate                                          
                 INFO     | >> Starting episode 4...      run_libero_eval.py:238
                 INFO     | >> EPISODE_MANIFEST           run_libero_eval.py:238
                          {"env_seed": 4084099962,                              
                          "init_state_dtype": "float64",                        
                          "init_state_index": 33,                               
                          "init_state_sha256":                                  
                          "6be1ae79dc28427bcaf62fef6d406f                       
                          341661284652d3c60117ed1ad86e339                       
                          e70", "init_state_shape": [92],                       
                          "model_seed": 1171475189,                             
                          "protocol": "paired",                                 
                          "task_id": 2}                                         
huggingface/tokenizers: The current process just got forked, after parallelism has already been used. Disabling parallelism to avoid deadlocks...
To disable this warning, you can either:
	- Avoid using `tokenizers` before the fork if possible
	- Explicitly set the environment variable TOKENIZERS_PARALLELISM=(true | false)
Saved rollout MP4 at path ./rollouts/2026_09_18/2026_09_18-01_32_15--openvla_oft--episode=24--success=True--task=pick_up_the_black_bowl_from_table_center_and_place.mp4
09/18 [01:36:22] INFO     | >> Success: True              run_libero_eval.py:238
                 INFO     | >> # episodes completed so    run_libero_eval.py:238
                          far: 24                                               
                 INFO     | >> # successes: 20 (83.3%)    run_libero_eval.py:238

 40%|████      | 4/10 [00:34<00:51,  8.60s/it][A                 INFO     | >>                            run_libero_eval.py:238
                          Task: pick up the black bowl                          
                          from table center and place it                        
                          on the plate                                          
                 INFO     | >> Starting episode 5...      run_libero_eval.py:238
                 INFO     | >> EPISODE_MANIFEST           run_libero_eval.py:238
                          {"env_seed": 3726451405,                              
                          "init_state_dtype": "float64",                        
                          "init_state_index": 34,                               
                          "init_state_sha256":                                  
                          "886ed201e403ef7ece6e8b34616721                       
                          86ddc2bbe2576905f887a1371842179                       
                          6fd", "init_state_shape": [92],                       
                          "model_seed": 2428114754,                             
                          "protocol": "paired",                                 
                          "task_id": 2}                                         
huggingface/tokenizers: The current process just got forked, after parallelism has already been used. Disabling parallelism to avoid deadlocks...
To disable this warning, you can either:
	- Avoid using `tokenizers` before the fork if possible
	- Explicitly set the environment variable TOKENIZERS_PARALLELISM=(true | false)
Saved rollout MP4 at path ./rollouts/2026_09_18/2026_09_18-01_32_15--openvla_oft--episode=25--success=True--task=pick_up_the_black_bowl_from_table_center_and_place.mp4
09/18 [01:36:31] INFO     | >> Success: True              run_libero_eval.py:238
                 INFO     | >> # episodes completed so    run_libero_eval.py:238
                          far: 25                                               
                 INFO     | >> # successes: 21 (84.0%)    run_libero_eval.py:238

 50%|█████     | 5/10 [00:42<00:42,  8.55s/it][A                 INFO     | >>                            run_libero_eval.py:238
                          Task: pick up the black bowl                          
                          from table center and place it                        
                          on the plate                                          
                 INFO     | >> Starting episode 6...      run_libero_eval.py:238
                 INFO     | >> EPISODE_MANIFEST           run_libero_eval.py:238
                          {"env_seed": 860652690,                               
                          "init_state_dtype": "float64",                        
                          "init_state_index": 35,                               
                          "init_state_sha256":                                  
                          "2ada1866e53646f8f275b5a1559704                       
                          d46a2044c63cbd6632d2649341a94ec                       
                          593", "init_state_shape": [92],                       
                          "model_seed": 3078748672,                             
                          "protocol": "paired",                                 
                          "task_id": 2}                                         
huggingface/tokenizers: The current process just got forked, after parallelism has already been used. Disabling parallelism to avoid deadlocks...
To disable this warning, you can either:
	- Avoid using `tokenizers` before the fork if possible
	- Explicitly set the environment variable TOKENIZERS_PARALLELISM=(true | false)
Saved rollout MP4 at path ./rollouts/2026_09_18/2026_09_18-01_32_15--openvla_oft--episode=26--success=True--task=pick_up_the_black_bowl_from_table_center_and_place.mp4
09/18 [01:36:39] INFO     | >> Success: True              run_libero_eval.py:238
                 INFO     | >> # episodes completed so    run_libero_eval.py:238
                          far: 26                                               
                 INFO     | >> # successes: 22 (84.6%)    run_libero_eval.py:238

 60%|██████    | 6/10 [00:51<00:34,  8.51s/it][A                 INFO     | >>                            run_libero_eval.py:238
                          Task: pick up the black bowl                          
                          from table center and place it                        
                          on the plate                                          
                 INFO     | >> Starting episode 7...      run_libero_eval.py:238
                 INFO     | >> EPISODE_MANIFEST           run_libero_eval.py:238
                          {"env_seed": 3632069095,                              
                          "init_state_dtype": "float64",                        
                          "init_state_index": 36,                               
                          "init_state_sha256":                                  
                          "2f82f1f21c3698a59e4e57101c16da                       
                          738dc169941e3b9026f0795cb1f1de1                       
                          a90", "init_state_shape": [92],                       
                          "model_seed": 1178715452,                             
                          "protocol": "paired",                                 
                          "task_id": 2}                                         
huggingface/tokenizers: The current process just got forked, after parallelism has already been used. Disabling parallelism to avoid deadlocks...
To disable this warning, you can either:
	- Avoid using `tokenizers` before the fork if possible
	- Explicitly set the environment variable TOKENIZERS_PARALLELISM=(true | false)
Saved rollout MP4 at path ./rollouts/2026_09_18/2026_09_18-01_32_15--openvla_oft--episode=27--success=True--task=pick_up_the_black_bowl_from_table_center_and_place.mp4
09/18 [01:36:48] INFO     | >> Success: True              run_libero_eval.py:238
                 INFO     | >> # episodes completed so    run_libero_eval.py:238
                          far: 27                                               
                 INFO     | >> # successes: 23 (85.2%)    run_libero_eval.py:238

 70%|███████   | 7/10 [00:59<00:25,  8.45s/it][A                 INFO     | >>                            run_libero_eval.py:238
                          Task: pick up the black bowl                          
                          from table center and place it                        
                          on the plate                                          
                 INFO     | >> Starting episode 8...      run_libero_eval.py:238
                 INFO     | >> EPISODE_MANIFEST           run_libero_eval.py:238
                          {"env_seed": 698881353,                               
                          "init_state_dtype": "float64",                        
                          "init_state_index": 37,                               
                          "init_state_sha256":                                  
                          "72800350719936fe650c42cd38f541                       
                          5a156b2bedc4903660bf0912d850434                       
                          a61", "init_state_shape": [92],                       
                          "model_seed": 2546164076,                             
                          "protocol": "paired",                                 
                          "task_id": 2}                                         
huggingface/tokenizers: The current process just got forked, after parallelism has already been used. Disabling parallelism to avoid deadlocks...
To disable this warning, you can either:
	- Avoid using `tokenizers` before the fork if possible
	- Explicitly set the environment variable TOKENIZERS_PARALLELISM=(true | false)
Saved rollout MP4 at path ./rollouts/2026_09_18/2026_09_18-01_32_15--openvla_oft--episode=28--success=True--task=pick_up_the_black_bowl_from_table_center_and_place.mp4
09/18 [01:36:56] INFO     | >> Success: True              run_libero_eval.py:238
                 INFO     | >> # episodes completed so    run_libero_eval.py:238
                          far: 28                                               
                 INFO     | >> # successes: 24 (85.7%)    run_libero_eval.py:238

 80%|████████  | 8/10 [01:07<00:16,  8.42s/it][A                 INFO     | >>                            run_libero_eval.py:238
                          Task: pick up the black bowl                          
                          from table center and place it                        
                          on the plate                                          
                 INFO     | >> Starting episode 9...      run_libero_eval.py:238
                 INFO     | >> EPISODE_MANIFEST           run_libero_eval.py:238
                          {"env_seed": 1955217777,                              
                          "init_state_dtype": "float64",                        
                          "init_state_index": 38,                               
                          "init_state_sha256":                                  
                          "7954755ba559e17078dbc53baa9ed0                       
                          7f4dda0dd3e75d7278f831ba8f2c6b8                       
                          ac2", "init_state_shape": [92],                       
                          "model_seed": 4037299804,                             
                          "protocol": "paired",                                 
                          "task_id": 2}                                         
huggingface/tokenizers: The current process just got forked, after parallelism has already been used. Disabling parallelism to avoid deadlocks...
To disable this warning, you can either:
	- Avoid using `tokenizers` before the fork if possible
	- Explicitly set the environment variable TOKENIZERS_PARALLELISM=(true | false)
Saved rollout MP4 at path ./rollouts/2026_09_18/2026_09_18-01_32_15--openvla_oft--episode=29--success=True--task=pick_up_the_black_bowl_from_table_center_and_place.mp4
09/18 [01:37:04] INFO     | >> Success: True              run_libero_eval.py:238
                 INFO     | >> # episodes completed so    run_libero_eval.py:238
                          far: 29                                               
                 INFO     | >> # successes: 25 (86.2%)    run_libero_eval.py:238

 90%|█████████ | 9/10 [01:16<00:08,  8.35s/it][A                 INFO     | >>                            run_libero_eval.py:238
                          Task: pick up the black bowl                          
                          from table center and place it                        
                          on the plate                                          
                 INFO     | >> Starting episode 10...     run_libero_eval.py:238
                 INFO     | >> EPISODE_MANIFEST           run_libero_eval.py:238
                          {"env_seed": 3163046273,                              
                          "init_state_dtype": "float64",                        
                          "init_state_index": 39,                               
                          "init_state_sha256":                                  
                          "43da41f66bda661223e66438d0d71d                       
                          0f450c5058d1f206a7c98f4ad1f0da2                       
                          b15", "init_state_shape": [92],                       
                          "model_seed": 3461130254,                             
                          "protocol": "paired",                                 
                          "task_id": 2}                                         
huggingface/tokenizers: The current process just got forked, after parallelism has already been used. Disabling parallelism to avoid deadlocks...
To disable this warning, you can either:
	- Avoid using `tokenizers` before the fork if possible
	- Explicitly set the environment variable TOKENIZERS_PARALLELISM=(true | false)
Saved rollout MP4 at path ./rollouts/2026_09_18/2026_09_18-01_32_15--openvla_oft--episode=30--success=True--task=pick_up_the_black_bowl_from_table_center_and_place.mp4
09/18 [01:37:13] INFO     | >> Success: True              run_libero_eval.py:238
                 INFO     | >> # episodes completed so    run_libero_eval.py:238
                          far: 30                                               
                 INFO     | >> # successes: 26 (86.7%)    run_libero_eval.py:238

100%|██████████| 10/10 [01:24<00:00,  8.36s/it][A100%|██████████| 10/10 [01:24<00:00,  8.46s/it]
                 INFO     | >> Current task success rate: run_libero_eval.py:238
                          1.0                                                   
                 INFO     | >> Current total success      run_libero_eval.py:238
                          rate: 0.8666666666666667                              
 30%|███       | 3/10 [04:34<10:47, 92.53s/it]                 INFO     | >> Using default initial      run_libero_eval.py:238
                          states                                                

  0%|          | 0/10 [00:00<?, ?it/s][A09/18 [01:37:16] INFO     | >>                            run_libero_eval.py:238
                          Task: pick up the black bowl on                       
                          the cookie box and place it on                        
                          the plate                                             
                 INFO     | >> Starting episode 1...      run_libero_eval.py:238
                 INFO     | >> EPISODE_MANIFEST           run_libero_eval.py:238
                          {"env_seed": 4057971178,                              
                          "init_state_dtype": "float64",                        
                          "init_state_index": 30,                               
                          "init_state_sha256":                                  
                          "c8f6ac536a9738937dd62b03558c47                       
                          ab581e0153936b9c98452a519f21195                       
                          672", "init_state_shape": [92],                       
                          "model_seed": 2754778619,                             
                          "protocol": "paired",                                 
                          "task_id": 3}                                         
huggingface/tokenizers: The current process just got forked, after parallelism has already been used. Disabling parallelism to avoid deadlocks...
To disable this warning, you can either:
	- Avoid using `tokenizers` before the fork if possible
	- Explicitly set the environment variable TOKENIZERS_PARALLELISM=(true | false)
Saved rollout MP4 at path ./rollouts/2026_09_18/2026_09_18-01_32_15--openvla_oft--episode=31--success=True--task=pick_up_the_black_bowl_on_the_cookie_box_and_place.mp4
09/18 [01:37:24] INFO     | >> Success: True              run_libero_eval.py:238
                 INFO     | >> # episodes completed so    run_libero_eval.py:238
                          far: 31                                               
                 INFO     | >> # successes: 27 (87.1%)    run_libero_eval.py:238

 10%|█         | 1/10 [00:08<01:14,  8.27s/it][A                 INFO     | >>                            run_libero_eval.py:238
                          Task: pick up the black bowl on                       
                          the cookie box and place it on                        
                          the plate                                             
                 INFO     | >> Starting episode 2...      run_libero_eval.py:238
                 INFO     | >> EPISODE_MANIFEST           run_libero_eval.py:238
                          {"env_seed": 1863143974,                              
                          "init_state_dtype": "float64",                        
                          "init_state_index": 31,                               
                          "init_state_sha256":                                  
                          "fa32f8fd267af8197d89c23adab4d9                       
                          512c5c40f170e3451c47cf1d5c51a52                       
                          816", "init_state_shape": [92],                       
                          "model_seed": 1712531958,                             
                          "protocol": "paired",                                 
                          "task_id": 3}                                         
huggingface/tokenizers: The current process just got forked, after parallelism has already been used. Disabling parallelism to avoid deadlocks...
To disable this warning, you can either:
	- Avoid using `tokenizers` before the fork if possible
	- Explicitly set the environment variable TOKENIZERS_PARALLELISM=(true | false)
Saved rollout MP4 at path ./rollouts/2026_09_18/2026_09_18-01_32_15--openvla_oft--episode=32--success=True--task=pick_up_the_black_bowl_on_the_cookie_box_and_place.mp4
09/18 [01:37:32] INFO     | >> Success: True              run_libero_eval.py:238
                 INFO     | >> # episodes completed so    run_libero_eval.py:238
                          far: 32                                               
                 INFO     | >> # successes: 28 (87.5%)    run_libero_eval.py:238

 20%|██        | 2/10 [00:16<01:05,  8.14s/it][A                 INFO     | >>                            run_libero_eval.py:238
                          Task: pick up the black bowl on                       
                          the cookie box and place it on                        
                          the plate                                             
                 INFO     | >> Starting episode 3...      run_libero_eval.py:238
                 INFO     | >> EPISODE_MANIFEST           run_libero_eval.py:238
                          {"env_seed": 1844613839,                              
                          "init_state_dtype": "float64",                        
                          "init_state_index": 32,                               
                          "init_state_sha256":                                  
                          "f23ec4da8824dd14187ec6b468d57b                       
                          8dd8c645f5ca693562a5154b9597eef                       
                          22a", "init_state_shape": [92],                       
                          "model_seed": 3606164437,                             
                          "protocol": "paired",                                 
                          "task_id": 3}                                         
huggingface/tokenizers: The current process just got forked, after parallelism has already been used. Disabling parallelism to avoid deadlocks...
To disable this warning, you can either:
	- Avoid using `tokenizers` before the fork if possible
	- Explicitly set the environment variable TOKENIZERS_PARALLELISM=(true | false)
Saved rollout MP4 at path ./rollouts/2026_09_18/2026_09_18-01_32_15--openvla_oft--episode=33--success=True--task=pick_up_the_black_bowl_on_the_cookie_box_and_place.mp4
09/18 [01:37:40] INFO     | >> Success: True              run_libero_eval.py:238
                 INFO     | >> # episodes completed so    run_libero_eval.py:238
                          far: 33                                               
                 INFO     | >> # successes: 29 (87.9%)    run_libero_eval.py:238

 30%|███       | 3/10 [00:24<00:56,  8.05s/it][A                 INFO     | >>                            run_libero_eval.py:238
                          Task: pick up the black bowl on                       
                          the cookie box and place it on                        
                          the plate                                             
                 INFO     | >> Starting episode 4...      run_libero_eval.py:238
                 INFO     | >> EPISODE_MANIFEST           run_libero_eval.py:238
                          {"env_seed": 1401498155,                              
                          "init_state_dtype": "float64",                        
                          "init_state_index": 33,                               
                          "init_state_sha256":                                  
                          "429e55bad968feaff73d88329f524a                       
                          35ade9d7e203b4168016963b8e591a5                       
                          5fa", "init_state_shape": [92],                       
                          "model_seed": 338580859,                              
                          "protocol": "paired",                                 
                          "task_id": 3}                                         
huggingface/tokenizers: The current process just got forked, after parallelism has already been used. Disabling parallelism to avoid deadlocks...
To disable this warning, you can either:
	- Avoid using `tokenizers` before the fork if possible
	- Explicitly set the environment variable TOKENIZERS_PARALLELISM=(true | false)
Saved rollout MP4 at path ./rollouts/2026_09_18/2026_09_18-01_32_15--openvla_oft--episode=34--success=True--task=pick_up_the_black_bowl_on_the_cookie_box_and_place.mp4
09/18 [01:37:48] INFO     | >> Success: True              run_libero_eval.py:238
                 INFO     | >> # episodes completed so    run_libero_eval.py:238
                          far: 34                                               
                 INFO     | >> # successes: 30 (88.2%)    run_libero_eval.py:238

 40%|████      | 4/10 [00:31<00:47,  7.91s/it][A                 INFO     | >>                            run_libero_eval.py:238
                          Task: pick up the black bowl on                       
                          the cookie box and place it on                        
                          the plate                                             
                 INFO     | >> Starting episode 5...      run_libero_eval.py:238
                 INFO     | >> EPISODE_MANIFEST           run_libero_eval.py:238
                          {"env_seed": 1793097879,                              
                          "init_state_dtype": "float64",                        
                          "init_state_index": 34,                               
                          "init_state_sha256":                                  
                          "bbf8d1e321fc5519c9ea447a4a08bd                       
                          fb52a87d882ade0807ccf9d86f49221                       
                          5eb", "init_state_shape": [92],                       
                          "model_seed": 57059378,                               
                          "protocol": "paired",                                 
                          "task_id": 3}                                         
huggingface/tokenizers: The current process just got forked, after parallelism has already been used. Disabling parallelism to avoid deadlocks...
To disable this warning, you can either:
	- Avoid using `tokenizers` before the fork if possible
	- Explicitly set the environment variable TOKENIZERS_PARALLELISM=(true | false)
Saved rollout MP4 at path ./rollouts/2026_09_18/2026_09_18-01_32_15--openvla_oft--episode=35--success=True--task=pick_up_the_black_bowl_on_the_cookie_box_and_place.mp4
09/18 [01:37:56] INFO     | >> Success: True              run_libero_eval.py:238
                 INFO     | >> # episodes completed so    run_libero_eval.py:238
                          far: 35                                               
                 INFO     | >> # successes: 31 (88.6%)    run_libero_eval.py:238

 50%|█████     | 5/10 [00:39<00:39,  7.90s/it][A                 INFO     | >>                            run_libero_eval.py:238
                          Task: pick up the black bowl on                       
                          the cookie box and place it on                        
                          the plate                                             
                 INFO     | >> Starting episode 6...      run_libero_eval.py:238
                 INFO     | >> EPISODE_MANIFEST           run_libero_eval.py:238
                          {"env_seed": 152544043,                               
                          "init_state_dtype": "float64",                        
                          "init_state_index": 35,                               
                          "init_state_sha256":                                  
                          "f55c5e51f01ca6bf7559c299c7e3fb                       
                          27d3cf29cf399cae771e087cfcaec9b                       
                          a46", "init_state_shape": [92],                       
                          "model_seed": 3733495461,                             
                          "protocol": "paired",                                 
                          "task_id": 3}                                         
huggingface/tokenizers: The current process just got forked, after parallelism has already been used. Disabling parallelism to avoid deadlocks...
To disable this warning, you can either:
	- Avoid using `tokenizers` before the fork if possible
	- Explicitly set the environment variable TOKENIZERS_PARALLELISM=(true | false)
Saved rollout MP4 at path ./rollouts/2026_09_18/2026_09_18-01_32_15--openvla_oft--episode=36--success=True--task=pick_up_the_black_bowl_on_the_cookie_box_and_place.mp4
09/18 [01:38:04] INFO     | >> Success: True              run_libero_eval.py:238
                 INFO     | >> # episodes completed so    run_libero_eval.py:238
                          far: 36                                               
                 INFO     | >> # successes: 32 (88.9%)    run_libero_eval.py:238

 60%|██████    | 6/10 [00:48<00:31,  7.99s/it][A                 INFO     | >>                            run_libero_eval.py:238
                          Task: pick up the black bowl on                       
                          the cookie box and place it on                        
                          the plate                                             
                 INFO     | >> Starting episode 7...      run_libero_eval.py:238
                 INFO     | >> EPISODE_MANIFEST           run_libero_eval.py:238
                          {"env_seed": 2398199674,                              
                          "init_state_dtype": "float64",                        
                          "init_state_index": 36,                               
                          "init_state_sha256":                                  
                          "dde1535e84d97fd635b176fe806239                       
                          7324afe0a7990008eadf466459bce4f                       
                          4a4", "init_state_shape": [92],                       
                          "model_seed": 3793126638,                             
                          "protocol": "paired",                                 
                          "task_id": 3}                                         
huggingface/tokenizers: The current process just got forked, after parallelism has already been used. Disabling parallelism to avoid deadlocks...
To disable this warning, you can either:
	- Avoid using `tokenizers` before the fork if possible
	- Explicitly set the environment variable TOKENIZERS_PARALLELISM=(true | false)
Saved rollout MP4 at path ./rollouts/2026_09_18/2026_09_18-01_32_15--openvla_oft--episode=37--success=True--task=pick_up_the_black_bowl_on_the_cookie_box_and_place.mp4
09/18 [01:38:12] INFO     | >> Success: True              run_libero_eval.py:238
                 INFO     | >> # episodes completed so    run_libero_eval.py:238
                          far: 37                                               
                 INFO     | >> # successes: 33 (89.2%)    run_libero_eval.py:238

 70%|███████   | 7/10 [00:56<00:24,  8.14s/it][A                 INFO     | >>                            run_libero_eval.py:238
                          Task: pick up the black bowl on                       
                          the cookie box and place it on                        
                          the plate                                             
                 INFO     | >> Starting episode 8...      run_libero_eval.py:238
                 INFO     | >> EPISODE_MANIFEST           run_libero_eval.py:238
                          {"env_seed": 2739358420,                              
                          "init_state_dtype": "float64",                        
                          "init_state_index": 37,                               
                          "init_state_sha256":                                  
                          "f8c0209fed2dc87f2c6546ec96e519                       
                          7747ff61017256b7db4856b91c95566                       
                          5e9", "init_state_shape": [92],                       
                          "model_seed": 2428382250,                             
                          "protocol": "paired",                                 
                          "task_id": 3}                                         
huggingface/tokenizers: The current process just got forked, after parallelism has already been used. Disabling parallelism to avoid deadlocks...
To disable this warning, you can either:
	- Avoid using `tokenizers` before the fork if possible
	- Explicitly set the environment variable TOKENIZERS_PARALLELISM=(true | false)
Saved rollout MP4 at path ./rollouts/2026_09_18/2026_09_18-01_32_15--openvla_oft--episode=38--success=True--task=pick_up_the_black_bowl_on_the_cookie_box_and_place.mp4
09/18 [01:38:20] INFO     | >> Success: True              run_libero_eval.py:238
                 INFO     | >> # episodes completed so    run_libero_eval.py:238
                          far: 38                                               
                 INFO     | >> # successes: 34 (89.5%)    run_libero_eval.py:238

 80%|████████  | 8/10 [01:04<00:16,  8.12s/it][A                 INFO     | >>                            run_libero_eval.py:238
                          Task: pick up the black bowl on                       
                          the cookie box and place it on                        
                          the plate                                             
                 INFO     | >> Starting episode 9...      run_libero_eval.py:238
                 INFO     | >> EPISODE_MANIFEST           run_libero_eval.py:238
                          {"env_seed": 1476866025,                              
                          "init_state_dtype": "float64",                        
                          "init_state_index": 38,                               
                          "init_state_sha256":                                  
                          "517a0f9e30018b2db8e22f646bd57c                       
                          793cad27c16014e99d5e607d80936b8                       
                          cc7", "init_state_shape": [92],                       
                          "model_seed": 1273295247,                             
                          "protocol": "paired",                                 
                          "task_id": 3}                                         
huggingface/tokenizers: The current process just got forked, after parallelism has already been used. Disabling parallelism to avoid deadlocks...
To disable this warning, you can either:
	- Avoid using `tokenizers` before the fork if possible
	- Explicitly set the environment variable TOKENIZERS_PARALLELISM=(true | false)
Saved rollout MP4 at path ./rollouts/2026_09_18/2026_09_18-01_32_15--openvla_oft--episode=39--success=True--task=pick_up_the_black_bowl_on_the_cookie_box_and_place.mp4
09/18 [01:38:29] INFO     | >> Success: True              run_libero_eval.py:238
                 INFO     | >> # episodes completed so    run_libero_eval.py:238
                          far: 39                                               
                 INFO     | >> # successes: 35 (89.7%)    run_libero_eval.py:238

 90%|█████████ | 9/10 [01:12<00:08,  8.17s/it][A                 INFO     | >>                            run_libero_eval.py:238
                          Task: pick up the black bowl on                       
                          the cookie box and place it on                        
                          the plate                                             
                 INFO     | >> Starting episode 10...     run_libero_eval.py:238
                 INFO     | >> EPISODE_MANIFEST           run_libero_eval.py:238
                          {"env_seed": 441971390,                               
                          "init_state_dtype": "float64",                        
                          "init_state_index": 39,                               
                          "init_state_sha256":                                  
                          "ff6b0a3ad81c4e46e134af6492095e                       
                          c05f0570215218f195768ca2640aed1                       
                          f01", "init_state_shape": [92],                       
                          "model_seed": 3459646538,                             
                          "protocol": "paired",                                 
                          "task_id": 3}                                         
huggingface/tokenizers: The current process just got forked, after parallelism has already been used. Disabling parallelism to avoid deadlocks...
To disable this warning, you can either:
	- Avoid using `tokenizers` before the fork if possible
	- Explicitly set the environment variable TOKENIZERS_PARALLELISM=(true | false)
Saved rollout MP4 at path ./rollouts/2026_09_18/2026_09_18-01_32_15--openvla_oft--episode=40--success=True--task=pick_up_the_black_bowl_on_the_cookie_box_and_place.mp4
09/18 [01:38:37] INFO     | >> Success: True              run_libero_eval.py:238
                 INFO     | >> # episodes completed so    run_libero_eval.py:238
                          far: 40                                               
                 INFO     | >> # successes: 36 (90.0%)    run_libero_eval.py:238

100%|██████████| 10/10 [01:21<00:00,  8.21s/it][A100%|██████████| 10/10 [01:21<00:00,  8.11s/it]
                 INFO     | >> Current task success rate: run_libero_eval.py:238
                          1.0                                                   
                 INFO     | >> Current total success      run_libero_eval.py:238
                          rate: 0.9                                             
 40%|████      | 4/10 [05:59<08:55, 89.31s/it]                 INFO     | >> Using default initial      run_libero_eval.py:238
                          states                                                

  0%|          | 0/10 [00:00<?, ?it/s][A09/18 [01:38:40] INFO     | >>                            run_libero_eval.py:238
                          Task: pick up the black bowl in                       
                          the top drawer of the wooden                          
                          cabinet and place it on the                           
                          plate                                                 
                 INFO     | >> Starting episode 1...      run_libero_eval.py:238
                 INFO     | >> EPISODE_MANIFEST           run_libero_eval.py:238
                          {"env_seed": 2128960762,                              
                          "init_state_dtype": "float64",                        
                          "init_state_index": 30,                               
                          "init_state_sha256":                                  
                          "ee926cef9c7408f1360d1fc83dee60                       
                          af20751b6bb6ed12a1870819c0ced85                       
                          52c", "init_state_shape": [92],                       
                          "model_seed": 264611168,                              
                          "protocol": "paired",                                 
                          "task_id": 4}                                         
huggingface/tokenizers: The current process just got forked, after parallelism has already been used. Disabling parallelism to avoid deadlocks...
To disable this warning, you can either:
	- Avoid using `tokenizers` before the fork if possible
	- Explicitly set the environment variable TOKENIZERS_PARALLELISM=(true | false)
Saved rollout MP4 at path ./rollouts/2026_09_18/2026_09_18-01_32_15--openvla_oft--episode=41--success=True--task=pick_up_the_black_bowl_in_the_top_drawer_of_the_wo.mp4
09/18 [01:38:51] INFO     | >> Success: True              run_libero_eval.py:238
                 INFO     | >> # episodes completed so    run_libero_eval.py:238
                          far: 41                                               
                 INFO     | >> # successes: 37 (90.2%)    run_libero_eval.py:238

 10%|█         | 1/10 [00:10<01:38, 10.89s/it][A                 INFO     | >>                            run_libero_eval.py:238
                          Task: pick up the black bowl in                       
                          the top drawer of the wooden                          
                          cabinet and place it on the                           
                          plate                                                 
                 INFO     | >> Starting episode 2...      run_libero_eval.py:238
                 INFO     | >> EPISODE_MANIFEST           run_libero_eval.py:238
                          {"env_seed": 3711929335,                              
                          "init_state_dtype": "float64",                        
                          "init_state_index": 31,                               
                          "init_state_sha256":                                  
                          "caf7ad508329331a10ccfc61fdcee5                       
                          d9be438c13e250c25763736a544d7c1                       
                          09a", "init_state_shape": [92],                       
                          "model_seed": 1267726617,                             
                          "protocol": "paired",                                 
                          "task_id": 4}                                         
huggingface/tokenizers: The current process just got forked, after parallelism has already been used. Disabling parallelism to avoid deadlocks...
To disable this warning, you can either:
	- Avoid using `tokenizers` before the fork if possible
	- Explicitly set the environment variable TOKENIZERS_PARALLELISM=(true | false)
Saved rollout MP4 at path ./rollouts/2026_09_18/2026_09_18-01_32_15--openvla_oft--episode=42--success=True--task=pick_up_the_black_bowl_in_the_top_drawer_of_the_wo.mp4
09/18 [01:39:01] INFO     | >> Success: True              run_libero_eval.py:238
                 INFO     | >> # episodes completed so    run_libero_eval.py:238
                          far: 42                                               
                 INFO     | >> # successes: 38 (90.5%)    run_libero_eval.py:238

 20%|██        | 2/10 [00:20<01:20, 10.10s/it][A                 INFO     | >>                            run_libero_eval.py:238
                          Task: pick up the black bowl in                       
                          the top drawer of the wooden                          
                          cabinet and place it on the                           
                          plate                                                 
                 INFO     | >> Starting episode 3...      run_libero_eval.py:238
                 INFO     | >> EPISODE_MANIFEST           run_libero_eval.py:238
                          {"env_seed": 4018517041,                              
                          "init_state_dtype": "float64",                        
                          "init_state_index": 32,                               
                          "init_state_sha256":                                  
                          "bae4595249c3121a21a7ac5ead939c                       
                          4152d5bf453cf68308fc55dbfdaad17                       
                          b2b", "init_state_shape": [92],                       
                          "model_seed": 143794931,                              
                          "protocol": "paired",                                 
                          "task_id": 4}                                         
huggingface/tokenizers: The current process just got forked, after parallelism has already been used. Disabling parallelism to avoid deadlocks...
To disable this warning, you can either:
	- Avoid using `tokenizers` before the fork if possible
	- Explicitly set the environment variable TOKENIZERS_PARALLELISM=(true | false)
Saved rollout MP4 at path ./rollouts/2026_09_18/2026_09_18-01_32_15--openvla_oft--episode=43--success=True--task=pick_up_the_black_bowl_in_the_top_drawer_of_the_wo.mp4
09/18 [01:39:10] INFO     | >> Success: True              run_libero_eval.py:238
                 INFO     | >> # episodes completed so    run_libero_eval.py:238
                          far: 43                                               
                 INFO     | >> # successes: 39 (90.7%)    run_libero_eval.py:238

 30%|███       | 3/10 [00:30<01:09,  9.86s/it][A                 INFO     | >>                            run_libero_eval.py:238
                          Task: pick up the black bowl in                       
                          the top drawer of the wooden                          
                          cabinet and place it on the                           
                          plate                                                 
                 INFO     | >> Starting episode 4...      run_libero_eval.py:238
                 INFO     | >> EPISODE_MANIFEST           run_libero_eval.py:238
                          {"env_seed": 1944978093,                              
                          "init_state_dtype": "float64",                        
                          "init_state_index": 33,                               
                          "init_state_sha256":                                  
                          "e9ebf57f6d40206ef42640e22e1898                       
                          2888c07b9d89aca2bfac172fea0dda8                       
                          9bb", "init_state_shape": [92],                       
                          "model_seed": 2551998591,                             
                          "protocol": "paired",                                 
                          "task_id": 4}                                         
huggingface/tokenizers: The current process just got forked, after parallelism has already been used. Disabling parallelism to avoid deadlocks...
To disable this warning, you can either:
	- Avoid using `tokenizers` before the fork if possible
	- Explicitly set the environment variable TOKENIZERS_PARALLELISM=(true | false)
Saved rollout MP4 at path ./rollouts/2026_09_18/2026_09_18-01_32_15--openvla_oft--episode=44--success=True--task=pick_up_the_black_bowl_in_the_top_drawer_of_the_wo.mp4
09/18 [01:39:20] INFO     | >> Success: True              run_libero_eval.py:238
                 INFO     | >> # episodes completed so    run_libero_eval.py:238
                          far: 44                                               
                 INFO     | >> # successes: 40 (90.9%)    run_libero_eval.py:238

 40%|████      | 4/10 [00:39<00:58,  9.75s/it][A                 INFO     | >>                            run_libero_eval.py:238
                          Task: pick up the black bowl in                       
                          the top drawer of the wooden                          
                          cabinet and place it on the                           
                          plate                                                 
                 INFO     | >> Starting episode 5...      run_libero_eval.py:238
                 INFO     | >> EPISODE_MANIFEST           run_libero_eval.py:238
                          {"env_seed": 3955905011,                              
                          "init_state_dtype": "float64",                        
                          "init_state_index": 34,                               
                          "init_state_sha256":                                  
                          "4900682211a5db89178d5c6d5fe17a                       
                          2f8387ecc13a31b4683b74fd7829dc8                       
                          772", "init_state_shape": [92],                       
                          "model_seed": 4018642711,                             
                          "protocol": "paired",                                 
                          "task_id": 4}                                         
huggingface/tokenizers: The current process just got forked, after parallelism has already been used. Disabling parallelism to avoid deadlocks...
To disable this warning, you can either:
	- Avoid using `tokenizers` before the fork if possible
	- Explicitly set the environment variable TOKENIZERS_PARALLELISM=(true | false)
Saved rollout MP4 at path ./rollouts/2026_09_18/2026_09_18-01_32_15--openvla_oft--episode=45--success=True--task=pick_up_the_black_bowl_in_the_top_drawer_of_the_wo.mp4
09/18 [01:39:30] INFO     | >> Success: True              run_libero_eval.py:238
                 INFO     | >> # episodes completed so    run_libero_eval.py:238
                          far: 45                                               
                 INFO     | >> # successes: 41 (91.1%)    run_libero_eval.py:238

 50%|█████     | 5/10 [00:49<00:48,  9.75s/it][A                 INFO     | >>                            run_libero_eval.py:238
                          Task: pick up the black bowl in                       
                          the top drawer of the wooden                          
                          cabinet and place it on the                           
                          plate                                                 
                 INFO     | >> Starting episode 6...      run_libero_eval.py:238
                 INFO     | >> EPISODE_MANIFEST           run_libero_eval.py:238
                          {"env_seed": 940414008,                               
                          "init_state_dtype": "float64",                        
                          "init_state_index": 35,                               
                          "init_state_sha256":                                  
                          "a7238facfdff29124305c5be4b2979                       
                          e0dd56fb53aa7d2a703904a5b2fee96                       
                          01d", "init_state_shape": [92],                       
                          "model_seed": 1692798383,                             
                          "protocol": "paired",                                 
                          "task_id": 4}                                         
huggingface/tokenizers: The current process just got forked, after parallelism has already been used. Disabling parallelism to avoid deadlocks...
To disable this warning, you can either:
	- Avoid using `tokenizers` before the fork if possible
	- Explicitly set the environment variable TOKENIZERS_PARALLELISM=(true | false)
Saved rollout MP4 at path ./rollouts/2026_09_18/2026_09_18-01_32_15--openvla_oft--episode=46--success=True--task=pick_up_the_black_bowl_in_the_top_drawer_of_the_wo.mp4
09/18 [01:39:40] INFO     | >> Success: True              run_libero_eval.py:238
                 INFO     | >> # episodes completed so    run_libero_eval.py:238
                          far: 46                                               
                 INFO     | >> # successes: 42 (91.3%)    run_libero_eval.py:238

 60%|██████    | 6/10 [00:59<00:39,  9.84s/it][A                 INFO     | >>                            run_libero_eval.py:238
                          Task: pick up the black bowl in                       
                          the top drawer of the wooden                          
                          cabinet and place it on the                           
                          plate                                                 
                 INFO     | >> Starting episode 7...      run_libero_eval.py:238
                 INFO     | >> EPISODE_MANIFEST           run_libero_eval.py:238
                          {"env_seed": 3979172501,                              
                          "init_state_dtype": "float64",                        
                          "init_state_index": 36,                               
                          "init_state_sha256":                                  
                          "f24cc47b571058e41d5962625453cb                       
                          0033aa041c9597a7355d27771f4bbb8                       
                          5a6", "init_state_shape": [92],                       
                          "model_seed": 1469026486,                             
                          "protocol": "paired",                                 
                          "task_id": 4}                                         
huggingface/tokenizers: The current process just got forked, after parallelism has already been used. Disabling parallelism to avoid deadlocks...
To disable this warning, you can either:
	- Avoid using `tokenizers` before the fork if possible
	- Explicitly set the environment variable TOKENIZERS_PARALLELISM=(true | false)
Saved rollout MP4 at path ./rollouts/2026_09_18/2026_09_18-01_32_15--openvla_oft--episode=47--success=True--task=pick_up_the_black_bowl_in_the_top_drawer_of_the_wo.mp4
09/18 [01:39:49] INFO     | >> Success: True              run_libero_eval.py:238
                 INFO     | >> # episodes completed so    run_libero_eval.py:238
                          far: 47                                               
09/18 [01:39:50] INFO     | >> # successes: 43 (91.5%)    run_libero_eval.py:238

 70%|███████   | 7/10 [01:09<00:29,  9.86s/it][A                 INFO     | >>                            run_libero_eval.py:238
                          Task: pick up the black bowl in                       
                          the top drawer of the wooden                          
                          cabinet and place it on the                           
                          plate                                                 
                 INFO     | >> Starting episode 8...      run_libero_eval.py:238
                 INFO     | >> EPISODE_MANIFEST           run_libero_eval.py:238
                          {"env_seed": 3129685406,                              
                          "init_state_dtype": "float64",                        
                          "init_state_index": 37,                               
                          "init_state_sha256":                                  
                          "83b3459613e796fdcdce97a98cc904                       
                          636b70e983c367b8f6e9d99880167b6                       
                          003", "init_state_shape": [92],                       
                          "model_seed": 3810316480,                             
                          "protocol": "paired",                                 
                          "task_id": 4}                                         
huggingface/tokenizers: The current process just got forked, after parallelism has already been used. Disabling parallelism to avoid deadlocks...
To disable this warning, you can either:
	- Avoid using `tokenizers` before the fork if possible
	- Explicitly set the environment variable TOKENIZERS_PARALLELISM=(true | false)
Saved rollout MP4 at path ./rollouts/2026_09_18/2026_09_18-01_32_15--openvla_oft--episode=48--success=True--task=pick_up_the_black_bowl_in_the_top_drawer_of_the_wo.mp4
09/18 [01:39:59] INFO     | >> Success: True              run_libero_eval.py:238
                 INFO     | >> # episodes completed so    run_libero_eval.py:238
                          far: 48                                               
                 INFO     | >> # successes: 44 (91.7%)    run_libero_eval.py:238

 80%|████████  | 8/10 [01:18<00:19,  9.75s/it][A                 INFO     | >>                            run_libero_eval.py:238
                          Task: pick up the black bowl in                       
                          the top drawer of the wooden                          
                          cabinet and place it on the                           
                          plate                                                 
                 INFO     | >> Starting episode 9...      run_libero_eval.py:238
                 INFO     | >> EPISODE_MANIFEST           run_libero_eval.py:238
                          {"env_seed": 2735609240,                              
                          "init_state_dtype": "float64",                        
                          "init_state_index": 38,                               
                          "init_state_sha256":                                  
                          "5b87f8233f2a90f7df82a59b76388e                       
                          dd8178a139b13e282b695b24e7b1998                       
                          948", "init_state_shape": [92],                       
                          "model_seed": 3798477086,                             
                          "protocol": "paired",                                 
                          "task_id": 4}                                         
huggingface/tokenizers: The current process just got forked, after parallelism has already been used. Disabling parallelism to avoid deadlocks...
To disable this warning, you can either:
	- Avoid using `tokenizers` before the fork if possible
	- Explicitly set the environment variable TOKENIZERS_PARALLELISM=(true | false)
Saved rollout MP4 at path ./rollouts/2026_09_18/2026_09_18-01_32_15--openvla_oft--episode=49--success=True--task=pick_up_the_black_bowl_in_the_top_drawer_of_the_wo.mp4
09/18 [01:40:09] INFO     | >> Success: True              run_libero_eval.py:238
                 INFO     | >> # episodes completed so    run_libero_eval.py:238
                          far: 49                                               
                 INFO     | >> # successes: 45 (91.8%)    run_libero_eval.py:238

 90%|█████████ | 9/10 [01:28<00:09,  9.76s/it][A                 INFO     | >>                            run_libero_eval.py:238
                          Task: pick up the black bowl in                       
                          the top drawer of the wooden                          
                          cabinet and place it on the                           
                          plate                                                 
                 INFO     | >> Starting episode 10...     run_libero_eval.py:238
                 INFO     | >> EPISODE_MANIFEST           run_libero_eval.py:238
                          {"env_seed": 3161749644,                              
                          "init_state_dtype": "float64",                        
                          "init_state_index": 39,                               
                          "init_state_sha256":                                  
                          "20be1f17ff694fcfdb8308ffd11410                       
                          850a57da98cd59df52ed1f499a94e52                       
                          d56", "init_state_shape": [92],                       
                          "model_seed": 2531137840,                             
                          "protocol": "paired",                                 
                          "task_id": 4}                                         
huggingface/tokenizers: The current process just got forked, after parallelism has already been used. Disabling parallelism to avoid deadlocks...
To disable this warning, you can either:
	- Avoid using `tokenizers` before the fork if possible
	- Explicitly set the environment variable TOKENIZERS_PARALLELISM=(true | false)
Saved rollout MP4 at path ./rollouts/2026_09_18/2026_09_18-01_32_15--openvla_oft--episode=50--success=True--task=pick_up_the_black_bowl_in_the_top_drawer_of_the_wo.mp4
09/18 [01:40:20] INFO     | >> Success: True              run_libero_eval.py:238
                 INFO     | >> # episodes completed so    run_libero_eval.py:238
                          far: 50                                               
                 INFO     | >> # successes: 46 (92.0%)    run_libero_eval.py:238

100%|██████████| 10/10 [01:39<00:00, 10.06s/it][A100%|██████████| 10/10 [01:39<00:00,  9.93s/it]
                 INFO     | >> Current task success rate: run_libero_eval.py:238
                          1.0                                                   
                 INFO     | >> Current total success      run_libero_eval.py:238
                          rate: 0.92                                            
 50%|█████     | 5/10 [07:41<07:50, 94.09s/it]                 INFO     | >> Using default initial      run_libero_eval.py:238
                          states                                                

  0%|          | 0/10 [00:00<?, ?it/s][A09/18 [01:40:23] INFO     | >>                            run_libero_eval.py:238
                          Task: pick up the black bowl on                       
                          the ramekin and place it on the                       
                          plate                                                 
                 INFO     | >> Starting episode 1...      run_libero_eval.py:238
                 INFO     | >> EPISODE_MANIFEST           run_libero_eval.py:238
                          {"env_seed": 2244832943,                              
                          "init_state_dtype": "float64",                        
                          "init_state_index": 30,                               
                          "init_state_sha256":                                  
                          "64154536615a439824870c8cf64e89                       
                          398b68ef06f23a5fd4a530e65cb8cfb                       
                          0b0", "init_state_shape": [92],                       
                          "model_seed": 1280506367,                             
                          "protocol": "paired",                                 
                          "task_id": 5}                                         
huggingface/tokenizers: The current process just got forked, after parallelism has already been used. Disabling parallelism to avoid deadlocks...
To disable this warning, you can either:
	- Avoid using `tokenizers` before the fork if possible
	- Explicitly set the environment variable TOKENIZERS_PARALLELISM=(true | false)
Saved rollout MP4 at path ./rollouts/2026_09_18/2026_09_18-01_32_15--openvla_oft--episode=51--success=False--task=pick_up_the_black_bowl_on_the_ramekin_and_place_it.mp4
09/18 [01:40:39] INFO     | >> Success: False             run_libero_eval.py:238
                 INFO     | >> # episodes completed so    run_libero_eval.py:238
                          far: 51                                               
                 INFO     | >> # successes: 46 (90.2%)    run_libero_eval.py:238

 10%|█         | 1/10 [00:16<02:24, 16.01s/it][A                 INFO     | >>                            run_libero_eval.py:238
                          Task: pick up the black bowl on                       
                          the ramekin and place it on the                       
                          plate                                                 
                 INFO     | >> Starting episode 2...      run_libero_eval.py:238
                 INFO     | >> EPISODE_MANIFEST           run_libero_eval.py:238
                          {"env_seed": 3765579486,                              
                          "init_state_dtype": "float64",                        
                          "init_state_index": 31,                               
                          "init_state_sha256":                                  
                          "b35f68c7d99cca813baf26e7221b52                       
                          e2797fec4bcbcedfcf6ac8951171ccf                       
                          6f2", "init_state_shape": [92],                       
                          "model_seed": 4222566003,                             
                          "protocol": "paired",                                 
                          "task_id": 5}                                         
huggingface/tokenizers: The current process just got forked, after parallelism has already been used. Disabling parallelism to avoid deadlocks...
To disable this warning, you can either:
	- Avoid using `tokenizers` before the fork if possible
	- Explicitly set the environment variable TOKENIZERS_PARALLELISM=(true | false)
Saved rollout MP4 at path ./rollouts/2026_09_18/2026_09_18-01_32_15--openvla_oft--episode=52--success=True--task=pick_up_the_black_bowl_on_the_ramekin_and_place_it.mp4
09/18 [01:40:48] INFO     | >> Success: True              run_libero_eval.py:238
                 INFO     | >> # episodes completed so    run_libero_eval.py:238
                          far: 52                                               
                 INFO     | >> # successes: 47 (90.4%)    run_libero_eval.py:238

 20%|██        | 2/10 [00:24<01:34, 11.87s/it][A                 INFO     | >>                            run_libero_eval.py:238
                          Task: pick up the black bowl on                       
                          the ramekin and place it on the                       
                          plate                                                 
                 INFO     | >> Starting episode 3...      run_libero_eval.py:238
                 INFO     | >> EPISODE_MANIFEST           run_libero_eval.py:238
                          {"env_seed": 2702913442,                              
                          "init_state_dtype": "float64",                        
                          "init_state_index": 32,                               
                          "init_state_sha256":                                  
                          "ccc7916734b145dde26e79cf75c17e                       
                          acad1a5dcb831623fac7c9c95100413                       
                          aba", "init_state_shape": [92],                       
                          "model_seed": 2515965542,                             
                          "protocol": "paired",                                 
                          "task_id": 5}                                         
huggingface/tokenizers: The current process just got forked, after parallelism has already been used. Disabling parallelism to avoid deadlocks...
To disable this warning, you can either:
	- Avoid using `tokenizers` before the fork if possible
	- Explicitly set the environment variable TOKENIZERS_PARALLELISM=(true | false)
Saved rollout MP4 at path ./rollouts/2026_09_18/2026_09_18-01_32_15--openvla_oft--episode=53--success=True--task=pick_up_the_black_bowl_on_the_ramekin_and_place_it.mp4
09/18 [01:40:57] INFO     | >> Success: True              run_libero_eval.py:238
                 INFO     | >> # episodes completed so    run_libero_eval.py:238
                          far: 53                                               
                 INFO     | >> # successes: 48 (90.6%)    run_libero_eval.py:238

 30%|███       | 3/10 [00:33<01:13, 10.50s/it][A                 INFO     | >>                            run_libero_eval.py:238
                          Task: pick up the black bowl on                       
                          the ramekin and place it on the                       
                          plate                                                 
                 INFO     | >> Starting episode 4...      run_libero_eval.py:238
                 INFO     | >> EPISODE_MANIFEST           run_libero_eval.py:238
                          {"env_seed": 1321685256,                              
                          "init_state_dtype": "float64",                        
                          "init_state_index": 33,                               
                          "init_state_sha256":                                  
                          "88307025691a0e638e62ea5ddab825                       
                          e8cab81602cfb015f7c2a0dec2e5357                       
                          899", "init_state_shape": [92],                       
                          "model_seed": 2437665168,                             
                          "protocol": "paired",                                 
                          "task_id": 5}                                         
huggingface/tokenizers: The current process just got forked, after parallelism has already been used. Disabling parallelism to avoid deadlocks...
To disable this warning, you can either:
	- Avoid using `tokenizers` before the fork if possible
	- Explicitly set the environment variable TOKENIZERS_PARALLELISM=(true | false)
Saved rollout MP4 at path ./rollouts/2026_09_18/2026_09_18-01_32_15--openvla_oft--episode=54--success=True--task=pick_up_the_black_bowl_on_the_ramekin_and_place_it.mp4
09/18 [01:41:05] INFO     | >> Success: True              run_libero_eval.py:238
                 INFO     | >> # episodes completed so    run_libero_eval.py:238
                          far: 54                                               
                 INFO     | >> # successes: 49 (90.7%)    run_libero_eval.py:238

 40%|████      | 4/10 [00:42<00:58,  9.76s/it][A                 INFO     | >>                            run_libero_eval.py:238
                          Task: pick up the black bowl on                       
                          the ramekin and place it on the                       
                          plate                                                 
                 INFO     | >> Starting episode 5...      run_libero_eval.py:238
                 INFO     | >> EPISODE_MANIFEST           run_libero_eval.py:238
                          {"env_seed": 1013323222,                              
                          "init_state_dtype": "float64",                        
                          "init_state_index": 34,                               
                          "init_state_sha256":                                  
                          "376b74124fdf64c56fe887e1da504a                       
                          380f66cf19a34a53d8d88d3c3a96a0a                       
                          dc9", "init_state_shape": [92],                       
                          "model_seed": 2527150742,                             
                          "protocol": "paired",                                 
                          "task_id": 5}                                         
huggingface/tokenizers: The current process just got forked, after parallelism has already been used. Disabling parallelism to avoid deadlocks...
To disable this warning, you can either:
	- Avoid using `tokenizers` before the fork if possible
	- Explicitly set the environment variable TOKENIZERS_PARALLELISM=(true | false)
Saved rollout MP4 at path ./rollouts/2026_09_18/2026_09_18-01_32_15--openvla_oft--episode=55--success=True--task=pick_up_the_black_bowl_on_the_ramekin_and_place_it.mp4
09/18 [01:41:13] INFO     | >> Success: True              run_libero_eval.py:238
                 INFO     | >> # episodes completed so    run_libero_eval.py:238
                          far: 55                                               
                 INFO     | >> # successes: 50 (90.9%)    run_libero_eval.py:238

 50%|█████     | 5/10 [00:50<00:45,  9.16s/it][A                 INFO     | >>                            run_libero_eval.py:238
                          Task: pick up the black bowl on                       
                          the ramekin and place it on the                       
                          plate                                                 
                 INFO     | >> Starting episode 6...      run_libero_eval.py:238
                 INFO     | >> EPISODE_MANIFEST           run_libero_eval.py:238
                          {"env_seed": 116683084,                               
                          "init_state_dtype": "float64",                        
                          "init_state_index": 35,                               
                          "init_state_sha256":                                  
                          "f70104a9c4cc3671c4d82c9d580aaa                       
                          e2523f99eccd4d2c5a16862d554e5c2                       
                          dc9", "init_state_shape": [92],                       
                          "model_seed": 3006664297,                             
                          "protocol": "paired",                                 
                          "task_id": 5}                                         
huggingface/tokenizers: The current process just got forked, after parallelism has already been used. Disabling parallelism to avoid deadlocks...
To disable this warning, you can either:
	- Avoid using `tokenizers` before the fork if possible
	- Explicitly set the environment variable TOKENIZERS_PARALLELISM=(true | false)
Saved rollout MP4 at path ./rollouts/2026_09_18/2026_09_18-01_32_15--openvla_oft--episode=56--success=True--task=pick_up_the_black_bowl_on_the_ramekin_and_place_it.mp4
09/18 [01:41:21] INFO     | >> Success: True              run_libero_eval.py:238
                 INFO     | >> # episodes completed so    run_libero_eval.py:238
                          far: 56                                               
                 INFO     | >> # successes: 51 (91.1%)    run_libero_eval.py:238

 60%|██████    | 6/10 [00:58<00:35,  8.78s/it][A                 INFO     | >>                            run_libero_eval.py:238
                          Task: pick up the black bowl on                       
                          the ramekin and place it on the                       
                          plate                                                 
                 INFO     | >> Starting episode 7...      run_libero_eval.py:238
                 INFO     | >> EPISODE_MANIFEST           run_libero_eval.py:238
                          {"env_seed": 3912320306,                              
                          "init_state_dtype": "float64",                        
                          "init_state_index": 36,                               
                          "init_state_sha256":                                  
                          "6751c83b8ee7c3018d678f8e9f0aa2                       
                          64fc34139441b7a5510d6704e48552e                       
                          9f5", "init_state_shape": [92],                       
                          "model_seed": 2621645383,                             
                          "protocol": "paired",                                 
                          "task_id": 5}                                         
huggingface/tokenizers: The current process just got forked, after parallelism has already been used. Disabling parallelism to avoid deadlocks...
To disable this warning, you can either:
	- Avoid using `tokenizers` before the fork if possible
	- Explicitly set the environment variable TOKENIZERS_PARALLELISM=(true | false)
Saved rollout MP4 at path ./rollouts/2026_09_18/2026_09_18-01_32_15--openvla_oft--episode=57--success=True--task=pick_up_the_black_bowl_on_the_ramekin_and_place_it.mp4
09/18 [01:41:29] INFO     | >> Success: True              run_libero_eval.py:238
                 INFO     | >> # episodes completed so    run_libero_eval.py:238
                          far: 57                                               
                 INFO     | >> # successes: 52 (91.2%)    run_libero_eval.py:238

 70%|███████   | 7/10 [01:06<00:25,  8.53s/it][A09/18 [01:41:30] INFO     | >>                            run_libero_eval.py:238
                          Task: pick up the black bowl on                       
                          the ramekin and place it on the                       
                          plate                                                 
                 INFO     | >> Starting episode 8...      run_libero_eval.py:238
                 INFO     | >> EPISODE_MANIFEST           run_libero_eval.py:238
                          {"env_seed": 4138406490,                              
                          "init_state_dtype": "float64",                        
                          "init_state_index": 37,                               
                          "init_state_sha256":                                  
                          "a14d4912b8b4fa61d5e73b2e228355                       
                          6e335f03e7cbb03cad3b54625fc931e                       
                          37a", "init_state_shape": [92],                       
                          "model_seed": 927237764,                              
                          "protocol": "paired",                                 
                          "task_id": 5}                                         
huggingface/tokenizers: The current process just got forked, after parallelism has already been used. Disabling parallelism to avoid deadlocks...
To disable this warning, you can either:
	- Avoid using `tokenizers` before the fork if possible
	- Explicitly set the environment variable TOKENIZERS_PARALLELISM=(true | false)
Saved rollout MP4 at path ./rollouts/2026_09_18/2026_09_18-01_32_15--openvla_oft--episode=58--success=True--task=pick_up_the_black_bowl_on_the_ramekin_and_place_it.mp4
09/18 [01:41:38] INFO     | >> Success: True              run_libero_eval.py:238
                 INFO     | >> # episodes completed so    run_libero_eval.py:238
                          far: 58                                               
                 INFO     | >> # successes: 53 (91.4%)    run_libero_eval.py:238

 80%|████████  | 8/10 [01:15<00:17,  8.56s/it][A                 INFO     | >>                            run_libero_eval.py:238
                          Task: pick up the black bowl on                       
                          the ramekin and place it on the                       
                          plate                                                 
                 INFO     | >> Starting episode 9...      run_libero_eval.py:238
                 INFO     | >> EPISODE_MANIFEST           run_libero_eval.py:238
                          {"env_seed": 2329984348,                              
                          "init_state_dtype": "float64",                        
                          "init_state_index": 38,                               
                          "init_state_sha256":                                  
                          "31c8df345a5636602d00e3f3b2c307                       
                          ea7be2b8ef9eccea68336b756349565                       
                          1fb", "init_state_shape": [92],                       
                          "model_seed": 417368793,                              
                          "protocol": "paired",                                 
                          "task_id": 5}                                         
huggingface/tokenizers: The current process just got forked, after parallelism has already been used. Disabling parallelism to avoid deadlocks...
To disable this warning, you can either:
	- Avoid using `tokenizers` before the fork if possible
	- Explicitly set the environment variable TOKENIZERS_PARALLELISM=(true | false)
Saved rollout MP4 at path ./rollouts/2026_09_18/2026_09_18-01_32_15--openvla_oft--episode=59--success=True--task=pick_up_the_black_bowl_on_the_ramekin_and_place_it.mp4
09/18 [01:41:46] INFO     | >> Success: True              run_libero_eval.py:238
                 INFO     | >> # episodes completed so    run_libero_eval.py:238
                          far: 59                                               
                 INFO     | >> # successes: 54 (91.5%)    run_libero_eval.py:238

 90%|█████████ | 9/10 [01:23<00:08,  8.46s/it][A                 INFO     | >>                            run_libero_eval.py:238
                          Task: pick up the black bowl on                       
                          the ramekin and place it on the                       
                          plate                                                 
                 INFO     | >> Starting episode 10...     run_libero_eval.py:238
                 INFO     | >> EPISODE_MANIFEST           run_libero_eval.py:238
                          {"env_seed": 922974428,                               
                          "init_state_dtype": "float64",                        
                          "init_state_index": 39,                               
                          "init_state_sha256":                                  
                          "887a4032d21b66f49f5b80ec84abfa                       
                          f391ea123f1148bb1cbf585661ac122                       
                          e78", "init_state_shape": [92],                       
                          "model_seed": 3219253959,                             
                          "protocol": "paired",                                 
                          "task_id": 5}                                         
huggingface/tokenizers: The current process just got forked, after parallelism has already been used. Disabling parallelism to avoid deadlocks...
To disable this warning, you can either:
	- Avoid using `tokenizers` before the fork if possible
	- Explicitly set the environment variable TOKENIZERS_PARALLELISM=(true | false)
Saved rollout MP4 at path ./rollouts/2026_09_18/2026_09_18-01_32_15--openvla_oft--episode=60--success=True--task=pick_up_the_black_bowl_on_the_ramekin_and_place_it.mp4
09/18 [01:41:55] INFO     | >> Success: True              run_libero_eval.py:238
                 INFO     | >> # episodes completed so    run_libero_eval.py:238
                          far: 60                                               
                 INFO     | >> # successes: 55 (91.7%)    run_libero_eval.py:238

100%|██████████| 10/10 [01:31<00:00,  8.40s/it][A100%|██████████| 10/10 [01:31<00:00,  9.18s/it]
                 INFO     | >> Current task success rate: run_libero_eval.py:238
                          0.9                                                   
                 INFO     | >> Current total success      run_libero_eval.py:238
                          rate: 0.9166666666666666                              
 60%|██████    | 6/10 [09:16<06:17, 94.45s/it]                 INFO     | >> Using default initial      run_libero_eval.py:238
                          states                                                

  0%|          | 0/10 [00:00<?, ?it/s][A09/18 [01:41:58] INFO     | >>                            run_libero_eval.py:238
                          Task: pick up the black bowl                          
                          next to the cookie box and                            
                          place it on the plate                                 
                 INFO     | >> Starting episode 1...      run_libero_eval.py:238
                 INFO     | >> EPISODE_MANIFEST           run_libero_eval.py:238
                          {"env_seed": 2802192155,                              
                          "init_state_dtype": "float64",                        
                          "init_state_index": 30,                               
                          "init_state_sha256":                                  
                          "c47e7ade03860cb5bf009d563ff70a                       
                          f43d1415fbd3d34b05f770f719b2dc3                       
                          c9b", "init_state_shape": [92],                       
                          "model_seed": 555303445,                              
                          "protocol": "paired",                                 
                          "task_id": 6}                                         
huggingface/tokenizers: The current process just got forked, after parallelism has already been used. Disabling parallelism to avoid deadlocks...
To disable this warning, you can either:
	- Avoid using `tokenizers` before the fork if possible
	- Explicitly set the environment variable TOKENIZERS_PARALLELISM=(true | false)
Saved rollout MP4 at path ./rollouts/2026_09_18/2026_09_18-01_32_15--openvla_oft--episode=61--success=True--task=pick_up_the_black_bowl_next_to_the_cookie_box_and_.mp4
09/18 [01:42:07] INFO     | >> Success: True              run_libero_eval.py:238
                 INFO     | >> # episodes completed so    run_libero_eval.py:238
                          far: 61                                               
                 INFO     | >> # successes: 56 (91.8%)    run_libero_eval.py:238

 10%|█         | 1/10 [00:09<01:23,  9.29s/it][A                 INFO     | >>                            run_libero_eval.py:238
                          Task: pick up the black bowl                          
                          next to the cookie box and                            
                          place it on the plate                                 
                 INFO     | >> Starting episode 2...      run_libero_eval.py:238
                 INFO     | >> EPISODE_MANIFEST           run_libero_eval.py:238
                          {"env_seed": 2290986696,                              
                          "init_state_dtype": "float64",                        
                          "init_state_index": 31,                               
                          "init_state_sha256":                                  
                          "6ad396a15dda3ae18c29134e0f4dea                       
                          11f92a2176292d9826050a957d0028d                       
                          d74", "init_state_shape": [92],                       
                          "model_seed": 2037932255,                             
                          "protocol": "paired",                                 
                          "task_id": 6}                                         
huggingface/tokenizers: The current process just got forked, after parallelism has already been used. Disabling parallelism to avoid deadlocks...
To disable this warning, you can either:
	- Avoid using `tokenizers` before the fork if possible
	- Explicitly set the environment variable TOKENIZERS_PARALLELISM=(true | false)
Saved rollout MP4 at path ./rollouts/2026_09_18/2026_09_18-01_32_15--openvla_oft--episode=62--success=True--task=pick_up_the_black_bowl_next_to_the_cookie_box_and_.mp4
09/18 [01:42:16] INFO     | >> Success: True              run_libero_eval.py:238
                 INFO     | >> # episodes completed so    run_libero_eval.py:238
                          far: 62                                               
                 INFO     | >> # successes: 57 (91.9%)    run_libero_eval.py:238

 20%|██        | 2/10 [00:18<01:14,  9.26s/it][A                 INFO     | >>                            run_libero_eval.py:238
                          Task: pick up the black bowl                          
                          next to the cookie box and                            
                          place it on the plate                                 
                 INFO     | >> Starting episode 3...      run_libero_eval.py:238
                 INFO     | >> EPISODE_MANIFEST           run_libero_eval.py:238
                          {"env_seed": 57196556,                                
                          "init_state_dtype": "float64",                        
                          "init_state_index": 32,                               
                          "init_state_sha256":                                  
                          "c6bbb7ce6061546e8a21ed6abaced4                       
                          70e118caddbff73f431f2e8992992b8                       
                          128", "init_state_shape": [92],                       
                          "model_seed": 1074734847,                             
                          "protocol": "paired",                                 
                          "task_id": 6}                                         
huggingface/tokenizers: The current process just got forked, after parallelism has already been used. Disabling parallelism to avoid deadlocks...
To disable this warning, you can either:
	- Avoid using `tokenizers` before the fork if possible
	- Explicitly set the environment variable TOKENIZERS_PARALLELISM=(true | false)
Saved rollout MP4 at path ./rollouts/2026_09_18/2026_09_18-01_32_15--openvla_oft--episode=63--success=True--task=pick_up_the_black_bowl_next_to_the_cookie_box_and_.mp4
09/18 [01:42:25] INFO     | >> Success: True              run_libero_eval.py:238
                 INFO     | >> # episodes completed so    run_libero_eval.py:238
                          far: 63                                               
                 INFO     | >> # successes: 58 (92.1%)    run_libero_eval.py:238

 30%|███       | 3/10 [00:27<01:03,  9.02s/it][A                 INFO     | >>                            run_libero_eval.py:238
                          Task: pick up the black bowl                          
                          next to the cookie box and                            
                          place it on the plate                                 
                 INFO     | >> Starting episode 4...      run_libero_eval.py:238
                 INFO     | >> EPISODE_MANIFEST           run_libero_eval.py:238
                          {"env_seed": 3761132941,                              
                          "init_state_dtype": "float64",                        
                          "init_state_index": 33,                               
                          "init_state_sha256":                                  
                          "5677164d19f6dff7f4bec822888d08                       
                          9225c674da7991296d639f3013ed7cd                       
                          295", "init_state_shape": [92],                       
                          "model_seed": 1096322309,                             
                          "protocol": "paired",                                 
                          "task_id": 6}                                         
huggingface/tokenizers: The current process just got forked, after parallelism has already been used. Disabling parallelism to avoid deadlocks...
To disable this warning, you can either:
	- Avoid using `tokenizers` before the fork if possible
	- Explicitly set the environment variable TOKENIZERS_PARALLELISM=(true | false)
Saved rollout MP4 at path ./rollouts/2026_09_18/2026_09_18-01_32_15--openvla_oft--episode=64--success=True--task=pick_up_the_black_bowl_next_to_the_cookie_box_and_.mp4
09/18 [01:42:34] INFO     | >> Success: True              run_libero_eval.py:238
                 INFO     | >> # episodes completed so    run_libero_eval.py:238
                          far: 64                                               
                 INFO     | >> # successes: 59 (92.2%)    run_libero_eval.py:238

 40%|████      | 4/10 [00:36<00:54,  9.13s/it][A                 INFO     | >>                            run_libero_eval.py:238
                          Task: pick up the black bowl                          
                          next to the cookie box and                            
                          place it on the plate                                 
                 INFO     | >> Starting episode 5...      run_libero_eval.py:238
                 INFO     | >> EPISODE_MANIFEST           run_libero_eval.py:238
                          {"env_seed": 1427945549,                              
                          "init_state_dtype": "float64",                        
                          "init_state_index": 34,                               
                          "init_state_sha256":                                  
                          "d77fb589b075a79e4988ca368c4b31                       
                          a1611d129ec282fc2bf03e50dc909a9                       
                          2c3", "init_state_shape": [92],                       
                          "model_seed": 2182454536,                             
                          "protocol": "paired",                                 
                          "task_id": 6}                                         
huggingface/tokenizers: The current process just got forked, after parallelism has already been used. Disabling parallelism to avoid deadlocks...
To disable this warning, you can either:
	- Avoid using `tokenizers` before the fork if possible
	- Explicitly set the environment variable TOKENIZERS_PARALLELISM=(true | false)
Saved rollout MP4 at path ./rollouts/2026_09_18/2026_09_18-01_32_15--openvla_oft--episode=65--success=True--task=pick_up_the_black_bowl_next_to_the_cookie_box_and_.mp4
09/18 [01:42:44] INFO     | >> Success: True              run_libero_eval.py:238
                 INFO     | >> # episodes completed so    run_libero_eval.py:238
                          far: 65                                               
                 INFO     | >> # successes: 60 (92.3%)    run_libero_eval.py:238

 50%|█████     | 5/10 [00:46<00:46,  9.29s/it][A                 INFO     | >>                            run_libero_eval.py:238
                          Task: pick up the black bowl                          
                          next to the cookie box and                            
                          place it on the plate                                 
                 INFO     | >> Starting episode 6...      run_libero_eval.py:238
                 INFO     | >> EPISODE_MANIFEST           run_libero_eval.py:238
                          {"env_seed": 3404837074,                              
                          "init_state_dtype": "float64",                        
                          "init_state_index": 35,                               
                          "init_state_sha256":                                  
                          "0d4bb4a3c1075a5d853390878fbb07                       
                          885c89f2a06277de6bdbf80e8301040                       
                          0d6", "init_state_shape": [92],                       
                          "model_seed": 3358964321,                             
                          "protocol": "paired",                                 
                          "task_id": 6}                                         
huggingface/tokenizers: The current process just got forked, after parallelism has already been used. Disabling parallelism to avoid deadlocks...
To disable this warning, you can either:
	- Avoid using `tokenizers` before the fork if possible
	- Explicitly set the environment variable TOKENIZERS_PARALLELISM=(true | false)
Saved rollout MP4 at path ./rollouts/2026_09_18/2026_09_18-01_32_15--openvla_oft--episode=66--success=True--task=pick_up_the_black_bowl_next_to_the_cookie_box_and_.mp4
09/18 [01:42:53] INFO     | >> Success: True              run_libero_eval.py:238
                 INFO     | >> # episodes completed so    run_libero_eval.py:238
                          far: 66                                               
                 INFO     | >> # successes: 61 (92.4%)    run_libero_eval.py:238

 60%|██████    | 6/10 [00:55<00:37,  9.32s/it][A                 INFO     | >>                            run_libero_eval.py:238
                          Task: pick up the black bowl                          
                          next to the cookie box and                            
                          place it on the plate                                 
                 INFO     | >> Starting episode 7...      run_libero_eval.py:238
                 INFO     | >> EPISODE_MANIFEST           run_libero_eval.py:238
                          {"env_seed": 3594643770,                              
                          "init_state_dtype": "float64",                        
                          "init_state_index": 36,                               
                          "init_state_sha256":                                  
                          "c9ac368b6f0df99a323ba4fa26c779                       
                          1a4c5998413f01171c7725f436a6292                       
                          897", "init_state_shape": [92],                       
                          "model_seed": 1263304411,                             
                          "protocol": "paired",                                 
                          "task_id": 6}                                         
huggingface/tokenizers: The current process just got forked, after parallelism has already been used. Disabling parallelism to avoid deadlocks...
To disable this warning, you can either:
	- Avoid using `tokenizers` before the fork if possible
	- Explicitly set the environment variable TOKENIZERS_PARALLELISM=(true | false)
Saved rollout MP4 at path ./rollouts/2026_09_18/2026_09_18-01_32_15--openvla_oft--episode=67--success=True--task=pick_up_the_black_bowl_next_to_the_cookie_box_and_.mp4
09/18 [01:43:02] INFO     | >> Success: True              run_libero_eval.py:238
                 INFO     | >> # episodes completed so    run_libero_eval.py:238
                          far: 67                                               
                 INFO     | >> # successes: 62 (92.5%)    run_libero_eval.py:238

 70%|███████   | 7/10 [01:04<00:27,  9.11s/it][A                 INFO     | >>                            run_libero_eval.py:238
                          Task: pick up the black bowl                          
                          next to the cookie box and                            
                          place it on the plate                                 
                 INFO     | >> Starting episode 8...      run_libero_eval.py:238
                 INFO     | >> EPISODE_MANIFEST           run_libero_eval.py:238
                          {"env_seed": 1478289664,                              
                          "init_state_dtype": "float64",                        
                          "init_state_index": 37,                               
                          "init_state_sha256":                                  
                          "3f39880e9a2c7a1fb5ab8c5df91675                       
                          362754b7cdba01380c08b4a0c7020f4                       
                          e67", "init_state_shape": [92],                       
                          "model_seed": 2917433197,                             
                          "protocol": "paired",                                 
                          "task_id": 6}                                         
huggingface/tokenizers: The current process just got forked, after parallelism has already been used. Disabling parallelism to avoid deadlocks...
To disable this warning, you can either:
	- Avoid using `tokenizers` before the fork if possible
	- Explicitly set the environment variable TOKENIZERS_PARALLELISM=(true | false)
Saved rollout MP4 at path ./rollouts/2026_09_18/2026_09_18-01_32_15--openvla_oft--episode=68--success=True--task=pick_up_the_black_bowl_next_to_the_cookie_box_and_.mp4
09/18 [01:43:11] INFO     | >> Success: True              run_libero_eval.py:238
                 INFO     | >> # episodes completed so    run_libero_eval.py:238
                          far: 68                                               
                 INFO     | >> # successes: 63 (92.6%)    run_libero_eval.py:238

 80%|████████  | 8/10 [01:13<00:18,  9.16s/it][A                 INFO     | >>                            run_libero_eval.py:238
                          Task: pick up the black bowl                          
                          next to the cookie box and                            
                          place it on the plate                                 
                 INFO     | >> Starting episode 9...      run_libero_eval.py:238
                 INFO     | >> EPISODE_MANIFEST           run_libero_eval.py:238
                          {"env_seed": 3475261711,                              
                          "init_state_dtype": "float64",                        
                          "init_state_index": 38,                               
                          "init_state_sha256":                                  
                          "34b2cae54e001a871920420ba5fc17                       
                          ee9a3752786aead9e1354e0d15e91f8                       
                          720", "init_state_shape": [92],                       
                          "model_seed": 988418538,                              
                          "protocol": "paired",                                 
                          "task_id": 6}                                         
huggingface/tokenizers: The current process just got forked, after parallelism has already been used. Disabling parallelism to avoid deadlocks...
To disable this warning, you can either:
	- Avoid using `tokenizers` before the fork if possible
	- Explicitly set the environment variable TOKENIZERS_PARALLELISM=(true | false)
Saved rollout MP4 at path ./rollouts/2026_09_18/2026_09_18-01_32_15--openvla_oft--episode=69--success=True--task=pick_up_the_black_bowl_next_to_the_cookie_box_and_.mp4
09/18 [01:43:20] INFO     | >> Success: True              run_libero_eval.py:238
                 INFO     | >> # episodes completed so    run_libero_eval.py:238
                          far: 69                                               
                 INFO     | >> # successes: 64 (92.8%)    run_libero_eval.py:238

 90%|█████████ | 9/10 [01:22<00:09,  9.10s/it][A                 INFO     | >>                            run_libero_eval.py:238
                          Task: pick up the black bowl                          
                          next to the cookie box and                            
                          place it on the plate                                 
                 INFO     | >> Starting episode 10...     run_libero_eval.py:238
                 INFO     | >> EPISODE_MANIFEST           run_libero_eval.py:238
                          {"env_seed": 2122378010,                              
                          "init_state_dtype": "float64",                        
                          "init_state_index": 39,                               
                          "init_state_sha256":                                  
                          "e04805de25e13d5031de0fb8dab722                       
                          9412116df7ecfa8ac5b42fd5b6fa5aa                       
                          7d2", "init_state_shape": [92],                       
                          "model_seed": 2478594168,                             
                          "protocol": "paired",                                 
                          "task_id": 6}                                         
huggingface/tokenizers: The current process just got forked, after parallelism has already been used. Disabling parallelism to avoid deadlocks...
To disable this warning, you can either:
	- Avoid using `tokenizers` before the fork if possible
	- Explicitly set the environment variable TOKENIZERS_PARALLELISM=(true | false)
Saved rollout MP4 at path ./rollouts/2026_09_18/2026_09_18-01_32_15--openvla_oft--episode=70--success=True--task=pick_up_the_black_bowl_next_to_the_cookie_box_and_.mp4
09/18 [01:43:29] INFO     | >> Success: True              run_libero_eval.py:238
                 INFO     | >> # episodes completed so    run_libero_eval.py:238
                          far: 70                                               
                 INFO     | >> # successes: 65 (92.9%)    run_libero_eval.py:238

100%|██████████| 10/10 [01:31<00:00,  9.05s/it][A100%|██████████| 10/10 [01:31<00:00,  9.13s/it]
                 INFO     | >> Current task success rate: run_libero_eval.py:238
                          1.0                                                   
                 INFO     | >> Current total success      run_libero_eval.py:238
                          rate: 0.9285714285714286                              
 70%|███████   | 7/10 [10:51<04:43, 94.47s/it]                 INFO     | >> Using default initial      run_libero_eval.py:238
                          states                                                

  0%|          | 0/10 [00:00<?, ?it/s][A09/18 [01:43:32] INFO     | >>                            run_libero_eval.py:238
                          Task: pick up the black bowl on                       
                          the stove and place it on the                         
                          plate                                                 
                 INFO     | >> Starting episode 1...      run_libero_eval.py:238
                 INFO     | >> EPISODE_MANIFEST           run_libero_eval.py:238
                          {"env_seed": 1069137249,                              
                          "init_state_dtype": "float64",                        
                          "init_state_index": 30,                               
                          "init_state_sha256":                                  
                          "cb1e0ed994fc5215b4deeb46c49859                       
                          7a5b0f09f2d4a8091bc8ddc616260e3                       
                          98b", "init_state_shape": [92],                       
                          "model_seed": 702203286,                              
                          "protocol": "paired",                                 
                          "task_id": 7}                                         
huggingface/tokenizers: The current process just got forked, after parallelism has already been used. Disabling parallelism to avoid deadlocks...
To disable this warning, you can either:
	- Avoid using `tokenizers` before the fork if possible
	- Explicitly set the environment variable TOKENIZERS_PARALLELISM=(true | false)
Saved rollout MP4 at path ./rollouts/2026_09_18/2026_09_18-01_32_15--openvla_oft--episode=71--success=True--task=pick_up_the_black_bowl_on_the_stove_and_place_it_o.mp4
09/18 [01:43:42] INFO     | >> Success: True              run_libero_eval.py:238
                 INFO     | >> # episodes completed so    run_libero_eval.py:238
                          far: 71                                               
                 INFO     | >> # successes: 66 (93.0%)    run_libero_eval.py:238

 10%|█         | 1/10 [00:09<01:22,  9.15s/it][A                 INFO     | >>                            run_libero_eval.py:238
                          Task: pick up the black bowl on                       
                          the stove and place it on the                         
                          plate                                                 
                 INFO     | >> Starting episode 2...      run_libero_eval.py:238
                 INFO     | >> EPISODE_MANIFEST           run_libero_eval.py:238
                          {"env_seed": 1465182765,                              
                          "init_state_dtype": "float64",                        
                          "init_state_index": 31,                               
                          "init_state_sha256":                                  
                          "05312e1d2a8dd073d6660d60daee7b                       
                          e86b40a4bb5c3af0db76f95818420ab                       
                          827", "init_state_shape": [92],                       
                          "model_seed": 1214176192,                             
                          "protocol": "paired",                                 
                          "task_id": 7}                                         
huggingface/tokenizers: The current process just got forked, after parallelism has already been used. Disabling parallelism to avoid deadlocks...
To disable this warning, you can either:
	- Avoid using `tokenizers` before the fork if possible
	- Explicitly set the environment variable TOKENIZERS_PARALLELISM=(true | false)
Saved rollout MP4 at path ./rollouts/2026_09_18/2026_09_18-01_32_15--openvla_oft--episode=72--success=True--task=pick_up_the_black_bowl_on_the_stove_and_place_it_o.mp4
09/18 [01:43:51] INFO     | >> Success: True              run_libero_eval.py:238
                 INFO     | >> # episodes completed so    run_libero_eval.py:238
                          far: 72                                               
                 INFO     | >> # successes: 67 (93.1%)    run_libero_eval.py:238

 20%|██        | 2/10 [00:18<01:14,  9.27s/it][A                 INFO     | >>                            run_libero_eval.py:238
                          Task: pick up the black bowl on                       
                          the stove and place it on the                         
                          plate                                                 
                 INFO     | >> Starting episode 3...      run_libero_eval.py:238
                 INFO     | >> EPISODE_MANIFEST           run_libero_eval.py:238
                          {"env_seed": 1718757011,                              
                          "init_state_dtype": "float64",                        
                          "init_state_index": 32,                               
                          "init_state_sha256":                                  
                          "282efe30f2a0cdc80c4b697aa69911                       
                          55e489aced3c4e14a4e6dcc875fafba                       
                          610", "init_state_shape": [92],                       
                          "model_seed": 3342811240,                             
                          "protocol": "paired",                                 
                          "task_id": 7}                                         
huggingface/tokenizers: The current process just got forked, after parallelism has already been used. Disabling parallelism to avoid deadlocks...
To disable this warning, you can either:
	- Avoid using `tokenizers` before the fork if possible
	- Explicitly set the environment variable TOKENIZERS_PARALLELISM=(true | false)
Saved rollout MP4 at path ./rollouts/2026_09_18/2026_09_18-01_32_15--openvla_oft--episode=73--success=True--task=pick_up_the_black_bowl_on_the_stove_and_place_it_o.mp4
09/18 [01:44:00] INFO     | >> Success: True              run_libero_eval.py:238
                 INFO     | >> # episodes completed so    run_libero_eval.py:238
                          far: 73                                               
                 INFO     | >> # successes: 68 (93.2%)    run_libero_eval.py:238

 30%|███       | 3/10 [00:28<01:05,  9.39s/it][A                 INFO     | >>                            run_libero_eval.py:238
                          Task: pick up the black bowl on                       
                          the stove and place it on the                         
                          plate                                                 
                 INFO     | >> Starting episode 4...      run_libero_eval.py:238
                 INFO     | >> EPISODE_MANIFEST           run_libero_eval.py:238
                          {"env_seed": 2716226899,                              
                          "init_state_dtype": "float64",                        
                          "init_state_index": 33,                               
                          "init_state_sha256":                                  
                          "925a077ab488c5c4b235e137d519bd                       
                          aceef419970082094947d834d4c9031                       
                          e02", "init_state_shape": [92],                       
                          "model_seed": 3779348431,                             
                          "protocol": "paired",                                 
                          "task_id": 7}                                         
huggingface/tokenizers: The current process just got forked, after parallelism has already been used. Disabling parallelism to avoid deadlocks...
To disable this warning, you can either:
	- Avoid using `tokenizers` before the fork if possible
	- Explicitly set the environment variable TOKENIZERS_PARALLELISM=(true | false)
Saved rollout MP4 at path ./rollouts/2026_09_18/2026_09_18-01_32_15--openvla_oft--episode=74--success=True--task=pick_up_the_black_bowl_on_the_stove_and_place_it_o.mp4
09/18 [01:44:10] INFO     | >> Success: True              run_libero_eval.py:238
                 INFO     | >> # episodes completed so    run_libero_eval.py:238
                          far: 74                                               
                 INFO     | >> # successes: 69 (93.2%)    run_libero_eval.py:238

 40%|████      | 4/10 [00:37<00:56,  9.44s/it][A                 INFO     | >>                            run_libero_eval.py:238
                          Task: pick up the black bowl on                       
                          the stove and place it on the                         
                          plate                                                 
                 INFO     | >> Starting episode 5...      run_libero_eval.py:238
                 INFO     | >> EPISODE_MANIFEST           run_libero_eval.py:238
                          {"env_seed": 337339622,                               
                          "init_state_dtype": "float64",                        
                          "init_state_index": 34,                               
                          "init_state_sha256":                                  
                          "c33b45a5c854cd93c78a0b0072fab8                       
                          2040f099649fa1a8560c7a062d12075                       
                          556", "init_state_shape": [92],                       
                          "model_seed": 2543448603,                             
                          "protocol": "paired",                                 
                          "task_id": 7}                                         
huggingface/tokenizers: The current process just got forked, after parallelism has already been used. Disabling parallelism to avoid deadlocks...
To disable this warning, you can either:
	- Avoid using `tokenizers` before the fork if possible
	- Explicitly set the environment variable TOKENIZERS_PARALLELISM=(true | false)
Saved rollout MP4 at path ./rollouts/2026_09_18/2026_09_18-01_32_15--openvla_oft--episode=75--success=True--task=pick_up_the_black_bowl_on_the_stove_and_place_it_o.mp4
09/18 [01:44:20] INFO     | >> Success: True              run_libero_eval.py:238
                 INFO     | >> # episodes completed so    run_libero_eval.py:238
                          far: 75                                               
                 INFO     | >> # successes: 70 (93.3%)    run_libero_eval.py:238

 50%|█████     | 5/10 [00:47<00:48,  9.65s/it][A                 INFO     | >>                            run_libero_eval.py:238
                          Task: pick up the black bowl on                       
                          the stove and place it on the                         
                          plate                                                 
                 INFO     | >> Starting episode 6...      run_libero_eval.py:238
                 INFO     | >> EPISODE_MANIFEST           run_libero_eval.py:238
                          {"env_seed": 2791997501,                              
                          "init_state_dtype": "float64",                        
                          "init_state_index": 35,                               
                          "init_state_sha256":                                  
                          "34aa218b2adf0d8a60e6ebca53ffb5                       
                          97b820c35a576587de2c428123d42e8                       
                          2a3", "init_state_shape": [92],                       
                          "model_seed": 1253233029,                             
                          "protocol": "paired",                                 
                          "task_id": 7}                                         
huggingface/tokenizers: The current process just got forked, after parallelism has already been used. Disabling parallelism to avoid deadlocks...
To disable this warning, you can either:
	- Avoid using `tokenizers` before the fork if possible
	- Explicitly set the environment variable TOKENIZERS_PARALLELISM=(true | false)
Saved rollout MP4 at path ./rollouts/2026_09_18/2026_09_18-01_32_15--openvla_oft--episode=76--success=True--task=pick_up_the_black_bowl_on_the_stove_and_place_it_o.mp4
09/18 [01:44:29] INFO     | >> Success: True              run_libero_eval.py:238
                 INFO     | >> # episodes completed so    run_libero_eval.py:238
                          far: 76                                               
                 INFO     | >> # successes: 71 (93.4%)    run_libero_eval.py:238

 60%|██████    | 6/10 [00:56<00:37,  9.47s/it][A                 INFO     | >>                            run_libero_eval.py:238
                          Task: pick up the black bowl on                       
                          the stove and place it on the                         
                          plate                                                 
                 INFO     | >> Starting episode 7...      run_libero_eval.py:238
                 INFO     | >> EPISODE_MANIFEST           run_libero_eval.py:238
                          {"env_seed": 3565711174,                              
                          "init_state_dtype": "float64",                        
                          "init_state_index": 36,                               
                          "init_state_sha256":                                  
                          "fa3ae3e218e050b022bf87a1fecaa1                       
                          d5ac408ac8a8a4180a214e2fe827950                       
                          270", "init_state_shape": [92],                       
                          "model_seed": 2136814328,                             
                          "protocol": "paired",                                 
                          "task_id": 7}                                         
huggingface/tokenizers: The current process just got forked, after parallelism has already been used. Disabling parallelism to avoid deadlocks...
To disable this warning, you can either:
	- Avoid using `tokenizers` before the fork if possible
	- Explicitly set the environment variable TOKENIZERS_PARALLELISM=(true | false)
Saved rollout MP4 at path ./rollouts/2026_09_18/2026_09_18-01_32_15--openvla_oft--episode=77--success=False--task=pick_up_the_black_bowl_on_the_stove_and_place_it_o.mp4
09/18 [01:44:44] INFO     | >> Success: False             run_libero_eval.py:238
                 INFO     | >> # episodes completed so    run_libero_eval.py:238
                          far: 77                                               
                 INFO     | >> # successes: 71 (92.2%)    run_libero_eval.py:238

 70%|███████   | 7/10 [01:11<00:33, 11.30s/it][A                 INFO     | >>                            run_libero_eval.py:238
                          Task: pick up the black bowl on                       
                          the stove and place it on the                         
                          plate                                                 
                 INFO     | >> Starting episode 8...      run_libero_eval.py:238
                 INFO     | >> EPISODE_MANIFEST           run_libero_eval.py:238
                          {"env_seed": 2448151958,                              
                          "init_state_dtype": "float64",                        
                          "init_state_index": 37,                               
                          "init_state_sha256":                                  
                          "30df6afe03bc0610bde2e7782f44c5                       
                          4d70f1df2791aa3bd0a50135121a455                       
                          ea3", "init_state_shape": [92],                       
                          "model_seed": 3777427635,                             
                          "protocol": "paired",                                 
                          "task_id": 7}                                         
huggingface/tokenizers: The current process just got forked, after parallelism has already been used. Disabling parallelism to avoid deadlocks...
To disable this warning, you can either:
	- Avoid using `tokenizers` before the fork if possible
	- Explicitly set the environment variable TOKENIZERS_PARALLELISM=(true | false)
Saved rollout MP4 at path ./rollouts/2026_09_18/2026_09_18-01_32_15--openvla_oft--episode=78--success=True--task=pick_up_the_black_bowl_on_the_stove_and_place_it_o.mp4
09/18 [01:44:54] INFO     | >> Success: True              run_libero_eval.py:238
                 INFO     | >> # episodes completed so    run_libero_eval.py:238
                          far: 78                                               
                 INFO     | >> # successes: 72 (92.3%)    run_libero_eval.py:238

 80%|████████  | 8/10 [01:21<00:21, 10.86s/it][A                 INFO     | >>                            run_libero_eval.py:238
                          Task: pick up the black bowl on                       
                          the stove and place it on the                         
                          plate                                                 
                 INFO     | >> Starting episode 9...      run_libero_eval.py:238
                 INFO     | >> EPISODE_MANIFEST           run_libero_eval.py:238
                          {"env_seed": 3527935534,                              
                          "init_state_dtype": "float64",                        
                          "init_state_index": 38,                               
                          "init_state_sha256":                                  
                          "a15fdabeda6cc7f3e7e821fa080c81                       
                          7cb7b8cf2c277076647c27833a80e4c                       
                          160", "init_state_shape": [92],                       
                          "model_seed": 2092767160,                             
                          "protocol": "paired",                                 
                          "task_id": 7}                                         
huggingface/tokenizers: The current process just got forked, after parallelism has already been used. Disabling parallelism to avoid deadlocks...
To disable this warning, you can either:
	- Avoid using `tokenizers` before the fork if possible
	- Explicitly set the environment variable TOKENIZERS_PARALLELISM=(true | false)
Saved rollout MP4 at path ./rollouts/2026_09_18/2026_09_18-01_32_15--openvla_oft--episode=79--success=True--task=pick_up_the_black_bowl_on_the_stove_and_place_it_o.mp4
09/18 [01:45:04] INFO     | >> Success: True              run_libero_eval.py:238
                 INFO     | >> # episodes completed so    run_libero_eval.py:238
                          far: 79                                               
                 INFO     | >> # successes: 73 (92.4%)    run_libero_eval.py:238

 90%|█████████ | 9/10 [01:31<00:10, 10.56s/it][A                 INFO     | >>                            run_libero_eval.py:238
                          Task: pick up the black bowl on                       
                          the stove and place it on the                         
                          plate                                                 
                 INFO     | >> Starting episode 10...     run_libero_eval.py:238
                 INFO     | >> EPISODE_MANIFEST           run_libero_eval.py:238
                          {"env_seed": 2209565770,                              
                          "init_state_dtype": "float64",                        
                          "init_state_index": 39,                               
                          "init_state_sha256":                                  
                          "bb4cfacf5861790ae5fc6adf4e5483                       
                          edafa33d92881121b89a63aacaca15d                       
                          96e", "init_state_shape": [92],                       
                          "model_seed": 1781799578,                             
                          "protocol": "paired",                                 
                          "task_id": 7}                                         
huggingface/tokenizers: The current process just got forked, after parallelism has already been used. Disabling parallelism to avoid deadlocks...
To disable this warning, you can either:
	- Avoid using `tokenizers` before the fork if possible
	- Explicitly set the environment variable TOKENIZERS_PARALLELISM=(true | false)
Saved rollout MP4 at path ./rollouts/2026_09_18/2026_09_18-01_32_15--openvla_oft--episode=80--success=True--task=pick_up_the_black_bowl_on_the_stove_and_place_it_o.mp4
09/18 [01:45:13] INFO     | >> Success: True              run_libero_eval.py:238
                 INFO     | >> # episodes completed so    run_libero_eval.py:238
                          far: 80                                               
                 INFO     | >> # successes: 74 (92.5%)    run_libero_eval.py:238

100%|██████████| 10/10 [01:40<00:00, 10.14s/it][A100%|██████████| 10/10 [01:40<00:00, 10.08s/it]
                 INFO     | >> Current task success rate: run_libero_eval.py:238
                          0.9                                                   
                 INFO     | >> Current total success      run_libero_eval.py:238
                          rate: 0.925                                           
 80%|████████  | 8/10 [12:35<03:15, 97.50s/it]                 INFO     | >> Using default initial      run_libero_eval.py:238
                          states                                                

  0%|          | 0/10 [00:00<?, ?it/s][A09/18 [01:45:17] INFO     | >>                            run_libero_eval.py:238
                          Task: pick up the black bowl                          
                          next to the plate and place it                        
                          on the plate                                          
                 INFO     | >> Starting episode 1...      run_libero_eval.py:238
                 INFO     | >> EPISODE_MANIFEST           run_libero_eval.py:238
                          {"env_seed": 832645811,                               
                          "init_state_dtype": "float64",                        
                          "init_state_index": 30,                               
                          "init_state_sha256":                                  
                          "69f3c2ff71929c95b05c8a0b1c34f1                       
                          60ee4658e562d2efc70380f468cb4ee                       
                          73e", "init_state_shape": [92],                       
                          "model_seed": 2661172173,                             
                          "protocol": "paired",                                 
                          "task_id": 8}                                         
huggingface/tokenizers: The current process just got forked, after parallelism has already been used. Disabling parallelism to avoid deadlocks...
To disable this warning, you can either:
	- Avoid using `tokenizers` before the fork if possible
	- Explicitly set the environment variable TOKENIZERS_PARALLELISM=(true | false)
Saved rollout MP4 at path ./rollouts/2026_09_18/2026_09_18-01_32_15--openvla_oft--episode=81--success=True--task=pick_up_the_black_bowl_next_to_the_plate_and_place.mp4
09/18 [01:45:25] INFO     | >> Success: True              run_libero_eval.py:238
                 INFO     | >> # episodes completed so    run_libero_eval.py:238
                          far: 81                                               
                 INFO     | >> # successes: 75 (92.6%)    run_libero_eval.py:238

 10%|█         | 1/10 [00:08<01:15,  8.34s/it][A                 INFO     | >>                            run_libero_eval.py:238
                          Task: pick up the black bowl                          
                          next to the plate and place it                        
                          on the plate                                          
                 INFO     | >> Starting episode 2...      run_libero_eval.py:238
                 INFO     | >> EPISODE_MANIFEST           run_libero_eval.py:238
                          {"env_seed": 2824990749,                              
                          "init_state_dtype": "float64",                        
                          "init_state_index": 31,                               
                          "init_state_sha256":                                  
                          "6c1626b5e168565c0f5d999e66e5fa                       
                          e66c8a2ded61c17031e6b49fa63f47c                       
                          1c9", "init_state_shape": [92],                       
                          "model_seed": 1046144879,                             
                          "protocol": "paired",                                 
                          "task_id": 8}                                         
huggingface/tokenizers: The current process just got forked, after parallelism has already been used. Disabling parallelism to avoid deadlocks...
To disable this warning, you can either:
	- Avoid using `tokenizers` before the fork if possible
	- Explicitly set the environment variable TOKENIZERS_PARALLELISM=(true | false)
Saved rollout MP4 at path ./rollouts/2026_09_18/2026_09_18-01_32_15--openvla_oft--episode=82--success=True--task=pick_up_the_black_bowl_next_to_the_plate_and_place.mp4
09/18 [01:45:33] INFO     | >> Success: True              run_libero_eval.py:238
                 INFO     | >> # episodes completed so    run_libero_eval.py:238
                          far: 82                                               
                 INFO     | >> # successes: 76 (92.7%)    run_libero_eval.py:238

 20%|██        | 2/10 [00:16<01:06,  8.29s/it][A                 INFO     | >>                            run_libero_eval.py:238
                          Task: pick up the black bowl                          
                          next to the plate and place it                        
                          on the plate                                          
                 INFO     | >> Starting episode 3...      run_libero_eval.py:238
                 INFO     | >> EPISODE_MANIFEST           run_libero_eval.py:238
                          {"env_seed": 3882477947,                              
                          "init_state_dtype": "float64",                        
                          "init_state_index": 32,                               
                          "init_state_sha256":                                  
                          "834df855735fd4eaa87c11c8f5899f                       
                          9dfc795a74bcefc8f6c1bb1411a05fa                       
                          8c9", "init_state_shape": [92],                       
                          "model_seed": 1812310846,                             
                          "protocol": "paired",                                 
                          "task_id": 8}                                         
huggingface/tokenizers: The current process just got forked, after parallelism has already been used. Disabling parallelism to avoid deadlocks...
To disable this warning, you can either:
	- Avoid using `tokenizers` before the fork if possible
	- Explicitly set the environment variable TOKENIZERS_PARALLELISM=(true | false)
Saved rollout MP4 at path ./rollouts/2026_09_18/2026_09_18-01_32_15--openvla_oft--episode=83--success=True--task=pick_up_the_black_bowl_next_to_the_plate_and_place.mp4
09/18 [01:45:41] INFO     | >> Success: True              run_libero_eval.py:238
                 INFO     | >> # episodes completed so    run_libero_eval.py:238
                          far: 83                                               
                 INFO     | >> # successes: 77 (92.8%)    run_libero_eval.py:238

 30%|███       | 3/10 [00:24<00:56,  8.14s/it][A                 INFO     | >>                            run_libero_eval.py:238
                          Task: pick up the black bowl                          
                          next to the plate and place it                        
                          on the plate                                          
                 INFO     | >> Starting episode 4...      run_libero_eval.py:238
                 INFO     | >> EPISODE_MANIFEST           run_libero_eval.py:238
                          {"env_seed": 2568509942,                              
                          "init_state_dtype": "float64",                        
                          "init_state_index": 33,                               
                          "init_state_sha256":                                  
                          "6a2b2180b68de784a078cef544e82c                       
                          e974744d1b54867a918e8b06e5777d1                       
                          829", "init_state_shape": [92],                       
                          "model_seed": 1688937136,                             
                          "protocol": "paired",                                 
                          "task_id": 8}                                         
huggingface/tokenizers: The current process just got forked, after parallelism has already been used. Disabling parallelism to avoid deadlocks...
To disable this warning, you can either:
	- Avoid using `tokenizers` before the fork if possible
	- Explicitly set the environment variable TOKENIZERS_PARALLELISM=(true | false)
Saved rollout MP4 at path ./rollouts/2026_09_18/2026_09_18-01_32_15--openvla_oft--episode=84--success=True--task=pick_up_the_black_bowl_next_to_the_plate_and_place.mp4
09/18 [01:45:49] INFO     | >> Success: True              run_libero_eval.py:238
                 INFO     | >> # episodes completed so    run_libero_eval.py:238
                          far: 84                                               
                 INFO     | >> # successes: 78 (92.9%)    run_libero_eval.py:238

 40%|████      | 4/10 [00:32<00:48,  8.12s/it][A                 INFO     | >>                            run_libero_eval.py:238
                          Task: pick up the black bowl                          
                          next to the plate and place it                        
                          on the plate                                          
                 INFO     | >> Starting episode 5...      run_libero_eval.py:238
                 INFO     | >> EPISODE_MANIFEST           run_libero_eval.py:238
                          {"env_seed": 1191567904,                              
                          "init_state_dtype": "float64",                        
                          "init_state_index": 34,                               
                          "init_state_sha256":                                  
                          "0c3e9ed985b376b83b939b8b84d73a                       
                          9ca8de8090e325bc44204bb11cccb99                       
                          ba3", "init_state_shape": [92],                       
                          "model_seed": 979892435,                              
                          "protocol": "paired",                                 
                          "task_id": 8}                                         
huggingface/tokenizers: The current process just got forked, after parallelism has already been used. Disabling parallelism to avoid deadlocks...
To disable this warning, you can either:
	- Avoid using `tokenizers` before the fork if possible
	- Explicitly set the environment variable TOKENIZERS_PARALLELISM=(true | false)
Saved rollout MP4 at path ./rollouts/2026_09_18/2026_09_18-01_32_15--openvla_oft--episode=85--success=True--task=pick_up_the_black_bowl_next_to_the_plate_and_place.mp4
09/18 [01:45:57] INFO     | >> Success: True              run_libero_eval.py:238
                 INFO     | >> # episodes completed so    run_libero_eval.py:238
                          far: 85                                               
                 INFO     | >> # successes: 79 (92.9%)    run_libero_eval.py:238

 50%|█████     | 5/10 [00:40<00:39,  7.96s/it][A                 INFO     | >>                            run_libero_eval.py:238
                          Task: pick up the black bowl                          
                          next to the plate and place it                        
                          on the plate                                          
                 INFO     | >> Starting episode 6...      run_libero_eval.py:238
                 INFO     | >> EPISODE_MANIFEST           run_libero_eval.py:238
                          {"env_seed": 3195116118,                              
                          "init_state_dtype": "float64",                        
                          "init_state_index": 35,                               
                          "init_state_sha256":                                  
                          "ce27ff3ffcffaa1d8c82a5e16bb8a3                       
                          31efc6ad494cdb2c55f716988a3786e                       
                          2e6", "init_state_shape": [92],                       
                          "model_seed": 4107914936,                             
                          "protocol": "paired",                                 
                          "task_id": 8}                                         
huggingface/tokenizers: The current process just got forked, after parallelism has already been used. Disabling parallelism to avoid deadlocks...
To disable this warning, you can either:
	- Avoid using `tokenizers` before the fork if possible
	- Explicitly set the environment variable TOKENIZERS_PARALLELISM=(true | false)
Saved rollout MP4 at path ./rollouts/2026_09_18/2026_09_18-01_32_15--openvla_oft--episode=86--success=True--task=pick_up_the_black_bowl_next_to_the_plate_and_place.mp4
09/18 [01:46:05] INFO     | >> Success: True              run_libero_eval.py:238
                 INFO     | >> # episodes completed so    run_libero_eval.py:238
                          far: 86                                               
                 INFO     | >> # successes: 80 (93.0%)    run_libero_eval.py:238

 60%|██████    | 6/10 [00:48<00:32,  8.02s/it][A                 INFO     | >>                            run_libero_eval.py:238
                          Task: pick up the black bowl                          
                          next to the plate and place it                        
                          on the plate                                          
                 INFO     | >> Starting episode 7...      run_libero_eval.py:238
                 INFO     | >> EPISODE_MANIFEST           run_libero_eval.py:238
                          {"env_seed": 1819013531,                              
                          "init_state_dtype": "float64",                        
                          "init_state_index": 36,                               
                          "init_state_sha256":                                  
                          "e791e850b22a3795f8ec7df396c23d                       
                          b29e6bc087d320adfc114266dfb2edd                       
                          d98", "init_state_shape": [92],                       
                          "model_seed": 3904961676,                             
                          "protocol": "paired",                                 
                          "task_id": 8}                                         
huggingface/tokenizers: The current process just got forked, after parallelism has already been used. Disabling parallelism to avoid deadlocks...
To disable this warning, you can either:
	- Avoid using `tokenizers` before the fork if possible
	- Explicitly set the environment variable TOKENIZERS_PARALLELISM=(true | false)
Saved rollout MP4 at path ./rollouts/2026_09_18/2026_09_18-01_32_15--openvla_oft--episode=87--success=True--task=pick_up_the_black_bowl_next_to_the_plate_and_place.mp4
09/18 [01:46:13] INFO     | >> Success: True              run_libero_eval.py:238
                 INFO     | >> # episodes completed so    run_libero_eval.py:238
                          far: 87                                               
                 INFO     | >> # successes: 81 (93.1%)    run_libero_eval.py:238

 70%|███████   | 7/10 [00:56<00:24,  8.03s/it][A                 INFO     | >>                            run_libero_eval.py:238
                          Task: pick up the black bowl                          
                          next to the plate and place it                        
                          on the plate                                          
                 INFO     | >> Starting episode 8...      run_libero_eval.py:238
                 INFO     | >> EPISODE_MANIFEST           run_libero_eval.py:238
                          {"env_seed": 2075211334,                              
                          "init_state_dtype": "float64",                        
                          "init_state_index": 37,                               
                          "init_state_sha256":                                  
                          "4f179c57d4c901ff1f82c730357d82                       
                          75d68dc9207f36e84339850ac259ec8                       
                          cdb", "init_state_shape": [92],                       
                          "model_seed": 1757586818,                             
                          "protocol": "paired",                                 
                          "task_id": 8}                                         
huggingface/tokenizers: The current process just got forked, after parallelism has already been used. Disabling parallelism to avoid deadlocks...
To disable this warning, you can either:
	- Avoid using `tokenizers` before the fork if possible
	- Explicitly set the environment variable TOKENIZERS_PARALLELISM=(true | false)
Saved rollout MP4 at path ./rollouts/2026_09_18/2026_09_18-01_32_15--openvla_oft--episode=88--success=True--task=pick_up_the_black_bowl_next_to_the_plate_and_place.mp4
09/18 [01:46:21] INFO     | >> Success: True              run_libero_eval.py:238
                 INFO     | >> # episodes completed so    run_libero_eval.py:238
                          far: 88                                               
                 INFO     | >> # successes: 82 (93.2%)    run_libero_eval.py:238

 80%|████████  | 8/10 [01:04<00:16,  8.01s/it][A                 INFO     | >>                            run_libero_eval.py:238
                          Task: pick up the black bowl                          
                          next to the plate and place it                        
                          on the plate                                          
                 INFO     | >> Starting episode 9...      run_libero_eval.py:238
                 INFO     | >> EPISODE_MANIFEST           run_libero_eval.py:238
                          {"env_seed": 736765337,                               
                          "init_state_dtype": "float64",                        
                          "init_state_index": 38,                               
                          "init_state_sha256":                                  
                          "c4c6435abb9f0388e51f13ec26c8cf                       
                          51b267cfd917d73892f2e6a8a800691                       
                          03c", "init_state_shape": [92],                       
                          "model_seed": 3888338479,                             
                          "protocol": "paired",                                 
                          "task_id": 8}                                         
huggingface/tokenizers: The current process just got forked, after parallelism has already been used. Disabling parallelism to avoid deadlocks...
To disable this warning, you can either:
	- Avoid using `tokenizers` before the fork if possible
	- Explicitly set the environment variable TOKENIZERS_PARALLELISM=(true | false)
Saved rollout MP4 at path ./rollouts/2026_09_18/2026_09_18-01_32_15--openvla_oft--episode=89--success=True--task=pick_up_the_black_bowl_next_to_the_plate_and_place.mp4
09/18 [01:46:29] INFO     | >> Success: True              run_libero_eval.py:238
                 INFO     | >> # episodes completed so    run_libero_eval.py:238
                          far: 89                                               
                 INFO     | >> # successes: 83 (93.3%)    run_libero_eval.py:238

 90%|█████████ | 9/10 [01:12<00:08,  8.13s/it][A                 INFO     | >>                            run_libero_eval.py:238
                          Task: pick up the black bowl                          
                          next to the plate and place it                        
                          on the plate                                          
                 INFO     | >> Starting episode 10...     run_libero_eval.py:238
                 INFO     | >> EPISODE_MANIFEST           run_libero_eval.py:238
                          {"env_seed": 3711919986,                              
                          "init_state_dtype": "float64",                        
                          "init_state_index": 39,                               
                          "init_state_sha256":                                  
                          "5a3d2e588c3ffc469e190972bc56a5                       
                          9d6733f399d0a3e16a8166a7f0b0718                       
                          f0a", "init_state_shape": [92],                       
                          "model_seed": 363159328,                              
                          "protocol": "paired",                                 
                          "task_id": 8}                                         
huggingface/tokenizers: The current process just got forked, after parallelism has already been used. Disabling parallelism to avoid deadlocks...
To disable this warning, you can either:
	- Avoid using `tokenizers` before the fork if possible
	- Explicitly set the environment variable TOKENIZERS_PARALLELISM=(true | false)
Saved rollout MP4 at path ./rollouts/2026_09_18/2026_09_18-01_32_15--openvla_oft--episode=90--success=True--task=pick_up_the_black_bowl_next_to_the_plate_and_place.mp4
09/18 [01:46:38] INFO     | >> Success: True              run_libero_eval.py:238
                 INFO     | >> # episodes completed so    run_libero_eval.py:238
                          far: 90                                               
                 INFO     | >> # successes: 84 (93.3%)    run_libero_eval.py:238

100%|██████████| 10/10 [01:21<00:00,  8.22s/it][A100%|██████████| 10/10 [01:21<00:00,  8.13s/it]
                 INFO     | >> Current task success rate: run_libero_eval.py:238
                          1.0                                                   
                 INFO     | >> Current total success      run_libero_eval.py:238
                          rate: 0.9333333333333333                              
 90%|█████████ | 9/10 [13:59<01:33, 93.47s/it]                 INFO     | >> Using default initial      run_libero_eval.py:238
                          states                                                

  0%|          | 0/10 [00:00<?, ?it/s][A09/18 [01:46:41] INFO     | >>                            run_libero_eval.py:238
                          Task: pick up the black bowl on                       
                          the wooden cabinet and place it                       
                          on the plate                                          
                 INFO     | >> Starting episode 1...      run_libero_eval.py:238
                 INFO     | >> EPISODE_MANIFEST           run_libero_eval.py:238
                          {"env_seed": 3219327983,                              
                          "init_state_dtype": "float64",                        
                          "init_state_index": 30,                               
                          "init_state_sha256":                                  
                          "b355b821bd2820810eaefbcd9be254                       
                          a4673e6bd73904d716e05c635e46756                       
                          14c", "init_state_shape": [92],                       
                          "model_seed": 3958497019,                             
                          "protocol": "paired",                                 
                          "task_id": 9}                                         
huggingface/tokenizers: The current process just got forked, after parallelism has already been used. Disabling parallelism to avoid deadlocks...
To disable this warning, you can either:
	- Avoid using `tokenizers` before the fork if possible
	- Explicitly set the environment variable TOKENIZERS_PARALLELISM=(true | false)
Saved rollout MP4 at path ./rollouts/2026_09_18/2026_09_18-01_32_15--openvla_oft--episode=91--success=True--task=pick_up_the_black_bowl_on_the_wooden_cabinet_and_p.mp4
09/18 [01:46:51] INFO     | >> Success: True              run_libero_eval.py:238
                 INFO     | >> # episodes completed so    run_libero_eval.py:238
                          far: 91                                               
                 INFO     | >> # successes: 85 (93.4%)    run_libero_eval.py:238

 10%|█         | 1/10 [00:09<01:27,  9.74s/it][A                 INFO     | >>                            run_libero_eval.py:238
                          Task: pick up the black bowl on                       
                          the wooden cabinet and place it                       
                          on the plate                                          
                 INFO     | >> Starting episode 2...      run_libero_eval.py:238
                 INFO     | >> EPISODE_MANIFEST           run_libero_eval.py:238
                          {"env_seed": 1175233681,                              
                          "init_state_dtype": "float64",                        
                          "init_state_index": 31,                               
                          "init_state_sha256":                                  
                          "64496d1b371573196c4ff47fe95115                       
                          94f26be263c9bb9a1de435f3fcd6741                       
                          9c2", "init_state_shape": [92],                       
                          "model_seed": 3759713427,                             
                          "protocol": "paired",                                 
                          "task_id": 9}                                         
huggingface/tokenizers: The current process just got forked, after parallelism has already been used. Disabling parallelism to avoid deadlocks...
To disable this warning, you can either:
	- Avoid using `tokenizers` before the fork if possible
	- Explicitly set the environment variable TOKENIZERS_PARALLELISM=(true | false)
Saved rollout MP4 at path ./rollouts/2026_09_18/2026_09_18-01_32_15--openvla_oft--episode=92--success=True--task=pick_up_the_black_bowl_on_the_wooden_cabinet_and_p.mp4
09/18 [01:47:00] INFO     | >> Success: True              run_libero_eval.py:238
                 INFO     | >> # episodes completed so    run_libero_eval.py:238
                          far: 92                                               
                 INFO     | >> # successes: 86 (93.5%)    run_libero_eval.py:238

 20%|██        | 2/10 [00:19<01:17,  9.66s/it][A                 INFO     | >>                            run_libero_eval.py:238
                          Task: pick up the black bowl on                       
                          the wooden cabinet and place it                       
                          on the plate                                          
                 INFO     | >> Starting episode 3...      run_libero_eval.py:238
                 INFO     | >> EPISODE_MANIFEST           run_libero_eval.py:238
                          {"env_seed": 1586970223,                              
                          "init_state_dtype": "float64",                        
                          "init_state_index": 32,                               
                          "init_state_sha256":                                  
                          "b9c27568a6cda670f94c9baafe8edc                       
                          96c57eb95a72fabd80919f6303e5bd9                       
                          c37", "init_state_shape": [92],                       
                          "model_seed": 136419749,                              
                          "protocol": "paired",                                 
                          "task_id": 9}                                         
huggingface/tokenizers: The current process just got forked, after parallelism has already been used. Disabling parallelism to avoid deadlocks...
To disable this warning, you can either:
	- Avoid using `tokenizers` before the fork if possible
	- Explicitly set the environment variable TOKENIZERS_PARALLELISM=(true | false)
Saved rollout MP4 at path ./rollouts/2026_09_18/2026_09_18-01_32_15--openvla_oft--episode=93--success=True--task=pick_up_the_black_bowl_on_the_wooden_cabinet_and_p.mp4
09/18 [01:47:10] INFO     | >> Success: True              run_libero_eval.py:238
                 INFO     | >> # episodes completed so    run_libero_eval.py:238
                          far: 93                                               
                 INFO     | >> # successes: 87 (93.5%)    run_libero_eval.py:238

 30%|███       | 3/10 [00:29<01:07,  9.66s/it][A                 INFO     | >>                            run_libero_eval.py:238
                          Task: pick up the black bowl on                       
                          the wooden cabinet and place it                       
                          on the plate                                          
                 INFO     | >> Starting episode 4...      run_libero_eval.py:238
                 INFO     | >> EPISODE_MANIFEST           run_libero_eval.py:238
                          {"env_seed": 206231557,                               
                          "init_state_dtype": "float64",                        
                          "init_state_index": 33,                               
                          "init_state_sha256":                                  
                          "f983471e8db60ffd0669f4f86089ee                       
                          5cf4bf24287d471b6a9c7f05da81477                       
                          d1f", "init_state_shape": [92],                       
                          "model_seed": 3121327144,                             
                          "protocol": "paired",                                 
                          "task_id": 9}                                         
huggingface/tokenizers: The current process just got forked, after parallelism has already been used. Disabling parallelism to avoid deadlocks...
To disable this warning, you can either:
	- Avoid using `tokenizers` before the fork if possible
	- Explicitly set the environment variable TOKENIZERS_PARALLELISM=(true | false)
Saved rollout MP4 at path ./rollouts/2026_09_18/2026_09_18-01_32_15--openvla_oft--episode=94--success=True--task=pick_up_the_black_bowl_on_the_wooden_cabinet_and_p.mp4
09/18 [01:47:20] INFO     | >> Success: True              run_libero_eval.py:238
                 INFO     | >> # episodes completed so    run_libero_eval.py:238
                          far: 94                                               
                 INFO     | >> # successes: 88 (93.6%)    run_libero_eval.py:238

 40%|████      | 4/10 [00:38<00:57,  9.60s/it][A                 INFO     | >>                            run_libero_eval.py:238
                          Task: pick up the black bowl on                       
                          the wooden cabinet and place it                       
                          on the plate                                          
                 INFO     | >> Starting episode 5...      run_libero_eval.py:238
                 INFO     | >> EPISODE_MANIFEST           run_libero_eval.py:238
                          {"env_seed": 3497825711,                              
                          "init_state_dtype": "float64",                        
                          "init_state_index": 34,                               
                          "init_state_sha256":                                  
                          "ece4fbd9a0f3d3b302617ca973866b                       
                          f91f065b04eed243b655337230b84e6                       
                          033", "init_state_shape": [92],                       
                          "model_seed": 1550284034,                             
                          "protocol": "paired",                                 
                          "task_id": 9}                                         
huggingface/tokenizers: The current process just got forked, after parallelism has already been used. Disabling parallelism to avoid deadlocks...
To disable this warning, you can either:
	- Avoid using `tokenizers` before the fork if possible
	- Explicitly set the environment variable TOKENIZERS_PARALLELISM=(true | false)
Saved rollout MP4 at path ./rollouts/2026_09_18/2026_09_18-01_32_15--openvla_oft--episode=95--success=True--task=pick_up_the_black_bowl_on_the_wooden_cabinet_and_p.mp4
09/18 [01:47:29] INFO     | >> Success: True              run_libero_eval.py:238
                 INFO     | >> # episodes completed so    run_libero_eval.py:238
                          far: 95                                               
                 INFO     | >> # successes: 89 (93.7%)    run_libero_eval.py:238

 50%|█████     | 5/10 [00:47<00:47,  9.54s/it][A                 INFO     | >>                            run_libero_eval.py:238
                          Task: pick up the black bowl on                       
                          the wooden cabinet and place it                       
                          on the plate                                          
                 INFO     | >> Starting episode 6...      run_libero_eval.py:238
                 INFO     | >> EPISODE_MANIFEST           run_libero_eval.py:238
                          {"env_seed": 1273408481,                              
                          "init_state_dtype": "float64",                        
                          "init_state_index": 35,                               
                          "init_state_sha256":                                  
                          "6ca029ce574ce3ebfb81bf3d6836ff                       
                          c6b536a3763b0ee2eea9102efb14ae7                       
                          d71", "init_state_shape": [92],                       
                          "model_seed": 1179271778,                             
                          "protocol": "paired",                                 
                          "task_id": 9}                                         
huggingface/tokenizers: The current process just got forked, after parallelism has already been used. Disabling parallelism to avoid deadlocks...
To disable this warning, you can either:
	- Avoid using `tokenizers` before the fork if possible
	- Explicitly set the environment variable TOKENIZERS_PARALLELISM=(true | false)
Saved rollout MP4 at path ./rollouts/2026_09_18/2026_09_18-01_32_15--openvla_oft--episode=96--success=True--task=pick_up_the_black_bowl_on_the_wooden_cabinet_and_p.mp4
09/18 [01:47:39] INFO     | >> Success: True              run_libero_eval.py:238
                 INFO     | >> # episodes completed so    run_libero_eval.py:238
                          far: 96                                               
                 INFO     | >> # successes: 90 (93.8%)    run_libero_eval.py:238

 60%|██████    | 6/10 [00:57<00:38,  9.62s/it][A                 INFO     | >>                            run_libero_eval.py:238
                          Task: pick up the black bowl on                       
                          the wooden cabinet and place it                       
                          on the plate                                          
                 INFO     | >> Starting episode 7...      run_libero_eval.py:238
                 INFO     | >> EPISODE_MANIFEST           run_libero_eval.py:238
                          {"env_seed": 3202690308,                              
                          "init_state_dtype": "float64",                        
                          "init_state_index": 36,                               
                          "init_state_sha256":                                  
                          "0a443b426f850862531c356933ea63                       
                          d95fad70adf8318932beec5f25f35f4                       
                          7f9", "init_state_shape": [92],                       
                          "model_seed": 4089702134,                             
                          "protocol": "paired",                                 
                          "task_id": 9}                                         
huggingface/tokenizers: The current process just got forked, after parallelism has already been used. Disabling parallelism to avoid deadlocks...
To disable this warning, you can either:
	- Avoid using `tokenizers` before the fork if possible
	- Explicitly set the environment variable TOKENIZERS_PARALLELISM=(true | false)
Saved rollout MP4 at path ./rollouts/2026_09_18/2026_09_18-01_32_15--openvla_oft--episode=97--success=True--task=pick_up_the_black_bowl_on_the_wooden_cabinet_and_p.mp4
09/18 [01:47:49] INFO     | >> Success: True              run_libero_eval.py:238
                 INFO     | >> # episodes completed so    run_libero_eval.py:238
                          far: 97                                               
                 INFO     | >> # successes: 91 (93.8%)    run_libero_eval.py:238

 70%|███████   | 7/10 [01:07<00:29,  9.72s/it][A                 INFO     | >>                            run_libero_eval.py:238
                          Task: pick up the black bowl on                       
                          the wooden cabinet and place it                       
                          on the plate                                          
                 INFO     | >> Starting episode 8...      run_libero_eval.py:238
                 INFO     | >> EPISODE_MANIFEST           run_libero_eval.py:238
                          {"env_seed": 3479933682,                              
                          "init_state_dtype": "float64",                        
                          "init_state_index": 37,                               
                          "init_state_sha256":                                  
                          "9e65b5cb6f1dc64c8848a2eb214076                       
                          1be6a51f0ff4c7afc469e393da84f67                       
                          5ee", "init_state_shape": [92],                       
                          "model_seed": 1255449329,                             
                          "protocol": "paired",                                 
                          "task_id": 9}                                         
huggingface/tokenizers: The current process just got forked, after parallelism has already been used. Disabling parallelism to avoid deadlocks...
To disable this warning, you can either:
	- Avoid using `tokenizers` before the fork if possible
	- Explicitly set the environment variable TOKENIZERS_PARALLELISM=(true | false)
Saved rollout MP4 at path ./rollouts/2026_09_18/2026_09_18-01_32_15--openvla_oft--episode=98--success=True--task=pick_up_the_black_bowl_on_the_wooden_cabinet_and_p.mp4
09/18 [01:47:58] INFO     | >> Success: True              run_libero_eval.py:238
                 INFO     | >> # episodes completed so    run_libero_eval.py:238
                          far: 98                                               
                 INFO     | >> # successes: 92 (93.9%)    run_libero_eval.py:238

 80%|████████  | 8/10 [01:17<00:19,  9.72s/it][A                 INFO     | >>                            run_libero_eval.py:238
                          Task: pick up the black bowl on                       
                          the wooden cabinet and place it                       
                          on the plate                                          
                 INFO     | >> Starting episode 9...      run_libero_eval.py:238
                 INFO     | >> EPISODE_MANIFEST           run_libero_eval.py:238
                          {"env_seed": 313545393,                               
                          "init_state_dtype": "float64",                        
                          "init_state_index": 38,                               
                          "init_state_sha256":                                  
                          "61f09e621f6e633579ffb27eaab5d4                       
                          56e415515ad97e29878032e37239e2d                       
                          7b1", "init_state_shape": [92],                       
                          "model_seed": 3621537563,                             
                          "protocol": "paired",                                 
                          "task_id": 9}                                         
huggingface/tokenizers: The current process just got forked, after parallelism has already been used. Disabling parallelism to avoid deadlocks...
To disable this warning, you can either:
	- Avoid using `tokenizers` before the fork if possible
	- Explicitly set the environment variable TOKENIZERS_PARALLELISM=(true | false)
Saved rollout MP4 at path ./rollouts/2026_09_18/2026_09_18-01_32_15--openvla_oft--episode=99--success=True--task=pick_up_the_black_bowl_on_the_wooden_cabinet_and_p.mp4
09/18 [01:48:08] INFO     | >> Success: True              run_libero_eval.py:238
                 INFO     | >> # episodes completed so    run_libero_eval.py:238
                          far: 99                                               
                 INFO     | >> # successes: 93 (93.9%)    run_libero_eval.py:238

 90%|█████████ | 9/10 [01:27<00:09,  9.76s/it][A                 INFO     | >>                            run_libero_eval.py:238
                          Task: pick up the black bowl on                       
                          the wooden cabinet and place it                       
                          on the plate                                          
                 INFO     | >> Starting episode 10...     run_libero_eval.py:238
                 INFO     | >> EPISODE_MANIFEST           run_libero_eval.py:238
                          {"env_seed": 450495140,                               
                          "init_state_dtype": "float64",                        
                          "init_state_index": 39,                               
                          "init_state_sha256":                                  
                          "05ade0d8e73b0502f182fe38054ef3                       
                          784c2b7f8be0e1eb46cc54509675202                       
                          e5e", "init_state_shape": [92],                       
                          "model_seed": 969432174,                              
                          "protocol": "paired",                                 
                          "task_id": 9}                                         
huggingface/tokenizers: The current process just got forked, after parallelism has already been used. Disabling parallelism to avoid deadlocks...
To disable this warning, you can either:
	- Avoid using `tokenizers` before the fork if possible
	- Explicitly set the environment variable TOKENIZERS_PARALLELISM=(true | false)
Saved rollout MP4 at path ./rollouts/2026_09_18/2026_09_18-01_32_15--openvla_oft--episode=100--success=True--task=pick_up_the_black_bowl_on_the_wooden_cabinet_and_p.mp4
09/18 [01:48:18] INFO     | >> Success: True              run_libero_eval.py:238
                 INFO     | >> # episodes completed so    run_libero_eval.py:238
                          far: 100                                              
                 INFO     | >> # successes: 94 (94.0%)    run_libero_eval.py:238

100%|██████████| 10/10 [01:36<00:00,  9.73s/it][A100%|██████████| 10/10 [01:36<00:00,  9.69s/it]
                 INFO     | >> Current task success rate: run_libero_eval.py:238
                          1.0                                                   
                 INFO     | >> Current total success      run_libero_eval.py:238
                          rate: 0.94                                            
100%|██████████| 10/10 [15:40<00:00, 95.54s/it]100%|██████████| 10/10 [15:40<00:00, 94.00s/it]
                 INFO     | >> Final results:             run_libero_eval.py:238
                 INFO     | >> Total episodes: 100        run_libero_eval.py:238
                 INFO     | >> Total successes: 94        run_libero_eval.py:238
                 INFO     | >> Overall success rate:      run_libero_eval.py:238
                          0.9400 (94.0%)                                        
