2026-09-24 12:40:11.728542: I tensorflow/core/util/port.cc:113] oneDNN custom operations are on. You may see slightly different numerical results due to floating-point round-off errors from different computation orders. To turn them off, set the environment variable `TF_ENABLE_ONEDNN_OPTS=0`.
2026-09-24 12:40:11.766224: E external/local_xla/xla/stream_executor/cuda/cuda_dnn.cc:9261] Unable to register cuDNN factory: Attempting to register factory for plugin cuDNN when one has already been registered
2026-09-24 12:40:11.766246: E external/local_xla/xla/stream_executor/cuda/cuda_fft.cc:607] Unable to register cuFFT factory: Attempting to register factory for plugin cuFFT when one has already been registered
2026-09-24 12:40:11.767444: E external/local_xla/xla/stream_executor/cuda/cuda_blas.cc:1515] Unable to register cuBLAS factory: Attempting to register factory for plugin cuBLAS when one has already been registered
2026-09-24 12:40:11.773490: I tensorflow/core/platform/cpu_feature_guard.cc:182] This TensorFlow binary is optimized to use available CPU instructions in performance-critical operations.
To enable the following instructions: AVX2 AVX512F AVX512_VNNI FMA, in other operations, rebuild TensorFlow with the appropriate compiler flags.
2026-09-24 12:40:12.615115: W tensorflow/compiler/tf2tensorrt/utils/py_utils.cc:38] TF-TRT Warning: Could not find TensorRT
[robosuite WARNING] No private macro file found! (__init__.py:7)
[robosuite WARNING] It is recommended to use a private macro file (__init__.py:8)
[robosuite WARNING] To setup, run: python /root/miniconda3/envs/qvla-oft/lib/python3.10/site-packages/robosuite/scripts/setup_macros.py (__init__.py:9)
Gym has been unmaintained since 2022 and does not support NumPy 2.0 amongst other critical functionality.
Please upgrade to Gymnasium, the maintained drop-in replacement of Gym, or contact the authors of your software and request that they upgrade.
Users of this version of Gym should be able to simply replace 'import gym' with 'import gymnasium as gym' in the vast majority of cases.
See the migration guide at https://gymnasium.farama.org/introduction/migration_guide/ for additional information.
Using LIBERO constants:
  NUM_ACTIONS_CHUNK = 8
  ACTION_DIM = 7
  PROPRIO_DIM = 8
  ACTION_PROPRIO_NORMALIZATION_TYPE = bounds_q99
If needed, manually set the correct constants in `prismatic/vla/constants.py`!
VILA is not installed. Multimodal features will not be available. To activate, please install VILA at https://github.com/NVlabs/VILA.
[official-quant] scope={"fused_vision": 105, "language": 224, "primary_vision": 93, "total": 422, "unexpected": 0, "vision": 198}
Loading checkpoint shards:   0%|          | 0/4 [00:00<?, ?it/s]Loading checkpoint shards:  25%|██▌       | 1/4 [00:00<00:00,  3.87it/s]Loading checkpoint shards:  50%|█████     | 2/4 [00:00<00:00,  4.52it/s]Loading checkpoint shards:  75%|███████▌  | 3/4 [00:00<00:00,  4.79it/s]Loading checkpoint shards: 100%|██████████| 4/4 [00:00<00:00,  5.02it/s]Loading checkpoint shards: 100%|██████████| 4/4 [00:00<00:00,  4.80it/s]
[official-awq] 1/422 language_model.model.layers.0.self_attn.q_proj
[official-awq] 2/422 language_model.model.layers.0.self_attn.k_proj
[official-awq] 3/422 language_model.model.layers.0.self_attn.v_proj
[official-awq] 4/422 language_model.model.layers.0.self_attn.o_proj
[official-awq] 5/422 language_model.model.layers.0.mlp.gate_proj
[official-awq] 6/422 language_model.model.layers.0.mlp.up_proj
[official-awq] 7/422 language_model.model.layers.0.mlp.down_proj
[official-awq] 8/422 language_model.model.layers.1.self_attn.q_proj
[official-awq] 9/422 language_model.model.layers.1.self_attn.k_proj
[official-awq] 10/422 language_model.model.layers.1.self_attn.v_proj
[official-awq] 11/422 language_model.model.layers.1.self_attn.o_proj
[official-awq] 12/422 language_model.model.layers.1.mlp.gate_proj
[official-awq] 13/422 language_model.model.layers.1.mlp.up_proj
[official-awq] 14/422 language_model.model.layers.1.mlp.down_proj
[official-awq] 15/422 language_model.model.layers.2.self_attn.q_proj
[official-awq] 16/422 language_model.model.layers.2.self_attn.k_proj
[official-awq] 17/422 language_model.model.layers.2.self_attn.v_proj
[official-awq] 18/422 language_model.model.layers.2.self_attn.o_proj
[official-awq] 19/422 language_model.model.layers.2.mlp.gate_proj
[official-awq] 20/422 language_model.model.layers.2.mlp.up_proj
[official-awq] 21/422 language_model.model.layers.2.mlp.down_proj
[official-awq] 22/422 language_model.model.layers.3.self_attn.q_proj
[official-awq] 23/422 language_model.model.layers.3.self_attn.k_proj
[official-awq] 24/422 language_model.model.layers.3.self_attn.v_proj
[official-awq] 25/422 language_model.model.layers.3.self_attn.o_proj
[official-awq] 26/422 language_model.model.layers.3.mlp.gate_proj
[official-awq] 27/422 language_model.model.layers.3.mlp.up_proj
[official-awq] 28/422 language_model.model.layers.3.mlp.down_proj
[official-awq] 29/422 language_model.model.layers.4.self_attn.q_proj
[official-awq] 30/422 language_model.model.layers.4.self_attn.k_proj
[official-awq] 31/422 language_model.model.layers.4.self_attn.v_proj
[official-awq] 32/422 language_model.model.layers.4.self_attn.o_proj
[official-awq] 33/422 language_model.model.layers.4.mlp.gate_proj
[official-awq] 34/422 language_model.model.layers.4.mlp.up_proj
[official-awq] 35/422 language_model.model.layers.4.mlp.down_proj
[official-awq] 36/422 language_model.model.layers.5.self_attn.q_proj
[official-awq] 37/422 language_model.model.layers.5.self_attn.k_proj
[official-awq] 38/422 language_model.model.layers.5.self_attn.v_proj
[official-awq] 39/422 language_model.model.layers.5.self_attn.o_proj
[official-awq] 40/422 language_model.model.layers.5.mlp.gate_proj
[official-awq] 41/422 language_model.model.layers.5.mlp.up_proj
[official-awq] 42/422 language_model.model.layers.5.mlp.down_proj
[official-awq] 43/422 language_model.model.layers.6.self_attn.q_proj
[official-awq] 44/422 language_model.model.layers.6.self_attn.k_proj
[official-awq] 45/422 language_model.model.layers.6.self_attn.v_proj
[official-awq] 46/422 language_model.model.layers.6.self_attn.o_proj
[official-awq] 47/422 language_model.model.layers.6.mlp.gate_proj
[official-awq] 48/422 language_model.model.layers.6.mlp.up_proj
[official-awq] 49/422 language_model.model.layers.6.mlp.down_proj
[official-awq] 50/422 language_model.model.layers.7.self_attn.q_proj
[official-awq] 51/422 language_model.model.layers.7.self_attn.k_proj
[official-awq] 52/422 language_model.model.layers.7.self_attn.v_proj
[official-awq] 53/422 language_model.model.layers.7.self_attn.o_proj
[official-awq] 54/422 language_model.model.layers.7.mlp.gate_proj
[official-awq] 55/422 language_model.model.layers.7.mlp.up_proj
[official-awq] 56/422 language_model.model.layers.7.mlp.down_proj
[official-awq] 57/422 language_model.model.layers.8.self_attn.q_proj
[official-awq] 58/422 language_model.model.layers.8.self_attn.k_proj
[official-awq] 59/422 language_model.model.layers.8.self_attn.v_proj
[official-awq] 60/422 language_model.model.layers.8.self_attn.o_proj
[official-awq] 61/422 language_model.model.layers.8.mlp.gate_proj
[official-awq] 62/422 language_model.model.layers.8.mlp.up_proj
[official-awq] 63/422 language_model.model.layers.8.mlp.down_proj
[official-awq] 64/422 language_model.model.layers.9.self_attn.q_proj
[official-awq] 65/422 language_model.model.layers.9.self_attn.k_proj
[official-awq] 66/422 language_model.model.layers.9.self_attn.v_proj
[official-awq] 67/422 language_model.model.layers.9.self_attn.o_proj
[official-awq] 68/422 language_model.model.layers.9.mlp.gate_proj
[official-awq] 69/422 language_model.model.layers.9.mlp.up_proj
[official-awq] 70/422 language_model.model.layers.9.mlp.down_proj
[official-awq] 71/422 language_model.model.layers.10.self_attn.q_proj
[official-awq] 72/422 language_model.model.layers.10.self_attn.k_proj
[official-awq] 73/422 language_model.model.layers.10.self_attn.v_proj
[official-awq] 74/422 language_model.model.layers.10.self_attn.o_proj
[official-awq] 75/422 language_model.model.layers.10.mlp.gate_proj
[official-awq] 76/422 language_model.model.layers.10.mlp.up_proj
[official-awq] 77/422 language_model.model.layers.10.mlp.down_proj
[official-awq] 78/422 language_model.model.layers.11.self_attn.q_proj
[official-awq] 79/422 language_model.model.layers.11.self_attn.k_proj
[official-awq] 80/422 language_model.model.layers.11.self_attn.v_proj
[official-awq] 81/422 language_model.model.layers.11.self_attn.o_proj
[official-awq] 82/422 language_model.model.layers.11.mlp.gate_proj
[official-awq] 83/422 language_model.model.layers.11.mlp.up_proj
[official-awq] 84/422 language_model.model.layers.11.mlp.down_proj
[official-awq] 85/422 language_model.model.layers.12.self_attn.q_proj
[official-awq] 86/422 language_model.model.layers.12.self_attn.k_proj
[official-awq] 87/422 language_model.model.layers.12.self_attn.v_proj
[official-awq] 88/422 language_model.model.layers.12.self_attn.o_proj
[official-awq] 89/422 language_model.model.layers.12.mlp.gate_proj
[official-awq] 90/422 language_model.model.layers.12.mlp.up_proj
[official-awq] 91/422 language_model.model.layers.12.mlp.down_proj
[official-awq] 92/422 language_model.model.layers.13.self_attn.q_proj
[official-awq] 93/422 language_model.model.layers.13.self_attn.k_proj
[official-awq] 94/422 language_model.model.layers.13.self_attn.v_proj
[official-awq] 95/422 language_model.model.layers.13.self_attn.o_proj
[official-awq] 96/422 language_model.model.layers.13.mlp.gate_proj
[official-awq] 97/422 language_model.model.layers.13.mlp.up_proj
[official-awq] 98/422 language_model.model.layers.13.mlp.down_proj
[official-awq] 99/422 language_model.model.layers.14.self_attn.q_proj
[official-awq] 100/422 language_model.model.layers.14.self_attn.k_proj
[official-awq] 101/422 language_model.model.layers.14.self_attn.v_proj
[official-awq] 102/422 language_model.model.layers.14.self_attn.o_proj
[official-awq] 103/422 language_model.model.layers.14.mlp.gate_proj
[official-awq] 104/422 language_model.model.layers.14.mlp.up_proj
[official-awq] 105/422 language_model.model.layers.14.mlp.down_proj
[official-awq] 106/422 language_model.model.layers.15.self_attn.q_proj
[official-awq] 107/422 language_model.model.layers.15.self_attn.k_proj
[official-awq] 108/422 language_model.model.layers.15.self_attn.v_proj
[official-awq] 109/422 language_model.model.layers.15.self_attn.o_proj
[official-awq] 110/422 language_model.model.layers.15.mlp.gate_proj
[official-awq] 111/422 language_model.model.layers.15.mlp.up_proj
[official-awq] 112/422 language_model.model.layers.15.mlp.down_proj
[official-awq] 113/422 language_model.model.layers.16.self_attn.q_proj
[official-awq] 114/422 language_model.model.layers.16.self_attn.k_proj
[official-awq] 115/422 language_model.model.layers.16.self_attn.v_proj
[official-awq] 116/422 language_model.model.layers.16.self_attn.o_proj
[official-awq] 117/422 language_model.model.layers.16.mlp.gate_proj
[official-awq] 118/422 language_model.model.layers.16.mlp.up_proj
[official-awq] 119/422 language_model.model.layers.16.mlp.down_proj
[official-awq] 120/422 language_model.model.layers.17.self_attn.q_proj
[official-awq] 121/422 language_model.model.layers.17.self_attn.k_proj
[official-awq] 122/422 language_model.model.layers.17.self_attn.v_proj
[official-awq] 123/422 language_model.model.layers.17.self_attn.o_proj
[official-awq] 124/422 language_model.model.layers.17.mlp.gate_proj
[official-awq] 125/422 language_model.model.layers.17.mlp.up_proj
[official-awq] 126/422 language_model.model.layers.17.mlp.down_proj
[official-awq] 127/422 language_model.model.layers.18.self_attn.q_proj
[official-awq] 128/422 language_model.model.layers.18.self_attn.k_proj
[official-awq] 129/422 language_model.model.layers.18.self_attn.v_proj
[official-awq] 130/422 language_model.model.layers.18.self_attn.o_proj
[official-awq] 131/422 language_model.model.layers.18.mlp.gate_proj
[official-awq] 132/422 language_model.model.layers.18.mlp.up_proj
[official-awq] 133/422 language_model.model.layers.18.mlp.down_proj
[official-awq] 134/422 language_model.model.layers.19.self_attn.q_proj
[official-awq] 135/422 language_model.model.layers.19.self_attn.k_proj
[official-awq] 136/422 language_model.model.layers.19.self_attn.v_proj
[official-awq] 137/422 language_model.model.layers.19.self_attn.o_proj
[official-awq] 138/422 language_model.model.layers.19.mlp.gate_proj
[official-awq] 139/422 language_model.model.layers.19.mlp.up_proj
[official-awq] 140/422 language_model.model.layers.19.mlp.down_proj
[official-awq] 141/422 language_model.model.layers.20.self_attn.q_proj
[official-awq] 142/422 language_model.model.layers.20.self_attn.k_proj
[official-awq] 143/422 language_model.model.layers.20.self_attn.v_proj
[official-awq] 144/422 language_model.model.layers.20.self_attn.o_proj
[official-awq] 145/422 language_model.model.layers.20.mlp.gate_proj
[official-awq] 146/422 language_model.model.layers.20.mlp.up_proj
[official-awq] 147/422 language_model.model.layers.20.mlp.down_proj
[official-awq] 148/422 language_model.model.layers.21.self_attn.q_proj
[official-awq] 149/422 language_model.model.layers.21.self_attn.k_proj
[official-awq] 150/422 language_model.model.layers.21.self_attn.v_proj
[official-awq] 151/422 language_model.model.layers.21.self_attn.o_proj
[official-awq] 152/422 language_model.model.layers.21.mlp.gate_proj
[official-awq] 153/422 language_model.model.layers.21.mlp.up_proj
[official-awq] 154/422 language_model.model.layers.21.mlp.down_proj
[official-awq] 155/422 language_model.model.layers.22.self_attn.q_proj
[official-awq] 156/422 language_model.model.layers.22.self_attn.k_proj
[official-awq] 157/422 language_model.model.layers.22.self_attn.v_proj
[official-awq] 158/422 language_model.model.layers.22.self_attn.o_proj
[official-awq] 159/422 language_model.model.layers.22.mlp.gate_proj
[official-awq] 160/422 language_model.model.layers.22.mlp.up_proj
[official-awq] 161/422 language_model.model.layers.22.mlp.down_proj
[official-awq] 162/422 language_model.model.layers.23.self_attn.q_proj
[official-awq] 163/422 language_model.model.layers.23.self_attn.k_proj
[official-awq] 164/422 language_model.model.layers.23.self_attn.v_proj
[official-awq] 165/422 language_model.model.layers.23.self_attn.o_proj
[official-awq] 166/422 language_model.model.layers.23.mlp.gate_proj
[official-awq] 167/422 language_model.model.layers.23.mlp.up_proj
[official-awq] 168/422 language_model.model.layers.23.mlp.down_proj
[official-awq] 169/422 language_model.model.layers.24.self_attn.q_proj
[official-awq] 170/422 language_model.model.layers.24.self_attn.k_proj
[official-awq] 171/422 language_model.model.layers.24.self_attn.v_proj
[official-awq] 172/422 language_model.model.layers.24.self_attn.o_proj
[official-awq] 173/422 language_model.model.layers.24.mlp.gate_proj
[official-awq] 174/422 language_model.model.layers.24.mlp.up_proj
[official-awq] 175/422 language_model.model.layers.24.mlp.down_proj
[official-awq] 176/422 language_model.model.layers.25.self_attn.q_proj
[official-awq] 177/422 language_model.model.layers.25.self_attn.k_proj
[official-awq] 178/422 language_model.model.layers.25.self_attn.v_proj
[official-awq] 179/422 language_model.model.layers.25.self_attn.o_proj
[official-awq] 180/422 language_model.model.layers.25.mlp.gate_proj
[official-awq] 181/422 language_model.model.layers.25.mlp.up_proj
[official-awq] 182/422 language_model.model.layers.25.mlp.down_proj
[official-awq] 183/422 language_model.model.layers.26.self_attn.q_proj
[official-awq] 184/422 language_model.model.layers.26.self_attn.k_proj
[official-awq] 185/422 language_model.model.layers.26.self_attn.v_proj
[official-awq] 186/422 language_model.model.layers.26.self_attn.o_proj
[official-awq] 187/422 language_model.model.layers.26.mlp.gate_proj
[official-awq] 188/422 language_model.model.layers.26.mlp.up_proj
[official-awq] 189/422 language_model.model.layers.26.mlp.down_proj
[official-awq] 190/422 language_model.model.layers.27.self_attn.q_proj
[official-awq] 191/422 language_model.model.layers.27.self_attn.k_proj
[official-awq] 192/422 language_model.model.layers.27.self_attn.v_proj
[official-awq] 193/422 language_model.model.layers.27.self_attn.o_proj
[official-awq] 194/422 language_model.model.layers.27.mlp.gate_proj
[official-awq] 195/422 language_model.model.layers.27.mlp.up_proj
[official-awq] 196/422 language_model.model.layers.27.mlp.down_proj
[official-awq] 197/422 language_model.model.layers.28.self_attn.q_proj
[official-awq] 198/422 language_model.model.layers.28.self_attn.k_proj
[official-awq] 199/422 language_model.model.layers.28.self_attn.v_proj
[official-awq] 200/422 language_model.model.layers.28.self_attn.o_proj
[official-awq] 201/422 language_model.model.layers.28.mlp.gate_proj
[official-awq] 202/422 language_model.model.layers.28.mlp.up_proj
[official-awq] 203/422 language_model.model.layers.28.mlp.down_proj
[official-awq] 204/422 language_model.model.layers.29.self_attn.q_proj
[official-awq] 205/422 language_model.model.layers.29.self_attn.k_proj
[official-awq] 206/422 language_model.model.layers.29.self_attn.v_proj
[official-awq] 207/422 language_model.model.layers.29.self_attn.o_proj
[official-awq] 208/422 language_model.model.layers.29.mlp.gate_proj
[official-awq] 209/422 language_model.model.layers.29.mlp.up_proj
[official-awq] 210/422 language_model.model.layers.29.mlp.down_proj
[official-awq] 211/422 language_model.model.layers.30.self_attn.q_proj
[official-awq] 212/422 language_model.model.layers.30.self_attn.k_proj
[official-awq] 213/422 language_model.model.layers.30.self_attn.v_proj
[official-awq] 214/422 language_model.model.layers.30.self_attn.o_proj
[official-awq] 215/422 language_model.model.layers.30.mlp.gate_proj
[official-awq] 216/422 language_model.model.layers.30.mlp.up_proj
[official-awq] 217/422 language_model.model.layers.30.mlp.down_proj
[official-awq] 218/422 language_model.model.layers.31.self_attn.q_proj
[official-awq] 219/422 language_model.model.layers.31.self_attn.k_proj
[official-awq] 220/422 language_model.model.layers.31.self_attn.v_proj
[official-awq] 221/422 language_model.model.layers.31.self_attn.o_proj
[official-awq] 222/422 language_model.model.layers.31.mlp.gate_proj
[official-awq] 223/422 language_model.model.layers.31.mlp.up_proj
[official-awq] 224/422 language_model.model.layers.31.mlp.down_proj
[official-awq] 225/422 vision_backbone.featurizer.patch_embed.proj
[official-awq] 226/422 vision_backbone.featurizer.blocks.0.attn.qkv
[official-awq] 227/422 vision_backbone.featurizer.blocks.0.attn.proj
[official-awq] 228/422 vision_backbone.featurizer.blocks.0.mlp.fc1
[official-awq] 229/422 vision_backbone.featurizer.blocks.0.mlp.fc2
[official-awq] 230/422 vision_backbone.featurizer.blocks.1.attn.qkv
[official-awq] 231/422 vision_backbone.featurizer.blocks.1.attn.proj
[official-awq] 232/422 vision_backbone.featurizer.blocks.1.mlp.fc1
[official-awq] 233/422 vision_backbone.featurizer.blocks.1.mlp.fc2
[official-awq] 234/422 vision_backbone.featurizer.blocks.2.attn.qkv
[official-awq] 235/422 vision_backbone.featurizer.blocks.2.attn.proj
[official-awq] 236/422 vision_backbone.featurizer.blocks.2.mlp.fc1
[official-awq] 237/422 vision_backbone.featurizer.blocks.2.mlp.fc2
[official-awq] 238/422 vision_backbone.featurizer.blocks.3.attn.qkv
[official-awq] 239/422 vision_backbone.featurizer.blocks.3.attn.proj
[official-awq] 240/422 vision_backbone.featurizer.blocks.3.mlp.fc1
[official-awq] 241/422 vision_backbone.featurizer.blocks.3.mlp.fc2
[official-awq] 242/422 vision_backbone.featurizer.blocks.4.attn.qkv
[official-awq] 243/422 vision_backbone.featurizer.blocks.4.attn.proj
[official-awq] 244/422 vision_backbone.featurizer.blocks.4.mlp.fc1
[official-awq] 245/422 vision_backbone.featurizer.blocks.4.mlp.fc2
[official-awq] 246/422 vision_backbone.featurizer.blocks.5.attn.qkv
[official-awq] 247/422 vision_backbone.featurizer.blocks.5.attn.proj
[official-awq] 248/422 vision_backbone.featurizer.blocks.5.mlp.fc1
[official-awq] 249/422 vision_backbone.featurizer.blocks.5.mlp.fc2
[official-awq] 250/422 vision_backbone.featurizer.blocks.6.attn.qkv
[official-awq] 251/422 vision_backbone.featurizer.blocks.6.attn.proj
[official-awq] 252/422 vision_backbone.featurizer.blocks.6.mlp.fc1
[official-awq] 253/422 vision_backbone.featurizer.blocks.6.mlp.fc2
[official-awq] 254/422 vision_backbone.featurizer.blocks.7.attn.qkv
[official-awq] 255/422 vision_backbone.featurizer.blocks.7.attn.proj
[official-awq] 256/422 vision_backbone.featurizer.blocks.7.mlp.fc1
[official-awq] 257/422 vision_backbone.featurizer.blocks.7.mlp.fc2
[official-awq] 258/422 vision_backbone.featurizer.blocks.8.attn.qkv
[official-awq] 259/422 vision_backbone.featurizer.blocks.8.attn.proj
[official-awq] 260/422 vision_backbone.featurizer.blocks.8.mlp.fc1
[official-awq] 261/422 vision_backbone.featurizer.blocks.8.mlp.fc2
[official-awq] 262/422 vision_backbone.featurizer.blocks.9.attn.qkv
[official-awq] 263/422 vision_backbone.featurizer.blocks.9.attn.proj
[official-awq] 264/422 vision_backbone.featurizer.blocks.9.mlp.fc1
[official-awq] 265/422 vision_backbone.featurizer.blocks.9.mlp.fc2
[official-awq] 266/422 vision_backbone.featurizer.blocks.10.attn.qkv
[official-awq] 267/422 vision_backbone.featurizer.blocks.10.attn.proj
[official-awq] 268/422 vision_backbone.featurizer.blocks.10.mlp.fc1
[official-awq] 269/422 vision_backbone.featurizer.blocks.10.mlp.fc2
[official-awq] 270/422 vision_backbone.featurizer.blocks.11.attn.qkv
[official-awq] 271/422 vision_backbone.featurizer.blocks.11.attn.proj
[official-awq] 272/422 vision_backbone.featurizer.blocks.11.mlp.fc1
[official-awq] 273/422 vision_backbone.featurizer.blocks.11.mlp.fc2
[official-awq] 274/422 vision_backbone.featurizer.blocks.12.attn.qkv
[official-awq] 275/422 vision_backbone.featurizer.blocks.12.attn.proj
[official-awq] 276/422 vision_backbone.featurizer.blocks.12.mlp.fc1
[official-awq] 277/422 vision_backbone.featurizer.blocks.12.mlp.fc2
[official-awq] 278/422 vision_backbone.featurizer.blocks.13.attn.qkv
[official-awq] 279/422 vision_backbone.featurizer.blocks.13.attn.proj
[official-awq] 280/422 vision_backbone.featurizer.blocks.13.mlp.fc1
[official-awq] 281/422 vision_backbone.featurizer.blocks.13.mlp.fc2
[official-awq] 282/422 vision_backbone.featurizer.blocks.14.attn.qkv
[official-awq] 283/422 vision_backbone.featurizer.blocks.14.attn.proj
[official-awq] 284/422 vision_backbone.featurizer.blocks.14.mlp.fc1
[official-awq] 285/422 vision_backbone.featurizer.blocks.14.mlp.fc2
[official-awq] 286/422 vision_backbone.featurizer.blocks.15.attn.qkv
[official-awq] 287/422 vision_backbone.featurizer.blocks.15.attn.proj
[official-awq] 288/422 vision_backbone.featurizer.blocks.15.mlp.fc1
[official-awq] 289/422 vision_backbone.featurizer.blocks.15.mlp.fc2
[official-awq] 290/422 vision_backbone.featurizer.blocks.16.attn.qkv
[official-awq] 291/422 vision_backbone.featurizer.blocks.16.attn.proj
[official-awq] 292/422 vision_backbone.featurizer.blocks.16.mlp.fc1
[official-awq] 293/422 vision_backbone.featurizer.blocks.16.mlp.fc2
[official-awq] 294/422 vision_backbone.featurizer.blocks.17.attn.qkv
[official-awq] 295/422 vision_backbone.featurizer.blocks.17.attn.proj
[official-awq] 296/422 vision_backbone.featurizer.blocks.17.mlp.fc1
[official-awq] 297/422 vision_backbone.featurizer.blocks.17.mlp.fc2
[official-awq] 298/422 vision_backbone.featurizer.blocks.18.attn.qkv
[official-awq] 299/422 vision_backbone.featurizer.blocks.18.attn.proj
[official-awq] 300/422 vision_backbone.featurizer.blocks.18.mlp.fc1
[official-awq] 301/422 vision_backbone.featurizer.blocks.18.mlp.fc2
[official-awq] 302/422 vision_backbone.featurizer.blocks.19.attn.qkv
[official-awq] 303/422 vision_backbone.featurizer.blocks.19.attn.proj
[official-awq] 304/422 vision_backbone.featurizer.blocks.19.mlp.fc1
[official-awq] 305/422 vision_backbone.featurizer.blocks.19.mlp.fc2
[official-awq] 306/422 vision_backbone.featurizer.blocks.20.attn.qkv
[official-awq] 307/422 vision_backbone.featurizer.blocks.20.attn.proj
[official-awq] 308/422 vision_backbone.featurizer.blocks.20.mlp.fc1
[official-awq] 309/422 vision_backbone.featurizer.blocks.20.mlp.fc2
[official-awq] 310/422 vision_backbone.featurizer.blocks.21.attn.qkv
[official-awq] 311/422 vision_backbone.featurizer.blocks.21.attn.proj
[official-awq] 312/422 vision_backbone.featurizer.blocks.21.mlp.fc1
[official-awq] 313/422 vision_backbone.featurizer.blocks.21.mlp.fc2
[official-awq] 314/422 vision_backbone.featurizer.blocks.22.attn.qkv
[official-awq] 315/422 vision_backbone.featurizer.blocks.22.attn.proj
[official-awq] 316/422 vision_backbone.featurizer.blocks.22.mlp.fc1
[official-awq] 317/422 vision_backbone.featurizer.blocks.22.mlp.fc2
[official-awq] 318/422 vision_backbone.fused_featurizer.patch_embed.proj
[official-awq] 319/422 vision_backbone.fused_featurizer.blocks.0.attn.qkv
[official-awq] 320/422 vision_backbone.fused_featurizer.blocks.0.attn.proj
[official-awq] 321/422 vision_backbone.fused_featurizer.blocks.0.mlp.fc1
[official-awq] 322/422 vision_backbone.fused_featurizer.blocks.0.mlp.fc2
[official-awq] 323/422 vision_backbone.fused_featurizer.blocks.1.attn.qkv
[official-awq] 324/422 vision_backbone.fused_featurizer.blocks.1.attn.proj
[official-awq] 325/422 vision_backbone.fused_featurizer.blocks.1.mlp.fc1
[official-awq] 326/422 vision_backbone.fused_featurizer.blocks.1.mlp.fc2
[official-awq] 327/422 vision_backbone.fused_featurizer.blocks.2.attn.qkv
[official-awq] 328/422 vision_backbone.fused_featurizer.blocks.2.attn.proj
[official-awq] 329/422 vision_backbone.fused_featurizer.blocks.2.mlp.fc1
[official-awq] 330/422 vision_backbone.fused_featurizer.blocks.2.mlp.fc2
[official-awq] 331/422 vision_backbone.fused_featurizer.blocks.3.attn.qkv
[official-awq] 332/422 vision_backbone.fused_featurizer.blocks.3.attn.proj
[official-awq] 333/422 vision_backbone.fused_featurizer.blocks.3.mlp.fc1
[official-awq] 334/422 vision_backbone.fused_featurizer.blocks.3.mlp.fc2
[official-awq] 335/422 vision_backbone.fused_featurizer.blocks.4.attn.qkv
[official-awq] 336/422 vision_backbone.fused_featurizer.blocks.4.attn.proj
[official-awq] 337/422 vision_backbone.fused_featurizer.blocks.4.mlp.fc1
[official-awq] 338/422 vision_backbone.fused_featurizer.blocks.4.mlp.fc2
[official-awq] 339/422 vision_backbone.fused_featurizer.blocks.5.attn.qkv
[official-awq] 340/422 vision_backbone.fused_featurizer.blocks.5.attn.proj
[official-awq] 341/422 vision_backbone.fused_featurizer.blocks.5.mlp.fc1
[official-awq] 342/422 vision_backbone.fused_featurizer.blocks.5.mlp.fc2
[official-awq] 343/422 vision_backbone.fused_featurizer.blocks.6.attn.qkv
[official-awq] 344/422 vision_backbone.fused_featurizer.blocks.6.attn.proj
[official-awq] 345/422 vision_backbone.fused_featurizer.blocks.6.mlp.fc1
[official-awq] 346/422 vision_backbone.fused_featurizer.blocks.6.mlp.fc2
[official-awq] 347/422 vision_backbone.fused_featurizer.blocks.7.attn.qkv
[official-awq] 348/422 vision_backbone.fused_featurizer.blocks.7.attn.proj
[official-awq] 349/422 vision_backbone.fused_featurizer.blocks.7.mlp.fc1
[official-awq] 350/422 vision_backbone.fused_featurizer.blocks.7.mlp.fc2
[official-awq] 351/422 vision_backbone.fused_featurizer.blocks.8.attn.qkv
[official-awq] 352/422 vision_backbone.fused_featurizer.blocks.8.attn.proj
[official-awq] 353/422 vision_backbone.fused_featurizer.blocks.8.mlp.fc1
[official-awq] 354/422 vision_backbone.fused_featurizer.blocks.8.mlp.fc2
<frozen importlib._bootstrap>:283: DeprecationWarning: the load_module() method is deprecated and slated for removal in Python 3.12; use exec_module() instead
[official-awq] 355/422 vision_backbone.fused_featurizer.blocks.9.attn.qkv
[official-awq] 356/422 vision_backbone.fused_featurizer.blocks.9.attn.proj
[official-awq] 357/422 vision_backbone.fused_featurizer.blocks.9.mlp.fc1
[official-awq] 358/422 vision_backbone.fused_featurizer.blocks.9.mlp.fc2
[official-awq] 359/422 vision_backbone.fused_featurizer.blocks.10.attn.qkv
[official-awq] 360/422 vision_backbone.fused_featurizer.blocks.10.attn.proj
[official-awq] 361/422 vision_backbone.fused_featurizer.blocks.10.mlp.fc1
[official-awq] 362/422 vision_backbone.fused_featurizer.blocks.10.mlp.fc2
[official-awq] 363/422 vision_backbone.fused_featurizer.blocks.11.attn.qkv
[official-awq] 364/422 vision_backbone.fused_featurizer.blocks.11.attn.proj
[official-awq] 365/422 vision_backbone.fused_featurizer.blocks.11.mlp.fc1
[official-awq] 366/422 vision_backbone.fused_featurizer.blocks.11.mlp.fc2
[official-awq] 367/422 vision_backbone.fused_featurizer.blocks.12.attn.qkv
[official-awq] 368/422 vision_backbone.fused_featurizer.blocks.12.attn.proj
[official-awq] 369/422 vision_backbone.fused_featurizer.blocks.12.mlp.fc1
[official-awq] 370/422 vision_backbone.fused_featurizer.blocks.12.mlp.fc2
[official-awq] 371/422 vision_backbone.fused_featurizer.blocks.13.attn.qkv
[official-awq] 372/422 vision_backbone.fused_featurizer.blocks.13.attn.proj
[official-awq] 373/422 vision_backbone.fused_featurizer.blocks.13.mlp.fc1
[official-awq] 374/422 vision_backbone.fused_featurizer.blocks.13.mlp.fc2
[official-awq] 375/422 vision_backbone.fused_featurizer.blocks.14.attn.qkv
[official-awq] 376/422 vision_backbone.fused_featurizer.blocks.14.attn.proj
[official-awq] 377/422 vision_backbone.fused_featurizer.blocks.14.mlp.fc1
[official-awq] 378/422 vision_backbone.fused_featurizer.blocks.14.mlp.fc2
[official-awq] 379/422 vision_backbone.fused_featurizer.blocks.15.attn.qkv
[official-awq] 380/422 vision_backbone.fused_featurizer.blocks.15.attn.proj
[official-awq] 381/422 vision_backbone.fused_featurizer.blocks.15.mlp.fc1
[official-awq] 382/422 vision_backbone.fused_featurizer.blocks.15.mlp.fc2
[official-awq] 383/422 vision_backbone.fused_featurizer.blocks.16.attn.qkv
[official-awq] 384/422 vision_backbone.fused_featurizer.blocks.16.attn.proj
[official-awq] 385/422 vision_backbone.fused_featurizer.blocks.16.mlp.fc1
[official-awq] 386/422 vision_backbone.fused_featurizer.blocks.16.mlp.fc2
[official-awq] 387/422 vision_backbone.fused_featurizer.blocks.17.attn.qkv
[official-awq] 388/422 vision_backbone.fused_featurizer.blocks.17.attn.proj
[official-awq] 389/422 vision_backbone.fused_featurizer.blocks.17.mlp.fc1
[official-awq] 390/422 vision_backbone.fused_featurizer.blocks.17.mlp.fc2
[official-awq] 391/422 vision_backbone.fused_featurizer.blocks.18.attn.qkv
[official-awq] 392/422 vision_backbone.fused_featurizer.blocks.18.attn.proj
[official-awq] 393/422 vision_backbone.fused_featurizer.blocks.18.mlp.fc1
[official-awq] 394/422 vision_backbone.fused_featurizer.blocks.18.mlp.fc2
[official-awq] 395/422 vision_backbone.fused_featurizer.blocks.19.attn.qkv
[official-awq] 396/422 vision_backbone.fused_featurizer.blocks.19.attn.proj
[official-awq] 397/422 vision_backbone.fused_featurizer.blocks.19.mlp.fc1
[official-awq] 398/422 vision_backbone.fused_featurizer.blocks.19.mlp.fc2
[official-awq] 399/422 vision_backbone.fused_featurizer.blocks.20.attn.qkv
[official-awq] 400/422 vision_backbone.fused_featurizer.blocks.20.attn.proj
[official-awq] 401/422 vision_backbone.fused_featurizer.blocks.20.mlp.fc1
[official-awq] 402/422 vision_backbone.fused_featurizer.blocks.20.mlp.fc2
[official-awq] 403/422 vision_backbone.fused_featurizer.blocks.21.attn.qkv
[official-awq] 404/422 vision_backbone.fused_featurizer.blocks.21.attn.proj
[official-awq] 405/422 vision_backbone.fused_featurizer.blocks.21.mlp.fc1
[official-awq] 406/422 vision_backbone.fused_featurizer.blocks.21.mlp.fc2
[official-awq] 407/422 vision_backbone.fused_featurizer.blocks.22.attn.qkv
[official-awq] 408/422 vision_backbone.fused_featurizer.blocks.22.attn.proj
[official-awq] 409/422 vision_backbone.fused_featurizer.blocks.22.mlp.fc1
[official-awq] 410/422 vision_backbone.fused_featurizer.blocks.22.mlp.fc2
[official-awq] 411/422 vision_backbone.fused_featurizer.blocks.23.attn.qkv
[official-awq] 412/422 vision_backbone.fused_featurizer.blocks.23.attn.proj
[official-awq] 413/422 vision_backbone.fused_featurizer.blocks.23.mlp.fc1
[official-awq] 414/422 vision_backbone.fused_featurizer.blocks.23.mlp.fc2
[official-awq] 415/422 vision_backbone.fused_featurizer.blocks.24.attn.qkv
[official-awq] 416/422 vision_backbone.fused_featurizer.blocks.24.attn.proj
[official-awq] 417/422 vision_backbone.fused_featurizer.blocks.24.mlp.fc1
[official-awq] 418/422 vision_backbone.fused_featurizer.blocks.24.mlp.fc2
[official-awq] 419/422 vision_backbone.fused_featurizer.blocks.25.attn.qkv
[official-awq] 420/422 vision_backbone.fused_featurizer.blocks.25.attn.proj
[official-awq] 421/422 vision_backbone.fused_featurizer.blocks.25.mlp.fc1
[official-awq] 422/422 vision_backbone.fused_featurizer.blocks.25.mlp.fc2
[official-quant] method=awq weight_bits=2 activation_bits=16 profile_targets=422 scope=all
[official-quant] BF16 exclusions=projector,proprio_projector,action_head,embeddings,norms
[official-quant] candidate={"applied_target_bits": {"2": 338, "4": 84}, "applied_targets": 422, "name": "w2-attention-primary-g64-stage-w4", "profiles": [{"path": "/root/autodl-tmp/qvla-repro/artifacts/awq-spatial-20260912-163735-1136/profiles/w2.pt", "sha256": "4fe1d2aa9a4e89fbaa5f9eb358ac6526d899195f774378b476742b801c7f4ccc"}, {"path": "/root/autodl-tmp/qvla-repro/artifacts/awq-primary-group-20260913-213127-3342/profiles/w2-g64.pt", "sha256": "947a849114a402978ae60995a652cd3212ded8d66f6ee7e0f3eeb3484712b3b8"}, {"path": "/root/autodl-tmp/qvla-repro/artifacts/awq-spatial-20260912-163735-1136/profiles/w4.pt", "sha256": "ea3faca6130c88bd38fbe20be28eafc742d66605d339f8d9acfedb8da4703ea4"}], "removed_language_clips": 40, "scope": "all", "target_group_counts": {"128": 189, "64": 233}, "w4_layers": "8,9,10,11,12,13,14,15,20,21,22,23"}
[official-quant] using preloaded model
09/24 [12:40:56] INFO     | >> Logging to local log file: run_libero_eval.py:223
                          /root/autodl-tmp/qvla-repro/eva                       
                          l/awq-p0-stage-full-w2-dino64-s                       
                          iglip128-language-g64-attention                       
                          -stage-8-9-10-11-12-13-14-15-20                       
                          -21-22-23-10-14-20260924-124005                       
                          -4376/full-w2-dino64-siglip128-                       
                          language-g64-attention-stage-8-                       
                          9-10-11-12-13-14-15-20-21-22-23                       
                          /EVAL-libero_spatial-openvla-20                       
                          26_09_24-12_40_27.txt                                 
                 INFO     | >> SEED_PROTOCOL {"env_seed": run_libero_eval.py:238
                          0, "model_seed": 0, "protocol":                       
                          "paired",                                             
                          "pythonhashseed_at_launch":                           
                          "0", "runner_sha256":                                 
                          "fe37e8097c286e1946e5194a1f817a                       
                          2b2362d167a6a5a49443c5aa20314d8                       
                          873", "strict": false}                                
[info] using task orders [0, 1, 2, 3, 4, 5, 6, 7, 8, 9]
                 INFO     | >> Task suite: libero_spatial run_libero_eval.py:238
  0%|          | 0/10 [00:00<?, ?it/s]                 INFO     | >> Using default initial      run_libero_eval.py:238
                          states                                                

  0%|          | 0/5 [00:00<?, ?it/s][A09/24 [12:40:59] INFO     | >>                            run_libero_eval.py:238
                          Task: pick up the black bowl                          
                          between the plate and the                             
                          ramekin and place it on the                           
                          plate                                                 
                 INFO     | >> Starting episode 1...      run_libero_eval.py:238
                 INFO     | >> EPISODE_MANIFEST           run_libero_eval.py:238
                          {"env_seed": 1329864394,                              
                          "init_state_dtype": "float64",                        
                          "init_state_index": 10,                               
                          "init_state_sha256":                                  
                          "f6ce6f7f25326bedc23933bb436b5f                       
                          6eb4810cef61184635c75395e557e18                       
                          08f", "init_state_shape": [92],                       
                          "model_seed": 3620232980,                             
                          "protocol": "paired",                                 
                          "task_id": 0}                                         
Saved rollout MP4 at path ./rollouts/2026_09_24/2026_09_24-12_40_27--openvla_oft--episode=1--success=True--task=pick_up_the_black_bowl_between_the_plate_and_the_r.mp4
09/24 [12:41:07] INFO     | >> Success: True              run_libero_eval.py:238
                 INFO     | >> # episodes completed so    run_libero_eval.py:238
                          far: 1                                                
                 INFO     | >> # successes: 1 (100.0%)    run_libero_eval.py:238

 20%|██        | 1/5 [00:08<00:33,  8.48s/it][A                 INFO     | >>                            run_libero_eval.py:238
                          Task: pick up the black bowl                          
                          between the plate and the                             
                          ramekin and place it on the                           
                          plate                                                 
                 INFO     | >> Starting episode 2...      run_libero_eval.py:238
                 INFO     | >> EPISODE_MANIFEST           run_libero_eval.py:238
                          {"env_seed": 3367941717,                              
                          "init_state_dtype": "float64",                        
                          "init_state_index": 11,                               
                          "init_state_sha256":                                  
                          "f9b377d4c4ca5e3bef55b3eff25992                       
                          29c22f2d944cd5df22c9a8b68882d9d                       
                          c11", "init_state_shape": [92],                       
                          "model_seed": 2622996838,                             
                          "protocol": "paired",                                 
                          "task_id": 0}                                         
Saved rollout MP4 at path ./rollouts/2026_09_24/2026_09_24-12_40_27--openvla_oft--episode=2--success=True--task=pick_up_the_black_bowl_between_the_plate_and_the_r.mp4
09/24 [12:41:15] INFO     | >> Success: True              run_libero_eval.py:238
                 INFO     | >> # episodes completed so    run_libero_eval.py:238
                          far: 2                                                
                 INFO     | >> # successes: 2 (100.0%)    run_libero_eval.py:238

 40%|████      | 2/5 [00:16<00:24,  8.09s/it][A                 INFO     | >>                            run_libero_eval.py:238
                          Task: pick up the black bowl                          
                          between the plate and the                             
                          ramekin and place it on the                           
                          plate                                                 
                 INFO     | >> Starting episode 3...      run_libero_eval.py:238
                 INFO     | >> EPISODE_MANIFEST           run_libero_eval.py:238
                          {"env_seed": 1261377523,                              
                          "init_state_dtype": "float64",                        
                          "init_state_index": 12,                               
                          "init_state_sha256":                                  
                          "504db0289ad1061538940e63d39bcf                       
                          c82bf536dbf5f9083a1692a0e3a2852                       
                          d79", "init_state_shape": [92],                       
                          "model_seed": 3415611406,                             
                          "protocol": "paired",                                 
                          "task_id": 0}                                         
Saved rollout MP4 at path ./rollouts/2026_09_24/2026_09_24-12_40_27--openvla_oft--episode=3--success=True--task=pick_up_the_black_bowl_between_the_plate_and_the_r.mp4
09/24 [12:41:23] INFO     | >> Success: True              run_libero_eval.py:238
                 INFO     | >> # episodes completed so    run_libero_eval.py:238
                          far: 3                                                
                 INFO     | >> # successes: 3 (100.0%)    run_libero_eval.py:238

 60%|██████    | 3/5 [00:24<00:16,  8.10s/it][A                 INFO     | >>                            run_libero_eval.py:238
                          Task: pick up the black bowl                          
                          between the plate and the                             
                          ramekin and place it on the                           
                          plate                                                 
                 INFO     | >> Starting episode 4...      run_libero_eval.py:238
                 INFO     | >> EPISODE_MANIFEST           run_libero_eval.py:238
                          {"env_seed": 2986157208,                              
                          "init_state_dtype": "float64",                        
                          "init_state_index": 13,                               
                          "init_state_sha256":                                  
                          "2fd168faf38ffee7943a97f4f9589b                       
                          8e4ed4acb89670c3004a6541dcc4925                       
                          bc6", "init_state_shape": [92],                       
                          "model_seed": 487119605,                              
                          "protocol": "paired",                                 
                          "task_id": 0}                                         
Saved rollout MP4 at path ./rollouts/2026_09_24/2026_09_24-12_40_27--openvla_oft--episode=4--success=True--task=pick_up_the_black_bowl_between_the_plate_and_the_r.mp4
09/24 [12:41:31] INFO     | >> Success: True              run_libero_eval.py:238
                 INFO     | >> # episodes completed so    run_libero_eval.py:238
                          far: 4                                                
                 INFO     | >> # successes: 4 (100.0%)    run_libero_eval.py:238

 80%|████████  | 4/5 [00:32<00:07,  7.97s/it][A                 INFO     | >>                            run_libero_eval.py:238
                          Task: pick up the black bowl                          
                          between the plate and the                             
                          ramekin and place it on the                           
                          plate                                                 
                 INFO     | >> Starting episode 5...      run_libero_eval.py:238
                 INFO     | >> EPISODE_MANIFEST           run_libero_eval.py:238
                          {"env_seed": 3224135206,                              
                          "init_state_dtype": "float64",                        
                          "init_state_index": 14,                               
                          "init_state_sha256":                                  
                          "a695298e9ef752b05e4d30c817ab1e                       
                          2061a6136d65242dac7a2cce63f858b                       
                          9fd", "init_state_shape": [92],                       
                          "model_seed": 4123379645,                             
                          "protocol": "paired",                                 
                          "task_id": 0}                                         
Saved rollout MP4 at path ./rollouts/2026_09_24/2026_09_24-12_40_27--openvla_oft--episode=5--success=True--task=pick_up_the_black_bowl_between_the_plate_and_the_r.mp4
09/24 [12:41:39] INFO     | >> Success: True              run_libero_eval.py:238
                 INFO     | >> # episodes completed so    run_libero_eval.py:238
                          far: 5                                                
                 INFO     | >> # successes: 5 (100.0%)    run_libero_eval.py:238

100%|██████████| 5/5 [00:40<00:00,  7.95s/it][A100%|██████████| 5/5 [00:40<00:00,  8.02s/it]
                 INFO     | >> Current task success rate: run_libero_eval.py:238
                          1.0                                                   
                 INFO     | >> Current total success      run_libero_eval.py:238
                          rate: 1.0                                             
 10%|█         | 1/10 [00:43<06:33, 43.67s/it]                 INFO     | >> Using default initial      run_libero_eval.py:238
                          states                                                

  0%|          | 0/5 [00:00<?, ?it/s][A09/24 [12:41:42] INFO     | >>                            run_libero_eval.py:238
                          Task: pick up the black bowl                          
                          next to the ramekin and place                         
                          it on the plate                                       
                 INFO     | >> Starting episode 1...      run_libero_eval.py:238
                 INFO     | >> EPISODE_MANIFEST           run_libero_eval.py:238
                          {"env_seed": 1479659323,                              
                          "init_state_dtype": "float64",                        
                          "init_state_index": 10,                               
                          "init_state_sha256":                                  
                          "b0c9ecec06f999784b644016624af9                       
                          27deef020c8c7afee36946fd439c9f4                       
                          5d3", "init_state_shape": [92],                       
                          "model_seed": 1635856022,                             
                          "protocol": "paired",                                 
                          "task_id": 1}                                         
Saved rollout MP4 at path ./rollouts/2026_09_24/2026_09_24-12_40_27--openvla_oft--episode=6--success=False--task=pick_up_the_black_bowl_next_to_the_ramekin_and_pla.mp4
09/24 [12:41:58] INFO     | >> Success: False             run_libero_eval.py:238
                 INFO     | >> # episodes completed so    run_libero_eval.py:238
                          far: 6                                                
                 INFO     | >> # successes: 5 (83.3%)     run_libero_eval.py:238

 20%|██        | 1/5 [00:15<01:00, 15.18s/it][A                 INFO     | >>                            run_libero_eval.py:238
                          Task: pick up the black bowl                          
                          next to the ramekin and place                         
                          it on the plate                                       
                 INFO     | >> Starting episode 2...      run_libero_eval.py:238
                 INFO     | >> EPISODE_MANIFEST           run_libero_eval.py:238
                          {"env_seed": 1800060776,                              
                          "init_state_dtype": "float64",                        
                          "init_state_index": 11,                               
                          "init_state_sha256":                                  
                          "dbec87b164a53746107bf8c0d65457                       
                          de9b6c7b34eb033d5feaf6484af0b33                       
                          6d3", "init_state_shape": [92],                       
                          "model_seed": 4034484714,                             
                          "protocol": "paired",                                 
                          "task_id": 1}                                         
Saved rollout MP4 at path ./rollouts/2026_09_24/2026_09_24-12_40_27--openvla_oft--episode=7--success=False--task=pick_up_the_black_bowl_next_to_the_ramekin_and_pla.mp4
09/24 [12:42:14] INFO     | >> Success: False             run_libero_eval.py:238
                 INFO     | >> # episodes completed so    run_libero_eval.py:238
                          far: 7                                                
                 INFO     | >> # successes: 5 (71.4%)     run_libero_eval.py:238

 40%|████      | 2/5 [00:31<00:47, 15.69s/it][A                 INFO     | >>                            run_libero_eval.py:238
                          Task: pick up the black bowl                          
                          next to the ramekin and place                         
                          it on the plate                                       
                 INFO     | >> Starting episode 3...      run_libero_eval.py:238
                 INFO     | >> EPISODE_MANIFEST           run_libero_eval.py:238
                          {"env_seed": 4263442405,                              
                          "init_state_dtype": "float64",                        
                          "init_state_index": 12,                               
                          "init_state_sha256":                                  
                          "b006cf551055a36a035803ef84f01d                       
                          8fd6a00d1d5d2683ce2afbe0ae4b71e                       
                          bdb", "init_state_shape": [92],                       
                          "model_seed": 3143823984,                             
                          "protocol": "paired",                                 
                          "task_id": 1}                                         
Saved rollout MP4 at path ./rollouts/2026_09_24/2026_09_24-12_40_27--openvla_oft--episode=8--success=False--task=pick_up_the_black_bowl_next_to_the_ramekin_and_pla.mp4
09/24 [12:42:29] INFO     | >> Success: False             run_libero_eval.py:238
                 INFO     | >> # episodes completed so    run_libero_eval.py:238
                          far: 8                                                
                 INFO     | >> # successes: 5 (62.5%)     run_libero_eval.py:238

 60%|██████    | 3/5 [00:46<00:31, 15.70s/it][A                 INFO     | >>                            run_libero_eval.py:238
                          Task: pick up the black bowl                          
                          next to the ramekin and place                         
                          it on the plate                                       
                 INFO     | >> Starting episode 4...      run_libero_eval.py:238
                 INFO     | >> EPISODE_MANIFEST           run_libero_eval.py:238
                          {"env_seed": 2824353230,                              
                          "init_state_dtype": "float64",                        
                          "init_state_index": 13,                               
                          "init_state_sha256":                                  
                          "6f694f45d065ddf64d33eb4fdcc791                       
                          477ad36584a304eea9d83b0c0545830                       
                          79b", "init_state_shape": [92],                       
                          "model_seed": 1812688483,                             
                          "protocol": "paired",                                 
                          "task_id": 1}                                         
Saved rollout MP4 at path ./rollouts/2026_09_24/2026_09_24-12_40_27--openvla_oft--episode=9--success=False--task=pick_up_the_black_bowl_next_to_the_ramekin_and_pla.mp4
09/24 [12:42:45] INFO     | >> Success: False             run_libero_eval.py:238
                 INFO     | >> # episodes completed so    run_libero_eval.py:238
                          far: 9                                                
                 INFO     | >> # successes: 5 (55.6%)     run_libero_eval.py:238

 80%|████████  | 4/5 [01:02<00:15, 15.69s/it][A                 INFO     | >>                            run_libero_eval.py:238
                          Task: pick up the black bowl                          
                          next to the ramekin and place                         
                          it on the plate                                       
                 INFO     | >> Starting episode 5...      run_libero_eval.py:238
                 INFO     | >> EPISODE_MANIFEST           run_libero_eval.py:238
                          {"env_seed": 1625302639,                              
                          "init_state_dtype": "float64",                        
                          "init_state_index": 14,                               
                          "init_state_sha256":                                  
                          "0525c9e710afca2e894805d74ab686                       
                          0315c289ef216629f858714d595f164                       
                          99d", "init_state_shape": [92],                       
                          "model_seed": 3082037721,                             
                          "protocol": "paired",                                 
                          "task_id": 1}                                         
Saved rollout MP4 at path ./rollouts/2026_09_24/2026_09_24-12_40_27--openvla_oft--episode=10--success=False--task=pick_up_the_black_bowl_next_to_the_ramekin_and_pla.mp4
09/24 [12:43:01] INFO     | >> Success: False             run_libero_eval.py:238
                 INFO     | >> # episodes completed so    run_libero_eval.py:238
                          far: 10                                               
                 INFO     | >> # successes: 5 (50.0%)     run_libero_eval.py:238

100%|██████████| 5/5 [01:18<00:00, 15.67s/it][A100%|██████████| 5/5 [01:18<00:00, 15.65s/it]
                 INFO     | >> Current task success rate: run_libero_eval.py:238
                          0.0                                                   
                 INFO     | >> Current total success      run_libero_eval.py:238
                          rate: 0.5                                             
 20%|██        | 2/10 [02:05<08:48, 66.01s/it]                 INFO     | >> Using default initial      run_libero_eval.py:238
                          states                                                

  0%|          | 0/5 [00:00<?, ?it/s][A09/24 [12:43:04] INFO     | >>                            run_libero_eval.py:238
                          Task: pick up the black bowl                          
                          from table center and place it                        
                          on the plate                                          
                 INFO     | >> Starting episode 1...      run_libero_eval.py:238
                 INFO     | >> EPISODE_MANIFEST           run_libero_eval.py:238
                          {"env_seed": 871938409,                               
                          "init_state_dtype": "float64",                        
                          "init_state_index": 10,                               
                          "init_state_sha256":                                  
                          "a5783c80f66d8ee9f612b35b9451f4                       
                          d856d51490248ddfafb528e325f8e67                       
                          64c", "init_state_shape": [92],                       
                          "model_seed": 1743506058,                             
                          "protocol": "paired",                                 
                          "task_id": 2}                                         
Saved rollout MP4 at path ./rollouts/2026_09_24/2026_09_24-12_40_27--openvla_oft--episode=11--success=True--task=pick_up_the_black_bowl_from_table_center_and_place.mp4
09/24 [12:43:13] INFO     | >> Success: True              run_libero_eval.py:238
                 INFO     | >> # episodes completed so    run_libero_eval.py:238
                          far: 11                                               
                 INFO     | >> # successes: 6 (54.5%)     run_libero_eval.py:238

 20%|██        | 1/5 [00:08<00:35,  8.75s/it][A                 INFO     | >>                            run_libero_eval.py:238
                          Task: pick up the black bowl                          
                          from table center and place it                        
                          on the plate                                          
                 INFO     | >> Starting episode 2...      run_libero_eval.py:238
                 INFO     | >> EPISODE_MANIFEST           run_libero_eval.py:238
                          {"env_seed": 4049915308,                              
                          "init_state_dtype": "float64",                        
                          "init_state_index": 11,                               
                          "init_state_sha256":                                  
                          "47530669e02bf233026da635b80921                       
                          63537080a7031e3a43201feab9274a9                       
                          d04", "init_state_shape": [92],                       
                          "model_seed": 3623366274,                             
                          "protocol": "paired",                                 
                          "task_id": 2}                                         
Saved rollout MP4 at path ./rollouts/2026_09_24/2026_09_24-12_40_27--openvla_oft--episode=12--success=True--task=pick_up_the_black_bowl_from_table_center_and_place.mp4
09/24 [12:43:22] INFO     | >> Success: True              run_libero_eval.py:238
                 INFO     | >> # episodes completed so    run_libero_eval.py:238
                          far: 12                                               
                 INFO     | >> # successes: 7 (58.3%)     run_libero_eval.py:238

 40%|████      | 2/5 [00:17<00:26,  8.81s/it][A                 INFO     | >>                            run_libero_eval.py:238
                          Task: pick up the black bowl                          
                          from table center and place it                        
                          on the plate                                          
                 INFO     | >> Starting episode 3...      run_libero_eval.py:238
                 INFO     | >> EPISODE_MANIFEST           run_libero_eval.py:238
                          {"env_seed": 2137693549,                              
                          "init_state_dtype": "float64",                        
                          "init_state_index": 12,                               
                          "init_state_sha256":                                  
                          "44c095bf575781a707629ff0af5acc                       
                          9e80ab7ddcf2ac9c9fb6245249dec60                       
                          60b", "init_state_shape": [92],                       
                          "model_seed": 1150359646,                             
                          "protocol": "paired",                                 
                          "task_id": 2}                                         
Saved rollout MP4 at path ./rollouts/2026_09_24/2026_09_24-12_40_27--openvla_oft--episode=13--success=True--task=pick_up_the_black_bowl_from_table_center_and_place.mp4
09/24 [12:43:31] INFO     | >> Success: True              run_libero_eval.py:238
                 INFO     | >> # episodes completed so    run_libero_eval.py:238
                          far: 13                                               
                 INFO     | >> # successes: 8 (61.5%)     run_libero_eval.py:238

 60%|██████    | 3/5 [00:26<00:17,  8.95s/it][A                 INFO     | >>                            run_libero_eval.py:238
                          Task: pick up the black bowl                          
                          from table center and place it                        
                          on the plate                                          
                 INFO     | >> Starting episode 4...      run_libero_eval.py:238
                 INFO     | >> EPISODE_MANIFEST           run_libero_eval.py:238
                          {"env_seed": 4178136764,                              
                          "init_state_dtype": "float64",                        
                          "init_state_index": 13,                               
                          "init_state_sha256":                                  
                          "bf439eb9bbf4ded8477d245ff49e8f                       
                          f00c520c79607cdc50d4238c46c0441                       
                          4af", "init_state_shape": [92],                       
                          "model_seed": 3520759812,                             
                          "protocol": "paired",                                 
                          "task_id": 2}                                         
Saved rollout MP4 at path ./rollouts/2026_09_24/2026_09_24-12_40_27--openvla_oft--episode=14--success=True--task=pick_up_the_black_bowl_from_table_center_and_place.mp4
09/24 [12:43:40] INFO     | >> Success: True              run_libero_eval.py:238
                 INFO     | >> # episodes completed so    run_libero_eval.py:238
                          far: 14                                               
                 INFO     | >> # successes: 9 (64.3%)     run_libero_eval.py:238

 80%|████████  | 4/5 [00:35<00:08,  8.98s/it][A                 INFO     | >>                            run_libero_eval.py:238
                          Task: pick up the black bowl                          
                          from table center and place it                        
                          on the plate                                          
                 INFO     | >> Starting episode 5...      run_libero_eval.py:238
                 INFO     | >> EPISODE_MANIFEST           run_libero_eval.py:238
                          {"env_seed": 409871007,                               
                          "init_state_dtype": "float64",                        
                          "init_state_index": 14,                               
                          "init_state_sha256":                                  
                          "fa7608e3c09171809707e8ea49121d                       
                          ebab0c56c38b1060a676d295fdcc633                       
                          928", "init_state_shape": [92],                       
                          "model_seed": 3263310779,                             
                          "protocol": "paired",                                 
                          "task_id": 2}                                         
Saved rollout MP4 at path ./rollouts/2026_09_24/2026_09_24-12_40_27--openvla_oft--episode=15--success=True--task=pick_up_the_black_bowl_from_table_center_and_place.mp4
09/24 [12:43:49] INFO     | >> Success: True              run_libero_eval.py:238
                 INFO     | >> # episodes completed so    run_libero_eval.py:238
                          far: 15                                               
                 INFO     | >> # successes: 10 (66.7%)    run_libero_eval.py:238

100%|██████████| 5/5 [00:44<00:00,  8.97s/it][A100%|██████████| 5/5 [00:44<00:00,  8.94s/it]
                 INFO     | >> Current task success rate: run_libero_eval.py:238
                          1.0                                                   
                 INFO     | >> Current total success      run_libero_eval.py:238
                          rate: 0.6666666666666666                              
 30%|███       | 3/10 [02:53<06:44, 57.83s/it]                 INFO     | >> Using default initial      run_libero_eval.py:238
                          states                                                

  0%|          | 0/5 [00:00<?, ?it/s][A09/24 [12:43:52] INFO     | >>                            run_libero_eval.py:238
                          Task: pick up the black bowl on                       
                          the cookie box and place it on                        
                          the plate                                             
                 INFO     | >> Starting episode 1...      run_libero_eval.py:238
                 INFO     | >> EPISODE_MANIFEST           run_libero_eval.py:238
                          {"env_seed": 2305601320,                              
                          "init_state_dtype": "float64",                        
                          "init_state_index": 10,                               
                          "init_state_sha256":                                  
                          "769f3a08b75e4357785695fb798592                       
                          0bb2e312d05b9b99ec76c182555afab                       
                          656", "init_state_shape": [92],                       
                          "model_seed": 2447635993,                             
                          "protocol": "paired",                                 
                          "task_id": 3}                                         
Saved rollout MP4 at path ./rollouts/2026_09_24/2026_09_24-12_40_27--openvla_oft--episode=16--success=True--task=pick_up_the_black_bowl_on_the_cookie_box_and_place.mp4
09/24 [12:44:00] INFO     | >> Success: True              run_libero_eval.py:238
                 INFO     | >> # episodes completed so    run_libero_eval.py:238
                          far: 16                                               
                 INFO     | >> # successes: 11 (68.8%)    run_libero_eval.py:238

 20%|██        | 1/5 [00:08<00:33,  8.28s/it][A                 INFO     | >>                            run_libero_eval.py:238
                          Task: pick up the black bowl on                       
                          the cookie box and place it on                        
                          the plate                                             
                 INFO     | >> Starting episode 2...      run_libero_eval.py:238
                 INFO     | >> EPISODE_MANIFEST           run_libero_eval.py:238
                          {"env_seed": 2496862514,                              
                          "init_state_dtype": "float64",                        
                          "init_state_index": 11,                               
                          "init_state_sha256":                                  
                          "9ede7c34efdb378d99cbab23cf7a1c                       
                          5160188fb17e2f54308ce3b4fbb6712                       
                          d58", "init_state_shape": [92],                       
                          "model_seed": 1859926275,                             
                          "protocol": "paired",                                 
                          "task_id": 3}                                         
Saved rollout MP4 at path ./rollouts/2026_09_24/2026_09_24-12_40_27--openvla_oft--episode=17--success=True--task=pick_up_the_black_bowl_on_the_cookie_box_and_place.mp4
09/24 [12:44:09] INFO     | >> Success: True              run_libero_eval.py:238
                 INFO     | >> # episodes completed so    run_libero_eval.py:238
                          far: 17                                               
                 INFO     | >> # successes: 12 (70.6%)    run_libero_eval.py:238

 40%|████      | 2/5 [00:17<00:25,  8.55s/it][A                 INFO     | >>                            run_libero_eval.py:238
                          Task: pick up the black bowl on                       
                          the cookie box and place it on                        
                          the plate                                             
                 INFO     | >> Starting episode 3...      run_libero_eval.py:238
                 INFO     | >> EPISODE_MANIFEST           run_libero_eval.py:238
                          {"env_seed": 2118269906,                              
                          "init_state_dtype": "float64",                        
                          "init_state_index": 12,                               
                          "init_state_sha256":                                  
                          "0a03f52fd9b04847f49d54916274b6                       
                          c8bac86898e31b582cfd7b5b3c3fcae                       
                          0df", "init_state_shape": [92],                       
                          "model_seed": 2138052992,                             
                          "protocol": "paired",                                 
                          "task_id": 3}                                         
Saved rollout MP4 at path ./rollouts/2026_09_24/2026_09_24-12_40_27--openvla_oft--episode=18--success=True--task=pick_up_the_black_bowl_on_the_cookie_box_and_place.mp4
09/24 [12:44:17] INFO     | >> Success: True              run_libero_eval.py:238
                 INFO     | >> # episodes completed so    run_libero_eval.py:238
                          far: 18                                               
                 INFO     | >> # successes: 13 (72.2%)    run_libero_eval.py:238

 60%|██████    | 3/5 [00:25<00:16,  8.42s/it][A                 INFO     | >>                            run_libero_eval.py:238
                          Task: pick up the black bowl on                       
                          the cookie box and place it on                        
                          the plate                                             
                 INFO     | >> Starting episode 4...      run_libero_eval.py:238
                 INFO     | >> EPISODE_MANIFEST           run_libero_eval.py:238
                          {"env_seed": 3218618991,                              
                          "init_state_dtype": "float64",                        
                          "init_state_index": 13,                               
                          "init_state_sha256":                                  
                          "796c143330826bb9f4544037bed5bd                       
                          f85fff4e5d92eb32bdfecaf382ea948                       
                          e8f", "init_state_shape": [92],                       
                          "model_seed": 3969868260,                             
                          "protocol": "paired",                                 
                          "task_id": 3}                                         
Saved rollout MP4 at path ./rollouts/2026_09_24/2026_09_24-12_40_27--openvla_oft--episode=19--success=True--task=pick_up_the_black_bowl_on_the_cookie_box_and_place.mp4
09/24 [12:44:26] INFO     | >> Success: True              run_libero_eval.py:238
                 INFO     | >> # episodes completed so    run_libero_eval.py:238
                          far: 19                                               
                 INFO     | >> # successes: 14 (73.7%)    run_libero_eval.py:238

 80%|████████  | 4/5 [00:34<00:08,  8.54s/it][A                 INFO     | >>                            run_libero_eval.py:238
                          Task: pick up the black bowl on                       
                          the cookie box and place it on                        
                          the plate                                             
                 INFO     | >> Starting episode 5...      run_libero_eval.py:238
                 INFO     | >> EPISODE_MANIFEST           run_libero_eval.py:238
                          {"env_seed": 1718505283,                              
                          "init_state_dtype": "float64",                        
                          "init_state_index": 14,                               
                          "init_state_sha256":                                  
                          "6cf18c532b8185267195e43178fe22                       
                          383f03c14c097cba540e5d20f1adc0a                       
                          34c", "init_state_shape": [92],                       
                          "model_seed": 1741829862,                             
                          "protocol": "paired",                                 
                          "task_id": 3}                                         
Saved rollout MP4 at path ./rollouts/2026_09_24/2026_09_24-12_40_27--openvla_oft--episode=20--success=True--task=pick_up_the_black_bowl_on_the_cookie_box_and_place.mp4
09/24 [12:44:35] INFO     | >> Success: True              run_libero_eval.py:238
                 INFO     | >> # episodes completed so    run_libero_eval.py:238
                          far: 20                                               
                 INFO     | >> # successes: 15 (75.0%)    run_libero_eval.py:238

100%|██████████| 5/5 [00:42<00:00,  8.62s/it][A100%|██████████| 5/5 [00:42<00:00,  8.56s/it]
                 INFO     | >> Current task success rate: run_libero_eval.py:238
                          1.0                                                   
                 INFO     | >> Current total success      run_libero_eval.py:238
                          rate: 0.75                                            
 40%|████      | 4/10 [03:39<05:19, 53.20s/it]                 INFO     | >> Using default initial      run_libero_eval.py:238
                          states                                                

  0%|          | 0/5 [00:00<?, ?it/s][A09/24 [12:44:38] INFO     | >>                            run_libero_eval.py:238
                          Task: pick up the black bowl in                       
                          the top drawer of the wooden                          
                          cabinet and place it on the                           
                          plate                                                 
                 INFO     | >> Starting episode 1...      run_libero_eval.py:238
                 INFO     | >> EPISODE_MANIFEST           run_libero_eval.py:238
                          {"env_seed": 3468706112,                              
                          "init_state_dtype": "float64",                        
                          "init_state_index": 10,                               
                          "init_state_sha256":                                  
                          "7bb0de6b71378924db79db6837d316                       
                          79f6792129b7d9861f58532ba7332d6                       
                          eb3", "init_state_shape": [92],                       
                          "model_seed": 2193637331,                             
                          "protocol": "paired",                                 
                          "task_id": 4}                                         
Saved rollout MP4 at path ./rollouts/2026_09_24/2026_09_24-12_40_27--openvla_oft--episode=21--success=True--task=pick_up_the_black_bowl_in_the_top_drawer_of_the_wo.mp4
09/24 [12:44:48] INFO     | >> Success: True              run_libero_eval.py:238
                 INFO     | >> # episodes completed so    run_libero_eval.py:238
                          far: 21                                               
                 INFO     | >> # successes: 16 (76.2%)    run_libero_eval.py:238

 20%|██        | 1/5 [00:09<00:39,  9.92s/it][A                 INFO     | >>                            run_libero_eval.py:238
                          Task: pick up the black bowl in                       
                          the top drawer of the wooden                          
                          cabinet and place it on the                           
                          plate                                                 
                 INFO     | >> Starting episode 2...      run_libero_eval.py:238
                 INFO     | >> EPISODE_MANIFEST           run_libero_eval.py:238
                          {"env_seed": 1009899069,                              
                          "init_state_dtype": "float64",                        
                          "init_state_index": 11,                               
                          "init_state_sha256":                                  
                          "7ca087b8eea266273cbf99c09f51cc                       
                          5cfee48a1e6408b367fedf168fc1c9c                       
                          b15", "init_state_shape": [92],                       
                          "model_seed": 2493649820,                             
                          "protocol": "paired",                                 
                          "task_id": 4}                                         
Saved rollout MP4 at path ./rollouts/2026_09_24/2026_09_24-12_40_27--openvla_oft--episode=22--success=True--task=pick_up_the_black_bowl_in_the_top_drawer_of_the_wo.mp4
09/24 [12:44:58] INFO     | >> Success: True              run_libero_eval.py:238
                 INFO     | >> # episodes completed so    run_libero_eval.py:238
                          far: 22                                               
                 INFO     | >> # successes: 17 (77.3%)    run_libero_eval.py:238

 40%|████      | 2/5 [00:20<00:30, 10.07s/it][A                 INFO     | >>                            run_libero_eval.py:238
                          Task: pick up the black bowl in                       
                          the top drawer of the wooden                          
                          cabinet and place it on the                           
                          plate                                                 
                 INFO     | >> Starting episode 3...      run_libero_eval.py:238
                 INFO     | >> EPISODE_MANIFEST           run_libero_eval.py:238
                          {"env_seed": 852532106,                               
                          "init_state_dtype": "float64",                        
                          "init_state_index": 12,                               
                          "init_state_sha256":                                  
                          "08c27762b56ead1630b15d284b71f5                       
                          91009a21d824139674181aae9060b98                       
                          920", "init_state_shape": [92],                       
                          "model_seed": 598337569,                              
                          "protocol": "paired",                                 
                          "task_id": 4}                                         
Saved rollout MP4 at path ./rollouts/2026_09_24/2026_09_24-12_40_27--openvla_oft--episode=23--success=True--task=pick_up_the_black_bowl_in_the_top_drawer_of_the_wo.mp4
09/24 [12:45:09] INFO     | >> Success: True              run_libero_eval.py:238
                 INFO     | >> # episodes completed so    run_libero_eval.py:238
                          far: 23                                               
                 INFO     | >> # successes: 18 (78.3%)    run_libero_eval.py:238

 60%|██████    | 3/5 [00:30<00:20, 10.37s/it][A                 INFO     | >>                            run_libero_eval.py:238
                          Task: pick up the black bowl in                       
                          the top drawer of the wooden                          
                          cabinet and place it on the                           
                          plate                                                 
                 INFO     | >> Starting episode 4...      run_libero_eval.py:238
                 INFO     | >> EPISODE_MANIFEST           run_libero_eval.py:238
                          {"env_seed": 1859882902,                              
                          "init_state_dtype": "float64",                        
                          "init_state_index": 13,                               
                          "init_state_sha256":                                  
                          "066159b34ab7fd2c9a3292b11143f7                       
                          a8d51f697aff2ea00ea90e7eeeeb06e                       
                          2ba", "init_state_shape": [92],                       
                          "model_seed": 2613584866,                             
                          "protocol": "paired",                                 
                          "task_id": 4}                                         
Saved rollout MP4 at path ./rollouts/2026_09_24/2026_09_24-12_40_27--openvla_oft--episode=24--success=True--task=pick_up_the_black_bowl_in_the_top_drawer_of_the_wo.mp4
09/24 [12:45:20] INFO     | >> Success: True              run_libero_eval.py:238
                 INFO     | >> # episodes completed so    run_libero_eval.py:238
                          far: 24                                               
                 INFO     | >> # successes: 19 (79.2%)    run_libero_eval.py:238

 80%|████████  | 4/5 [00:41<00:10, 10.39s/it][A                 INFO     | >>                            run_libero_eval.py:238
                          Task: pick up the black bowl in                       
                          the top drawer of the wooden                          
                          cabinet and place it on the                           
                          plate                                                 
                 INFO     | >> Starting episode 5...      run_libero_eval.py:238
                 INFO     | >> EPISODE_MANIFEST           run_libero_eval.py:238
                          {"env_seed": 627429061,                               
                          "init_state_dtype": "float64",                        
                          "init_state_index": 14,                               
                          "init_state_sha256":                                  
                          "cf92dad8abe4770b520ec4e6bf4a9c                       
                          074cbdc829e6c7bffae73060682dee7                       
                          d69", "init_state_shape": [92],                       
                          "model_seed": 3517308286,                             
                          "protocol": "paired",                                 
                          "task_id": 4}                                         
Saved rollout MP4 at path ./rollouts/2026_09_24/2026_09_24-12_40_27--openvla_oft--episode=25--success=True--task=pick_up_the_black_bowl_in_the_top_drawer_of_the_wo.mp4
09/24 [12:45:29] INFO     | >> Success: True              run_libero_eval.py:238
                 INFO     | >> # episodes completed so    run_libero_eval.py:238
                          far: 25                                               
                 INFO     | >> # successes: 20 (80.0%)    run_libero_eval.py:238

100%|██████████| 5/5 [00:51<00:00, 10.16s/it][A100%|██████████| 5/5 [00:51<00:00, 10.20s/it]
                 INFO     | >> Current task success rate: run_libero_eval.py:238
                          1.0                                                   
                 INFO     | >> Current total success      run_libero_eval.py:238
                          rate: 0.8                                             
 50%|█████     | 5/10 [04:33<04:28, 53.61s/it]09/24 [12:45:30] INFO     | >> Using default initial      run_libero_eval.py:238
                          states                                                

  0%|          | 0/5 [00:00<?, ?it/s][A09/24 [12:45:33] INFO     | >>                            run_libero_eval.py:238
                          Task: pick up the black bowl on                       
                          the ramekin and place it on the                       
                          plate                                                 
                 INFO     | >> Starting episode 1...      run_libero_eval.py:238
                 INFO     | >> EPISODE_MANIFEST           run_libero_eval.py:238
                          {"env_seed": 3656938426,                              
                          "init_state_dtype": "float64",                        
                          "init_state_index": 10,                               
                          "init_state_sha256":                                  
                          "bfaff55ad30b79eb4f16c1791d3353                       
                          527b55561b017b783ffc10277aa2649                       
                          4e0", "init_state_shape": [92],                       
                          "model_seed": 471562028,                              
                          "protocol": "paired",                                 
                          "task_id": 5}                                         
Saved rollout MP4 at path ./rollouts/2026_09_24/2026_09_24-12_40_27--openvla_oft--episode=26--success=False--task=pick_up_the_black_bowl_on_the_ramekin_and_place_it.mp4
09/24 [12:45:48] INFO     | >> Success: False             run_libero_eval.py:238
                 INFO     | >> # episodes completed so    run_libero_eval.py:238
                          far: 26                                               
                 INFO     | >> # successes: 20 (76.9%)    run_libero_eval.py:238

 20%|██        | 1/5 [00:15<01:02, 15.52s/it][A                 INFO     | >>                            run_libero_eval.py:238
                          Task: pick up the black bowl on                       
                          the ramekin and place it on the                       
                          plate                                                 
                 INFO     | >> Starting episode 2...      run_libero_eval.py:238
                 INFO     | >> EPISODE_MANIFEST           run_libero_eval.py:238
                          {"env_seed": 2035309818,                              
                          "init_state_dtype": "float64",                        
                          "init_state_index": 11,                               
                          "init_state_sha256":                                  
                          "ff39aa05adeb3467ae4e7003d9b14f                       
                          9f9d307101ecb6ef43d415020975ee3                       
                          ba8", "init_state_shape": [92],                       
                          "model_seed": 3234983578,                             
                          "protocol": "paired",                                 
                          "task_id": 5}                                         
Saved rollout MP4 at path ./rollouts/2026_09_24/2026_09_24-12_40_27--openvla_oft--episode=27--success=False--task=pick_up_the_black_bowl_on_the_ramekin_and_place_it.mp4
09/24 [12:46:05] INFO     | >> Success: False             run_libero_eval.py:238
                 INFO     | >> # episodes completed so    run_libero_eval.py:238
                          far: 27                                               
                 INFO     | >> # successes: 20 (74.1%)    run_libero_eval.py:238

 40%|████      | 2/5 [00:32<00:48, 16.24s/it][A                 INFO     | >>                            run_libero_eval.py:238
                          Task: pick up the black bowl on                       
                          the ramekin and place it on the                       
                          plate                                                 
                 INFO     | >> Starting episode 3...      run_libero_eval.py:238
                 INFO     | >> EPISODE_MANIFEST           run_libero_eval.py:238
                          {"env_seed": 80518552,                                
                          "init_state_dtype": "float64",                        
                          "init_state_index": 12,                               
                          "init_state_sha256":                                  
                          "1035069b81bb91a6134b4ca623b290                       
                          76df3a99387db6110fabbe0b7aa70d5                       
                          437", "init_state_shape": [92],                       
                          "model_seed": 423312444,                              
                          "protocol": "paired",                                 
                          "task_id": 5}                                         
Saved rollout MP4 at path ./rollouts/2026_09_24/2026_09_24-12_40_27--openvla_oft--episode=28--success=True--task=pick_up_the_black_bowl_on_the_ramekin_and_place_it.mp4
09/24 [12:46:14] INFO     | >> Success: True              run_libero_eval.py:238
                 INFO     | >> # episodes completed so    run_libero_eval.py:238
                          far: 28                                               
                 INFO     | >> # successes: 21 (75.0%)    run_libero_eval.py:238

 60%|██████    | 3/5 [00:41<00:25, 12.88s/it][A                 INFO     | >>                            run_libero_eval.py:238
                          Task: pick up the black bowl on                       
                          the ramekin and place it on the                       
                          plate                                                 
                 INFO     | >> Starting episode 4...      run_libero_eval.py:238
                 INFO     | >> EPISODE_MANIFEST           run_libero_eval.py:238
                          {"env_seed": 3329673678,                              
                          "init_state_dtype": "float64",                        
                          "init_state_index": 13,                               
                          "init_state_sha256":                                  
                          "3731069406dc50d234dfc8e8cdff9b                       
                          2a4e2e00970ebd0d000af7dea9884a4                       
                          236", "init_state_shape": [92],                       
                          "model_seed": 3626548186,                             
                          "protocol": "paired",                                 
                          "task_id": 5}                                         
Saved rollout MP4 at path ./rollouts/2026_09_24/2026_09_24-12_40_27--openvla_oft--episode=29--success=True--task=pick_up_the_black_bowl_on_the_ramekin_and_place_it.mp4
09/24 [12:46:22] INFO     | >> Success: True              run_libero_eval.py:238
                 INFO     | >> # episodes completed so    run_libero_eval.py:238
                          far: 29                                               
                 INFO     | >> # successes: 22 (75.9%)    run_libero_eval.py:238

 80%|████████  | 4/5 [00:49<00:11, 11.12s/it][A                 INFO     | >>                            run_libero_eval.py:238
                          Task: pick up the black bowl on                       
                          the ramekin and place it on the                       
                          plate                                                 
                 INFO     | >> Starting episode 5...      run_libero_eval.py:238
                 INFO     | >> EPISODE_MANIFEST           run_libero_eval.py:238
                          {"env_seed": 2576723984,                              
                          "init_state_dtype": "float64",                        
                          "init_state_index": 14,                               
                          "init_state_sha256":                                  
                          "a5932cf3fc7c1839b68d324f8e7241                       
                          08874c30a15b7936c821543aaff1866                       
                          3a6", "init_state_shape": [92],                       
                          "model_seed": 2693348730,                             
                          "protocol": "paired",                                 
                          "task_id": 5}                                         
Saved rollout MP4 at path ./rollouts/2026_09_24/2026_09_24-12_40_27--openvla_oft--episode=30--success=True--task=pick_up_the_black_bowl_on_the_ramekin_and_place_it.mp4
09/24 [12:46:31] INFO     | >> Success: True              run_libero_eval.py:238
                 INFO     | >> # episodes completed so    run_libero_eval.py:238
                          far: 30                                               
                 INFO     | >> # successes: 23 (76.7%)    run_libero_eval.py:238

100%|██████████| 5/5 [00:58<00:00, 10.27s/it][A100%|██████████| 5/5 [00:58<00:00, 11.67s/it]
                 INFO     | >> Current task success rate: run_libero_eval.py:238
                          0.6                                                   
                 INFO     | >> Current total success      run_libero_eval.py:238
                          rate: 0.7666666666666667                              
 60%|██████    | 6/10 [05:35<03:45, 56.35s/it]                 INFO     | >> Using default initial      run_libero_eval.py:238
                          states                                                

  0%|          | 0/5 [00:00<?, ?it/s][A09/24 [12:46:34] INFO     | >>                            run_libero_eval.py:238
                          Task: pick up the black bowl                          
                          next to the cookie box and                            
                          place it on the plate                                 
                 INFO     | >> Starting episode 1...      run_libero_eval.py:238
                 INFO     | >> EPISODE_MANIFEST           run_libero_eval.py:238
                          {"env_seed": 1376862275,                              
                          "init_state_dtype": "float64",                        
                          "init_state_index": 10,                               
                          "init_state_sha256":                                  
                          "eaf7293a6bf87fbf51f658f8b9f304                       
                          1bb271b943e2b32b84852f939acb653                       
                          f15", "init_state_shape": [92],                       
                          "model_seed": 90998460,                               
                          "protocol": "paired",                                 
                          "task_id": 6}                                         
Saved rollout MP4 at path ./rollouts/2026_09_24/2026_09_24-12_40_27--openvla_oft--episode=31--success=True--task=pick_up_the_black_bowl_next_to_the_cookie_box_and_.mp4
09/24 [12:46:44] INFO     | >> Success: True              run_libero_eval.py:238
                 INFO     | >> # episodes completed so    run_libero_eval.py:238
                          far: 31                                               
                 INFO     | >> # successes: 24 (77.4%)    run_libero_eval.py:238

 20%|██        | 1/5 [00:09<00:36,  9.17s/it][A                 INFO     | >>                            run_libero_eval.py:238
                          Task: pick up the black bowl                          
                          next to the cookie box and                            
                          place it on the plate                                 
                 INFO     | >> Starting episode 2...      run_libero_eval.py:238
                 INFO     | >> EPISODE_MANIFEST           run_libero_eval.py:238
                          {"env_seed": 3810235033,                              
                          "init_state_dtype": "float64",                        
                          "init_state_index": 11,                               
                          "init_state_sha256":                                  
                          "086d92098f70b4304ee849a551a884                       
                          1bc5540af72329890224b8c9d7eb426                       
                          9aa", "init_state_shape": [92],                       
                          "model_seed": 3224610980,                             
                          "protocol": "paired",                                 
                          "task_id": 6}                                         
Saved rollout MP4 at path ./rollouts/2026_09_24/2026_09_24-12_40_27--openvla_oft--episode=32--success=True--task=pick_up_the_black_bowl_next_to_the_cookie_box_and_.mp4
09/24 [12:46:53] INFO     | >> Success: True              run_libero_eval.py:238
                 INFO     | >> # episodes completed so    run_libero_eval.py:238
                          far: 32                                               
                 INFO     | >> # successes: 25 (78.1%)    run_libero_eval.py:238

 40%|████      | 2/5 [00:18<00:27,  9.16s/it][A                 INFO     | >>                            run_libero_eval.py:238
                          Task: pick up the black bowl                          
                          next to the cookie box and                            
                          place it on the plate                                 
                 INFO     | >> Starting episode 3...      run_libero_eval.py:238
                 INFO     | >> EPISODE_MANIFEST           run_libero_eval.py:238
                          {"env_seed": 2225701122,                              
                          "init_state_dtype": "float64",                        
                          "init_state_index": 12,                               
                          "init_state_sha256":                                  
                          "6d69d364b3ba6a780de6a6b553be10                       
                          2a7076031abb03b27e25d10867efcaa                       
                          40a", "init_state_shape": [92],                       
                          "model_seed": 1730676684,                             
                          "protocol": "paired",                                 
                          "task_id": 6}                                         
Saved rollout MP4 at path ./rollouts/2026_09_24/2026_09_24-12_40_27--openvla_oft--episode=33--success=True--task=pick_up_the_black_bowl_next_to_the_cookie_box_and_.mp4
09/24 [12:47:02] INFO     | >> Success: True              run_libero_eval.py:238
                 INFO     | >> # episodes completed so    run_libero_eval.py:238
                          far: 33                                               
                 INFO     | >> # successes: 26 (78.8%)    run_libero_eval.py:238

 60%|██████    | 3/5 [00:27<00:18,  9.12s/it][A                 INFO     | >>                            run_libero_eval.py:238
                          Task: pick up the black bowl                          
                          next to the cookie box and                            
                          place it on the plate                                 
                 INFO     | >> Starting episode 4...      run_libero_eval.py:238
                 INFO     | >> EPISODE_MANIFEST           run_libero_eval.py:238
                          {"env_seed": 1252869262,                              
                          "init_state_dtype": "float64",                        
                          "init_state_index": 13,                               
                          "init_state_sha256":                                  
                          "5b5f5be6756670be320c90d8ddc74a                       
                          90debb4c433c896028bac1169196d00                       
                          f26", "init_state_shape": [92],                       
                          "model_seed": 948762575,                              
                          "protocol": "paired",                                 
                          "task_id": 6}                                         
Saved rollout MP4 at path ./rollouts/2026_09_24/2026_09_24-12_40_27--openvla_oft--episode=34--success=True--task=pick_up_the_black_bowl_next_to_the_cookie_box_and_.mp4
09/24 [12:47:11] INFO     | >> Success: True              run_libero_eval.py:238
                 INFO     | >> # episodes completed so    run_libero_eval.py:238
                          far: 34                                               
                 INFO     | >> # successes: 27 (79.4%)    run_libero_eval.py:238

 80%|████████  | 4/5 [00:36<00:09,  9.06s/it][A                 INFO     | >>                            run_libero_eval.py:238
                          Task: pick up the black bowl                          
                          next to the cookie box and                            
                          place it on the plate                                 
                 INFO     | >> Starting episode 5...      run_libero_eval.py:238
                 INFO     | >> EPISODE_MANIFEST           run_libero_eval.py:238
                          {"env_seed": 1420580096,                              
                          "init_state_dtype": "float64",                        
                          "init_state_index": 14,                               
                          "init_state_sha256":                                  
                          "42f14bceb4a4442495e345b5e2cae5                       
                          a449eaa30105c546c8349a09bbba379                       
                          d34", "init_state_shape": [92],                       
                          "model_seed": 3970509889,                             
                          "protocol": "paired",                                 
                          "task_id": 6}                                         
Saved rollout MP4 at path ./rollouts/2026_09_24/2026_09_24-12_40_27--openvla_oft--episode=35--success=True--task=pick_up_the_black_bowl_next_to_the_cookie_box_and_.mp4
09/24 [12:47:20] INFO     | >> Success: True              run_libero_eval.py:238
                 INFO     | >> # episodes completed so    run_libero_eval.py:238
                          far: 35                                               
                 INFO     | >> # successes: 28 (80.0%)    run_libero_eval.py:238

100%|██████████| 5/5 [00:45<00:00,  9.07s/it][A100%|██████████| 5/5 [00:45<00:00,  9.09s/it]
                 INFO     | >> Current task success rate: run_libero_eval.py:238
                          1.0                                                   
                 INFO     | >> Current total success      run_libero_eval.py:238
                          rate: 0.8                                             
 70%|███████   | 7/10 [06:24<02:41, 53.91s/it]                 INFO     | >> Using default initial      run_libero_eval.py:238
                          states                                                

  0%|          | 0/5 [00:00<?, ?it/s][A09/24 [12:47:23] INFO     | >>                            run_libero_eval.py:238
                          Task: pick up the black bowl on                       
                          the stove and place it on the                         
                          plate                                                 
                 INFO     | >> Starting episode 1...      run_libero_eval.py:238
                 INFO     | >> EPISODE_MANIFEST           run_libero_eval.py:238
                          {"env_seed": 474105403,                               
                          "init_state_dtype": "float64",                        
                          "init_state_index": 10,                               
                          "init_state_sha256":                                  
                          "134b79de0703478113dd0dcff51a78                       
                          fc95723a65f5bc0ace2fea3a4b42970                       
                          6ce", "init_state_shape": [92],                       
                          "model_seed": 3723604219,                             
                          "protocol": "paired",                                 
                          "task_id": 7}                                         
Saved rollout MP4 at path ./rollouts/2026_09_24/2026_09_24-12_40_27--openvla_oft--episode=36--success=False--task=pick_up_the_black_bowl_on_the_stove_and_place_it_o.mp4
09/24 [12:47:39] INFO     | >> Success: False             run_libero_eval.py:238
                 INFO     | >> # episodes completed so    run_libero_eval.py:238
                          far: 36                                               
                 INFO     | >> # successes: 28 (77.8%)    run_libero_eval.py:238

 20%|██        | 1/5 [00:15<01:01, 15.39s/it][A                 INFO     | >>                            run_libero_eval.py:238
                          Task: pick up the black bowl on                       
                          the stove and place it on the                         
                          plate                                                 
                 INFO     | >> Starting episode 2...      run_libero_eval.py:238
                 INFO     | >> EPISODE_MANIFEST           run_libero_eval.py:238
                          {"env_seed": 2739635432,                              
                          "init_state_dtype": "float64",                        
                          "init_state_index": 11,                               
                          "init_state_sha256":                                  
                          "86e1a1699c62958a3e3fe25e7f8a59                       
                          8cd67698b05f68e4c44d5ccfe3a34d2                       
                          415", "init_state_shape": [92],                       
                          "model_seed": 2937720409,                             
                          "protocol": "paired",                                 
                          "task_id": 7}                                         
Saved rollout MP4 at path ./rollouts/2026_09_24/2026_09_24-12_40_27--openvla_oft--episode=37--success=True--task=pick_up_the_black_bowl_on_the_stove_and_place_it_o.mp4
09/24 [12:47:49] INFO     | >> Success: True              run_libero_eval.py:238
                 INFO     | >> # episodes completed so    run_libero_eval.py:238
                          far: 37                                               
                 INFO     | >> # successes: 29 (78.4%)    run_libero_eval.py:238

 40%|████      | 2/5 [00:25<00:37, 12.41s/it][A                 INFO     | >>                            run_libero_eval.py:238
                          Task: pick up the black bowl on                       
                          the stove and place it on the                         
                          plate                                                 
                 INFO     | >> Starting episode 3...      run_libero_eval.py:238
                 INFO     | >> EPISODE_MANIFEST           run_libero_eval.py:238
                          {"env_seed": 48631512,                                
                          "init_state_dtype": "float64",                        
                          "init_state_index": 12,                               
                          "init_state_sha256":                                  
                          "da8243989fd7207ad4188c0b956659                       
                          84656070c8d5f5c8fe7450de83d3db9                       
                          467", "init_state_shape": [92],                       
                          "model_seed": 4106591835,                             
                          "protocol": "paired",                                 
                          "task_id": 7}                                         
Saved rollout MP4 at path ./rollouts/2026_09_24/2026_09_24-12_40_27--openvla_oft--episode=38--success=True--task=pick_up_the_black_bowl_on_the_stove_and_place_it_o.mp4
09/24 [12:47:59] INFO     | >> Success: True              run_libero_eval.py:238
                 INFO     | >> # episodes completed so    run_libero_eval.py:238
                          far: 38                                               
                 INFO     | >> # successes: 30 (78.9%)    run_libero_eval.py:238

 60%|██████    | 3/5 [00:35<00:22, 11.38s/it][A                 INFO     | >>                            run_libero_eval.py:238
                          Task: pick up the black bowl on                       
                          the stove and place it on the                         
                          plate                                                 
                 INFO     | >> Starting episode 4...      run_libero_eval.py:238
                 INFO     | >> EPISODE_MANIFEST           run_libero_eval.py:238
                          {"env_seed": 1578249781,                              
                          "init_state_dtype": "float64",                        
                          "init_state_index": 13,                               
                          "init_state_sha256":                                  
                          "97cdc22f59d8f3ca1195ffe3005c25                       
                          7478fa743b2edc7427950718b01381a                       
                          7ae", "init_state_shape": [92],                       
                          "model_seed": 3838608503,                             
                          "protocol": "paired",                                 
                          "task_id": 7}                                         
Saved rollout MP4 at path ./rollouts/2026_09_24/2026_09_24-12_40_27--openvla_oft--episode=39--success=True--task=pick_up_the_black_bowl_on_the_stove_and_place_it_o.mp4
09/24 [12:48:09] INFO     | >> Success: True              run_libero_eval.py:238
                 INFO     | >> # episodes completed so    run_libero_eval.py:238
                          far: 39                                               
                 INFO     | >> # successes: 31 (79.5%)    run_libero_eval.py:238

 80%|████████  | 4/5 [00:46<00:10, 10.90s/it][A                 INFO     | >>                            run_libero_eval.py:238
                          Task: pick up the black bowl on                       
                          the stove and place it on the                         
                          plate                                                 
                 INFO     | >> Starting episode 5...      run_libero_eval.py:238
                 INFO     | >> EPISODE_MANIFEST           run_libero_eval.py:238
                          {"env_seed": 4224321642,                              
                          "init_state_dtype": "float64",                        
                          "init_state_index": 14,                               
                          "init_state_sha256":                                  
                          "ab04f435365a442c36f1fcfaf55412                       
                          b385fb16192a1abca51fc22276b8f81                       
                          f71", "init_state_shape": [92],                       
                          "model_seed": 1939103098,                             
                          "protocol": "paired",                                 
                          "task_id": 7}                                         
Saved rollout MP4 at path ./rollouts/2026_09_24/2026_09_24-12_40_27--openvla_oft--episode=40--success=True--task=pick_up_the_black_bowl_on_the_stove_and_place_it_o.mp4
09/24 [12:48:19] INFO     | >> Success: True              run_libero_eval.py:238
                 INFO     | >> # episodes completed so    run_libero_eval.py:238
                          far: 40                                               
                 INFO     | >> # successes: 32 (80.0%)    run_libero_eval.py:238

100%|██████████| 5/5 [00:55<00:00, 10.48s/it][A100%|██████████| 5/5 [00:55<00:00, 11.16s/it]
                 INFO     | >> Current task success rate: run_libero_eval.py:238
                          0.8                                                   
                 INFO     | >> Current total success      run_libero_eval.py:238
                          rate: 0.8                                             
 80%|████████  | 8/10 [07:23<01:51, 55.58s/it]                 INFO     | >> Using default initial      run_libero_eval.py:238
                          states                                                

  0%|          | 0/5 [00:00<?, ?it/s][A09/24 [12:48:22] INFO     | >>                            run_libero_eval.py:238
                          Task: pick up the black bowl                          
                          next to the plate and place it                        
                          on the plate                                          
                 INFO     | >> Starting episode 1...      run_libero_eval.py:238
                 INFO     | >> EPISODE_MANIFEST           run_libero_eval.py:238
                          {"env_seed": 3333673379,                              
                          "init_state_dtype": "float64",                        
                          "init_state_index": 10,                               
                          "init_state_sha256":                                  
                          "e6f05a53e5845b0332df031c9505cd                       
                          9fbe0ab7eb64c29fb9da4952f280441                       
                          48c", "init_state_shape": [92],                       
                          "model_seed": 3256588049,                             
                          "protocol": "paired",                                 
                          "task_id": 8}                                         
Saved rollout MP4 at path ./rollouts/2026_09_24/2026_09_24-12_40_27--openvla_oft--episode=41--success=True--task=pick_up_the_black_bowl_next_to_the_plate_and_place.mp4
09/24 [12:48:30] INFO     | >> Success: True              run_libero_eval.py:238
                 INFO     | >> # episodes completed so    run_libero_eval.py:238
                          far: 41                                               
                 INFO     | >> # successes: 33 (80.5%)    run_libero_eval.py:238

 20%|██        | 1/5 [00:08<00:32,  8.02s/it][A                 INFO     | >>                            run_libero_eval.py:238
                          Task: pick up the black bowl                          
                          next to the plate and place it                        
                          on the plate                                          
                 INFO     | >> Starting episode 2...      run_libero_eval.py:238
                 INFO     | >> EPISODE_MANIFEST           run_libero_eval.py:238
                          {"env_seed": 1254250806,                              
                          "init_state_dtype": "float64",                        
                          "init_state_index": 11,                               
                          "init_state_sha256":                                  
                          "a4bd8a6e1ff1837fb1e9464878301e                       
                          0bb49cc600be2e261e5a749dcd572bb                       
                          4aa", "init_state_shape": [92],                       
                          "model_seed": 2671992869,                             
                          "protocol": "paired",                                 
                          "task_id": 8}                                         
Saved rollout MP4 at path ./rollouts/2026_09_24/2026_09_24-12_40_27--openvla_oft--episode=42--success=True--task=pick_up_the_black_bowl_next_to_the_plate_and_place.mp4
09/24 [12:48:39] INFO     | >> Success: True              run_libero_eval.py:238
                 INFO     | >> # episodes completed so    run_libero_eval.py:238
                          far: 42                                               
                 INFO     | >> # successes: 34 (81.0%)    run_libero_eval.py:238

 40%|████      | 2/5 [00:16<00:24,  8.30s/it][A                 INFO     | >>                            run_libero_eval.py:238
                          Task: pick up the black bowl                          
                          next to the plate and place it                        
                          on the plate                                          
                 INFO     | >> Starting episode 3...      run_libero_eval.py:238
                 INFO     | >> EPISODE_MANIFEST           run_libero_eval.py:238
                          {"env_seed": 1834286833,                              
                          "init_state_dtype": "float64",                        
                          "init_state_index": 12,                               
                          "init_state_sha256":                                  
                          "22d3ac1a1c779c4a9f8249421bbe58                       
                          f887c47cb7f7dd8302409066bf3074f                       
                          628", "init_state_shape": [92],                       
                          "model_seed": 3777975822,                             
                          "protocol": "paired",                                 
                          "task_id": 8}                                         
Saved rollout MP4 at path ./rollouts/2026_09_24/2026_09_24-12_40_27--openvla_oft--episode=43--success=True--task=pick_up_the_black_bowl_next_to_the_plate_and_place.mp4
09/24 [12:48:47] INFO     | >> Success: True              run_libero_eval.py:238
                 INFO     | >> # episodes completed so    run_libero_eval.py:238
                          far: 43                                               
                 INFO     | >> # successes: 35 (81.4%)    run_libero_eval.py:238

 60%|██████    | 3/5 [00:25<00:16,  8.43s/it][A                 INFO     | >>                            run_libero_eval.py:238
                          Task: pick up the black bowl                          
                          next to the plate and place it                        
                          on the plate                                          
                 INFO     | >> Starting episode 4...      run_libero_eval.py:238
                 INFO     | >> EPISODE_MANIFEST           run_libero_eval.py:238
                          {"env_seed": 593177407,                               
                          "init_state_dtype": "float64",                        
                          "init_state_index": 13,                               
                          "init_state_sha256":                                  
                          "2398199a160896a8388fc8bf236829                       
                          b9b45f4b05af5c9fc4b30d1fcdbfc46                       
                          b20", "init_state_shape": [92],                       
                          "model_seed": 1911258691,                             
                          "protocol": "paired",                                 
                          "task_id": 8}                                         
Saved rollout MP4 at path ./rollouts/2026_09_24/2026_09_24-12_40_27--openvla_oft--episode=44--success=True--task=pick_up_the_black_bowl_next_to_the_plate_and_place.mp4
09/24 [12:48:56] INFO     | >> Success: True              run_libero_eval.py:238
                 INFO     | >> # episodes completed so    run_libero_eval.py:238
                          far: 44                                               
                 INFO     | >> # successes: 36 (81.8%)    run_libero_eval.py:238

 80%|████████  | 4/5 [00:33<00:08,  8.36s/it][A                 INFO     | >>                            run_libero_eval.py:238
                          Task: pick up the black bowl                          
                          next to the plate and place it                        
                          on the plate                                          
                 INFO     | >> Starting episode 5...      run_libero_eval.py:238
                 INFO     | >> EPISODE_MANIFEST           run_libero_eval.py:238
                          {"env_seed": 3327769094,                              
                          "init_state_dtype": "float64",                        
                          "init_state_index": 14,                               
                          "init_state_sha256":                                  
                          "249d796cf13fea915ea0930c2cb94f                       
                          5a4cccc0341be5758ea6cc64bf13693                       
                          6a0", "init_state_shape": [92],                       
                          "model_seed": 3778379061,                             
                          "protocol": "paired",                                 
                          "task_id": 8}                                         
Saved rollout MP4 at path ./rollouts/2026_09_24/2026_09_24-12_40_27--openvla_oft--episode=45--success=True--task=pick_up_the_black_bowl_next_to_the_plate_and_place.mp4
09/24 [12:49:04] INFO     | >> Success: True              run_libero_eval.py:238
                 INFO     | >> # episodes completed so    run_libero_eval.py:238
                          far: 45                                               
                 INFO     | >> # successes: 37 (82.2%)    run_libero_eval.py:238

100%|██████████| 5/5 [00:41<00:00,  8.34s/it][A100%|██████████| 5/5 [00:41<00:00,  8.33s/it]
                 INFO     | >> Current task success rate: run_libero_eval.py:238
                          1.0                                                   
                 INFO     | >> Current total success      run_libero_eval.py:238
                          rate: 0.8222222222222222                              
 90%|█████████ | 9/10 [08:08<00:52, 52.27s/it]                 INFO     | >> Using default initial      run_libero_eval.py:238
                          states                                                

  0%|          | 0/5 [00:00<?, ?it/s][A09/24 [12:49:07] INFO     | >>                            run_libero_eval.py:238
                          Task: pick up the black bowl on                       
                          the wooden cabinet and place it                       
                          on the plate                                          
                 INFO     | >> Starting episode 1...      run_libero_eval.py:238
                 INFO     | >> EPISODE_MANIFEST           run_libero_eval.py:238
                          {"env_seed": 3929609263,                              
                          "init_state_dtype": "float64",                        
                          "init_state_index": 10,                               
                          "init_state_sha256":                                  
                          "40079500b684bdfbb3f25d84d83bfe                       
                          317f80795775b599d07f1cc36aea830                       
                          616", "init_state_shape": [92],                       
                          "model_seed": 2728615080,                             
                          "protocol": "paired",                                 
                          "task_id": 9}                                         
Saved rollout MP4 at path ./rollouts/2026_09_24/2026_09_24-12_40_27--openvla_oft--episode=46--success=True--task=pick_up_the_black_bowl_on_the_wooden_cabinet_and_p.mp4
09/24 [12:49:17] INFO     | >> Success: True              run_libero_eval.py:238
                 INFO     | >> # episodes completed so    run_libero_eval.py:238
                          far: 46                                               
                 INFO     | >> # successes: 38 (82.6%)    run_libero_eval.py:238

 20%|██        | 1/5 [00:09<00:37,  9.44s/it][A                 INFO     | >>                            run_libero_eval.py:238
                          Task: pick up the black bowl on                       
                          the wooden cabinet and place it                       
                          on the plate                                          
                 INFO     | >> Starting episode 2...      run_libero_eval.py:238
                 INFO     | >> EPISODE_MANIFEST           run_libero_eval.py:238
                          {"env_seed": 2915452792,                              
                          "init_state_dtype": "float64",                        
                          "init_state_index": 11,                               
                          "init_state_sha256":                                  
                          "f65cf8d853b7dde7059cf39b95312d                       
                          dcb8a7348644a4ab69349cc52091c8c                       
                          f08", "init_state_shape": [92],                       
                          "model_seed": 3640358633,                             
                          "protocol": "paired",                                 
                          "task_id": 9}                                         
Saved rollout MP4 at path ./rollouts/2026_09_24/2026_09_24-12_40_27--openvla_oft--episode=47--success=True--task=pick_up_the_black_bowl_on_the_wooden_cabinet_and_p.mp4
09/24 [12:49:27] INFO     | >> Success: True              run_libero_eval.py:238
                 INFO     | >> # episodes completed so    run_libero_eval.py:238
                          far: 47                                               
                 INFO     | >> # successes: 39 (83.0%)    run_libero_eval.py:238

 40%|████      | 2/5 [00:19<00:29,  9.69s/it][A                 INFO     | >>                            run_libero_eval.py:238
                          Task: pick up the black bowl on                       
                          the wooden cabinet and place it                       
                          on the plate                                          
                 INFO     | >> Starting episode 3...      run_libero_eval.py:238
                 INFO     | >> EPISODE_MANIFEST           run_libero_eval.py:238
                          {"env_seed": 2831503876,                              
                          "init_state_dtype": "float64",                        
                          "init_state_index": 12,                               
                          "init_state_sha256":                                  
                          "13ce745b9607f6b8d98864b6ac40c2                       
                          d526fd7ddd64cd912a00dfacc4214b2                       
                          8b0", "init_state_shape": [92],                       
                          "model_seed": 2036743087,                             
                          "protocol": "paired",                                 
                          "task_id": 9}                                         
Saved rollout MP4 at path ./rollouts/2026_09_24/2026_09_24-12_40_27--openvla_oft--episode=48--success=True--task=pick_up_the_black_bowl_on_the_wooden_cabinet_and_p.mp4
09/24 [12:49:37] INFO     | >> Success: True              run_libero_eval.py:238
                 INFO     | >> # episodes completed so    run_libero_eval.py:238
                          far: 48                                               
                 INFO     | >> # successes: 40 (83.3%)    run_libero_eval.py:238

 60%|██████    | 3/5 [00:29<00:19,  9.86s/it][A                 INFO     | >>                            run_libero_eval.py:238
                          Task: pick up the black bowl on                       
                          the wooden cabinet and place it                       
                          on the plate                                          
                 INFO     | >> Starting episode 4...      run_libero_eval.py:238
                 INFO     | >> EPISODE_MANIFEST           run_libero_eval.py:238
                          {"env_seed": 719444467,                               
                          "init_state_dtype": "float64",                        
                          "init_state_index": 13,                               
                          "init_state_sha256":                                  
                          "ed9093014c75f523152e1e046dce0f                       
                          928a134b4a56288ebd3979ac38e1034                       
                          bca", "init_state_shape": [92],                       
                          "model_seed": 3537217315,                             
                          "protocol": "paired",                                 
                          "task_id": 9}                                         
Saved rollout MP4 at path ./rollouts/2026_09_24/2026_09_24-12_40_27--openvla_oft--episode=49--success=True--task=pick_up_the_black_bowl_on_the_wooden_cabinet_and_p.mp4
09/24 [12:49:47] INFO     | >> Success: True              run_libero_eval.py:238
                 INFO     | >> # episodes completed so    run_libero_eval.py:238
                          far: 49                                               
                 INFO     | >> # successes: 41 (83.7%)    run_libero_eval.py:238

 80%|████████  | 4/5 [00:39<00:09,  9.95s/it][A                 INFO     | >>                            run_libero_eval.py:238
                          Task: pick up the black bowl on                       
                          the wooden cabinet and place it                       
                          on the plate                                          
                 INFO     | >> Starting episode 5...      run_libero_eval.py:238
                 INFO     | >> EPISODE_MANIFEST           run_libero_eval.py:238
                          {"env_seed": 3107928531,                              
                          "init_state_dtype": "float64",                        
                          "init_state_index": 14,                               
                          "init_state_sha256":                                  
                          "ea57df2d58f867c189b2f0bd2b5eac                       
                          2e2402ada4f3082dd0233f33d5109c2                       
                          3dc", "init_state_shape": [92],                       
                          "model_seed": 1216034687,                             
                          "protocol": "paired",                                 
                          "task_id": 9}                                         
Saved rollout MP4 at path ./rollouts/2026_09_24/2026_09_24-12_40_27--openvla_oft--episode=50--success=True--task=pick_up_the_black_bowl_on_the_wooden_cabinet_and_p.mp4
09/24 [12:49:57] INFO     | >> Success: True              run_libero_eval.py:238
                 INFO     | >> # episodes completed so    run_libero_eval.py:238
                          far: 50                                               
                 INFO     | >> # successes: 42 (84.0%)    run_libero_eval.py:238

100%|██████████| 5/5 [00:49<00:00, 10.09s/it][A100%|██████████| 5/5 [00:49<00:00,  9.96s/it]
                 INFO     | >> Current task success rate: run_libero_eval.py:238
                          1.0                                                   
                 INFO     | >> Current total success      run_libero_eval.py:238
                          rate: 0.84                                            
100%|██████████| 10/10 [09:01<00:00, 52.53s/it]100%|██████████| 10/10 [09:01<00:00, 54.17s/it]
                 INFO     | >> Final results:             run_libero_eval.py:238
                 INFO     | >> Total episodes: 50         run_libero_eval.py:238
                 INFO     | >> Total successes: 42        run_libero_eval.py:238
                 INFO     | >> Overall success rate:      run_libero_eval.py:238
                          0.8400 (84.0%)                                        
