task_id,init_state_index,init_state_sha256,model_seed,env_seed,bf16_success,candidate_success,candidate_episode_errors,reference_episode_errors,reference_shard,case,source_shard
0,5,c9c2f8022034e9a0705daab34a7f5bf9947ac939dfc5cf5a0ab493a377028a02,4110909047,2920509582,True,True,[],[],/root/autodl-tmp/qvla-repro/eval/awq-baseline-shard-05-14-20260917-121652-1344,language-w2-g64-no-clip-attention,awq-scope-shard-language-w2-g64-no-clip-attention-05-09-20260918-021705-78936
0,6,784dba596f01025199c62c3e262748c68f1f3b6ff92df2fd36aab8b5263bc0ce,3154189564,90430444,True,False,[],[],/root/autodl-tmp/qvla-repro/eval/awq-baseline-shard-05-14-20260917-121652-1344,language-w2-g64-no-clip-attention,awq-scope-shard-language-w2-g64-no-clip-attention-05-09-20260918-021705-78936
0,7,d297dd693cb3e13a607d16f211730e28c50b463f597f066ef2a424a8a036186c,3181712472,2593257767,True,True,[],[],/root/autodl-tmp/qvla-repro/eval/awq-baseline-shard-05-14-20260917-121652-1344,language-w2-g64-no-clip-attention,awq-scope-shard-language-w2-g64-no-clip-attention-05-09-20260918-021705-78936
0,8,3f628d77bb395ff9ff2b248e18e5dea19d9b1103ed48b55df4eafa29188bd9f0,441765833,3459110301,True,True,[],[],/root/autodl-tmp/qvla-repro/eval/awq-baseline-shard-05-14-20260917-121652-1344,language-w2-g64-no-clip-attention,awq-scope-shard-language-w2-g64-no-clip-attention-05-09-20260918-021705-78936
0,9,6ccefe4bd69954c98ddc32f1acdcff81b5a66ed4304391089bbc027172b66d64,1987439733,3221137945,True,False,[],[],/root/autodl-tmp/qvla-repro/eval/awq-baseline-shard-05-14-20260917-121652-1344,language-w2-g64-no-clip-attention,awq-scope-shard-language-w2-g64-no-clip-attention-05-09-20260918-021705-78936
1,5,d0345028d24b7dda175db33c7eb0e5c1d4df2fdf5620c51dd3641fdc77750964,2466788813,2720709901,True,False,[],[],/root/autodl-tmp/qvla-repro/eval/awq-baseline-shard-05-14-20260917-121652-1344,language-w2-g64-no-clip-attention,awq-scope-shard-language-w2-g64-no-clip-attention-05-09-20260918-021705-78936
1,6,74548b977713394a062b37d064eb857cc795b1dd9e3dd6f72236514b2f85404c,2663980325,1980140999,True,True,[],[],/root/autodl-tmp/qvla-repro/eval/awq-baseline-shard-05-14-20260917-121652-1344,language-w2-g64-no-clip-attention,awq-scope-shard-language-w2-g64-no-clip-attention-05-09-20260918-021705-78936
1,7,a45364f84a9e141a83181828fb6b8fb37a162e7e85d8636fa891064717f1f95e,1895985625,355043717,True,False,[],[],/root/autodl-tmp/qvla-repro/eval/awq-baseline-shard-05-14-20260917-121652-1344,language-w2-g64-no-clip-attention,awq-scope-shard-language-w2-g64-no-clip-attention-05-09-20260918-021705-78936
1,8,dec62b7a7f186620b39af37c3354071d3b720a7c93e5de1ca14e54f28bc76d41,751507276,4285867666,True,True,[],[],/root/autodl-tmp/qvla-repro/eval/awq-baseline-shard-05-14-20260917-121652-1344,language-w2-g64-no-clip-attention,awq-scope-shard-language-w2-g64-no-clip-attention-05-09-20260918-021705-78936
1,9,4c98afd093bda011d941abba6e2d53d57d3b258fe56cfdfbc4dc74d50260f9ae,2609141265,307292723,True,False,[],[],/root/autodl-tmp/qvla-repro/eval/awq-baseline-shard-05-14-20260917-121652-1344,language-w2-g64-no-clip-attention,awq-scope-shard-language-w2-g64-no-clip-attention-05-09-20260918-021705-78936
2,5,244227d010ee2b731b1226316f6f51ddc0b589941068f68e88e7778eabf2e302,550830392,1320153655,True,True,[],[],/root/autodl-tmp/qvla-repro/eval/awq-baseline-shard-05-14-20260917-121652-1344,language-w2-g64-no-clip-attention,awq-scope-shard-language-w2-g64-no-clip-attention-05-09-20260918-021705-78936
2,6,015663b2e58bace14677f65f8871f622d3c7c24fb3938114fbacaa91ff56d38b,2606276245,3154410349,True,False,[],[],/root/autodl-tmp/qvla-repro/eval/awq-baseline-shard-05-14-20260917-121652-1344,language-w2-g64-no-clip-attention,awq-scope-shard-language-w2-g64-no-clip-attention-05-09-20260918-021705-78936
2,7,3e05dba60bf1a41c0bc853e8480cee4f4a7c58fc86ae62cec40fdc9e5f61cbe0,1923587010,3995789380,True,True,[],[],/root/autodl-tmp/qvla-repro/eval/awq-baseline-shard-05-14-20260917-121652-1344,language-w2-g64-no-clip-attention,awq-scope-shard-language-w2-g64-no-clip-attention-05-09-20260918-021705-78936
2,8,10d28a829243d7c83db659e2c66233f7bee106f22cfe5b2261f9f9831ebac708,344153472,1352003176,True,True,[],[],/root/autodl-tmp/qvla-repro/eval/awq-baseline-shard-05-14-20260917-121652-1344,language-w2-g64-no-clip-attention,awq-scope-shard-language-w2-g64-no-clip-attention-05-09-20260918-021705-78936
2,9,864819f19088c1c5f38f9b06923ccebd4818892a4bb231cedc71b892d2a2bc67,1165687323,706024588,True,True,[],[],/root/autodl-tmp/qvla-repro/eval/awq-baseline-shard-05-14-20260917-121652-1344,language-w2-g64-no-clip-attention,awq-scope-shard-language-w2-g64-no-clip-attention-05-09-20260918-021705-78936
3,5,6dac57dbcf0ffc62ca6a37b1334c61683200e4b3e944c2de2eb98563b1c6df56,3527698013,3987898825,True,True,[],[],/root/autodl-tmp/qvla-repro/eval/awq-baseline-shard-05-14-20260917-121652-1344,language-w2-g64-no-clip-attention,awq-scope-shard-language-w2-g64-no-clip-attention-05-09-20260918-021705-78936
3,6,cc809ea238ea9d71bcd0fa683f60c51f7d2a3864963da43149e4df35d0eed85f,2357097212,748821386,True,True,[],[],/root/autodl-tmp/qvla-repro/eval/awq-baseline-shard-05-14-20260917-121652-1344,language-w2-g64-no-clip-attention,awq-scope-shard-language-w2-g64-no-clip-attention-05-09-20260918-021705-78936
3,7,b58022b980ae6497859d4ad985cfa89b16832f4c7f82cd2abb8b03cb2e0f6119,2057051480,3351635119,True,True,[],[],/root/autodl-tmp/qvla-repro/eval/awq-baseline-shard-05-14-20260917-121652-1344,language-w2-g64-no-clip-attention,awq-scope-shard-language-w2-g64-no-clip-attention-05-09-20260918-021705-78936
3,8,7d5f3b9821665f85bbf943b1da3fa03d53b694bc8751b4503a39a7351734f89b,3041705555,1502850896,True,True,[],[],/root/autodl-tmp/qvla-repro/eval/awq-baseline-shard-05-14-20260917-121652-1344,language-w2-g64-no-clip-attention,awq-scope-shard-language-w2-g64-no-clip-attention-05-09-20260918-021705-78936
3,9,d60041b13e4f125b32f1d55912b939701a3ddfc2815acb15484be856e2943dae,1571737591,4002874428,True,True,[],[],/root/autodl-tmp/qvla-repro/eval/awq-baseline-shard-05-14-20260917-121652-1344,language-w2-g64-no-clip-attention,awq-scope-shard-language-w2-g64-no-clip-attention-05-09-20260918-021705-78936
4,5,b87346216738a7ce42130dcd154c43380035d684b66a383eaa412aa7d7295b7c,837752708,3540813242,True,True,[],[],/root/autodl-tmp/qvla-repro/eval/awq-baseline-shard-05-14-20260917-121652-1344,language-w2-g64-no-clip-attention,awq-scope-shard-language-w2-g64-no-clip-attention-05-09-20260918-021705-78936
4,6,58efbae8fa8cdf03edfa2542dbbda4caf806bdf5268b8320a00f1549b00bec95,2961343796,3714354992,True,True,[],[],/root/autodl-tmp/qvla-repro/eval/awq-baseline-shard-05-14-20260917-121652-1344,language-w2-g64-no-clip-attention,awq-scope-shard-language-w2-g64-no-clip-attention-05-09-20260918-021705-78936
4,7,f90125fb43ad6d5983af928adc76f7ad7520f2ce624dbd25bb45e1888a5a9e56,3730720358,98182254,True,False,[],[],/root/autodl-tmp/qvla-repro/eval/awq-baseline-shard-05-14-20260917-121652-1344,language-w2-g64-no-clip-attention,awq-scope-shard-language-w2-g64-no-clip-attention-05-09-20260918-021705-78936
4,8,2b61811f6b6a9a61b89a236fd0b30a5b10539a70b67c34209624cfdf52af4e5a,157600660,3891202893,True,True,[],[],/root/autodl-tmp/qvla-repro/eval/awq-baseline-shard-05-14-20260917-121652-1344,language-w2-g64-no-clip-attention,awq-scope-shard-language-w2-g64-no-clip-attention-05-09-20260918-021705-78936
4,9,6a71ea6e55326efc34ec666f301a018286ad06f19222511f0c3af44896801580,4112920766,372916700,True,True,[],[],/root/autodl-tmp/qvla-repro/eval/awq-baseline-shard-05-14-20260917-121652-1344,language-w2-g64-no-clip-attention,awq-scope-shard-language-w2-g64-no-clip-attention-05-09-20260918-021705-78936
5,5,8a66e26dcb5684fb06268d8558ec89cb48b496d3ba03c491d620ac3d37bba6ba,2704172120,195921136,True,False,[],[],/root/autodl-tmp/qvla-repro/eval/awq-baseline-shard-05-14-20260917-121652-1344,language-w2-g64-no-clip-attention,awq-scope-shard-language-w2-g64-no-clip-attention-05-09-20260918-021705-78936
5,6,a9b966c9cf9cc8d424d7ae20f2e72e57c828aef13f172c2643fa7f7d3b194181,1621750818,148153071,True,False,[],[],/root/autodl-tmp/qvla-repro/eval/awq-baseline-shard-05-14-20260917-121652-1344,language-w2-g64-no-clip-attention,awq-scope-shard-language-w2-g64-no-clip-attention-05-09-20260918-021705-78936
5,7,987aabd844775a9b57c09e65ce787dcc8b38ef6f8b0c5565dbd48c83ba6ced2f,1633783552,2581305755,True,True,[],[],/root/autodl-tmp/qvla-repro/eval/awq-baseline-shard-05-14-20260917-121652-1344,language-w2-g64-no-clip-attention,awq-scope-shard-language-w2-g64-no-clip-attention-05-09-20260918-021705-78936
5,8,d6c4a596a6f3f6e5bb1b2366f1a4598afaca8d263b0a4e50652479a1ee117ed7,3910483305,3545051791,True,False,[],[],/root/autodl-tmp/qvla-repro/eval/awq-baseline-shard-05-14-20260917-121652-1344,language-w2-g64-no-clip-attention,awq-scope-shard-language-w2-g64-no-clip-attention-05-09-20260918-021705-78936
5,9,b97e853cb653df09c54d36b06bd56c40dff4222ea2f6c4a01d6847e1a9b607eb,808358117,3492466183,True,True,[],[],/root/autodl-tmp/qvla-repro/eval/awq-baseline-shard-05-14-20260917-121652-1344,language-w2-g64-no-clip-attention,awq-scope-shard-language-w2-g64-no-clip-attention-05-09-20260918-021705-78936
6,5,5a499b730ad51bec1d7a79a787b43dd62eb4c99b34d13f92a74cafebf7b6f9de,2986975463,817051687,True,True,[],[],/root/autodl-tmp/qvla-repro/eval/awq-baseline-shard-05-14-20260917-121652-1344,language-w2-g64-no-clip-attention,awq-scope-shard-language-w2-g64-no-clip-attention-05-09-20260918-021705-78936
6,6,9fe1e2e5914a33d82379a012d69199ead3e5a7248d4ca37da81786863dbc643d,2837676184,3519949638,True,True,[],[],/root/autodl-tmp/qvla-repro/eval/awq-baseline-shard-05-14-20260917-121652-1344,language-w2-g64-no-clip-attention,awq-scope-shard-language-w2-g64-no-clip-attention-05-09-20260918-021705-78936
6,7,f0dc954a7059fa3185a63ea648be5fa5fac395b27f135e0771adc594f837b49c,2951695608,1179455625,True,True,[],[],/root/autodl-tmp/qvla-repro/eval/awq-baseline-shard-05-14-20260917-121652-1344,language-w2-g64-no-clip-attention,awq-scope-shard-language-w2-g64-no-clip-attention-05-09-20260918-021705-78936
6,8,949373f1f909d26e57ace693cadbd21aa658d89546cf2f4ded0fd3e17a4606ac,1618128254,3268505317,True,True,[],[],/root/autodl-tmp/qvla-repro/eval/awq-baseline-shard-05-14-20260917-121652-1344,language-w2-g64-no-clip-attention,awq-scope-shard-language-w2-g64-no-clip-attention-05-09-20260918-021705-78936
6,9,0ffc5da6f449cc4be5f2d6fbe4ea569c870e80a127d9aef2bced08e1407e4b5f,1310436415,1021821383,True,True,[],[],/root/autodl-tmp/qvla-repro/eval/awq-baseline-shard-05-14-20260917-121652-1344,language-w2-g64-no-clip-attention,awq-scope-shard-language-w2-g64-no-clip-attention-05-09-20260918-021705-78936
7,5,b887ede88d157e4e55c6c31aa79eec7ea0c950034f6111fd9f619c423469d483,3911580404,2755095330,True,False,[],[],/root/autodl-tmp/qvla-repro/eval/awq-baseline-shard-05-14-20260917-121652-1344,language-w2-g64-no-clip-attention,awq-scope-shard-language-w2-g64-no-clip-attention-05-09-20260918-021705-78936
7,6,583801d2f7fa2816c9b5a290cd4e954a88c7b5a43f9bc4c7735ba26633f7997d,34433123,1197697093,True,False,[],[],/root/autodl-tmp/qvla-repro/eval/awq-baseline-shard-05-14-20260917-121652-1344,language-w2-g64-no-clip-attention,awq-scope-shard-language-w2-g64-no-clip-attention-05-09-20260918-021705-78936
7,7,7a2ae9fdc7b6512f45182c6c1eb0605cfc023075e306c0c5909078fe235db309,370948222,1111197035,True,False,[],[],/root/autodl-tmp/qvla-repro/eval/awq-baseline-shard-05-14-20260917-121652-1344,language-w2-g64-no-clip-attention,awq-scope-shard-language-w2-g64-no-clip-attention-05-09-20260918-021705-78936
7,8,ab1daae4e2f98cfe102420e3659a5e9b27643619d8637f8985b729db38be5b54,2440714535,3113684588,True,False,[],[],/root/autodl-tmp/qvla-repro/eval/awq-baseline-shard-05-14-20260917-121652-1344,language-w2-g64-no-clip-attention,awq-scope-shard-language-w2-g64-no-clip-attention-05-09-20260918-021705-78936
7,9,546f905e8563676df7f13cf4071337c8e75b41ba50d997ad1732d0d666be50f5,115094259,25912323,True,False,[],[],/root/autodl-tmp/qvla-repro/eval/awq-baseline-shard-05-14-20260917-121652-1344,language-w2-g64-no-clip-attention,awq-scope-shard-language-w2-g64-no-clip-attention-05-09-20260918-021705-78936
8,5,6b4f91c1a15155e7f0a6ce3085bea10bef88c0cb5fa46526cf7115c56ca930e4,1579726468,1238714754,True,True,[],[],/root/autodl-tmp/qvla-repro/eval/awq-baseline-shard-05-14-20260917-121652-1344,language-w2-g64-no-clip-attention,awq-scope-shard-language-w2-g64-no-clip-attention-05-09-20260918-021705-78936
8,6,e6c8b330e200dfac047d69461946edfa16c7526af280af94e5f035ca3f04a88e,3920860468,311933947,True,True,[],[],/root/autodl-tmp/qvla-repro/eval/awq-baseline-shard-05-14-20260917-121652-1344,language-w2-g64-no-clip-attention,awq-scope-shard-language-w2-g64-no-clip-attention-05-09-20260918-021705-78936
8,7,b0c0e39e2152058d077abf5025369e5183dc4b393291a638d59a529c54de2a63,1872252116,1895236238,True,False,[],[],/root/autodl-tmp/qvla-repro/eval/awq-baseline-shard-05-14-20260917-121652-1344,language-w2-g64-no-clip-attention,awq-scope-shard-language-w2-g64-no-clip-attention-05-09-20260918-021705-78936
8,8,5cdf91438b981a12625fd10436771752a3d3a34bc99b3865800876064d71f6ac,3022301049,125097745,True,False,[],[],/root/autodl-tmp/qvla-repro/eval/awq-baseline-shard-05-14-20260917-121652-1344,language-w2-g64-no-clip-attention,awq-scope-shard-language-w2-g64-no-clip-attention-05-09-20260918-021705-78936
8,9,caf2ae97e43664e04a6534a50c176db42a116e6ccc6c963a6646f725ac07545e,2590999359,1723525530,True,True,[],[],/root/autodl-tmp/qvla-repro/eval/awq-baseline-shard-05-14-20260917-121652-1344,language-w2-g64-no-clip-attention,awq-scope-shard-language-w2-g64-no-clip-attention-05-09-20260918-021705-78936
9,5,3696f68817ba2c2ce9da0453042f1ba257245c07b7a4a814be58e0903b20efcf,3542413795,3119629661,True,False,[],[],/root/autodl-tmp/qvla-repro/eval/awq-baseline-shard-05-14-20260917-121652-1344,language-w2-g64-no-clip-attention,awq-scope-shard-language-w2-g64-no-clip-attention-05-09-20260918-021705-78936
9,6,54598c38c111468114f1ba90bd651ea406747053136212c6e48a29dcecc1d89d,2956024805,1550231648,True,False,[],[],/root/autodl-tmp/qvla-repro/eval/awq-baseline-shard-05-14-20260917-121652-1344,language-w2-g64-no-clip-attention,awq-scope-shard-language-w2-g64-no-clip-attention-05-09-20260918-021705-78936
9,7,f4e929cfbc734ce820906169165ff4cd18d641e944a183f686943303751b9fd6,4195687758,1076517777,True,True,[],[],/root/autodl-tmp/qvla-repro/eval/awq-baseline-shard-05-14-20260917-121652-1344,language-w2-g64-no-clip-attention,awq-scope-shard-language-w2-g64-no-clip-attention-05-09-20260918-021705-78936
9,8,b1ed9a6a0930dfb10e2a1e103608cb68bae0f2bff2cf89ed283a6ebe00c28f96,2395291537,1161406313,True,False,[],[],/root/autodl-tmp/qvla-repro/eval/awq-baseline-shard-05-14-20260917-121652-1344,language-w2-g64-no-clip-attention,awq-scope-shard-language-w2-g64-no-clip-attention-05-09-20260918-021705-78936
9,9,1798c4b6a1487a8d4cbe773e8c4ac1be5ac48439f0c3df53adc5cf84f757cc1f,2955358067,2676125635,True,False,[],[],/root/autodl-tmp/qvla-repro/eval/awq-baseline-shard-05-14-20260917-121652-1344,language-w2-g64-no-clip-attention,awq-scope-shard-language-w2-g64-no-clip-attention-05-09-20260918-021705-78936
0,5,c9c2f8022034e9a0705daab34a7f5bf9947ac939dfc5cf5a0ab493a377028a02,4110909047,2920509582,True,False,[],[],/root/autodl-tmp/qvla-repro/eval/awq-baseline-shard-05-14-20260917-121652-1344,language-w2-g64-no-clip-mlp,awq-scope-shard-language-w2-g64-no-clip-mlp-05-09-20260918-022939-81891
0,6,784dba596f01025199c62c3e262748c68f1f3b6ff92df2fd36aab8b5263bc0ce,3154189564,90430444,True,False,[],[],/root/autodl-tmp/qvla-repro/eval/awq-baseline-shard-05-14-20260917-121652-1344,language-w2-g64-no-clip-mlp,awq-scope-shard-language-w2-g64-no-clip-mlp-05-09-20260918-022939-81891
0,7,d297dd693cb3e13a607d16f211730e28c50b463f597f066ef2a424a8a036186c,3181712472,2593257767,True,False,[],[],/root/autodl-tmp/qvla-repro/eval/awq-baseline-shard-05-14-20260917-121652-1344,language-w2-g64-no-clip-mlp,awq-scope-shard-language-w2-g64-no-clip-mlp-05-09-20260918-022939-81891
0,8,3f628d77bb395ff9ff2b248e18e5dea19d9b1103ed48b55df4eafa29188bd9f0,441765833,3459110301,True,False,[],[],/root/autodl-tmp/qvla-repro/eval/awq-baseline-shard-05-14-20260917-121652-1344,language-w2-g64-no-clip-mlp,awq-scope-shard-language-w2-g64-no-clip-mlp-05-09-20260918-022939-81891
0,9,6ccefe4bd69954c98ddc32f1acdcff81b5a66ed4304391089bbc027172b66d64,1987439733,3221137945,True,False,[],[],/root/autodl-tmp/qvla-repro/eval/awq-baseline-shard-05-14-20260917-121652-1344,language-w2-g64-no-clip-mlp,awq-scope-shard-language-w2-g64-no-clip-mlp-05-09-20260918-022939-81891
1,5,d0345028d24b7dda175db33c7eb0e5c1d4df2fdf5620c51dd3641fdc77750964,2466788813,2720709901,True,False,[],[],/root/autodl-tmp/qvla-repro/eval/awq-baseline-shard-05-14-20260917-121652-1344,language-w2-g64-no-clip-mlp,awq-scope-shard-language-w2-g64-no-clip-mlp-05-09-20260918-022939-81891
1,6,74548b977713394a062b37d064eb857cc795b1dd9e3dd6f72236514b2f85404c,2663980325,1980140999,True,False,[],[],/root/autodl-tmp/qvla-repro/eval/awq-baseline-shard-05-14-20260917-121652-1344,language-w2-g64-no-clip-mlp,awq-scope-shard-language-w2-g64-no-clip-mlp-05-09-20260918-022939-81891
1,7,a45364f84a9e141a83181828fb6b8fb37a162e7e85d8636fa891064717f1f95e,1895985625,355043717,True,False,[],[],/root/autodl-tmp/qvla-repro/eval/awq-baseline-shard-05-14-20260917-121652-1344,language-w2-g64-no-clip-mlp,awq-scope-shard-language-w2-g64-no-clip-mlp-05-09-20260918-022939-81891
1,8,dec62b7a7f186620b39af37c3354071d3b720a7c93e5de1ca14e54f28bc76d41,751507276,4285867666,True,False,[],[],/root/autodl-tmp/qvla-repro/eval/awq-baseline-shard-05-14-20260917-121652-1344,language-w2-g64-no-clip-mlp,awq-scope-shard-language-w2-g64-no-clip-mlp-05-09-20260918-022939-81891
1,9,4c98afd093bda011d941abba6e2d53d57d3b258fe56cfdfbc4dc74d50260f9ae,2609141265,307292723,True,False,[],[],/root/autodl-tmp/qvla-repro/eval/awq-baseline-shard-05-14-20260917-121652-1344,language-w2-g64-no-clip-mlp,awq-scope-shard-language-w2-g64-no-clip-mlp-05-09-20260918-022939-81891
2,5,244227d010ee2b731b1226316f6f51ddc0b589941068f68e88e7778eabf2e302,550830392,1320153655,True,False,[],[],/root/autodl-tmp/qvla-repro/eval/awq-baseline-shard-05-14-20260917-121652-1344,language-w2-g64-no-clip-mlp,awq-scope-shard-language-w2-g64-no-clip-mlp-05-09-20260918-022939-81891
2,6,015663b2e58bace14677f65f8871f622d3c7c24fb3938114fbacaa91ff56d38b,2606276245,3154410349,True,False,[],[],/root/autodl-tmp/qvla-repro/eval/awq-baseline-shard-05-14-20260917-121652-1344,language-w2-g64-no-clip-mlp,awq-scope-shard-language-w2-g64-no-clip-mlp-05-09-20260918-022939-81891
2,7,3e05dba60bf1a41c0bc853e8480cee4f4a7c58fc86ae62cec40fdc9e5f61cbe0,1923587010,3995789380,True,False,[],[],/root/autodl-tmp/qvla-repro/eval/awq-baseline-shard-05-14-20260917-121652-1344,language-w2-g64-no-clip-mlp,awq-scope-shard-language-w2-g64-no-clip-mlp-05-09-20260918-022939-81891
2,8,10d28a829243d7c83db659e2c66233f7bee106f22cfe5b2261f9f9831ebac708,344153472,1352003176,True,False,[],[],/root/autodl-tmp/qvla-repro/eval/awq-baseline-shard-05-14-20260917-121652-1344,language-w2-g64-no-clip-mlp,awq-scope-shard-language-w2-g64-no-clip-mlp-05-09-20260918-022939-81891
2,9,864819f19088c1c5f38f9b06923ccebd4818892a4bb231cedc71b892d2a2bc67,1165687323,706024588,True,False,[],[],/root/autodl-tmp/qvla-repro/eval/awq-baseline-shard-05-14-20260917-121652-1344,language-w2-g64-no-clip-mlp,awq-scope-shard-language-w2-g64-no-clip-mlp-05-09-20260918-022939-81891
3,5,6dac57dbcf0ffc62ca6a37b1334c61683200e4b3e944c2de2eb98563b1c6df56,3527698013,3987898825,True,False,[],[],/root/autodl-tmp/qvla-repro/eval/awq-baseline-shard-05-14-20260917-121652-1344,language-w2-g64-no-clip-mlp,awq-scope-shard-language-w2-g64-no-clip-mlp-05-09-20260918-022939-81891
3,6,cc809ea238ea9d71bcd0fa683f60c51f7d2a3864963da43149e4df35d0eed85f,2357097212,748821386,True,False,[],[],/root/autodl-tmp/qvla-repro/eval/awq-baseline-shard-05-14-20260917-121652-1344,language-w2-g64-no-clip-mlp,awq-scope-shard-language-w2-g64-no-clip-mlp-05-09-20260918-022939-81891
3,7,b58022b980ae6497859d4ad985cfa89b16832f4c7f82cd2abb8b03cb2e0f6119,2057051480,3351635119,True,False,[],[],/root/autodl-tmp/qvla-repro/eval/awq-baseline-shard-05-14-20260917-121652-1344,language-w2-g64-no-clip-mlp,awq-scope-shard-language-w2-g64-no-clip-mlp-05-09-20260918-022939-81891
3,8,7d5f3b9821665f85bbf943b1da3fa03d53b694bc8751b4503a39a7351734f89b,3041705555,1502850896,True,False,[],[],/root/autodl-tmp/qvla-repro/eval/awq-baseline-shard-05-14-20260917-121652-1344,language-w2-g64-no-clip-mlp,awq-scope-shard-language-w2-g64-no-clip-mlp-05-09-20260918-022939-81891
3,9,d60041b13e4f125b32f1d55912b939701a3ddfc2815acb15484be856e2943dae,1571737591,4002874428,True,False,[],[],/root/autodl-tmp/qvla-repro/eval/awq-baseline-shard-05-14-20260917-121652-1344,language-w2-g64-no-clip-mlp,awq-scope-shard-language-w2-g64-no-clip-mlp-05-09-20260918-022939-81891
4,5,b87346216738a7ce42130dcd154c43380035d684b66a383eaa412aa7d7295b7c,837752708,3540813242,True,False,[],[],/root/autodl-tmp/qvla-repro/eval/awq-baseline-shard-05-14-20260917-121652-1344,language-w2-g64-no-clip-mlp,awq-scope-shard-language-w2-g64-no-clip-mlp-05-09-20260918-022939-81891
4,6,58efbae8fa8cdf03edfa2542dbbda4caf806bdf5268b8320a00f1549b00bec95,2961343796,3714354992,True,False,[],[],/root/autodl-tmp/qvla-repro/eval/awq-baseline-shard-05-14-20260917-121652-1344,language-w2-g64-no-clip-mlp,awq-scope-shard-language-w2-g64-no-clip-mlp-05-09-20260918-022939-81891
4,7,f90125fb43ad6d5983af928adc76f7ad7520f2ce624dbd25bb45e1888a5a9e56,3730720358,98182254,True,False,[],[],/root/autodl-tmp/qvla-repro/eval/awq-baseline-shard-05-14-20260917-121652-1344,language-w2-g64-no-clip-mlp,awq-scope-shard-language-w2-g64-no-clip-mlp-05-09-20260918-022939-81891
4,8,2b61811f6b6a9a61b89a236fd0b30a5b10539a70b67c34209624cfdf52af4e5a,157600660,3891202893,True,False,[],[],/root/autodl-tmp/qvla-repro/eval/awq-baseline-shard-05-14-20260917-121652-1344,language-w2-g64-no-clip-mlp,awq-scope-shard-language-w2-g64-no-clip-mlp-05-09-20260918-022939-81891
4,9,6a71ea6e55326efc34ec666f301a018286ad06f19222511f0c3af44896801580,4112920766,372916700,True,False,[],[],/root/autodl-tmp/qvla-repro/eval/awq-baseline-shard-05-14-20260917-121652-1344,language-w2-g64-no-clip-mlp,awq-scope-shard-language-w2-g64-no-clip-mlp-05-09-20260918-022939-81891
5,5,8a66e26dcb5684fb06268d8558ec89cb48b496d3ba03c491d620ac3d37bba6ba,2704172120,195921136,True,False,[],[],/root/autodl-tmp/qvla-repro/eval/awq-baseline-shard-05-14-20260917-121652-1344,language-w2-g64-no-clip-mlp,awq-scope-shard-language-w2-g64-no-clip-mlp-05-09-20260918-022939-81891
5,6,a9b966c9cf9cc8d424d7ae20f2e72e57c828aef13f172c2643fa7f7d3b194181,1621750818,148153071,True,False,[],[],/root/autodl-tmp/qvla-repro/eval/awq-baseline-shard-05-14-20260917-121652-1344,language-w2-g64-no-clip-mlp,awq-scope-shard-language-w2-g64-no-clip-mlp-05-09-20260918-022939-81891
5,7,987aabd844775a9b57c09e65ce787dcc8b38ef6f8b0c5565dbd48c83ba6ced2f,1633783552,2581305755,True,False,[],[],/root/autodl-tmp/qvla-repro/eval/awq-baseline-shard-05-14-20260917-121652-1344,language-w2-g64-no-clip-mlp,awq-scope-shard-language-w2-g64-no-clip-mlp-05-09-20260918-022939-81891
5,8,d6c4a596a6f3f6e5bb1b2366f1a4598afaca8d263b0a4e50652479a1ee117ed7,3910483305,3545051791,True,False,[],[],/root/autodl-tmp/qvla-repro/eval/awq-baseline-shard-05-14-20260917-121652-1344,language-w2-g64-no-clip-mlp,awq-scope-shard-language-w2-g64-no-clip-mlp-05-09-20260918-022939-81891
5,9,b97e853cb653df09c54d36b06bd56c40dff4222ea2f6c4a01d6847e1a9b607eb,808358117,3492466183,True,False,[],[],/root/autodl-tmp/qvla-repro/eval/awq-baseline-shard-05-14-20260917-121652-1344,language-w2-g64-no-clip-mlp,awq-scope-shard-language-w2-g64-no-clip-mlp-05-09-20260918-022939-81891
6,5,5a499b730ad51bec1d7a79a787b43dd62eb4c99b34d13f92a74cafebf7b6f9de,2986975463,817051687,True,False,[],[],/root/autodl-tmp/qvla-repro/eval/awq-baseline-shard-05-14-20260917-121652-1344,language-w2-g64-no-clip-mlp,awq-scope-shard-language-w2-g64-no-clip-mlp-05-09-20260918-022939-81891
6,6,9fe1e2e5914a33d82379a012d69199ead3e5a7248d4ca37da81786863dbc643d,2837676184,3519949638,True,False,[],[],/root/autodl-tmp/qvla-repro/eval/awq-baseline-shard-05-14-20260917-121652-1344,language-w2-g64-no-clip-mlp,awq-scope-shard-language-w2-g64-no-clip-mlp-05-09-20260918-022939-81891
6,7,f0dc954a7059fa3185a63ea648be5fa5fac395b27f135e0771adc594f837b49c,2951695608,1179455625,True,False,[],[],/root/autodl-tmp/qvla-repro/eval/awq-baseline-shard-05-14-20260917-121652-1344,language-w2-g64-no-clip-mlp,awq-scope-shard-language-w2-g64-no-clip-mlp-05-09-20260918-022939-81891
6,8,949373f1f909d26e57ace693cadbd21aa658d89546cf2f4ded0fd3e17a4606ac,1618128254,3268505317,True,False,[],[],/root/autodl-tmp/qvla-repro/eval/awq-baseline-shard-05-14-20260917-121652-1344,language-w2-g64-no-clip-mlp,awq-scope-shard-language-w2-g64-no-clip-mlp-05-09-20260918-022939-81891
6,9,0ffc5da6f449cc4be5f2d6fbe4ea569c870e80a127d9aef2bced08e1407e4b5f,1310436415,1021821383,True,False,[],[],/root/autodl-tmp/qvla-repro/eval/awq-baseline-shard-05-14-20260917-121652-1344,language-w2-g64-no-clip-mlp,awq-scope-shard-language-w2-g64-no-clip-mlp-05-09-20260918-022939-81891
7,5,b887ede88d157e4e55c6c31aa79eec7ea0c950034f6111fd9f619c423469d483,3911580404,2755095330,True,False,[],[],/root/autodl-tmp/qvla-repro/eval/awq-baseline-shard-05-14-20260917-121652-1344,language-w2-g64-no-clip-mlp,awq-scope-shard-language-w2-g64-no-clip-mlp-05-09-20260918-022939-81891
7,6,583801d2f7fa2816c9b5a290cd4e954a88c7b5a43f9bc4c7735ba26633f7997d,34433123,1197697093,True,False,[],[],/root/autodl-tmp/qvla-repro/eval/awq-baseline-shard-05-14-20260917-121652-1344,language-w2-g64-no-clip-mlp,awq-scope-shard-language-w2-g64-no-clip-mlp-05-09-20260918-022939-81891
7,7,7a2ae9fdc7b6512f45182c6c1eb0605cfc023075e306c0c5909078fe235db309,370948222,1111197035,True,False,[],[],/root/autodl-tmp/qvla-repro/eval/awq-baseline-shard-05-14-20260917-121652-1344,language-w2-g64-no-clip-mlp,awq-scope-shard-language-w2-g64-no-clip-mlp-05-09-20260918-022939-81891
7,8,ab1daae4e2f98cfe102420e3659a5e9b27643619d8637f8985b729db38be5b54,2440714535,3113684588,True,False,[],[],/root/autodl-tmp/qvla-repro/eval/awq-baseline-shard-05-14-20260917-121652-1344,language-w2-g64-no-clip-mlp,awq-scope-shard-language-w2-g64-no-clip-mlp-05-09-20260918-022939-81891
7,9,546f905e8563676df7f13cf4071337c8e75b41ba50d997ad1732d0d666be50f5,115094259,25912323,True,False,[],[],/root/autodl-tmp/qvla-repro/eval/awq-baseline-shard-05-14-20260917-121652-1344,language-w2-g64-no-clip-mlp,awq-scope-shard-language-w2-g64-no-clip-mlp-05-09-20260918-022939-81891
8,5,6b4f91c1a15155e7f0a6ce3085bea10bef88c0cb5fa46526cf7115c56ca930e4,1579726468,1238714754,True,False,[],[],/root/autodl-tmp/qvla-repro/eval/awq-baseline-shard-05-14-20260917-121652-1344,language-w2-g64-no-clip-mlp,awq-scope-shard-language-w2-g64-no-clip-mlp-05-09-20260918-022939-81891
8,6,e6c8b330e200dfac047d69461946edfa16c7526af280af94e5f035ca3f04a88e,3920860468,311933947,True,False,[],[],/root/autodl-tmp/qvla-repro/eval/awq-baseline-shard-05-14-20260917-121652-1344,language-w2-g64-no-clip-mlp,awq-scope-shard-language-w2-g64-no-clip-mlp-05-09-20260918-022939-81891
8,7,b0c0e39e2152058d077abf5025369e5183dc4b393291a638d59a529c54de2a63,1872252116,1895236238,True,False,[],[],/root/autodl-tmp/qvla-repro/eval/awq-baseline-shard-05-14-20260917-121652-1344,language-w2-g64-no-clip-mlp,awq-scope-shard-language-w2-g64-no-clip-mlp-05-09-20260918-022939-81891
8,8,5cdf91438b981a12625fd10436771752a3d3a34bc99b3865800876064d71f6ac,3022301049,125097745,True,False,[],[],/root/autodl-tmp/qvla-repro/eval/awq-baseline-shard-05-14-20260917-121652-1344,language-w2-g64-no-clip-mlp,awq-scope-shard-language-w2-g64-no-clip-mlp-05-09-20260918-022939-81891
8,9,caf2ae97e43664e04a6534a50c176db42a116e6ccc6c963a6646f725ac07545e,2590999359,1723525530,True,False,[],[],/root/autodl-tmp/qvla-repro/eval/awq-baseline-shard-05-14-20260917-121652-1344,language-w2-g64-no-clip-mlp,awq-scope-shard-language-w2-g64-no-clip-mlp-05-09-20260918-022939-81891
9,5,3696f68817ba2c2ce9da0453042f1ba257245c07b7a4a814be58e0903b20efcf,3542413795,3119629661,True,False,[],[],/root/autodl-tmp/qvla-repro/eval/awq-baseline-shard-05-14-20260917-121652-1344,language-w2-g64-no-clip-mlp,awq-scope-shard-language-w2-g64-no-clip-mlp-05-09-20260918-022939-81891
9,6,54598c38c111468114f1ba90bd651ea406747053136212c6e48a29dcecc1d89d,2956024805,1550231648,True,False,[],[],/root/autodl-tmp/qvla-repro/eval/awq-baseline-shard-05-14-20260917-121652-1344,language-w2-g64-no-clip-mlp,awq-scope-shard-language-w2-g64-no-clip-mlp-05-09-20260918-022939-81891
9,7,f4e929cfbc734ce820906169165ff4cd18d641e944a183f686943303751b9fd6,4195687758,1076517777,True,False,[],[],/root/autodl-tmp/qvla-repro/eval/awq-baseline-shard-05-14-20260917-121652-1344,language-w2-g64-no-clip-mlp,awq-scope-shard-language-w2-g64-no-clip-mlp-05-09-20260918-022939-81891
9,8,b1ed9a6a0930dfb10e2a1e103608cb68bae0f2bff2cf89ed283a6ebe00c28f96,2395291537,1161406313,True,False,[],[],/root/autodl-tmp/qvla-repro/eval/awq-baseline-shard-05-14-20260917-121652-1344,language-w2-g64-no-clip-mlp,awq-scope-shard-language-w2-g64-no-clip-mlp-05-09-20260918-022939-81891
9,9,1798c4b6a1487a8d4cbe773e8c4ac1be5ac48439f0c3df53adc5cf84f757cc1f,2955358067,2676125635,True,False,[],[],/root/autodl-tmp/qvla-repro/eval/awq-baseline-shard-05-14-20260917-121652-1344,language-w2-g64-no-clip-mlp,awq-scope-shard-language-w2-g64-no-clip-mlp-05-09-20260918-022939-81891
0,0,4e3eaf7a315bc3bafb6db4837c8eef0e5f8aea717782a2a3ea33139392d966ed,465287134,479881589,True,True,[],[],/root/autodl-tmp/qvla-repro/eval/awq-baseline-shard-00-04-20260917-200140-26212,vision-w2,awq-scope-shard-vision-w2-00-04-20260918-020701-76061
0,1,6c2936dc25a97728b811f9db579687d011cbd231d5472e985775a67ca9892cf8,985901067,3713942108,True,True,[],[],/root/autodl-tmp/qvla-repro/eval/awq-baseline-shard-00-04-20260917-200140-26212,vision-w2,awq-scope-shard-vision-w2-00-04-20260918-020701-76061
0,2,a5d4b6d871eb48c276a3fc8499e1429ec1c59df278466aa82de44a93260087a0,1089926278,2254903377,True,True,[],[],/root/autodl-tmp/qvla-repro/eval/awq-baseline-shard-00-04-20260917-200140-26212,vision-w2,awq-scope-shard-vision-w2-00-04-20260918-020701-76061
0,3,c12064bdc97da3ba4ca3675548ba9c76ed096ea772bbec9ca9422628c41b1588,428639054,1269467499,True,True,[],[],/root/autodl-tmp/qvla-repro/eval/awq-baseline-shard-00-04-20260917-200140-26212,vision-w2,awq-scope-shard-vision-w2-00-04-20260918-020701-76061
0,4,63dbd6b627e35e377a62f3e791055bc9051a74cab6fef9eadce7892671160536,1138622588,976658741,True,True,[],[],/root/autodl-tmp/qvla-repro/eval/awq-baseline-shard-00-04-20260917-200140-26212,vision-w2,awq-scope-shard-vision-w2-00-04-20260918-020701-76061
1,0,d116842e01703fbea595511db813a3816c8d9f2302b4e979ebec4f15b7a750a2,895221483,1902436990,True,True,[],[],/root/autodl-tmp/qvla-repro/eval/awq-baseline-shard-00-04-20260917-200140-26212,vision-w2,awq-scope-shard-vision-w2-00-04-20260918-020701-76061
1,1,b8757ca36fc25bb010af8934ff98b8d3a221cbd3a5e38e7b07cc8055c3108a0b,2238682485,3193132351,True,True,[],[],/root/autodl-tmp/qvla-repro/eval/awq-baseline-shard-00-04-20260917-200140-26212,vision-w2,awq-scope-shard-vision-w2-00-04-20260918-020701-76061
1,2,d45a8bb759e662331e34b0ade8f7a4ca847993b682d3299aaa4894b340c845a0,296476957,2264057504,True,True,[],[],/root/autodl-tmp/qvla-repro/eval/awq-baseline-shard-00-04-20260917-200140-26212,vision-w2,awq-scope-shard-vision-w2-00-04-20260918-020701-76061
1,3,9cdfce0fe3434dc2c261272bc32dd3b56956de7c14e1e6d4c8a76aa7323e0f4d,27433045,3330955239,True,True,[],[],/root/autodl-tmp/qvla-repro/eval/awq-baseline-shard-00-04-20260917-200140-26212,vision-w2,awq-scope-shard-vision-w2-00-04-20260918-020701-76061
1,4,97916cb27d2a1b9650016b93bbc33aa2855dfbdd11ded29650da8357c5c418e2,1425332404,1406908098,True,False,[],[],/root/autodl-tmp/qvla-repro/eval/awq-baseline-shard-00-04-20260917-200140-26212,vision-w2,awq-scope-shard-vision-w2-00-04-20260918-020701-76061
2,0,408c455fb617e5320060d643ef80ec2035d4e98600659cc3deb5a1e85482bf76,1881067349,149951664,True,True,[],[],/root/autodl-tmp/qvla-repro/eval/awq-baseline-shard-00-04-20260917-200140-26212,vision-w2,awq-scope-shard-vision-w2-00-04-20260918-020701-76061
2,1,05962fe9baf173d80806225d32a331fa8eedcdb5c14a085ee5354715380c0f8f,2880381178,842477126,True,True,[],[],/root/autodl-tmp/qvla-repro/eval/awq-baseline-shard-00-04-20260917-200140-26212,vision-w2,awq-scope-shard-vision-w2-00-04-20260918-020701-76061
2,2,111971abb8f2e699872e68aa0ed445287da5c2ed642a5da083a9c9d4d90a6d12,3611984967,52979162,True,True,[],[],/root/autodl-tmp/qvla-repro/eval/awq-baseline-shard-00-04-20260917-200140-26212,vision-w2,awq-scope-shard-vision-w2-00-04-20260918-020701-76061
2,3,8e240fdf6a9c939b6cbf573f7e07a29d3078fb53d22b17dc595b730c0de21fd4,3331343309,3892889163,True,True,[],[],/root/autodl-tmp/qvla-repro/eval/awq-baseline-shard-00-04-20260917-200140-26212,vision-w2,awq-scope-shard-vision-w2-00-04-20260918-020701-76061
2,4,ec0ce01e43aac4b4465f6d7932a486df948ce36a096fe5970b677623505673a8,1228687370,3817868962,True,True,[],[],/root/autodl-tmp/qvla-repro/eval/awq-baseline-shard-00-04-20260917-200140-26212,vision-w2,awq-scope-shard-vision-w2-00-04-20260918-020701-76061
3,0,36424fa758f0e72399a35cefa285d0658e4b5bd17bfb3e2127f85aa2e0944517,317574532,83054608,True,True,[],[],/root/autodl-tmp/qvla-repro/eval/awq-baseline-shard-00-04-20260917-200140-26212,vision-w2,awq-scope-shard-vision-w2-00-04-20260918-020701-76061
3,1,3a92ca9cb754b9daca5db603179f05e323c01209edfaf5d287655d5998252f9f,1605081372,974896410,True,True,[],[],/root/autodl-tmp/qvla-repro/eval/awq-baseline-shard-00-04-20260917-200140-26212,vision-w2,awq-scope-shard-vision-w2-00-04-20260918-020701-76061
3,2,1b7b03eb038b60bd3d265226a1f5832c44ebb968731ac264f8983ceebb1774e5,3086421667,3267605957,True,True,[],[],/root/autodl-tmp/qvla-repro/eval/awq-baseline-shard-00-04-20260917-200140-26212,vision-w2,awq-scope-shard-vision-w2-00-04-20260918-020701-76061
3,3,904c8983a02abc68413c2b0c2b1863f9b7f97a5948b718b9ae113727777ae23a,3235596642,5015874,True,True,[],[],/root/autodl-tmp/qvla-repro/eval/awq-baseline-shard-00-04-20260917-200140-26212,vision-w2,awq-scope-shard-vision-w2-00-04-20260918-020701-76061
3,4,6aac318bd2ff7b4e940c094d4d4eb128449f99e34ce1fc2fb6e3bdba1c474b95,2186097654,3841510475,True,True,[],[],/root/autodl-tmp/qvla-repro/eval/awq-baseline-shard-00-04-20260917-200140-26212,vision-w2,awq-scope-shard-vision-w2-00-04-20260918-020701-76061
4,0,2e3f91b350eaef1b23c2d4ee14c513b2158a106bff7ed6c249b58e2cf89367f4,2839725875,454137582,False,True,[],[],/root/autodl-tmp/qvla-repro/eval/awq-baseline-shard-00-04-20260917-200140-26212,vision-w2,awq-scope-shard-vision-w2-00-04-20260918-020701-76061
4,1,d1f552d41794709fdcdccf886e4be6384f15a50c1d0e6227a99e08d86e19e23e,17835078,3770009552,False,False,[],[],/root/autodl-tmp/qvla-repro/eval/awq-baseline-shard-00-04-20260917-200140-26212,vision-w2,awq-scope-shard-vision-w2-00-04-20260918-020701-76061
4,2,d5a2a728be37ce588fd1326df08b48cb9e1913b333c6719bb7059308783d4731,1139478388,2331244752,True,True,[],[],/root/autodl-tmp/qvla-repro/eval/awq-baseline-shard-00-04-20260917-200140-26212,vision-w2,awq-scope-shard-vision-w2-00-04-20260918-020701-76061
4,3,7e950b4903eb62f247605b60952d62aca17222446e05c299de3d8b615756a2fb,2244253804,4237915398,True,True,[],[],/root/autodl-tmp/qvla-repro/eval/awq-baseline-shard-00-04-20260917-200140-26212,vision-w2,awq-scope-shard-vision-w2-00-04-20260918-020701-76061
4,4,eacc257cf75be38a89bdf75e5300cded0aee0ec1d0a2ac4b91d4c4cdb11c763b,4040856599,1182429550,True,True,[],[],/root/autodl-tmp/qvla-repro/eval/awq-baseline-shard-00-04-20260917-200140-26212,vision-w2,awq-scope-shard-vision-w2-00-04-20260918-020701-76061
5,0,63f019944e240d60a5770936f1eaa3853e38bbfeb1c26c987826fb004ed4346c,1544747915,1251647445,True,True,[],[],/root/autodl-tmp/qvla-repro/eval/awq-baseline-shard-00-04-20260917-200140-26212,vision-w2,awq-scope-shard-vision-w2-00-04-20260918-020701-76061
5,1,7e74f7975ea3899ecb94c8bee1f302127d74c600d13393826d7537db89bf9cc1,2607068595,2672444698,True,True,[],[],/root/autodl-tmp/qvla-repro/eval/awq-baseline-shard-00-04-20260917-200140-26212,vision-w2,awq-scope-shard-vision-w2-00-04-20260918-020701-76061
5,2,56ae454858e60cf316c3e75237109ba85d8808ab2ef57108c3f9b96c1e839ff3,1925045440,3347614016,True,True,[],[],/root/autodl-tmp/qvla-repro/eval/awq-baseline-shard-00-04-20260917-200140-26212,vision-w2,awq-scope-shard-vision-w2-00-04-20260918-020701-76061
5,3,316d2aba39523fa1219e5fd61ee263535f5d42fa5b34541af5397ddbb4de0f9f,2281271119,1545292882,True,True,[],[],/root/autodl-tmp/qvla-repro/eval/awq-baseline-shard-00-04-20260917-200140-26212,vision-w2,awq-scope-shard-vision-w2-00-04-20260918-020701-76061
5,4,b41c19206da1db4e005476e6a4c4e077a5511aaa69cf52614dc483a9bd53773c,2897598532,517198148,True,False,[],[],/root/autodl-tmp/qvla-repro/eval/awq-baseline-shard-00-04-20260917-200140-26212,vision-w2,awq-scope-shard-vision-w2-00-04-20260918-020701-76061
6,0,d81530779b15be6bdfe4935a7a802102e3e3883823b29fefd40a2131e50fd515,1638194258,826398649,True,True,[],[],/root/autodl-tmp/qvla-repro/eval/awq-baseline-shard-00-04-20260917-200140-26212,vision-w2,awq-scope-shard-vision-w2-00-04-20260918-020701-76061
6,1,1f2318d9cbd670217d18ba98020fb95f9969550b5cb30709224eb6f2d08319cf,1927004058,143569100,True,True,[],[],/root/autodl-tmp/qvla-repro/eval/awq-baseline-shard-00-04-20260917-200140-26212,vision-w2,awq-scope-shard-vision-w2-00-04-20260918-020701-76061
6,2,f6387456ce397a4ffbd6700d00f37cf068df8df4c085350ecd576be0c06fe838,1576122731,335908416,True,True,[],[],/root/autodl-tmp/qvla-repro/eval/awq-baseline-shard-00-04-20260917-200140-26212,vision-w2,awq-scope-shard-vision-w2-00-04-20260918-020701-76061
6,3,d19a9fb4d0ecb282facdf60aeb779a54566f6650fa8886721c253c21e5b4411c,1173289843,3969167129,True,True,[],[],/root/autodl-tmp/qvla-repro/eval/awq-baseline-shard-00-04-20260917-200140-26212,vision-w2,awq-scope-shard-vision-w2-00-04-20260918-020701-76061
6,4,62a70d2032d8d785b0a4afedbfce1abf35ff393e9d918b5aace7a41ab50ba13d,1926457735,2634446509,True,True,[],[],/root/autodl-tmp/qvla-repro/eval/awq-baseline-shard-00-04-20260917-200140-26212,vision-w2,awq-scope-shard-vision-w2-00-04-20260918-020701-76061
7,0,501105aff4e1897d96cac0d0ee69fc702ad209e317511807e27df8b421ae1f2a,2049932347,3272506420,True,True,[],[],/root/autodl-tmp/qvla-repro/eval/awq-baseline-shard-00-04-20260917-200140-26212,vision-w2,awq-scope-shard-vision-w2-00-04-20260918-020701-76061
7,1,9fb3287b9233e63f3c25de74a5c1697d6c3e3ce33d71da6cb975e98884df7b65,4246749096,3799089637,True,True,[],[],/root/autodl-tmp/qvla-repro/eval/awq-baseline-shard-00-04-20260917-200140-26212,vision-w2,awq-scope-shard-vision-w2-00-04-20260918-020701-76061
7,2,055ebb922514bbc2796db6201c2eb1f36c0f2dc6d3e906bdfed720d9d67f25e1,25524276,2004529019,True,True,[],[],/root/autodl-tmp/qvla-repro/eval/awq-baseline-shard-00-04-20260917-200140-26212,vision-w2,awq-scope-shard-vision-w2-00-04-20260918-020701-76061
7,3,fb10b9a998805283abff88cfd066b7f6b4130868e2b53e5f6def7247f72b6c5a,2012816681,2747523846,True,False,[],[],/root/autodl-tmp/qvla-repro/eval/awq-baseline-shard-00-04-20260917-200140-26212,vision-w2,awq-scope-shard-vision-w2-00-04-20260918-020701-76061
7,4,3caf9d7ec66e840dd915ee960dc5e226df2aee678fa087f77cac918e4169531e,494137745,1757921602,True,False,[],[],/root/autodl-tmp/qvla-repro/eval/awq-baseline-shard-00-04-20260917-200140-26212,vision-w2,awq-scope-shard-vision-w2-00-04-20260918-020701-76061
8,0,aef30979e2ee8c9893c9161c881264362f750a34df952f381e3969a567688451,1552913463,1263820061,True,True,[],[],/root/autodl-tmp/qvla-repro/eval/awq-baseline-shard-00-04-20260917-200140-26212,vision-w2,awq-scope-shard-vision-w2-00-04-20260918-020701-76061
8,1,50873b51eb943c92ce71438551a26675e253fe37622918167c060a16477577f7,628809968,1634911114,True,True,[],[],/root/autodl-tmp/qvla-repro/eval/awq-baseline-shard-00-04-20260917-200140-26212,vision-w2,awq-scope-shard-vision-w2-00-04-20260918-020701-76061
8,2,4463e2e153ce61661d48384171f0532d4eb4c45158ab9c0325012e26c0a9d830,390505965,588345696,True,True,[],[],/root/autodl-tmp/qvla-repro/eval/awq-baseline-shard-00-04-20260917-200140-26212,vision-w2,awq-scope-shard-vision-w2-00-04-20260918-020701-76061
8,3,8d1fbf0d1785c75002a47f290b3b6d195d3a26b8c9a86cf95512ba804fd36d4b,3805651402,824627188,True,True,[],[],/root/autodl-tmp/qvla-repro/eval/awq-baseline-shard-00-04-20260917-200140-26212,vision-w2,awq-scope-shard-vision-w2-00-04-20260918-020701-76061
8,4,ad6e3d768b047e190024a0a97a7869b0de5c83bfd7079cb2b048725b6c5c90f5,931274181,3489610023,True,True,[],[],/root/autodl-tmp/qvla-repro/eval/awq-baseline-shard-00-04-20260917-200140-26212,vision-w2,awq-scope-shard-vision-w2-00-04-20260918-020701-76061
9,0,885cdd89e3d71824f79e4f0ae4711f9ca04367c0011147cb657ecc32be3f375b,450174816,3561507932,True,True,[],[],/root/autodl-tmp/qvla-repro/eval/awq-baseline-shard-00-04-20260917-200140-26212,vision-w2,awq-scope-shard-vision-w2-00-04-20260918-020701-76061
9,1,9f7e0be6c15a36f64dae1f64c4e89799ab70078be2b9977ab38bce16aee041cf,726939842,4105394921,True,True,[],[],/root/autodl-tmp/qvla-repro/eval/awq-baseline-shard-00-04-20260917-200140-26212,vision-w2,awq-scope-shard-vision-w2-00-04-20260918-020701-76061
9,2,6e3698ba2ffc6e03326d30f3fd411f63e4d5304a967abf515195cbbcc61f512b,2107833754,2353877349,True,True,[],[],/root/autodl-tmp/qvla-repro/eval/awq-baseline-shard-00-04-20260917-200140-26212,vision-w2,awq-scope-shard-vision-w2-00-04-20260918-020701-76061
9,3,c886eacbd6a6b3c55108d5e17d8d0f865c08b7841f1c0f0393df6b4da9dc53c3,1708122752,3274922811,False,True,[],[],/root/autodl-tmp/qvla-repro/eval/awq-baseline-shard-00-04-20260917-200140-26212,vision-w2,awq-scope-shard-vision-w2-00-04-20260918-020701-76061
9,4,49ada1c8c36ae86de4d6288f08b9434efbd67ded5688382fd38b0d4c95304177,3202393551,3927573222,True,True,[],[],/root/autodl-tmp/qvla-repro/eval/awq-baseline-shard-00-04-20260917-200140-26212,vision-w2,awq-scope-shard-vision-w2-00-04-20260918-020701-76061
0,30,60373ae3ea0f921f6e0e7ad9b70c93086584c0e40e2c729d198ac04e6f4741d1,1819856238,3366832657,True,True,[],[],/root/autodl-tmp/qvla-repro/eval/awq-baseline-shard-27-34-20260917-182634-1372,vision-w2,awq-scope-shard-vision-w2-30-39-20260918-013150-63930
0,31,dca9d9879195a74cffd26499d9ff1d6f566adaf1dbc1b9abe412d55d8e9c1782,3588750296,3219659654,True,True,[],[],/root/autodl-tmp/qvla-repro/eval/awq-baseline-shard-27-34-20260917-182634-1372,vision-w2,awq-scope-shard-vision-w2-30-39-20260918-013150-63930
0,32,a13fabf87ee32c1993174729953b7a47b46aadc29474f109224017888d72fa80,2143513019,607565561,True,True,[],[],/root/autodl-tmp/qvla-repro/eval/awq-baseline-shard-27-34-20260917-182634-1372,vision-w2,awq-scope-shard-vision-w2-30-39-20260918-013150-63930
0,33,7462d09856ec150e6403873bd1497a818d36d6d9175cf9c41697d986fd971fdf,3763690868,2184501706,True,True,[],[],/root/autodl-tmp/qvla-repro/eval/awq-baseline-shard-27-34-20260917-182634-1372,vision-w2,awq-scope-shard-vision-w2-30-39-20260918-013150-63930
0,34,0fab22e4ac5a4f8f3e5380a56d03d7f2d26c9ed14d4ddd15c3c401ac2756f22b,3861600599,1484294791,True,True,[],[],/root/autodl-tmp/qvla-repro/eval/awq-baseline-shard-27-34-20260917-182634-1372,vision-w2,awq-scope-shard-vision-w2-30-39-20260918-013150-63930
0,35,da423a72804324ba67dd5ae2aa9cb7e5142796aba92c25c0276ecac12d40f41d,3388046208,652271313,True,True,[],[],/root/autodl-tmp/qvla-repro/eval/awq-baseline-shard-35-44-20260917-190101-10039,vision-w2,awq-scope-shard-vision-w2-30-39-20260918-013150-63930
0,36,fe0d28c5f781190e1a52e36fa525ac2eeac39b7ccb9b5baf618c9215bc3e68ed,3906460454,726642919,True,True,[],[],/root/autodl-tmp/qvla-repro/eval/awq-baseline-shard-35-44-20260917-190101-10039,vision-w2,awq-scope-shard-vision-w2-30-39-20260918-013150-63930
0,37,8592d46aef5af2e7a2b3b3eefa2116104f427465cf06e6408a4f0b61392ea283,3989587465,1727413167,True,True,[],[],/root/autodl-tmp/qvla-repro/eval/awq-baseline-shard-35-44-20260917-190101-10039,vision-w2,awq-scope-shard-vision-w2-30-39-20260918-013150-63930
0,38,b9b135d04e69e25d777b4b97c5adc768214d09d4c7752f86468896170603f859,1388213477,360984327,True,True,[],[],/root/autodl-tmp/qvla-repro/eval/awq-baseline-shard-35-44-20260917-190101-10039,vision-w2,awq-scope-shard-vision-w2-30-39-20260918-013150-63930
0,39,efff0c45548163d49a2f35590a4a24d26115f4dd8a76ba412dc8e60ba738ce7a,1547667213,667970749,True,True,[],[],/root/autodl-tmp/qvla-repro/eval/awq-baseline-shard-35-44-20260917-190101-10039,vision-w2,awq-scope-shard-vision-w2-30-39-20260918-013150-63930
1,30,3036089344aa3de23f7a3661c4881337ed5e278d98c5379b950d9cb00c3ed13e,2148046501,3291550717,True,False,[],[],/root/autodl-tmp/qvla-repro/eval/awq-baseline-shard-27-34-20260917-182634-1372,vision-w2,awq-scope-shard-vision-w2-30-39-20260918-013150-63930
1,31,8a60a693678e7959209f6070471a12fe613bb54f61355402f19eecd32db53e29,2121512973,3396407165,True,True,[],[],/root/autodl-tmp/qvla-repro/eval/awq-baseline-shard-27-34-20260917-182634-1372,vision-w2,awq-scope-shard-vision-w2-30-39-20260918-013150-63930
1,32,c86ee635d79d02e4d33c5aa8939999f827d85099b2851d1178bd9f23e231528b,4007555682,1143324853,True,True,[],[],/root/autodl-tmp/qvla-repro/eval/awq-baseline-shard-27-34-20260917-182634-1372,vision-w2,awq-scope-shard-vision-w2-30-39-20260918-013150-63930
1,33,dc62576220d23cd72d86cbaf994459d768774c160c3c7605a7c7822de55e70e6,2446284193,303692254,True,True,[],[],/root/autodl-tmp/qvla-repro/eval/awq-baseline-shard-27-34-20260917-182634-1372,vision-w2,awq-scope-shard-vision-w2-30-39-20260918-013150-63930
1,34,63821e171711e8b17ce30496fe2d02a5b1e39cbbc1abea294e7558df9e3db1e7,2563757835,2880477501,True,True,[],[],/root/autodl-tmp/qvla-repro/eval/awq-baseline-shard-27-34-20260917-182634-1372,vision-w2,awq-scope-shard-vision-w2-30-39-20260918-013150-63930
1,35,70c13ed9b72e4a50a457aa546114435b5a37cf32ed8343de02d45226f5553387,3208143311,1028728328,True,False,[],[],/root/autodl-tmp/qvla-repro/eval/awq-baseline-shard-35-44-20260917-190101-10039,vision-w2,awq-scope-shard-vision-w2-30-39-20260918-013150-63930
1,36,2d46859e597481982403d4c61db844c29c05f16c25cb9d79197100b37fb90831,76383673,2923715753,True,False,[],[],/root/autodl-tmp/qvla-repro/eval/awq-baseline-shard-35-44-20260917-190101-10039,vision-w2,awq-scope-shard-vision-w2-30-39-20260918-013150-63930
1,37,f968e145d8a87892b639b752d6d8483e6b81e0fe7e110ef823a2432bd8c56554,620524098,3383354875,True,False,[],[],/root/autodl-tmp/qvla-repro/eval/awq-baseline-shard-35-44-20260917-190101-10039,vision-w2,awq-scope-shard-vision-w2-30-39-20260918-013150-63930
1,38,6c1c5cde9ed5f8c2af0fa723c42b0ea72196d0a9e0bdac692d95f4f1cca814ca,240695310,226304449,True,True,[],[],/root/autodl-tmp/qvla-repro/eval/awq-baseline-shard-35-44-20260917-190101-10039,vision-w2,awq-scope-shard-vision-w2-30-39-20260918-013150-63930
1,39,0a95a68f036442d14f81a27c286dce0f5a9345a1977f2ad5d225cb1184d26411,3100577966,2099679649,True,True,[],[],/root/autodl-tmp/qvla-repro/eval/awq-baseline-shard-35-44-20260917-190101-10039,vision-w2,awq-scope-shard-vision-w2-30-39-20260918-013150-63930
2,30,54acfd0b97b5ce95e16fdd601862cf604f66ad922e4e1f3fccdc79c05bda087d,1823811941,762872809,True,True,[],[],/root/autodl-tmp/qvla-repro/eval/awq-baseline-shard-27-34-20260917-182634-1372,vision-w2,awq-scope-shard-vision-w2-30-39-20260918-013150-63930
2,31,c976c7363518d54a34633001b7207956139afa1061ff6a217ab65eb24fecfb0c,1357376687,598983133,True,True,[],[],/root/autodl-tmp/qvla-repro/eval/awq-baseline-shard-27-34-20260917-182634-1372,vision-w2,awq-scope-shard-vision-w2-30-39-20260918-013150-63930
2,32,b7ea348f4b1c978f8476504e79de2a2c661b881a8961aa4ef59500598eae84bf,1626843166,1593406829,True,True,[],[],/root/autodl-tmp/qvla-repro/eval/awq-baseline-shard-27-34-20260917-182634-1372,vision-w2,awq-scope-shard-vision-w2-30-39-20260918-013150-63930
2,33,6be1ae79dc28427bcaf62fef6d406f341661284652d3c60117ed1ad86e339e70,1171475189,4084099962,True,True,[],[],/root/autodl-tmp/qvla-repro/eval/awq-baseline-shard-27-34-20260917-182634-1372,vision-w2,awq-scope-shard-vision-w2-30-39-20260918-013150-63930
2,34,886ed201e403ef7ece6e8b3461672186ddc2bbe2576905f887a13718421796fd,2428114754,3726451405,True,True,[],[],/root/autodl-tmp/qvla-repro/eval/awq-baseline-shard-27-34-20260917-182634-1372,vision-w2,awq-scope-shard-vision-w2-30-39-20260918-013150-63930
2,35,2ada1866e53646f8f275b5a1559704d46a2044c63cbd6632d2649341a94ec593,3078748672,860652690,True,True,[],[],/root/autodl-tmp/qvla-repro/eval/awq-baseline-shard-35-44-20260917-190101-10039,vision-w2,awq-scope-shard-vision-w2-30-39-20260918-013150-63930
2,36,2f82f1f21c3698a59e4e57101c16da738dc169941e3b9026f0795cb1f1de1a90,1178715452,3632069095,True,True,[],[],/root/autodl-tmp/qvla-repro/eval/awq-baseline-shard-35-44-20260917-190101-10039,vision-w2,awq-scope-shard-vision-w2-30-39-20260918-013150-63930
2,37,72800350719936fe650c42cd38f5415a156b2bedc4903660bf0912d850434a61,2546164076,698881353,True,True,[],[],/root/autodl-tmp/qvla-repro/eval/awq-baseline-shard-35-44-20260917-190101-10039,vision-w2,awq-scope-shard-vision-w2-30-39-20260918-013150-63930
2,38,7954755ba559e17078dbc53baa9ed07f4dda0dd3e75d7278f831ba8f2c6b8ac2,4037299804,1955217777,True,True,[],[],/root/autodl-tmp/qvla-repro/eval/awq-baseline-shard-35-44-20260917-190101-10039,vision-w2,awq-scope-shard-vision-w2-30-39-20260918-013150-63930
2,39,43da41f66bda661223e66438d0d71d0f450c5058d1f206a7c98f4ad1f0da2b15,3461130254,3163046273,True,True,[],[],/root/autodl-tmp/qvla-repro/eval/awq-baseline-shard-35-44-20260917-190101-10039,vision-w2,awq-scope-shard-vision-w2-30-39-20260918-013150-63930
3,30,c8f6ac536a9738937dd62b03558c47ab581e0153936b9c98452a519f21195672,2754778619,4057971178,True,True,[],[],/root/autodl-tmp/qvla-repro/eval/awq-baseline-shard-27-34-20260917-182634-1372,vision-w2,awq-scope-shard-vision-w2-30-39-20260918-013150-63930
3,31,fa32f8fd267af8197d89c23adab4d9512c5c40f170e3451c47cf1d5c51a52816,1712531958,1863143974,True,True,[],[],/root/autodl-tmp/qvla-repro/eval/awq-baseline-shard-27-34-20260917-182634-1372,vision-w2,awq-scope-shard-vision-w2-30-39-20260918-013150-63930
3,32,f23ec4da8824dd14187ec6b468d57b8dd8c645f5ca693562a5154b9597eef22a,3606164437,1844613839,True,True,[],[],/root/autodl-tmp/qvla-repro/eval/awq-baseline-shard-27-34-20260917-182634-1372,vision-w2,awq-scope-shard-vision-w2-30-39-20260918-013150-63930
3,33,429e55bad968feaff73d88329f524a35ade9d7e203b4168016963b8e591a55fa,338580859,1401498155,True,True,[],[],/root/autodl-tmp/qvla-repro/eval/awq-baseline-shard-27-34-20260917-182634-1372,vision-w2,awq-scope-shard-vision-w2-30-39-20260918-013150-63930
3,34,bbf8d1e321fc5519c9ea447a4a08bdfb52a87d882ade0807ccf9d86f492215eb,57059378,1793097879,True,True,[],[],/root/autodl-tmp/qvla-repro/eval/awq-baseline-shard-27-34-20260917-182634-1372,vision-w2,awq-scope-shard-vision-w2-30-39-20260918-013150-63930
3,35,f55c5e51f01ca6bf7559c299c7e3fb27d3cf29cf399cae771e087cfcaec9ba46,3733495461,152544043,True,True,[],[],/root/autodl-tmp/qvla-repro/eval/awq-baseline-shard-35-44-20260917-190101-10039,vision-w2,awq-scope-shard-vision-w2-30-39-20260918-013150-63930
3,36,dde1535e84d97fd635b176fe8062397324afe0a7990008eadf466459bce4f4a4,3793126638,2398199674,True,True,[],[],/root/autodl-tmp/qvla-repro/eval/awq-baseline-shard-35-44-20260917-190101-10039,vision-w2,awq-scope-shard-vision-w2-30-39-20260918-013150-63930
3,37,f8c0209fed2dc87f2c6546ec96e5197747ff61017256b7db4856b91c955665e9,2428382250,2739358420,True,True,[],[],/root/autodl-tmp/qvla-repro/eval/awq-baseline-shard-35-44-20260917-190101-10039,vision-w2,awq-scope-shard-vision-w2-30-39-20260918-013150-63930
3,38,517a0f9e30018b2db8e22f646bd57c793cad27c16014e99d5e607d80936b8cc7,1273295247,1476866025,True,True,[],[],/root/autodl-tmp/qvla-repro/eval/awq-baseline-shard-35-44-20260917-190101-10039,vision-w2,awq-scope-shard-vision-w2-30-39-20260918-013150-63930
3,39,ff6b0a3ad81c4e46e134af6492095ec05f0570215218f195768ca2640aed1f01,3459646538,441971390,True,True,[],[],/root/autodl-tmp/qvla-repro/eval/awq-baseline-shard-35-44-20260917-190101-10039,vision-w2,awq-scope-shard-vision-w2-30-39-20260918-013150-63930
4,30,ee926cef9c7408f1360d1fc83dee60af20751b6bb6ed12a1870819c0ced8552c,264611168,2128960762,True,True,[],[],/root/autodl-tmp/qvla-repro/eval/awq-baseline-shard-27-34-20260917-182634-1372,vision-w2,awq-scope-shard-vision-w2-30-39-20260918-013150-63930
4,31,caf7ad508329331a10ccfc61fdcee5d9be438c13e250c25763736a544d7c109a,1267726617,3711929335,True,True,[],[],/root/autodl-tmp/qvla-repro/eval/awq-baseline-shard-27-34-20260917-182634-1372,vision-w2,awq-scope-shard-vision-w2-30-39-20260918-013150-63930
4,32,bae4595249c3121a21a7ac5ead939c4152d5bf453cf68308fc55dbfdaad17b2b,143794931,4018517041,True,True,[],[],/root/autodl-tmp/qvla-repro/eval/awq-baseline-shard-27-34-20260917-182634-1372,vision-w2,awq-scope-shard-vision-w2-30-39-20260918-013150-63930
4,33,e9ebf57f6d40206ef42640e22e18982888c07b9d89aca2bfac172fea0dda89bb,2551998591,1944978093,True,True,[],[],/root/autodl-tmp/qvla-repro/eval/awq-baseline-shard-27-34-20260917-182634-1372,vision-w2,awq-scope-shard-vision-w2-30-39-20260918-013150-63930
4,34,4900682211a5db89178d5c6d5fe17a2f8387ecc13a31b4683b74fd7829dc8772,4018642711,3955905011,True,True,[],[],/root/autodl-tmp/qvla-repro/eval/awq-baseline-shard-27-34-20260917-182634-1372,vision-w2,awq-scope-shard-vision-w2-30-39-20260918-013150-63930
4,35,a7238facfdff29124305c5be4b2979e0dd56fb53aa7d2a703904a5b2fee9601d,1692798383,940414008,True,True,[],[],/root/autodl-tmp/qvla-repro/eval/awq-baseline-shard-35-44-20260917-190101-10039,vision-w2,awq-scope-shard-vision-w2-30-39-20260918-013150-63930
4,36,f24cc47b571058e41d5962625453cb0033aa041c9597a7355d27771f4bbb85a6,1469026486,3979172501,True,True,[],[],/root/autodl-tmp/qvla-repro/eval/awq-baseline-shard-35-44-20260917-190101-10039,vision-w2,awq-scope-shard-vision-w2-30-39-20260918-013150-63930
4,37,83b3459613e796fdcdce97a98cc904636b70e983c367b8f6e9d99880167b6003,3810316480,3129685406,True,True,[],[],/root/autodl-tmp/qvla-repro/eval/awq-baseline-shard-35-44-20260917-190101-10039,vision-w2,awq-scope-shard-vision-w2-30-39-20260918-013150-63930
4,38,5b87f8233f2a90f7df82a59b76388edd8178a139b13e282b695b24e7b1998948,3798477086,2735609240,True,True,[],[],/root/autodl-tmp/qvla-repro/eval/awq-baseline-shard-35-44-20260917-190101-10039,vision-w2,awq-scope-shard-vision-w2-30-39-20260918-013150-63930
4,39,20be1f17ff694fcfdb8308ffd11410850a57da98cd59df52ed1f499a94e52d56,2531137840,3161749644,True,True,[],[],/root/autodl-tmp/qvla-repro/eval/awq-baseline-shard-35-44-20260917-190101-10039,vision-w2,awq-scope-shard-vision-w2-30-39-20260918-013150-63930
5,30,64154536615a439824870c8cf64e89398b68ef06f23a5fd4a530e65cb8cfb0b0,1280506367,2244832943,True,False,[],[],/root/autodl-tmp/qvla-repro/eval/awq-baseline-shard-27-34-20260917-182634-1372,vision-w2,awq-scope-shard-vision-w2-30-39-20260918-013150-63930
5,31,b35f68c7d99cca813baf26e7221b52e2797fec4bcbcedfcf6ac8951171ccf6f2,4222566003,3765579486,True,True,[],[],/root/autodl-tmp/qvla-repro/eval/awq-baseline-shard-27-34-20260917-182634-1372,vision-w2,awq-scope-shard-vision-w2-30-39-20260918-013150-63930
5,32,ccc7916734b145dde26e79cf75c17eacad1a5dcb831623fac7c9c95100413aba,2515965542,2702913442,True,True,[],[],/root/autodl-tmp/qvla-repro/eval/awq-baseline-shard-27-34-20260917-182634-1372,vision-w2,awq-scope-shard-vision-w2-30-39-20260918-013150-63930
5,33,88307025691a0e638e62ea5ddab825e8cab81602cfb015f7c2a0dec2e5357899,2437665168,1321685256,False,True,[],[],/root/autodl-tmp/qvla-repro/eval/awq-baseline-shard-27-34-20260917-182634-1372,vision-w2,awq-scope-shard-vision-w2-30-39-20260918-013150-63930
5,34,376b74124fdf64c56fe887e1da504a380f66cf19a34a53d8d88d3c3a96a0adc9,2527150742,1013323222,True,True,[],[],/root/autodl-tmp/qvla-repro/eval/awq-baseline-shard-27-34-20260917-182634-1372,vision-w2,awq-scope-shard-vision-w2-30-39-20260918-013150-63930
5,35,f70104a9c4cc3671c4d82c9d580aaae2523f99eccd4d2c5a16862d554e5c2dc9,3006664297,116683084,True,True,[],[],/root/autodl-tmp/qvla-repro/eval/awq-baseline-shard-35-44-20260917-190101-10039,vision-w2,awq-scope-shard-vision-w2-30-39-20260918-013150-63930
5,36,6751c83b8ee7c3018d678f8e9f0aa264fc34139441b7a5510d6704e48552e9f5,2621645383,3912320306,True,True,[],[],/root/autodl-tmp/qvla-repro/eval/awq-baseline-shard-35-44-20260917-190101-10039,vision-w2,awq-scope-shard-vision-w2-30-39-20260918-013150-63930
5,37,a14d4912b8b4fa61d5e73b2e2283556e335f03e7cbb03cad3b54625fc931e37a,927237764,4138406490,True,True,[],[],/root/autodl-tmp/qvla-repro/eval/awq-baseline-shard-35-44-20260917-190101-10039,vision-w2,awq-scope-shard-vision-w2-30-39-20260918-013150-63930
5,38,31c8df345a5636602d00e3f3b2c307ea7be2b8ef9eccea68336b7563495651fb,417368793,2329984348,True,True,[],[],/root/autodl-tmp/qvla-repro/eval/awq-baseline-shard-35-44-20260917-190101-10039,vision-w2,awq-scope-shard-vision-w2-30-39-20260918-013150-63930
5,39,887a4032d21b66f49f5b80ec84abfaf391ea123f1148bb1cbf585661ac122e78,3219253959,922974428,True,True,[],[],/root/autodl-tmp/qvla-repro/eval/awq-baseline-shard-35-44-20260917-190101-10039,vision-w2,awq-scope-shard-vision-w2-30-39-20260918-013150-63930
6,30,c47e7ade03860cb5bf009d563ff70af43d1415fbd3d34b05f770f719b2dc3c9b,555303445,2802192155,True,True,[],[],/root/autodl-tmp/qvla-repro/eval/awq-baseline-shard-27-34-20260917-182634-1372,vision-w2,awq-scope-shard-vision-w2-30-39-20260918-013150-63930
6,31,6ad396a15dda3ae18c29134e0f4dea11f92a2176292d9826050a957d0028dd74,2037932255,2290986696,True,True,[],[],/root/autodl-tmp/qvla-repro/eval/awq-baseline-shard-27-34-20260917-182634-1372,vision-w2,awq-scope-shard-vision-w2-30-39-20260918-013150-63930
6,32,c6bbb7ce6061546e8a21ed6abaced470e118caddbff73f431f2e8992992b8128,1074734847,57196556,True,True,[],[],/root/autodl-tmp/qvla-repro/eval/awq-baseline-shard-27-34-20260917-182634-1372,vision-w2,awq-scope-shard-vision-w2-30-39-20260918-013150-63930
6,33,5677164d19f6dff7f4bec822888d089225c674da7991296d639f3013ed7cd295,1096322309,3761132941,True,True,[],[],/root/autodl-tmp/qvla-repro/eval/awq-baseline-shard-27-34-20260917-182634-1372,vision-w2,awq-scope-shard-vision-w2-30-39-20260918-013150-63930
6,34,d77fb589b075a79e4988ca368c4b31a1611d129ec282fc2bf03e50dc909a92c3,2182454536,1427945549,True,True,[],[],/root/autodl-tmp/qvla-repro/eval/awq-baseline-shard-27-34-20260917-182634-1372,vision-w2,awq-scope-shard-vision-w2-30-39-20260918-013150-63930
6,35,0d4bb4a3c1075a5d853390878fbb07885c89f2a06277de6bdbf80e83010400d6,3358964321,3404837074,True,True,[],[],/root/autodl-tmp/qvla-repro/eval/awq-baseline-shard-35-44-20260917-190101-10039,vision-w2,awq-scope-shard-vision-w2-30-39-20260918-013150-63930
6,36,c9ac368b6f0df99a323ba4fa26c7791a4c5998413f01171c7725f436a6292897,1263304411,3594643770,True,True,[],[],/root/autodl-tmp/qvla-repro/eval/awq-baseline-shard-35-44-20260917-190101-10039,vision-w2,awq-scope-shard-vision-w2-30-39-20260918-013150-63930
6,37,3f39880e9a2c7a1fb5ab8c5df91675362754b7cdba01380c08b4a0c7020f4e67,2917433197,1478289664,True,True,[],[],/root/autodl-tmp/qvla-repro/eval/awq-baseline-shard-35-44-20260917-190101-10039,vision-w2,awq-scope-shard-vision-w2-30-39-20260918-013150-63930
6,38,34b2cae54e001a871920420ba5fc17ee9a3752786aead9e1354e0d15e91f8720,988418538,3475261711,True,True,[],[],/root/autodl-tmp/qvla-repro/eval/awq-baseline-shard-35-44-20260917-190101-10039,vision-w2,awq-scope-shard-vision-w2-30-39-20260918-013150-63930
6,39,e04805de25e13d5031de0fb8dab7229412116df7ecfa8ac5b42fd5b6fa5aa7d2,2478594168,2122378010,True,True,[],[],/root/autodl-tmp/qvla-repro/eval/awq-baseline-shard-35-44-20260917-190101-10039,vision-w2,awq-scope-shard-vision-w2-30-39-20260918-013150-63930
7,30,cb1e0ed994fc5215b4deeb46c498597a5b0f09f2d4a8091bc8ddc616260e398b,702203286,1069137249,True,True,[],[],/root/autodl-tmp/qvla-repro/eval/awq-baseline-shard-27-34-20260917-182634-1372,vision-w2,awq-scope-shard-vision-w2-30-39-20260918-013150-63930
7,31,05312e1d2a8dd073d6660d60daee7be86b40a4bb5c3af0db76f95818420ab827,1214176192,1465182765,True,True,[],[],/root/autodl-tmp/qvla-repro/eval/awq-baseline-shard-27-34-20260917-182634-1372,vision-w2,awq-scope-shard-vision-w2-30-39-20260918-013150-63930
7,32,282efe30f2a0cdc80c4b697aa6991155e489aced3c4e14a4e6dcc875fafba610,3342811240,1718757011,True,True,[],[],/root/autodl-tmp/qvla-repro/eval/awq-baseline-shard-27-34-20260917-182634-1372,vision-w2,awq-scope-shard-vision-w2-30-39-20260918-013150-63930
7,33,925a077ab488c5c4b235e137d519bdaceef419970082094947d834d4c9031e02,3779348431,2716226899,True,True,[],[],/root/autodl-tmp/qvla-repro/eval/awq-baseline-shard-27-34-20260917-182634-1372,vision-w2,awq-scope-shard-vision-w2-30-39-20260918-013150-63930
7,34,c33b45a5c854cd93c78a0b0072fab82040f099649fa1a8560c7a062d12075556,2543448603,337339622,True,True,[],[],/root/autodl-tmp/qvla-repro/eval/awq-baseline-shard-27-34-20260917-182634-1372,vision-w2,awq-scope-shard-vision-w2-30-39-20260918-013150-63930
7,35,34aa218b2adf0d8a60e6ebca53ffb597b820c35a576587de2c428123d42e82a3,1253233029,2791997501,True,True,[],[],/root/autodl-tmp/qvla-repro/eval/awq-baseline-shard-35-44-20260917-190101-10039,vision-w2,awq-scope-shard-vision-w2-30-39-20260918-013150-63930
7,36,fa3ae3e218e050b022bf87a1fecaa1d5ac408ac8a8a4180a214e2fe827950270,2136814328,3565711174,True,False,[],[],/root/autodl-tmp/qvla-repro/eval/awq-baseline-shard-35-44-20260917-190101-10039,vision-w2,awq-scope-shard-vision-w2-30-39-20260918-013150-63930
7,37,30df6afe03bc0610bde2e7782f44c54d70f1df2791aa3bd0a50135121a455ea3,3777427635,2448151958,True,True,[],[],/root/autodl-tmp/qvla-repro/eval/awq-baseline-shard-35-44-20260917-190101-10039,vision-w2,awq-scope-shard-vision-w2-30-39-20260918-013150-63930
7,38,a15fdabeda6cc7f3e7e821fa080c817cb7b8cf2c277076647c27833a80e4c160,2092767160,3527935534,True,True,[],[],/root/autodl-tmp/qvla-repro/eval/awq-baseline-shard-35-44-20260917-190101-10039,vision-w2,awq-scope-shard-vision-w2-30-39-20260918-013150-63930
7,39,bb4cfacf5861790ae5fc6adf4e5483edafa33d92881121b89a63aacaca15d96e,1781799578,2209565770,True,True,[],[],/root/autodl-tmp/qvla-repro/eval/awq-baseline-shard-35-44-20260917-190101-10039,vision-w2,awq-scope-shard-vision-w2-30-39-20260918-013150-63930
8,30,69f3c2ff71929c95b05c8a0b1c34f160ee4658e562d2efc70380f468cb4ee73e,2661172173,832645811,True,True,[],[],/root/autodl-tmp/qvla-repro/eval/awq-baseline-shard-27-34-20260917-182634-1372,vision-w2,awq-scope-shard-vision-w2-30-39-20260918-013150-63930
8,31,6c1626b5e168565c0f5d999e66e5fae66c8a2ded61c17031e6b49fa63f47c1c9,1046144879,2824990749,True,True,[],[],/root/autodl-tmp/qvla-repro/eval/awq-baseline-shard-27-34-20260917-182634-1372,vision-w2,awq-scope-shard-vision-w2-30-39-20260918-013150-63930
8,32,834df855735fd4eaa87c11c8f5899f9dfc795a74bcefc8f6c1bb1411a05fa8c9,1812310846,3882477947,True,True,[],[],/root/autodl-tmp/qvla-repro/eval/awq-baseline-shard-27-34-20260917-182634-1372,vision-w2,awq-scope-shard-vision-w2-30-39-20260918-013150-63930
8,33,6a2b2180b68de784a078cef544e82ce974744d1b54867a918e8b06e5777d1829,1688937136,2568509942,True,True,[],[],/root/autodl-tmp/qvla-repro/eval/awq-baseline-shard-27-34-20260917-182634-1372,vision-w2,awq-scope-shard-vision-w2-30-39-20260918-013150-63930
8,34,0c3e9ed985b376b83b939b8b84d73a9ca8de8090e325bc44204bb11cccb99ba3,979892435,1191567904,True,True,[],[],/root/autodl-tmp/qvla-repro/eval/awq-baseline-shard-27-34-20260917-182634-1372,vision-w2,awq-scope-shard-vision-w2-30-39-20260918-013150-63930
8,35,ce27ff3ffcffaa1d8c82a5e16bb8a331efc6ad494cdb2c55f716988a3786e2e6,4107914936,3195116118,True,True,[],[],/root/autodl-tmp/qvla-repro/eval/awq-baseline-shard-35-44-20260917-190101-10039,vision-w2,awq-scope-shard-vision-w2-30-39-20260918-013150-63930
8,36,e791e850b22a3795f8ec7df396c23db29e6bc087d320adfc114266dfb2eddd98,3904961676,1819013531,True,True,[],[],/root/autodl-tmp/qvla-repro/eval/awq-baseline-shard-35-44-20260917-190101-10039,vision-w2,awq-scope-shard-vision-w2-30-39-20260918-013150-63930
8,37,4f179c57d4c901ff1f82c730357d8275d68dc9207f36e84339850ac259ec8cdb,1757586818,2075211334,True,True,[],[],/root/autodl-tmp/qvla-repro/eval/awq-baseline-shard-35-44-20260917-190101-10039,vision-w2,awq-scope-shard-vision-w2-30-39-20260918-013150-63930
8,38,c4c6435abb9f0388e51f13ec26c8cf51b267cfd917d73892f2e6a8a80069103c,3888338479,736765337,True,True,[],[],/root/autodl-tmp/qvla-repro/eval/awq-baseline-shard-35-44-20260917-190101-10039,vision-w2,awq-scope-shard-vision-w2-30-39-20260918-013150-63930
8,39,5a3d2e588c3ffc469e190972bc56a59d6733f399d0a3e16a8166a7f0b0718f0a,363159328,3711919986,True,True,[],[],/root/autodl-tmp/qvla-repro/eval/awq-baseline-shard-35-44-20260917-190101-10039,vision-w2,awq-scope-shard-vision-w2-30-39-20260918-013150-63930
9,30,b355b821bd2820810eaefbcd9be254a4673e6bd73904d716e05c635e4675614c,3958497019,3219327983,True,True,[],[],/root/autodl-tmp/qvla-repro/eval/awq-baseline-shard-27-34-20260917-182634-1372,vision-w2,awq-scope-shard-vision-w2-30-39-20260918-013150-63930
9,31,64496d1b371573196c4ff47fe9511594f26be263c9bb9a1de435f3fcd67419c2,3759713427,1175233681,True,True,[],[],/root/autodl-tmp/qvla-repro/eval/awq-baseline-shard-27-34-20260917-182634-1372,vision-w2,awq-scope-shard-vision-w2-30-39-20260918-013150-63930
9,32,b9c27568a6cda670f94c9baafe8edc96c57eb95a72fabd80919f6303e5bd9c37,136419749,1586970223,True,True,[],[],/root/autodl-tmp/qvla-repro/eval/awq-baseline-shard-27-34-20260917-182634-1372,vision-w2,awq-scope-shard-vision-w2-30-39-20260918-013150-63930
9,33,f983471e8db60ffd0669f4f86089ee5cf4bf24287d471b6a9c7f05da81477d1f,3121327144,206231557,True,True,[],[],/root/autodl-tmp/qvla-repro/eval/awq-baseline-shard-27-34-20260917-182634-1372,vision-w2,awq-scope-shard-vision-w2-30-39-20260918-013150-63930
9,34,ece4fbd9a0f3d3b302617ca973866bf91f065b04eed243b655337230b84e6033,1550284034,3497825711,True,True,[],[],/root/autodl-tmp/qvla-repro/eval/awq-baseline-shard-27-34-20260917-182634-1372,vision-w2,awq-scope-shard-vision-w2-30-39-20260918-013150-63930
9,35,6ca029ce574ce3ebfb81bf3d6836ffc6b536a3763b0ee2eea9102efb14ae7d71,1179271778,1273408481,True,True,[],[],/root/autodl-tmp/qvla-repro/eval/awq-baseline-shard-35-44-20260917-190101-10039,vision-w2,awq-scope-shard-vision-w2-30-39-20260918-013150-63930
9,36,0a443b426f850862531c356933ea63d95fad70adf8318932beec5f25f35f47f9,4089702134,3202690308,True,True,[],[],/root/autodl-tmp/qvla-repro/eval/awq-baseline-shard-35-44-20260917-190101-10039,vision-w2,awq-scope-shard-vision-w2-30-39-20260918-013150-63930
9,37,9e65b5cb6f1dc64c8848a2eb2140761be6a51f0ff4c7afc469e393da84f675ee,1255449329,3479933682,True,True,[],[],/root/autodl-tmp/qvla-repro/eval/awq-baseline-shard-35-44-20260917-190101-10039,vision-w2,awq-scope-shard-vision-w2-30-39-20260918-013150-63930
9,38,61f09e621f6e633579ffb27eaab5d456e415515ad97e29878032e37239e2d7b1,3621537563,313545393,True,True,[],[],/root/autodl-tmp/qvla-repro/eval/awq-baseline-shard-35-44-20260917-190101-10039,vision-w2,awq-scope-shard-vision-w2-30-39-20260918-013150-63930
9,39,05ade0d8e73b0502f182fe38054ef3784c2b7f8be0e1eb46cc54509675202e5e,969432174,450495140,True,True,[],[],/root/autodl-tmp/qvla-repro/eval/awq-baseline-shard-35-44-20260917-190101-10039,vision-w2,awq-scope-shard-vision-w2-30-39-20260918-013150-63930
0,40,bc6923b7fe71c729548dee2786142701ea693c2393518b193fe72736fe21e3ad,2394677759,2548554968,True,True,[],[],/root/autodl-tmp/qvla-repro/eval/awq-baseline-shard-35-44-20260917-190101-10039,vision-w2,awq-scope-shard-vision-w2-40-49-20260918-014925-69712
0,41,cbb7e020f73c995a89981cf99c92ca59344493183d4ffe6ee75840444eeff19f,4246475949,229560242,True,True,[],[],/root/autodl-tmp/qvla-repro/eval/awq-baseline-shard-35-44-20260917-190101-10039,vision-w2,awq-scope-shard-vision-w2-40-49-20260918-014925-69712
0,42,82a2bae1656cc86cddc631b84746c5baa9eac8d87f1168ed5b813ccbbb7b8605,1322631691,3441278823,True,True,[],[],/root/autodl-tmp/qvla-repro/eval/awq-baseline-shard-35-44-20260917-190101-10039,vision-w2,awq-scope-shard-vision-w2-40-49-20260918-014925-69712
0,43,73edd1cd3c0667f1be358d67fcdfc4b560825472796bf6aee53a762ba26a4c66,1147093789,2773030168,True,True,[],[],/root/autodl-tmp/qvla-repro/eval/awq-baseline-shard-35-44-20260917-190101-10039,vision-w2,awq-scope-shard-vision-w2-40-49-20260918-014925-69712
0,44,e5e5740072f7787db30d3b6108e23c17b2ae6e372c2bd441579d8674e4cc2b2a,1507175424,599105653,True,True,[],[],/root/autodl-tmp/qvla-repro/eval/awq-baseline-shard-35-44-20260917-190101-10039,vision-w2,awq-scope-shard-vision-w2-40-49-20260918-014925-69712
0,45,aeed457c3aaa84628169ec809ab31fea7d3baed43d4e0e68970d01485d8b4987,1611577170,4215005786,True,True,[],[],/root/autodl-tmp/qvla-repro/eval/awq-baseline-shard-45-49-20260917-193926-20575,vision-w2,awq-scope-shard-vision-w2-40-49-20260918-014925-69712
0,46,54b3e75ce4b8126c50bc354ae6c534c6e9c2f6180a86a8cc97100a598c8082f1,1854073269,1732376798,True,True,[],[],/root/autodl-tmp/qvla-repro/eval/awq-baseline-shard-45-49-20260917-193926-20575,vision-w2,awq-scope-shard-vision-w2-40-49-20260918-014925-69712
0,47,4f5e968e3f8a21ea074562fb9ce67e13dc39cfba572b37e5cc18e15d8f939a1f,647178796,301706372,True,True,[],[],/root/autodl-tmp/qvla-repro/eval/awq-baseline-shard-45-49-20260917-193926-20575,vision-w2,awq-scope-shard-vision-w2-40-49-20260918-014925-69712
0,48,14331e45a001f601d1a68e2824d6d749ce477bcb0c29f127b12d5ac08087d57d,3513033951,1741847142,True,True,[],[],/root/autodl-tmp/qvla-repro/eval/awq-baseline-shard-45-49-20260917-193926-20575,vision-w2,awq-scope-shard-vision-w2-40-49-20260918-014925-69712
0,49,80d1403d4b3f6adeff4ed42fe0f4a5dc70b570e6d59ae52aa7f0afd3d91944be,3176067782,1839010978,True,True,[],[],/root/autodl-tmp/qvla-repro/eval/awq-baseline-shard-45-49-20260917-193926-20575,vision-w2,awq-scope-shard-vision-w2-40-49-20260918-014925-69712
1,40,670623563d5211c7992f4e27249a223da74ea355a474318bc68e0781804a243c,2127363018,2806436868,True,False,[],[],/root/autodl-tmp/qvla-repro/eval/awq-baseline-shard-35-44-20260917-190101-10039,vision-w2,awq-scope-shard-vision-w2-40-49-20260918-014925-69712
1,41,3f434992f45fc6db5024222cb297fcfe4fc616be7e693e2f5874bbc2259980f4,1408277139,4089571247,True,True,[],[],/root/autodl-tmp/qvla-repro/eval/awq-baseline-shard-35-44-20260917-190101-10039,vision-w2,awq-scope-shard-vision-w2-40-49-20260918-014925-69712
1,42,641fa7949fc2b6515971870f3b6143fc51ee8028556bc57c69236ed3a7634126,2474327722,982869153,True,False,[],[],/root/autodl-tmp/qvla-repro/eval/awq-baseline-shard-35-44-20260917-190101-10039,vision-w2,awq-scope-shard-vision-w2-40-49-20260918-014925-69712
1,43,2fc5db2ab789cc349a32c9c42c0f2ea45d3cc27c6019588cadb68ba540ac1e0b,2114291554,2144334309,True,True,[],[],/root/autodl-tmp/qvla-repro/eval/awq-baseline-shard-35-44-20260917-190101-10039,vision-w2,awq-scope-shard-vision-w2-40-49-20260918-014925-69712
1,44,5ab6edffd41b7a7e81423febceb8249359fa8f4ab3fcda862d11607b13ed0700,4119263672,2624970628,True,True,[],[],/root/autodl-tmp/qvla-repro/eval/awq-baseline-shard-35-44-20260917-190101-10039,vision-w2,awq-scope-shard-vision-w2-40-49-20260918-014925-69712
1,45,f79d4d21159c657a528a4fb0c9c10bb1d473e2595f8d5ac0780507a157185eee,2098898157,412679868,True,False,[],[],/root/autodl-tmp/qvla-repro/eval/awq-baseline-shard-45-49-20260917-193926-20575,vision-w2,awq-scope-shard-vision-w2-40-49-20260918-014925-69712
1,46,c8b9606909cd34025dae7bcbe3c11df89f26a6617c1934e98b9c49af7a9b559c,635895520,1398216352,True,True,[],[],/root/autodl-tmp/qvla-repro/eval/awq-baseline-shard-45-49-20260917-193926-20575,vision-w2,awq-scope-shard-vision-w2-40-49-20260918-014925-69712
1,47,59a712c55409ee2c49087d209aab4ca1474a7879e3071be37b1c762e45b3bffd,943839910,425169792,True,False,[],[],/root/autodl-tmp/qvla-repro/eval/awq-baseline-shard-45-49-20260917-193926-20575,vision-w2,awq-scope-shard-vision-w2-40-49-20260918-014925-69712
1,48,350bf488c06f0918ecef5cc9dc56a163821d4dce5b9e53923f6b8f5f46c48213,2829823387,1990084044,True,True,[],[],/root/autodl-tmp/qvla-repro/eval/awq-baseline-shard-45-49-20260917-193926-20575,vision-w2,awq-scope-shard-vision-w2-40-49-20260918-014925-69712
1,49,5a5b6913c479b18c86010683d352060eb68f382f2de75e6b68ac1f3dae5e11ea,805964948,4022403081,True,False,[],[],/root/autodl-tmp/qvla-repro/eval/awq-baseline-shard-45-49-20260917-193926-20575,vision-w2,awq-scope-shard-vision-w2-40-49-20260918-014925-69712
2,40,331aade7c83ff9afadeefe292e6ae5024c222c81908b2887fc74d51d40f4b147,2760126984,498767105,True,True,[],[],/root/autodl-tmp/qvla-repro/eval/awq-baseline-shard-35-44-20260917-190101-10039,vision-w2,awq-scope-shard-vision-w2-40-49-20260918-014925-69712
2,41,42be1ba84bc8aefda6cc515e767d667cb5edc84a3fc1cabc6fc5c16f34452802,1049218456,4092670113,True,True,[],[],/root/autodl-tmp/qvla-repro/eval/awq-baseline-shard-35-44-20260917-190101-10039,vision-w2,awq-scope-shard-vision-w2-40-49-20260918-014925-69712
2,42,e163c8a989a23ad63861f9ce95b7c32daa2dbf6a778c45341b89b8811a8e41d0,4070546608,3696263769,True,True,[],[],/root/autodl-tmp/qvla-repro/eval/awq-baseline-shard-35-44-20260917-190101-10039,vision-w2,awq-scope-shard-vision-w2-40-49-20260918-014925-69712
2,43,49e8f18c75d2c5a118b7eb1eb8b00d65e0c31dca64b66e83ac3a21bf4f32cb97,1827267706,2706133589,True,True,[],[],/root/autodl-tmp/qvla-repro/eval/awq-baseline-shard-35-44-20260917-190101-10039,vision-w2,awq-scope-shard-vision-w2-40-49-20260918-014925-69712
2,44,1a28afe01b6fcc720bb64f8f8632fb32b1124d71e4c809ce4ec116ef8e513a58,2903259647,442371259,True,True,[],[],/root/autodl-tmp/qvla-repro/eval/awq-baseline-shard-35-44-20260917-190101-10039,vision-w2,awq-scope-shard-vision-w2-40-49-20260918-014925-69712
2,45,918a0f7ae544673a763398420d1a7c15c373ea38695ca38f52ba4996c43e7a6d,2083605657,3950244284,True,True,[],[],/root/autodl-tmp/qvla-repro/eval/awq-baseline-shard-45-49-20260917-193926-20575,vision-w2,awq-scope-shard-vision-w2-40-49-20260918-014925-69712
2,46,3427a168ba24740f56ed0fbbaa0c7f684391154d9759cd326301dd619ff82618,1959857874,1989382542,True,True,[],[],/root/autodl-tmp/qvla-repro/eval/awq-baseline-shard-45-49-20260917-193926-20575,vision-w2,awq-scope-shard-vision-w2-40-49-20260918-014925-69712
2,47,a6e64088e298a32030c8f152139fb732bd77e932b024716ff6203cc133bb0a0e,1524464040,1955218558,True,True,[],[],/root/autodl-tmp/qvla-repro/eval/awq-baseline-shard-45-49-20260917-193926-20575,vision-w2,awq-scope-shard-vision-w2-40-49-20260918-014925-69712
2,48,48f0949b13a759c3d62bf38552278515dbcd69a6216b32b340f86271093446f8,3440829925,2392964692,True,True,[],[],/root/autodl-tmp/qvla-repro/eval/awq-baseline-shard-45-49-20260917-193926-20575,vision-w2,awq-scope-shard-vision-w2-40-49-20260918-014925-69712
2,49,d76e44f29bd43b5fd70783aaff1471066fd8ab774311c1b298916b60a728df1b,702398939,1684192834,True,True,[],[],/root/autodl-tmp/qvla-repro/eval/awq-baseline-shard-45-49-20260917-193926-20575,vision-w2,awq-scope-shard-vision-w2-40-49-20260918-014925-69712
3,40,b3e627d26f03251ec85c9bde01e7c4201299ce29398710422b2d590d08b18fb4,3549543789,1610377573,True,True,[],[],/root/autodl-tmp/qvla-repro/eval/awq-baseline-shard-35-44-20260917-190101-10039,vision-w2,awq-scope-shard-vision-w2-40-49-20260918-014925-69712
3,41,0e02cbdee0437e61c30dc14f1282a79e5654cbc127cc4182f388123cec76188f,2129717691,3210704787,True,True,[],[],/root/autodl-tmp/qvla-repro/eval/awq-baseline-shard-35-44-20260917-190101-10039,vision-w2,awq-scope-shard-vision-w2-40-49-20260918-014925-69712
3,42,76baab81ad3a52f8f53427b392fe39763a7f2b85a9445ea84f30d25affd10b86,1731147995,3865796345,True,True,[],[],/root/autodl-tmp/qvla-repro/eval/awq-baseline-shard-35-44-20260917-190101-10039,vision-w2,awq-scope-shard-vision-w2-40-49-20260918-014925-69712
3,43,161886d30f365a4e7835f96972847183b8566b40bb2dccbab3691ea52317723b,1108243006,1568532716,True,True,[],[],/root/autodl-tmp/qvla-repro/eval/awq-baseline-shard-35-44-20260917-190101-10039,vision-w2,awq-scope-shard-vision-w2-40-49-20260918-014925-69712
3,44,1aee406422e3a6836f0fa274fcb72b489f2038ee56c0aeb335e88d14fef8d6ed,3182607692,1592047138,True,True,[],[],/root/autodl-tmp/qvla-repro/eval/awq-baseline-shard-35-44-20260917-190101-10039,vision-w2,awq-scope-shard-vision-w2-40-49-20260918-014925-69712
3,45,c0c1341319bb4ff603051411661c71cdda11b1577d4bf36eedd8015bef231c20,3916229738,1555665035,True,True,[],[],/root/autodl-tmp/qvla-repro/eval/awq-baseline-shard-45-49-20260917-193926-20575,vision-w2,awq-scope-shard-vision-w2-40-49-20260918-014925-69712
3,46,fddd2fdfc1106380989a912c32bc2822120797428604773abbb3dbb496393ac9,1671958709,3878865789,True,True,[],[],/root/autodl-tmp/qvla-repro/eval/awq-baseline-shard-45-49-20260917-193926-20575,vision-w2,awq-scope-shard-vision-w2-40-49-20260918-014925-69712
3,47,ff6eb7a3e2f731455339a4e18b95253fbe3d637629b8a420d1ab4ab862b14c2c,1736052250,1012803538,True,True,[],[],/root/autodl-tmp/qvla-repro/eval/awq-baseline-shard-45-49-20260917-193926-20575,vision-w2,awq-scope-shard-vision-w2-40-49-20260918-014925-69712
3,48,1d510958095b4e025666708756a278fb42c249a651924a66baa2799f069783d4,3945289724,2029235663,True,True,[],[],/root/autodl-tmp/qvla-repro/eval/awq-baseline-shard-45-49-20260917-193926-20575,vision-w2,awq-scope-shard-vision-w2-40-49-20260918-014925-69712
3,49,ff1ccf054cd500323a4baa963795dd7dea85c785a0231a6541bd33704d237be3,3326157905,2654291109,True,True,[],[],/root/autodl-tmp/qvla-repro/eval/awq-baseline-shard-45-49-20260917-193926-20575,vision-w2,awq-scope-shard-vision-w2-40-49-20260918-014925-69712
4,40,493a22fdcd25240861124092d8546ad413a25b1ce25ea6fd54ff2a0a84b24556,1311870730,2581674160,True,True,[],[],/root/autodl-tmp/qvla-repro/eval/awq-baseline-shard-35-44-20260917-190101-10039,vision-w2,awq-scope-shard-vision-w2-40-49-20260918-014925-69712
4,41,9c50f85d3dad92653245505cf965992593d2ee45b897c2ed812c1f80857803bf,51635521,4054696833,True,True,[],[],/root/autodl-tmp/qvla-repro/eval/awq-baseline-shard-35-44-20260917-190101-10039,vision-w2,awq-scope-shard-vision-w2-40-49-20260918-014925-69712
4,42,1c752bed5941b93afcc683be399eddda2ce8b861685f6d1d849d680d69dcb504,1316239793,3856881508,True,True,[],[],/root/autodl-tmp/qvla-repro/eval/awq-baseline-shard-35-44-20260917-190101-10039,vision-w2,awq-scope-shard-vision-w2-40-49-20260918-014925-69712
4,43,7159279671f11c14a72b5b529afdbb8858120e0ac786ed2ef6482d697bc7ccb5,1232941513,3717373089,True,True,[],[],/root/autodl-tmp/qvla-repro/eval/awq-baseline-shard-35-44-20260917-190101-10039,vision-w2,awq-scope-shard-vision-w2-40-49-20260918-014925-69712
4,44,3216aafae2d386eb58eca97b8b51ad5d23c963ba84063ed6c0ba68623987b371,1081531344,3174494066,True,True,[],[],/root/autodl-tmp/qvla-repro/eval/awq-baseline-shard-35-44-20260917-190101-10039,vision-w2,awq-scope-shard-vision-w2-40-49-20260918-014925-69712
4,45,d12e3368e6ad9301b7d632429171be9b23b9fe1b1ab7b9062159ffe46060f664,1554191966,2874557574,True,True,[],[],/root/autodl-tmp/qvla-repro/eval/awq-baseline-shard-45-49-20260917-193926-20575,vision-w2,awq-scope-shard-vision-w2-40-49-20260918-014925-69712
4,46,5b09daab114e4d3af5d84965400e51bb5e493a6b9ce78c8d04d12f7bb1bfabff,3964310256,1004960251,True,True,[],[],/root/autodl-tmp/qvla-repro/eval/awq-baseline-shard-45-49-20260917-193926-20575,vision-w2,awq-scope-shard-vision-w2-40-49-20260918-014925-69712
4,47,eaaf7fd0994b7998df04e31ee01d27dc01a586bc5f6ef0f65480cf20c9afb1c9,2639573391,3115568711,True,True,[],[],/root/autodl-tmp/qvla-repro/eval/awq-baseline-shard-45-49-20260917-193926-20575,vision-w2,awq-scope-shard-vision-w2-40-49-20260918-014925-69712
4,48,c08b9f27005bfbc13c50875b0b17884fe186bf3cde0d95be7a5e2b801c04a652,2100786662,3131556104,True,True,[],[],/root/autodl-tmp/qvla-repro/eval/awq-baseline-shard-45-49-20260917-193926-20575,vision-w2,awq-scope-shard-vision-w2-40-49-20260918-014925-69712
4,49,c6a4a780eee1b9319e2bfea84e870963dfcd46d0eb1c1f0c1aa822a7cbf81d62,3144507017,15171292,True,True,[],[],/root/autodl-tmp/qvla-repro/eval/awq-baseline-shard-45-49-20260917-193926-20575,vision-w2,awq-scope-shard-vision-w2-40-49-20260918-014925-69712
5,40,fce301f2427b1a80b3fa2e9024076abe5552eb66a87bb1dd097adfd36f2b7383,2939071606,3174654996,True,False,[],[],/root/autodl-tmp/qvla-repro/eval/awq-baseline-shard-35-44-20260917-190101-10039,vision-w2,awq-scope-shard-vision-w2-40-49-20260918-014925-69712
5,41,00a6f816c49d836808e36e55ba2a81999288d8c9dd92542b3712debbf58cf465,3254826698,3551813349,True,True,[],[],/root/autodl-tmp/qvla-repro/eval/awq-baseline-shard-35-44-20260917-190101-10039,vision-w2,awq-scope-shard-vision-w2-40-49-20260918-014925-69712
5,42,3b3246e993c93cdffc20a60bd2d13d3adaaf4cd403a61c836b079a556af36882,1918144846,3763543662,True,False,[],[],/root/autodl-tmp/qvla-repro/eval/awq-baseline-shard-35-44-20260917-190101-10039,vision-w2,awq-scope-shard-vision-w2-40-49-20260918-014925-69712
5,43,9333835594cdf874264aba8d7a9d4ae9a6844a166484ea16b34112106b86c163,2484370224,2627528898,True,True,[],[],/root/autodl-tmp/qvla-repro/eval/awq-baseline-shard-35-44-20260917-190101-10039,vision-w2,awq-scope-shard-vision-w2-40-49-20260918-014925-69712
5,44,84677af495fb719d06a2d6d35226638c380f8f3f5eb0a1a234763bc991322087,88714582,752257392,True,True,[],[],/root/autodl-tmp/qvla-repro/eval/awq-baseline-shard-35-44-20260917-190101-10039,vision-w2,awq-scope-shard-vision-w2-40-49-20260918-014925-69712
5,45,c42d0bcb3d42923d97b8f0d3b182fa4c58f251b688e78502491f9abdbecc24a0,3944718947,603923488,True,True,[],[],/root/autodl-tmp/qvla-repro/eval/awq-baseline-shard-45-49-20260917-193926-20575,vision-w2,awq-scope-shard-vision-w2-40-49-20260918-014925-69712
5,46,e7a51f3e006d762b755017f9ec395ebb9b272e716d811f5f4e22980251ce9e0f,3770319583,739294674,True,True,[],[],/root/autodl-tmp/qvla-repro/eval/awq-baseline-shard-45-49-20260917-193926-20575,vision-w2,awq-scope-shard-vision-w2-40-49-20260918-014925-69712
5,47,29a92c0348dee75c131fa0beb9c77611224fdaf778c2e18af95b88cb0b9ce57f,86586123,906680753,True,True,[],[],/root/autodl-tmp/qvla-repro/eval/awq-baseline-shard-45-49-20260917-193926-20575,vision-w2,awq-scope-shard-vision-w2-40-49-20260918-014925-69712
5,48,351c182d153de42923ed58162f88a7c2e90587a54073fdda3fda66e1cb7d0903,1493182971,3950833648,True,True,[],[],/root/autodl-tmp/qvla-repro/eval/awq-baseline-shard-45-49-20260917-193926-20575,vision-w2,awq-scope-shard-vision-w2-40-49-20260918-014925-69712
5,49,8cdf5e442c27c558616896aeee60f5b45b8e965e7e732fddc02e6b29ea7faa49,330876625,111379952,True,True,[],[],/root/autodl-tmp/qvla-repro/eval/awq-baseline-shard-45-49-20260917-193926-20575,vision-w2,awq-scope-shard-vision-w2-40-49-20260918-014925-69712
6,40,4d8426e49ec428b97007d3aa28e663a133b3596c05bc190aa38f858ff9635de3,2403982409,2698820280,True,True,[],[],/root/autodl-tmp/qvla-repro/eval/awq-baseline-shard-35-44-20260917-190101-10039,vision-w2,awq-scope-shard-vision-w2-40-49-20260918-014925-69712
6,41,c4e1d2d630caf91ed514ed222e2278d882b2408a892c1d7ec27524684919143e,643751680,2585947622,True,True,[],[],/root/autodl-tmp/qvla-repro/eval/awq-baseline-shard-35-44-20260917-190101-10039,vision-w2,awq-scope-shard-vision-w2-40-49-20260918-014925-69712
6,42,a29feaeb773e6670acd538d81283f59c64b18aec0ff8188abd9a960e160e546f,2078231310,4108900448,True,True,[],[],/root/autodl-tmp/qvla-repro/eval/awq-baseline-shard-35-44-20260917-190101-10039,vision-w2,awq-scope-shard-vision-w2-40-49-20260918-014925-69712
6,43,784d6b7f4af78c93684ec689685c4189cb8524c1dd7187a72d9e1f9d8a95ca32,1177698361,157503332,True,True,[],[],/root/autodl-tmp/qvla-repro/eval/awq-baseline-shard-35-44-20260917-190101-10039,vision-w2,awq-scope-shard-vision-w2-40-49-20260918-014925-69712
6,44,7e22fff4325587d5faa4fb37fd03299da778594382f3b45374672645ff0ec3a9,1358655103,3940448934,True,True,[],[],/root/autodl-tmp/qvla-repro/eval/awq-baseline-shard-35-44-20260917-190101-10039,vision-w2,awq-scope-shard-vision-w2-40-49-20260918-014925-69712
6,45,1a69936d7667002d0f9639fc59707a6dd8a522a9d5d0fc6457165b8e4951e87d,3608390160,3872737533,True,True,[],[],/root/autodl-tmp/qvla-repro/eval/awq-baseline-shard-45-49-20260917-193926-20575,vision-w2,awq-scope-shard-vision-w2-40-49-20260918-014925-69712
6,46,f5e40a343e382819bf45003eebc2bb909ed5dc124e04a2f01515664a03f871e6,4087587385,1100020953,True,True,[],[],/root/autodl-tmp/qvla-repro/eval/awq-baseline-shard-45-49-20260917-193926-20575,vision-w2,awq-scope-shard-vision-w2-40-49-20260918-014925-69712
6,47,ff2ce0348bbfc80f7d09be07a05e9f04b11c41ba280d6f2587356b4434f23b95,2271210947,4051934205,True,True,[],[],/root/autodl-tmp/qvla-repro/eval/awq-baseline-shard-45-49-20260917-193926-20575,vision-w2,awq-scope-shard-vision-w2-40-49-20260918-014925-69712
6,48,124743d27a771973786e97ccb89ce98d8554be780a10c6ad7faeb6150af09d79,3599038561,80968398,True,True,[],[],/root/autodl-tmp/qvla-repro/eval/awq-baseline-shard-45-49-20260917-193926-20575,vision-w2,awq-scope-shard-vision-w2-40-49-20260918-014925-69712
6,49,3a892e49c8d9eed6572b7712beddd76effe0a27d65b6fb1572e40afe5e3bd0c0,912153937,3102821187,True,True,[],[],/root/autodl-tmp/qvla-repro/eval/awq-baseline-shard-45-49-20260917-193926-20575,vision-w2,awq-scope-shard-vision-w2-40-49-20260918-014925-69712
7,40,0f960fd4067c1a2f83622ba7fc4ef5e113a40a1e6efa6ce7cb4fe48bfe0f3817,3570423750,2104521888,True,True,[],[],/root/autodl-tmp/qvla-repro/eval/awq-baseline-shard-35-44-20260917-190101-10039,vision-w2,awq-scope-shard-vision-w2-40-49-20260918-014925-69712
7,41,2e659d845fe172789d7f5203ffc231ec5ad87a24d27a566df48530a873a86118,1198636422,738023324,True,True,[],[],/root/autodl-tmp/qvla-repro/eval/awq-baseline-shard-35-44-20260917-190101-10039,vision-w2,awq-scope-shard-vision-w2-40-49-20260918-014925-69712
7,42,bfc79b8f6dd96665273afd33777eb3a9bf8d75e952e841e34679a582a11a9510,2048526989,1873601083,False,False,[],[],/root/autodl-tmp/qvla-repro/eval/awq-baseline-shard-35-44-20260917-190101-10039,vision-w2,awq-scope-shard-vision-w2-40-49-20260918-014925-69712
7,43,556325182705a8ca40f2226c9b0c46ddcbc83d7e7017a24b9a4690feb5926539,2968814618,3887693879,True,True,[],[],/root/autodl-tmp/qvla-repro/eval/awq-baseline-shard-35-44-20260917-190101-10039,vision-w2,awq-scope-shard-vision-w2-40-49-20260918-014925-69712
7,44,c45776292c48d3a8dd383cbcf01ceb8139867b6010a0056b47ca42fb1180b760,691339280,1275533594,True,True,[],[],/root/autodl-tmp/qvla-repro/eval/awq-baseline-shard-35-44-20260917-190101-10039,vision-w2,awq-scope-shard-vision-w2-40-49-20260918-014925-69712
7,45,6830b4e68d19d9574651c79c44be95819fb61f8bdb0395f912d650c32bded9bb,1733443500,2906979937,True,True,[],[],/root/autodl-tmp/qvla-repro/eval/awq-baseline-shard-45-49-20260917-193926-20575,vision-w2,awq-scope-shard-vision-w2-40-49-20260918-014925-69712
7,46,652690e243bfc1d53ca4115864adc4a7587623c127abb19242135faffed8a9ce,742969919,1308179430,True,True,[],[],/root/autodl-tmp/qvla-repro/eval/awq-baseline-shard-45-49-20260917-193926-20575,vision-w2,awq-scope-shard-vision-w2-40-49-20260918-014925-69712
7,47,62add5097e9d617e5a0012137a6802ed0bfde98849fd6c58003ae5d7998751fc,1934989639,1972629738,True,True,[],[],/root/autodl-tmp/qvla-repro/eval/awq-baseline-shard-45-49-20260917-193926-20575,vision-w2,awq-scope-shard-vision-w2-40-49-20260918-014925-69712
7,48,2a3816644356e20bf708f08425cf2af1aa93a19eacb147198b68e3753335d788,1359267905,3416793725,True,True,[],[],/root/autodl-tmp/qvla-repro/eval/awq-baseline-shard-45-49-20260917-193926-20575,vision-w2,awq-scope-shard-vision-w2-40-49-20260918-014925-69712
7,49,1ded5e57130dd32724935dafa2bb36401940812bfffeeca16980851c31ee4fb6,1318497224,2176902890,True,False,[],[],/root/autodl-tmp/qvla-repro/eval/awq-baseline-shard-45-49-20260917-193926-20575,vision-w2,awq-scope-shard-vision-w2-40-49-20260918-014925-69712
8,40,d9d6a60fa49009cd94a9e94c31a0e0be97f9e779c63790e949c5467adc113104,3631523744,2738988379,True,True,[],[],/root/autodl-tmp/qvla-repro/eval/awq-baseline-shard-35-44-20260917-190101-10039,vision-w2,awq-scope-shard-vision-w2-40-49-20260918-014925-69712
8,41,971b3c143a1181c66654263d2a762635655c74548ed2c53b45434d3f9d7b6fbd,2806874025,1746279148,True,True,[],[],/root/autodl-tmp/qvla-repro/eval/awq-baseline-shard-35-44-20260917-190101-10039,vision-w2,awq-scope-shard-vision-w2-40-49-20260918-014925-69712
8,42,71a148ed02b7d1a30edd1a7017aea824a15aa2f35d666667b5117d0c393c20e4,1536421897,3448385024,True,True,[],[],/root/autodl-tmp/qvla-repro/eval/awq-baseline-shard-35-44-20260917-190101-10039,vision-w2,awq-scope-shard-vision-w2-40-49-20260918-014925-69712
8,43,e39a09cba440d5966ac8ad8b1c404190d7eed8d30db48b25ce2d92c68f85b9e4,4016870129,2753027120,True,True,[],[],/root/autodl-tmp/qvla-repro/eval/awq-baseline-shard-35-44-20260917-190101-10039,vision-w2,awq-scope-shard-vision-w2-40-49-20260918-014925-69712
8,44,9f8985d1386b3181771f006bec125c44428502fff1a0c7e2c1b5b39b40fd75db,1519658192,1713150280,True,True,[],[],/root/autodl-tmp/qvla-repro/eval/awq-baseline-shard-35-44-20260917-190101-10039,vision-w2,awq-scope-shard-vision-w2-40-49-20260918-014925-69712
8,45,24f9cfa1728ed262f64521c6b3b3e71cdc52afa97e4e6ab77bccdebc865d07f2,3223707390,3139176122,True,True,[],[],/root/autodl-tmp/qvla-repro/eval/awq-baseline-shard-45-49-20260917-193926-20575,vision-w2,awq-scope-shard-vision-w2-40-49-20260918-014925-69712
8,46,ad9245178ee8387348b1ea63f8448ea1ad61eda3014722b5d910f822325ed806,4828471,1778439941,True,True,[],[],/root/autodl-tmp/qvla-repro/eval/awq-baseline-shard-45-49-20260917-193926-20575,vision-w2,awq-scope-shard-vision-w2-40-49-20260918-014925-69712
8,47,588a468ca5f3513b762bcbdddd64b04b84d53eb09639895413e1f4e84c219d6d,2040028324,842738773,True,True,[],[],/root/autodl-tmp/qvla-repro/eval/awq-baseline-shard-45-49-20260917-193926-20575,vision-w2,awq-scope-shard-vision-w2-40-49-20260918-014925-69712
8,48,7177b22f02f0cee52ce2a47480c5a5d9a486e259bc536e049be2731c5b3b2319,803687494,4033137365,True,True,[],[],/root/autodl-tmp/qvla-repro/eval/awq-baseline-shard-45-49-20260917-193926-20575,vision-w2,awq-scope-shard-vision-w2-40-49-20260918-014925-69712
8,49,037f7cfbd5fa5f9191a91bbb76310d3ecf0a5355bd4bc977d0757a561a803b13,2053103887,3110794515,True,True,[],[],/root/autodl-tmp/qvla-repro/eval/awq-baseline-shard-45-49-20260917-193926-20575,vision-w2,awq-scope-shard-vision-w2-40-49-20260918-014925-69712
9,40,7b8df71d7e03fa43a0f1b56d133b54436fca2b4d3f39a97727c7a8012bbbfa6e,1317138090,389791207,True,True,[],[],/root/autodl-tmp/qvla-repro/eval/awq-baseline-shard-35-44-20260917-190101-10039,vision-w2,awq-scope-shard-vision-w2-40-49-20260918-014925-69712
9,41,e39a876aedb344b1cb55363d8e06089d59db8a498bb7464c1d1433da797cf2e4,232999906,1183100243,True,True,[],[],/root/autodl-tmp/qvla-repro/eval/awq-baseline-shard-35-44-20260917-190101-10039,vision-w2,awq-scope-shard-vision-w2-40-49-20260918-014925-69712
9,42,0fe73bbfa1e0f61ac6099f7832b3d882fe5a2065f9a841a631664d1485802a89,2240493145,1904589927,True,True,[],[],/root/autodl-tmp/qvla-repro/eval/awq-baseline-shard-35-44-20260917-190101-10039,vision-w2,awq-scope-shard-vision-w2-40-49-20260918-014925-69712
9,43,5c72ed25d3085fb0e4bf59fa63fa3d0923a35c60d919946147740cf18d2fc5f4,1906494545,1562959251,True,True,[],[],/root/autodl-tmp/qvla-repro/eval/awq-baseline-shard-35-44-20260917-190101-10039,vision-w2,awq-scope-shard-vision-w2-40-49-20260918-014925-69712
9,44,5373a9292930daec72357f2b6da25945cf90e28a4e31aef14e10385249dfadb8,3103604122,362393572,True,True,[],[],/root/autodl-tmp/qvla-repro/eval/awq-baseline-shard-35-44-20260917-190101-10039,vision-w2,awq-scope-shard-vision-w2-40-49-20260918-014925-69712
9,45,37f936abf77d94b75fac07e590fa2637bcbbcf6881a8d40837cae7f17fcf168d,3362489072,3486997007,True,True,[],[],/root/autodl-tmp/qvla-repro/eval/awq-baseline-shard-45-49-20260917-193926-20575,vision-w2,awq-scope-shard-vision-w2-40-49-20260918-014925-69712
9,46,511e59296c4beb7b243d57c9e41d762ed8eff497250f796fa65ce2a585b1651a,2268066207,3765230933,True,True,[],[],/root/autodl-tmp/qvla-repro/eval/awq-baseline-shard-45-49-20260917-193926-20575,vision-w2,awq-scope-shard-vision-w2-40-49-20260918-014925-69712
9,47,d01f488938b9c169d441d381187a804766918fe4394bfd6325e308b20a2061d1,115556393,2613388118,True,True,[],[],/root/autodl-tmp/qvla-repro/eval/awq-baseline-shard-45-49-20260917-193926-20575,vision-w2,awq-scope-shard-vision-w2-40-49-20260918-014925-69712
9,48,e383cb9ca532d15d777684d04e48958e6c86c6a82f7440610bfa47acb6c7398f,2923982392,315129556,True,True,[],[],/root/autodl-tmp/qvla-repro/eval/awq-baseline-shard-45-49-20260917-193926-20575,vision-w2,awq-scope-shard-vision-w2-40-49-20260918-014925-69712
9,49,e3e487c4499d0d6ac7f71956603b8f9a9fe84b62afe6b7d2ca622cfbffe3d9dd,3148363717,3538353301,True,True,[],[],/root/autodl-tmp/qvla-repro/eval/awq-baseline-shard-45-49-20260917-193926-20575,vision-w2,awq-scope-shard-vision-w2-40-49-20260918-014925-69712
0,5,c9c2f8022034e9a0705daab34a7f5bf9947ac939dfc5cf5a0ab493a377028a02,4110909047,2920509582,True,False,[],[],/root/autodl-tmp/qvla-repro/eval/awq-baseline-shard-05-14-20260917-121652-1344,language-w2-clip,awq-scope-shard-language-w2-clip-05-09-20260917-210340-40294
0,6,784dba596f01025199c62c3e262748c68f1f3b6ff92df2fd36aab8b5263bc0ce,3154189564,90430444,True,False,[],[],/root/autodl-tmp/qvla-repro/eval/awq-baseline-shard-05-14-20260917-121652-1344,language-w2-clip,awq-scope-shard-language-w2-clip-05-09-20260917-210340-40294
0,7,d297dd693cb3e13a607d16f211730e28c50b463f597f066ef2a424a8a036186c,3181712472,2593257767,True,False,[],[],/root/autodl-tmp/qvla-repro/eval/awq-baseline-shard-05-14-20260917-121652-1344,language-w2-clip,awq-scope-shard-language-w2-clip-05-09-20260917-210340-40294
0,8,3f628d77bb395ff9ff2b248e18e5dea19d9b1103ed48b55df4eafa29188bd9f0,441765833,3459110301,True,False,[],[],/root/autodl-tmp/qvla-repro/eval/awq-baseline-shard-05-14-20260917-121652-1344,language-w2-clip,awq-scope-shard-language-w2-clip-05-09-20260917-210340-40294
0,9,6ccefe4bd69954c98ddc32f1acdcff81b5a66ed4304391089bbc027172b66d64,1987439733,3221137945,True,False,[],[],/root/autodl-tmp/qvla-repro/eval/awq-baseline-shard-05-14-20260917-121652-1344,language-w2-clip,awq-scope-shard-language-w2-clip-05-09-20260917-210340-40294
1,5,d0345028d24b7dda175db33c7eb0e5c1d4df2fdf5620c51dd3641fdc77750964,2466788813,2720709901,True,False,[],[],/root/autodl-tmp/qvla-repro/eval/awq-baseline-shard-05-14-20260917-121652-1344,language-w2-clip,awq-scope-shard-language-w2-clip-05-09-20260917-210340-40294
1,6,74548b977713394a062b37d064eb857cc795b1dd9e3dd6f72236514b2f85404c,2663980325,1980140999,True,False,[],[],/root/autodl-tmp/qvla-repro/eval/awq-baseline-shard-05-14-20260917-121652-1344,language-w2-clip,awq-scope-shard-language-w2-clip-05-09-20260917-210340-40294
1,7,a45364f84a9e141a83181828fb6b8fb37a162e7e85d8636fa891064717f1f95e,1895985625,355043717,True,False,[],[],/root/autodl-tmp/qvla-repro/eval/awq-baseline-shard-05-14-20260917-121652-1344,language-w2-clip,awq-scope-shard-language-w2-clip-05-09-20260917-210340-40294
1,8,dec62b7a7f186620b39af37c3354071d3b720a7c93e5de1ca14e54f28bc76d41,751507276,4285867666,True,False,[],[],/root/autodl-tmp/qvla-repro/eval/awq-baseline-shard-05-14-20260917-121652-1344,language-w2-clip,awq-scope-shard-language-w2-clip-05-09-20260917-210340-40294
1,9,4c98afd093bda011d941abba6e2d53d57d3b258fe56cfdfbc4dc74d50260f9ae,2609141265,307292723,True,False,[],[],/root/autodl-tmp/qvla-repro/eval/awq-baseline-shard-05-14-20260917-121652-1344,language-w2-clip,awq-scope-shard-language-w2-clip-05-09-20260917-210340-40294
2,5,244227d010ee2b731b1226316f6f51ddc0b589941068f68e88e7778eabf2e302,550830392,1320153655,True,False,[],[],/root/autodl-tmp/qvla-repro/eval/awq-baseline-shard-05-14-20260917-121652-1344,language-w2-clip,awq-scope-shard-language-w2-clip-05-09-20260917-210340-40294
2,6,015663b2e58bace14677f65f8871f622d3c7c24fb3938114fbacaa91ff56d38b,2606276245,3154410349,True,False,[],[],/root/autodl-tmp/qvla-repro/eval/awq-baseline-shard-05-14-20260917-121652-1344,language-w2-clip,awq-scope-shard-language-w2-clip-05-09-20260917-210340-40294
2,7,3e05dba60bf1a41c0bc853e8480cee4f4a7c58fc86ae62cec40fdc9e5f61cbe0,1923587010,3995789380,True,False,[],[],/root/autodl-tmp/qvla-repro/eval/awq-baseline-shard-05-14-20260917-121652-1344,language-w2-clip,awq-scope-shard-language-w2-clip-05-09-20260917-210340-40294
2,8,10d28a829243d7c83db659e2c66233f7bee106f22cfe5b2261f9f9831ebac708,344153472,1352003176,True,False,[],[],/root/autodl-tmp/qvla-repro/eval/awq-baseline-shard-05-14-20260917-121652-1344,language-w2-clip,awq-scope-shard-language-w2-clip-05-09-20260917-210340-40294
2,9,864819f19088c1c5f38f9b06923ccebd4818892a4bb231cedc71b892d2a2bc67,1165687323,706024588,True,False,[],[],/root/autodl-tmp/qvla-repro/eval/awq-baseline-shard-05-14-20260917-121652-1344,language-w2-clip,awq-scope-shard-language-w2-clip-05-09-20260917-210340-40294
3,5,6dac57dbcf0ffc62ca6a37b1334c61683200e4b3e944c2de2eb98563b1c6df56,3527698013,3987898825,True,False,[],[],/root/autodl-tmp/qvla-repro/eval/awq-baseline-shard-05-14-20260917-121652-1344,language-w2-clip,awq-scope-shard-language-w2-clip-05-09-20260917-210340-40294
3,6,cc809ea238ea9d71bcd0fa683f60c51f7d2a3864963da43149e4df35d0eed85f,2357097212,748821386,True,False,[],[],/root/autodl-tmp/qvla-repro/eval/awq-baseline-shard-05-14-20260917-121652-1344,language-w2-clip,awq-scope-shard-language-w2-clip-05-09-20260917-210340-40294
3,7,b58022b980ae6497859d4ad985cfa89b16832f4c7f82cd2abb8b03cb2e0f6119,2057051480,3351635119,True,False,[],[],/root/autodl-tmp/qvla-repro/eval/awq-baseline-shard-05-14-20260917-121652-1344,language-w2-clip,awq-scope-shard-language-w2-clip-05-09-20260917-210340-40294
3,8,7d5f3b9821665f85bbf943b1da3fa03d53b694bc8751b4503a39a7351734f89b,3041705555,1502850896,True,False,[],[],/root/autodl-tmp/qvla-repro/eval/awq-baseline-shard-05-14-20260917-121652-1344,language-w2-clip,awq-scope-shard-language-w2-clip-05-09-20260917-210340-40294
3,9,d60041b13e4f125b32f1d55912b939701a3ddfc2815acb15484be856e2943dae,1571737591,4002874428,True,False,[],[],/root/autodl-tmp/qvla-repro/eval/awq-baseline-shard-05-14-20260917-121652-1344,language-w2-clip,awq-scope-shard-language-w2-clip-05-09-20260917-210340-40294
4,5,b87346216738a7ce42130dcd154c43380035d684b66a383eaa412aa7d7295b7c,837752708,3540813242,True,False,[],[],/root/autodl-tmp/qvla-repro/eval/awq-baseline-shard-05-14-20260917-121652-1344,language-w2-clip,awq-scope-shard-language-w2-clip-05-09-20260917-210340-40294
4,6,58efbae8fa8cdf03edfa2542dbbda4caf806bdf5268b8320a00f1549b00bec95,2961343796,3714354992,True,False,[],[],/root/autodl-tmp/qvla-repro/eval/awq-baseline-shard-05-14-20260917-121652-1344,language-w2-clip,awq-scope-shard-language-w2-clip-05-09-20260917-210340-40294
4,7,f90125fb43ad6d5983af928adc76f7ad7520f2ce624dbd25bb45e1888a5a9e56,3730720358,98182254,True,False,[],[],/root/autodl-tmp/qvla-repro/eval/awq-baseline-shard-05-14-20260917-121652-1344,language-w2-clip,awq-scope-shard-language-w2-clip-05-09-20260917-210340-40294
4,8,2b61811f6b6a9a61b89a236fd0b30a5b10539a70b67c34209624cfdf52af4e5a,157600660,3891202893,True,False,[],[],/root/autodl-tmp/qvla-repro/eval/awq-baseline-shard-05-14-20260917-121652-1344,language-w2-clip,awq-scope-shard-language-w2-clip-05-09-20260917-210340-40294
4,9,6a71ea6e55326efc34ec666f301a018286ad06f19222511f0c3af44896801580,4112920766,372916700,True,False,[],[],/root/autodl-tmp/qvla-repro/eval/awq-baseline-shard-05-14-20260917-121652-1344,language-w2-clip,awq-scope-shard-language-w2-clip-05-09-20260917-210340-40294
5,5,8a66e26dcb5684fb06268d8558ec89cb48b496d3ba03c491d620ac3d37bba6ba,2704172120,195921136,True,False,[],[],/root/autodl-tmp/qvla-repro/eval/awq-baseline-shard-05-14-20260917-121652-1344,language-w2-clip,awq-scope-shard-language-w2-clip-05-09-20260917-210340-40294
5,6,a9b966c9cf9cc8d424d7ae20f2e72e57c828aef13f172c2643fa7f7d3b194181,1621750818,148153071,True,False,[],[],/root/autodl-tmp/qvla-repro/eval/awq-baseline-shard-05-14-20260917-121652-1344,language-w2-clip,awq-scope-shard-language-w2-clip-05-09-20260917-210340-40294
5,7,987aabd844775a9b57c09e65ce787dcc8b38ef6f8b0c5565dbd48c83ba6ced2f,1633783552,2581305755,True,False,[],[],/root/autodl-tmp/qvla-repro/eval/awq-baseline-shard-05-14-20260917-121652-1344,language-w2-clip,awq-scope-shard-language-w2-clip-05-09-20260917-210340-40294
5,8,d6c4a596a6f3f6e5bb1b2366f1a4598afaca8d263b0a4e50652479a1ee117ed7,3910483305,3545051791,True,False,[],[],/root/autodl-tmp/qvla-repro/eval/awq-baseline-shard-05-14-20260917-121652-1344,language-w2-clip,awq-scope-shard-language-w2-clip-05-09-20260917-210340-40294
5,9,b97e853cb653df09c54d36b06bd56c40dff4222ea2f6c4a01d6847e1a9b607eb,808358117,3492466183,True,False,[],[],/root/autodl-tmp/qvla-repro/eval/awq-baseline-shard-05-14-20260917-121652-1344,language-w2-clip,awq-scope-shard-language-w2-clip-05-09-20260917-210340-40294
6,5,5a499b730ad51bec1d7a79a787b43dd62eb4c99b34d13f92a74cafebf7b6f9de,2986975463,817051687,True,False,[],[],/root/autodl-tmp/qvla-repro/eval/awq-baseline-shard-05-14-20260917-121652-1344,language-w2-clip,awq-scope-shard-language-w2-clip-05-09-20260917-210340-40294
6,6,9fe1e2e5914a33d82379a012d69199ead3e5a7248d4ca37da81786863dbc643d,2837676184,3519949638,True,False,[],[],/root/autodl-tmp/qvla-repro/eval/awq-baseline-shard-05-14-20260917-121652-1344,language-w2-clip,awq-scope-shard-language-w2-clip-05-09-20260917-210340-40294
6,7,f0dc954a7059fa3185a63ea648be5fa5fac395b27f135e0771adc594f837b49c,2951695608,1179455625,True,False,[],[],/root/autodl-tmp/qvla-repro/eval/awq-baseline-shard-05-14-20260917-121652-1344,language-w2-clip,awq-scope-shard-language-w2-clip-05-09-20260917-210340-40294
6,8,949373f1f909d26e57ace693cadbd21aa658d89546cf2f4ded0fd3e17a4606ac,1618128254,3268505317,True,False,[],[],/root/autodl-tmp/qvla-repro/eval/awq-baseline-shard-05-14-20260917-121652-1344,language-w2-clip,awq-scope-shard-language-w2-clip-05-09-20260917-210340-40294
6,9,0ffc5da6f449cc4be5f2d6fbe4ea569c870e80a127d9aef2bced08e1407e4b5f,1310436415,1021821383,True,False,[],[],/root/autodl-tmp/qvla-repro/eval/awq-baseline-shard-05-14-20260917-121652-1344,language-w2-clip,awq-scope-shard-language-w2-clip-05-09-20260917-210340-40294
7,5,b887ede88d157e4e55c6c31aa79eec7ea0c950034f6111fd9f619c423469d483,3911580404,2755095330,True,False,[],[],/root/autodl-tmp/qvla-repro/eval/awq-baseline-shard-05-14-20260917-121652-1344,language-w2-clip,awq-scope-shard-language-w2-clip-05-09-20260917-210340-40294
7,6,583801d2f7fa2816c9b5a290cd4e954a88c7b5a43f9bc4c7735ba26633f7997d,34433123,1197697093,True,False,[],[],/root/autodl-tmp/qvla-repro/eval/awq-baseline-shard-05-14-20260917-121652-1344,language-w2-clip,awq-scope-shard-language-w2-clip-05-09-20260917-210340-40294
7,7,7a2ae9fdc7b6512f45182c6c1eb0605cfc023075e306c0c5909078fe235db309,370948222,1111197035,True,False,[],[],/root/autodl-tmp/qvla-repro/eval/awq-baseline-shard-05-14-20260917-121652-1344,language-w2-clip,awq-scope-shard-language-w2-clip-05-09-20260917-210340-40294
7,8,ab1daae4e2f98cfe102420e3659a5e9b27643619d8637f8985b729db38be5b54,2440714535,3113684588,True,False,[],[],/root/autodl-tmp/qvla-repro/eval/awq-baseline-shard-05-14-20260917-121652-1344,language-w2-clip,awq-scope-shard-language-w2-clip-05-09-20260917-210340-40294
7,9,546f905e8563676df7f13cf4071337c8e75b41ba50d997ad1732d0d666be50f5,115094259,25912323,True,False,[],[],/root/autodl-tmp/qvla-repro/eval/awq-baseline-shard-05-14-20260917-121652-1344,language-w2-clip,awq-scope-shard-language-w2-clip-05-09-20260917-210340-40294
8,5,6b4f91c1a15155e7f0a6ce3085bea10bef88c0cb5fa46526cf7115c56ca930e4,1579726468,1238714754,True,False,[],[],/root/autodl-tmp/qvla-repro/eval/awq-baseline-shard-05-14-20260917-121652-1344,language-w2-clip,awq-scope-shard-language-w2-clip-05-09-20260917-210340-40294
8,6,e6c8b330e200dfac047d69461946edfa16c7526af280af94e5f035ca3f04a88e,3920860468,311933947,True,False,[],[],/root/autodl-tmp/qvla-repro/eval/awq-baseline-shard-05-14-20260917-121652-1344,language-w2-clip,awq-scope-shard-language-w2-clip-05-09-20260917-210340-40294
8,7,b0c0e39e2152058d077abf5025369e5183dc4b393291a638d59a529c54de2a63,1872252116,1895236238,True,False,[],[],/root/autodl-tmp/qvla-repro/eval/awq-baseline-shard-05-14-20260917-121652-1344,language-w2-clip,awq-scope-shard-language-w2-clip-05-09-20260917-210340-40294
8,8,5cdf91438b981a12625fd10436771752a3d3a34bc99b3865800876064d71f6ac,3022301049,125097745,True,False,[],[],/root/autodl-tmp/qvla-repro/eval/awq-baseline-shard-05-14-20260917-121652-1344,language-w2-clip,awq-scope-shard-language-w2-clip-05-09-20260917-210340-40294
8,9,caf2ae97e43664e04a6534a50c176db42a116e6ccc6c963a6646f725ac07545e,2590999359,1723525530,True,False,[],[],/root/autodl-tmp/qvla-repro/eval/awq-baseline-shard-05-14-20260917-121652-1344,language-w2-clip,awq-scope-shard-language-w2-clip-05-09-20260917-210340-40294
9,5,3696f68817ba2c2ce9da0453042f1ba257245c07b7a4a814be58e0903b20efcf,3542413795,3119629661,True,False,[],[],/root/autodl-tmp/qvla-repro/eval/awq-baseline-shard-05-14-20260917-121652-1344,language-w2-clip,awq-scope-shard-language-w2-clip-05-09-20260917-210340-40294
9,6,54598c38c111468114f1ba90bd651ea406747053136212c6e48a29dcecc1d89d,2956024805,1550231648,True,False,[],[],/root/autodl-tmp/qvla-repro/eval/awq-baseline-shard-05-14-20260917-121652-1344,language-w2-clip,awq-scope-shard-language-w2-clip-05-09-20260917-210340-40294
9,7,f4e929cfbc734ce820906169165ff4cd18d641e944a183f686943303751b9fd6,4195687758,1076517777,True,False,[],[],/root/autodl-tmp/qvla-repro/eval/awq-baseline-shard-05-14-20260917-121652-1344,language-w2-clip,awq-scope-shard-language-w2-clip-05-09-20260917-210340-40294
9,8,b1ed9a6a0930dfb10e2a1e103608cb68bae0f2bff2cf89ed283a6ebe00c28f96,2395291537,1161406313,True,False,[],[],/root/autodl-tmp/qvla-repro/eval/awq-baseline-shard-05-14-20260917-121652-1344,language-w2-clip,awq-scope-shard-language-w2-clip-05-09-20260917-210340-40294
9,9,1798c4b6a1487a8d4cbe773e8c4ac1be5ac48439f0c3df53adc5cf84f757cc1f,2955358067,2676125635,True,False,[],[],/root/autodl-tmp/qvla-repro/eval/awq-baseline-shard-05-14-20260917-121652-1344,language-w2-clip,awq-scope-shard-language-w2-clip-05-09-20260917-210340-40294
0,5,c9c2f8022034e9a0705daab34a7f5bf9947ac939dfc5cf5a0ab493a377028a02,4110909047,2920509582,True,False,[],[],/root/autodl-tmp/qvla-repro/eval/awq-baseline-shard-05-14-20260917-121652-1344,language-w2-g64-clip,awq-scope-shard-language-w2-g64-clip-05-09-20260917-211833-43227
0,6,784dba596f01025199c62c3e262748c68f1f3b6ff92df2fd36aab8b5263bc0ce,3154189564,90430444,True,False,[],[],/root/autodl-tmp/qvla-repro/eval/awq-baseline-shard-05-14-20260917-121652-1344,language-w2-g64-clip,awq-scope-shard-language-w2-g64-clip-05-09-20260917-211833-43227
0,7,d297dd693cb3e13a607d16f211730e28c50b463f597f066ef2a424a8a036186c,3181712472,2593257767,True,False,[],[],/root/autodl-tmp/qvla-repro/eval/awq-baseline-shard-05-14-20260917-121652-1344,language-w2-g64-clip,awq-scope-shard-language-w2-g64-clip-05-09-20260917-211833-43227
0,8,3f628d77bb395ff9ff2b248e18e5dea19d9b1103ed48b55df4eafa29188bd9f0,441765833,3459110301,True,False,[],[],/root/autodl-tmp/qvla-repro/eval/awq-baseline-shard-05-14-20260917-121652-1344,language-w2-g64-clip,awq-scope-shard-language-w2-g64-clip-05-09-20260917-211833-43227
0,9,6ccefe4bd69954c98ddc32f1acdcff81b5a66ed4304391089bbc027172b66d64,1987439733,3221137945,True,False,[],[],/root/autodl-tmp/qvla-repro/eval/awq-baseline-shard-05-14-20260917-121652-1344,language-w2-g64-clip,awq-scope-shard-language-w2-g64-clip-05-09-20260917-211833-43227
1,5,d0345028d24b7dda175db33c7eb0e5c1d4df2fdf5620c51dd3641fdc77750964,2466788813,2720709901,True,False,[],[],/root/autodl-tmp/qvla-repro/eval/awq-baseline-shard-05-14-20260917-121652-1344,language-w2-g64-clip,awq-scope-shard-language-w2-g64-clip-05-09-20260917-211833-43227
1,6,74548b977713394a062b37d064eb857cc795b1dd9e3dd6f72236514b2f85404c,2663980325,1980140999,True,False,[],[],/root/autodl-tmp/qvla-repro/eval/awq-baseline-shard-05-14-20260917-121652-1344,language-w2-g64-clip,awq-scope-shard-language-w2-g64-clip-05-09-20260917-211833-43227
1,7,a45364f84a9e141a83181828fb6b8fb37a162e7e85d8636fa891064717f1f95e,1895985625,355043717,True,False,[],[],/root/autodl-tmp/qvla-repro/eval/awq-baseline-shard-05-14-20260917-121652-1344,language-w2-g64-clip,awq-scope-shard-language-w2-g64-clip-05-09-20260917-211833-43227
1,8,dec62b7a7f186620b39af37c3354071d3b720a7c93e5de1ca14e54f28bc76d41,751507276,4285867666,True,False,[],[],/root/autodl-tmp/qvla-repro/eval/awq-baseline-shard-05-14-20260917-121652-1344,language-w2-g64-clip,awq-scope-shard-language-w2-g64-clip-05-09-20260917-211833-43227
1,9,4c98afd093bda011d941abba6e2d53d57d3b258fe56cfdfbc4dc74d50260f9ae,2609141265,307292723,True,False,[],[],/root/autodl-tmp/qvla-repro/eval/awq-baseline-shard-05-14-20260917-121652-1344,language-w2-g64-clip,awq-scope-shard-language-w2-g64-clip-05-09-20260917-211833-43227
2,5,244227d010ee2b731b1226316f6f51ddc0b589941068f68e88e7778eabf2e302,550830392,1320153655,True,False,[],[],/root/autodl-tmp/qvla-repro/eval/awq-baseline-shard-05-14-20260917-121652-1344,language-w2-g64-clip,awq-scope-shard-language-w2-g64-clip-05-09-20260917-211833-43227
2,6,015663b2e58bace14677f65f8871f622d3c7c24fb3938114fbacaa91ff56d38b,2606276245,3154410349,True,False,[],[],/root/autodl-tmp/qvla-repro/eval/awq-baseline-shard-05-14-20260917-121652-1344,language-w2-g64-clip,awq-scope-shard-language-w2-g64-clip-05-09-20260917-211833-43227
2,7,3e05dba60bf1a41c0bc853e8480cee4f4a7c58fc86ae62cec40fdc9e5f61cbe0,1923587010,3995789380,True,False,[],[],/root/autodl-tmp/qvla-repro/eval/awq-baseline-shard-05-14-20260917-121652-1344,language-w2-g64-clip,awq-scope-shard-language-w2-g64-clip-05-09-20260917-211833-43227
2,8,10d28a829243d7c83db659e2c66233f7bee106f22cfe5b2261f9f9831ebac708,344153472,1352003176,True,False,[],[],/root/autodl-tmp/qvla-repro/eval/awq-baseline-shard-05-14-20260917-121652-1344,language-w2-g64-clip,awq-scope-shard-language-w2-g64-clip-05-09-20260917-211833-43227
2,9,864819f19088c1c5f38f9b06923ccebd4818892a4bb231cedc71b892d2a2bc67,1165687323,706024588,True,False,[],[],/root/autodl-tmp/qvla-repro/eval/awq-baseline-shard-05-14-20260917-121652-1344,language-w2-g64-clip,awq-scope-shard-language-w2-g64-clip-05-09-20260917-211833-43227
3,5,6dac57dbcf0ffc62ca6a37b1334c61683200e4b3e944c2de2eb98563b1c6df56,3527698013,3987898825,True,False,[],[],/root/autodl-tmp/qvla-repro/eval/awq-baseline-shard-05-14-20260917-121652-1344,language-w2-g64-clip,awq-scope-shard-language-w2-g64-clip-05-09-20260917-211833-43227
3,6,cc809ea238ea9d71bcd0fa683f60c51f7d2a3864963da43149e4df35d0eed85f,2357097212,748821386,True,False,[],[],/root/autodl-tmp/qvla-repro/eval/awq-baseline-shard-05-14-20260917-121652-1344,language-w2-g64-clip,awq-scope-shard-language-w2-g64-clip-05-09-20260917-211833-43227
3,7,b58022b980ae6497859d4ad985cfa89b16832f4c7f82cd2abb8b03cb2e0f6119,2057051480,3351635119,True,False,[],[],/root/autodl-tmp/qvla-repro/eval/awq-baseline-shard-05-14-20260917-121652-1344,language-w2-g64-clip,awq-scope-shard-language-w2-g64-clip-05-09-20260917-211833-43227
3,8,7d5f3b9821665f85bbf943b1da3fa03d53b694bc8751b4503a39a7351734f89b,3041705555,1502850896,True,False,[],[],/root/autodl-tmp/qvla-repro/eval/awq-baseline-shard-05-14-20260917-121652-1344,language-w2-g64-clip,awq-scope-shard-language-w2-g64-clip-05-09-20260917-211833-43227
3,9,d60041b13e4f125b32f1d55912b939701a3ddfc2815acb15484be856e2943dae,1571737591,4002874428,True,False,[],[],/root/autodl-tmp/qvla-repro/eval/awq-baseline-shard-05-14-20260917-121652-1344,language-w2-g64-clip,awq-scope-shard-language-w2-g64-clip-05-09-20260917-211833-43227
4,5,b87346216738a7ce42130dcd154c43380035d684b66a383eaa412aa7d7295b7c,837752708,3540813242,True,False,[],[],/root/autodl-tmp/qvla-repro/eval/awq-baseline-shard-05-14-20260917-121652-1344,language-w2-g64-clip,awq-scope-shard-language-w2-g64-clip-05-09-20260917-211833-43227
4,6,58efbae8fa8cdf03edfa2542dbbda4caf806bdf5268b8320a00f1549b00bec95,2961343796,3714354992,True,False,[],[],/root/autodl-tmp/qvla-repro/eval/awq-baseline-shard-05-14-20260917-121652-1344,language-w2-g64-clip,awq-scope-shard-language-w2-g64-clip-05-09-20260917-211833-43227
4,7,f90125fb43ad6d5983af928adc76f7ad7520f2ce624dbd25bb45e1888a5a9e56,3730720358,98182254,True,False,[],[],/root/autodl-tmp/qvla-repro/eval/awq-baseline-shard-05-14-20260917-121652-1344,language-w2-g64-clip,awq-scope-shard-language-w2-g64-clip-05-09-20260917-211833-43227
4,8,2b61811f6b6a9a61b89a236fd0b30a5b10539a70b67c34209624cfdf52af4e5a,157600660,3891202893,True,False,[],[],/root/autodl-tmp/qvla-repro/eval/awq-baseline-shard-05-14-20260917-121652-1344,language-w2-g64-clip,awq-scope-shard-language-w2-g64-clip-05-09-20260917-211833-43227
4,9,6a71ea6e55326efc34ec666f301a018286ad06f19222511f0c3af44896801580,4112920766,372916700,True,False,[],[],/root/autodl-tmp/qvla-repro/eval/awq-baseline-shard-05-14-20260917-121652-1344,language-w2-g64-clip,awq-scope-shard-language-w2-g64-clip-05-09-20260917-211833-43227
5,5,8a66e26dcb5684fb06268d8558ec89cb48b496d3ba03c491d620ac3d37bba6ba,2704172120,195921136,True,False,[],[],/root/autodl-tmp/qvla-repro/eval/awq-baseline-shard-05-14-20260917-121652-1344,language-w2-g64-clip,awq-scope-shard-language-w2-g64-clip-05-09-20260917-211833-43227
5,6,a9b966c9cf9cc8d424d7ae20f2e72e57c828aef13f172c2643fa7f7d3b194181,1621750818,148153071,True,False,[],[],/root/autodl-tmp/qvla-repro/eval/awq-baseline-shard-05-14-20260917-121652-1344,language-w2-g64-clip,awq-scope-shard-language-w2-g64-clip-05-09-20260917-211833-43227
5,7,987aabd844775a9b57c09e65ce787dcc8b38ef6f8b0c5565dbd48c83ba6ced2f,1633783552,2581305755,True,False,[],[],/root/autodl-tmp/qvla-repro/eval/awq-baseline-shard-05-14-20260917-121652-1344,language-w2-g64-clip,awq-scope-shard-language-w2-g64-clip-05-09-20260917-211833-43227
5,8,d6c4a596a6f3f6e5bb1b2366f1a4598afaca8d263b0a4e50652479a1ee117ed7,3910483305,3545051791,True,False,[],[],/root/autodl-tmp/qvla-repro/eval/awq-baseline-shard-05-14-20260917-121652-1344,language-w2-g64-clip,awq-scope-shard-language-w2-g64-clip-05-09-20260917-211833-43227
5,9,b97e853cb653df09c54d36b06bd56c40dff4222ea2f6c4a01d6847e1a9b607eb,808358117,3492466183,True,False,[],[],/root/autodl-tmp/qvla-repro/eval/awq-baseline-shard-05-14-20260917-121652-1344,language-w2-g64-clip,awq-scope-shard-language-w2-g64-clip-05-09-20260917-211833-43227
6,5,5a499b730ad51bec1d7a79a787b43dd62eb4c99b34d13f92a74cafebf7b6f9de,2986975463,817051687,True,False,[],[],/root/autodl-tmp/qvla-repro/eval/awq-baseline-shard-05-14-20260917-121652-1344,language-w2-g64-clip,awq-scope-shard-language-w2-g64-clip-05-09-20260917-211833-43227
6,6,9fe1e2e5914a33d82379a012d69199ead3e5a7248d4ca37da81786863dbc643d,2837676184,3519949638,True,False,[],[],/root/autodl-tmp/qvla-repro/eval/awq-baseline-shard-05-14-20260917-121652-1344,language-w2-g64-clip,awq-scope-shard-language-w2-g64-clip-05-09-20260917-211833-43227
6,7,f0dc954a7059fa3185a63ea648be5fa5fac395b27f135e0771adc594f837b49c,2951695608,1179455625,True,False,[],[],/root/autodl-tmp/qvla-repro/eval/awq-baseline-shard-05-14-20260917-121652-1344,language-w2-g64-clip,awq-scope-shard-language-w2-g64-clip-05-09-20260917-211833-43227
6,8,949373f1f909d26e57ace693cadbd21aa658d89546cf2f4ded0fd3e17a4606ac,1618128254,3268505317,True,False,[],[],/root/autodl-tmp/qvla-repro/eval/awq-baseline-shard-05-14-20260917-121652-1344,language-w2-g64-clip,awq-scope-shard-language-w2-g64-clip-05-09-20260917-211833-43227
6,9,0ffc5da6f449cc4be5f2d6fbe4ea569c870e80a127d9aef2bced08e1407e4b5f,1310436415,1021821383,True,False,[],[],/root/autodl-tmp/qvla-repro/eval/awq-baseline-shard-05-14-20260917-121652-1344,language-w2-g64-clip,awq-scope-shard-language-w2-g64-clip-05-09-20260917-211833-43227
7,5,b887ede88d157e4e55c6c31aa79eec7ea0c950034f6111fd9f619c423469d483,3911580404,2755095330,True,False,[],[],/root/autodl-tmp/qvla-repro/eval/awq-baseline-shard-05-14-20260917-121652-1344,language-w2-g64-clip,awq-scope-shard-language-w2-g64-clip-05-09-20260917-211833-43227
7,6,583801d2f7fa2816c9b5a290cd4e954a88c7b5a43f9bc4c7735ba26633f7997d,34433123,1197697093,True,False,[],[],/root/autodl-tmp/qvla-repro/eval/awq-baseline-shard-05-14-20260917-121652-1344,language-w2-g64-clip,awq-scope-shard-language-w2-g64-clip-05-09-20260917-211833-43227
7,7,7a2ae9fdc7b6512f45182c6c1eb0605cfc023075e306c0c5909078fe235db309,370948222,1111197035,True,False,[],[],/root/autodl-tmp/qvla-repro/eval/awq-baseline-shard-05-14-20260917-121652-1344,language-w2-g64-clip,awq-scope-shard-language-w2-g64-clip-05-09-20260917-211833-43227
7,8,ab1daae4e2f98cfe102420e3659a5e9b27643619d8637f8985b729db38be5b54,2440714535,3113684588,True,False,[],[],/root/autodl-tmp/qvla-repro/eval/awq-baseline-shard-05-14-20260917-121652-1344,language-w2-g64-clip,awq-scope-shard-language-w2-g64-clip-05-09-20260917-211833-43227
7,9,546f905e8563676df7f13cf4071337c8e75b41ba50d997ad1732d0d666be50f5,115094259,25912323,True,False,[],[],/root/autodl-tmp/qvla-repro/eval/awq-baseline-shard-05-14-20260917-121652-1344,language-w2-g64-clip,awq-scope-shard-language-w2-g64-clip-05-09-20260917-211833-43227
8,5,6b4f91c1a15155e7f0a6ce3085bea10bef88c0cb5fa46526cf7115c56ca930e4,1579726468,1238714754,True,False,[],[],/root/autodl-tmp/qvla-repro/eval/awq-baseline-shard-05-14-20260917-121652-1344,language-w2-g64-clip,awq-scope-shard-language-w2-g64-clip-05-09-20260917-211833-43227
8,6,e6c8b330e200dfac047d69461946edfa16c7526af280af94e5f035ca3f04a88e,3920860468,311933947,True,False,[],[],/root/autodl-tmp/qvla-repro/eval/awq-baseline-shard-05-14-20260917-121652-1344,language-w2-g64-clip,awq-scope-shard-language-w2-g64-clip-05-09-20260917-211833-43227
8,7,b0c0e39e2152058d077abf5025369e5183dc4b393291a638d59a529c54de2a63,1872252116,1895236238,True,False,[],[],/root/autodl-tmp/qvla-repro/eval/awq-baseline-shard-05-14-20260917-121652-1344,language-w2-g64-clip,awq-scope-shard-language-w2-g64-clip-05-09-20260917-211833-43227
8,8,5cdf91438b981a12625fd10436771752a3d3a34bc99b3865800876064d71f6ac,3022301049,125097745,True,False,[],[],/root/autodl-tmp/qvla-repro/eval/awq-baseline-shard-05-14-20260917-121652-1344,language-w2-g64-clip,awq-scope-shard-language-w2-g64-clip-05-09-20260917-211833-43227
8,9,caf2ae97e43664e04a6534a50c176db42a116e6ccc6c963a6646f725ac07545e,2590999359,1723525530,True,False,[],[],/root/autodl-tmp/qvla-repro/eval/awq-baseline-shard-05-14-20260917-121652-1344,language-w2-g64-clip,awq-scope-shard-language-w2-g64-clip-05-09-20260917-211833-43227
9,5,3696f68817ba2c2ce9da0453042f1ba257245c07b7a4a814be58e0903b20efcf,3542413795,3119629661,True,False,[],[],/root/autodl-tmp/qvla-repro/eval/awq-baseline-shard-05-14-20260917-121652-1344,language-w2-g64-clip,awq-scope-shard-language-w2-g64-clip-05-09-20260917-211833-43227
9,6,54598c38c111468114f1ba90bd651ea406747053136212c6e48a29dcecc1d89d,2956024805,1550231648,True,False,[],[],/root/autodl-tmp/qvla-repro/eval/awq-baseline-shard-05-14-20260917-121652-1344,language-w2-g64-clip,awq-scope-shard-language-w2-g64-clip-05-09-20260917-211833-43227
9,7,f4e929cfbc734ce820906169165ff4cd18d641e944a183f686943303751b9fd6,4195687758,1076517777,True,False,[],[],/root/autodl-tmp/qvla-repro/eval/awq-baseline-shard-05-14-20260917-121652-1344,language-w2-g64-clip,awq-scope-shard-language-w2-g64-clip-05-09-20260917-211833-43227
9,8,b1ed9a6a0930dfb10e2a1e103608cb68bae0f2bff2cf89ed283a6ebe00c28f96,2395291537,1161406313,True,False,[],[],/root/autodl-tmp/qvla-repro/eval/awq-baseline-shard-05-14-20260917-121652-1344,language-w2-g64-clip,awq-scope-shard-language-w2-g64-clip-05-09-20260917-211833-43227
9,9,1798c4b6a1487a8d4cbe773e8c4ac1be5ac48439f0c3df53adc5cf84f757cc1f,2955358067,2676125635,True,False,[],[],/root/autodl-tmp/qvla-repro/eval/awq-baseline-shard-05-14-20260917-121652-1344,language-w2-g64-clip,awq-scope-shard-language-w2-g64-clip-05-09-20260917-211833-43227
0,5,c9c2f8022034e9a0705daab34a7f5bf9947ac939dfc5cf5a0ab493a377028a02,4110909047,2920509582,True,True,[],[],/root/autodl-tmp/qvla-repro/eval/awq-baseline-shard-05-14-20260917-121652-1344,language-w2-g64-no-clip,awq-scope-shard-language-w2-g64-no-clip-05-09-20260917-213317-46249
0,6,784dba596f01025199c62c3e262748c68f1f3b6ff92df2fd36aab8b5263bc0ce,3154189564,90430444,True,True,[],[],/root/autodl-tmp/qvla-repro/eval/awq-baseline-shard-05-14-20260917-121652-1344,language-w2-g64-no-clip,awq-scope-shard-language-w2-g64-no-clip-05-09-20260917-213317-46249
0,7,d297dd693cb3e13a607d16f211730e28c50b463f597f066ef2a424a8a036186c,3181712472,2593257767,True,True,[],[],/root/autodl-tmp/qvla-repro/eval/awq-baseline-shard-05-14-20260917-121652-1344,language-w2-g64-no-clip,awq-scope-shard-language-w2-g64-no-clip-05-09-20260917-213317-46249
0,8,3f628d77bb395ff9ff2b248e18e5dea19d9b1103ed48b55df4eafa29188bd9f0,441765833,3459110301,True,True,[],[],/root/autodl-tmp/qvla-repro/eval/awq-baseline-shard-05-14-20260917-121652-1344,language-w2-g64-no-clip,awq-scope-shard-language-w2-g64-no-clip-05-09-20260917-213317-46249
0,9,6ccefe4bd69954c98ddc32f1acdcff81b5a66ed4304391089bbc027172b66d64,1987439733,3221137945,True,True,[],[],/root/autodl-tmp/qvla-repro/eval/awq-baseline-shard-05-14-20260917-121652-1344,language-w2-g64-no-clip,awq-scope-shard-language-w2-g64-no-clip-05-09-20260917-213317-46249
1,5,d0345028d24b7dda175db33c7eb0e5c1d4df2fdf5620c51dd3641fdc77750964,2466788813,2720709901,True,True,[],[],/root/autodl-tmp/qvla-repro/eval/awq-baseline-shard-05-14-20260917-121652-1344,language-w2-g64-no-clip,awq-scope-shard-language-w2-g64-no-clip-05-09-20260917-213317-46249
1,6,74548b977713394a062b37d064eb857cc795b1dd9e3dd6f72236514b2f85404c,2663980325,1980140999,True,False,[],[],/root/autodl-tmp/qvla-repro/eval/awq-baseline-shard-05-14-20260917-121652-1344,language-w2-g64-no-clip,awq-scope-shard-language-w2-g64-no-clip-05-09-20260917-213317-46249
1,7,a45364f84a9e141a83181828fb6b8fb37a162e7e85d8636fa891064717f1f95e,1895985625,355043717,True,False,[],[],/root/autodl-tmp/qvla-repro/eval/awq-baseline-shard-05-14-20260917-121652-1344,language-w2-g64-no-clip,awq-scope-shard-language-w2-g64-no-clip-05-09-20260917-213317-46249
1,8,dec62b7a7f186620b39af37c3354071d3b720a7c93e5de1ca14e54f28bc76d41,751507276,4285867666,True,False,[],[],/root/autodl-tmp/qvla-repro/eval/awq-baseline-shard-05-14-20260917-121652-1344,language-w2-g64-no-clip,awq-scope-shard-language-w2-g64-no-clip-05-09-20260917-213317-46249
1,9,4c98afd093bda011d941abba6e2d53d57d3b258fe56cfdfbc4dc74d50260f9ae,2609141265,307292723,True,False,[],[],/root/autodl-tmp/qvla-repro/eval/awq-baseline-shard-05-14-20260917-121652-1344,language-w2-g64-no-clip,awq-scope-shard-language-w2-g64-no-clip-05-09-20260917-213317-46249
2,5,244227d010ee2b731b1226316f6f51ddc0b589941068f68e88e7778eabf2e302,550830392,1320153655,True,True,[],[],/root/autodl-tmp/qvla-repro/eval/awq-baseline-shard-05-14-20260917-121652-1344,language-w2-g64-no-clip,awq-scope-shard-language-w2-g64-no-clip-05-09-20260917-213317-46249
2,6,015663b2e58bace14677f65f8871f622d3c7c24fb3938114fbacaa91ff56d38b,2606276245,3154410349,True,True,[],[],/root/autodl-tmp/qvla-repro/eval/awq-baseline-shard-05-14-20260917-121652-1344,language-w2-g64-no-clip,awq-scope-shard-language-w2-g64-no-clip-05-09-20260917-213317-46249
2,7,3e05dba60bf1a41c0bc853e8480cee4f4a7c58fc86ae62cec40fdc9e5f61cbe0,1923587010,3995789380,True,True,[],[],/root/autodl-tmp/qvla-repro/eval/awq-baseline-shard-05-14-20260917-121652-1344,language-w2-g64-no-clip,awq-scope-shard-language-w2-g64-no-clip-05-09-20260917-213317-46249
2,8,10d28a829243d7c83db659e2c66233f7bee106f22cfe5b2261f9f9831ebac708,344153472,1352003176,True,True,[],[],/root/autodl-tmp/qvla-repro/eval/awq-baseline-shard-05-14-20260917-121652-1344,language-w2-g64-no-clip,awq-scope-shard-language-w2-g64-no-clip-05-09-20260917-213317-46249
2,9,864819f19088c1c5f38f9b06923ccebd4818892a4bb231cedc71b892d2a2bc67,1165687323,706024588,True,True,[],[],/root/autodl-tmp/qvla-repro/eval/awq-baseline-shard-05-14-20260917-121652-1344,language-w2-g64-no-clip,awq-scope-shard-language-w2-g64-no-clip-05-09-20260917-213317-46249
3,5,6dac57dbcf0ffc62ca6a37b1334c61683200e4b3e944c2de2eb98563b1c6df56,3527698013,3987898825,True,False,[],[],/root/autodl-tmp/qvla-repro/eval/awq-baseline-shard-05-14-20260917-121652-1344,language-w2-g64-no-clip,awq-scope-shard-language-w2-g64-no-clip-05-09-20260917-213317-46249
3,6,cc809ea238ea9d71bcd0fa683f60c51f7d2a3864963da43149e4df35d0eed85f,2357097212,748821386,True,False,[],[],/root/autodl-tmp/qvla-repro/eval/awq-baseline-shard-05-14-20260917-121652-1344,language-w2-g64-no-clip,awq-scope-shard-language-w2-g64-no-clip-05-09-20260917-213317-46249
3,7,b58022b980ae6497859d4ad985cfa89b16832f4c7f82cd2abb8b03cb2e0f6119,2057051480,3351635119,True,True,[],[],/root/autodl-tmp/qvla-repro/eval/awq-baseline-shard-05-14-20260917-121652-1344,language-w2-g64-no-clip,awq-scope-shard-language-w2-g64-no-clip-05-09-20260917-213317-46249
3,8,7d5f3b9821665f85bbf943b1da3fa03d53b694bc8751b4503a39a7351734f89b,3041705555,1502850896,True,True,[],[],/root/autodl-tmp/qvla-repro/eval/awq-baseline-shard-05-14-20260917-121652-1344,language-w2-g64-no-clip,awq-scope-shard-language-w2-g64-no-clip-05-09-20260917-213317-46249
3,9,d60041b13e4f125b32f1d55912b939701a3ddfc2815acb15484be856e2943dae,1571737591,4002874428,True,True,[],[],/root/autodl-tmp/qvla-repro/eval/awq-baseline-shard-05-14-20260917-121652-1344,language-w2-g64-no-clip,awq-scope-shard-language-w2-g64-no-clip-05-09-20260917-213317-46249
4,5,b87346216738a7ce42130dcd154c43380035d684b66a383eaa412aa7d7295b7c,837752708,3540813242,True,False,[],[],/root/autodl-tmp/qvla-repro/eval/awq-baseline-shard-05-14-20260917-121652-1344,language-w2-g64-no-clip,awq-scope-shard-language-w2-g64-no-clip-05-09-20260917-213317-46249
4,6,58efbae8fa8cdf03edfa2542dbbda4caf806bdf5268b8320a00f1549b00bec95,2961343796,3714354992,True,False,[],[],/root/autodl-tmp/qvla-repro/eval/awq-baseline-shard-05-14-20260917-121652-1344,language-w2-g64-no-clip,awq-scope-shard-language-w2-g64-no-clip-05-09-20260917-213317-46249
4,7,f90125fb43ad6d5983af928adc76f7ad7520f2ce624dbd25bb45e1888a5a9e56,3730720358,98182254,True,False,[],[],/root/autodl-tmp/qvla-repro/eval/awq-baseline-shard-05-14-20260917-121652-1344,language-w2-g64-no-clip,awq-scope-shard-language-w2-g64-no-clip-05-09-20260917-213317-46249
4,8,2b61811f6b6a9a61b89a236fd0b30a5b10539a70b67c34209624cfdf52af4e5a,157600660,3891202893,True,False,[],[],/root/autodl-tmp/qvla-repro/eval/awq-baseline-shard-05-14-20260917-121652-1344,language-w2-g64-no-clip,awq-scope-shard-language-w2-g64-no-clip-05-09-20260917-213317-46249
4,9,6a71ea6e55326efc34ec666f301a018286ad06f19222511f0c3af44896801580,4112920766,372916700,True,False,[],[],/root/autodl-tmp/qvla-repro/eval/awq-baseline-shard-05-14-20260917-121652-1344,language-w2-g64-no-clip,awq-scope-shard-language-w2-g64-no-clip-05-09-20260917-213317-46249
5,5,8a66e26dcb5684fb06268d8558ec89cb48b496d3ba03c491d620ac3d37bba6ba,2704172120,195921136,True,True,[],[],/root/autodl-tmp/qvla-repro/eval/awq-baseline-shard-05-14-20260917-121652-1344,language-w2-g64-no-clip,awq-scope-shard-language-w2-g64-no-clip-05-09-20260917-213317-46249
5,6,a9b966c9cf9cc8d424d7ae20f2e72e57c828aef13f172c2643fa7f7d3b194181,1621750818,148153071,True,False,[],[],/root/autodl-tmp/qvla-repro/eval/awq-baseline-shard-05-14-20260917-121652-1344,language-w2-g64-no-clip,awq-scope-shard-language-w2-g64-no-clip-05-09-20260917-213317-46249
5,7,987aabd844775a9b57c09e65ce787dcc8b38ef6f8b0c5565dbd48c83ba6ced2f,1633783552,2581305755,True,False,[],[],/root/autodl-tmp/qvla-repro/eval/awq-baseline-shard-05-14-20260917-121652-1344,language-w2-g64-no-clip,awq-scope-shard-language-w2-g64-no-clip-05-09-20260917-213317-46249
5,8,d6c4a596a6f3f6e5bb1b2366f1a4598afaca8d263b0a4e50652479a1ee117ed7,3910483305,3545051791,True,False,[],[],/root/autodl-tmp/qvla-repro/eval/awq-baseline-shard-05-14-20260917-121652-1344,language-w2-g64-no-clip,awq-scope-shard-language-w2-g64-no-clip-05-09-20260917-213317-46249
5,9,b97e853cb653df09c54d36b06bd56c40dff4222ea2f6c4a01d6847e1a9b607eb,808358117,3492466183,True,True,[],[],/root/autodl-tmp/qvla-repro/eval/awq-baseline-shard-05-14-20260917-121652-1344,language-w2-g64-no-clip,awq-scope-shard-language-w2-g64-no-clip-05-09-20260917-213317-46249
6,5,5a499b730ad51bec1d7a79a787b43dd62eb4c99b34d13f92a74cafebf7b6f9de,2986975463,817051687,True,False,[],[],/root/autodl-tmp/qvla-repro/eval/awq-baseline-shard-05-14-20260917-121652-1344,language-w2-g64-no-clip,awq-scope-shard-language-w2-g64-no-clip-05-09-20260917-213317-46249
6,6,9fe1e2e5914a33d82379a012d69199ead3e5a7248d4ca37da81786863dbc643d,2837676184,3519949638,True,True,[],[],/root/autodl-tmp/qvla-repro/eval/awq-baseline-shard-05-14-20260917-121652-1344,language-w2-g64-no-clip,awq-scope-shard-language-w2-g64-no-clip-05-09-20260917-213317-46249
6,7,f0dc954a7059fa3185a63ea648be5fa5fac395b27f135e0771adc594f837b49c,2951695608,1179455625,True,False,[],[],/root/autodl-tmp/qvla-repro/eval/awq-baseline-shard-05-14-20260917-121652-1344,language-w2-g64-no-clip,awq-scope-shard-language-w2-g64-no-clip-05-09-20260917-213317-46249
6,8,949373f1f909d26e57ace693cadbd21aa658d89546cf2f4ded0fd3e17a4606ac,1618128254,3268505317,True,False,[],[],/root/autodl-tmp/qvla-repro/eval/awq-baseline-shard-05-14-20260917-121652-1344,language-w2-g64-no-clip,awq-scope-shard-language-w2-g64-no-clip-05-09-20260917-213317-46249
6,9,0ffc5da6f449cc4be5f2d6fbe4ea569c870e80a127d9aef2bced08e1407e4b5f,1310436415,1021821383,True,False,[],[],/root/autodl-tmp/qvla-repro/eval/awq-baseline-shard-05-14-20260917-121652-1344,language-w2-g64-no-clip,awq-scope-shard-language-w2-g64-no-clip-05-09-20260917-213317-46249
7,5,b887ede88d157e4e55c6c31aa79eec7ea0c950034f6111fd9f619c423469d483,3911580404,2755095330,True,False,[],[],/root/autodl-tmp/qvla-repro/eval/awq-baseline-shard-05-14-20260917-121652-1344,language-w2-g64-no-clip,awq-scope-shard-language-w2-g64-no-clip-05-09-20260917-213317-46249
7,6,583801d2f7fa2816c9b5a290cd4e954a88c7b5a43f9bc4c7735ba26633f7997d,34433123,1197697093,True,False,[],[],/root/autodl-tmp/qvla-repro/eval/awq-baseline-shard-05-14-20260917-121652-1344,language-w2-g64-no-clip,awq-scope-shard-language-w2-g64-no-clip-05-09-20260917-213317-46249
7,7,7a2ae9fdc7b6512f45182c6c1eb0605cfc023075e306c0c5909078fe235db309,370948222,1111197035,True,False,[],[],/root/autodl-tmp/qvla-repro/eval/awq-baseline-shard-05-14-20260917-121652-1344,language-w2-g64-no-clip,awq-scope-shard-language-w2-g64-no-clip-05-09-20260917-213317-46249
7,8,ab1daae4e2f98cfe102420e3659a5e9b27643619d8637f8985b729db38be5b54,2440714535,3113684588,True,False,[],[],/root/autodl-tmp/qvla-repro/eval/awq-baseline-shard-05-14-20260917-121652-1344,language-w2-g64-no-clip,awq-scope-shard-language-w2-g64-no-clip-05-09-20260917-213317-46249
7,9,546f905e8563676df7f13cf4071337c8e75b41ba50d997ad1732d0d666be50f5,115094259,25912323,True,False,[],[],/root/autodl-tmp/qvla-repro/eval/awq-baseline-shard-05-14-20260917-121652-1344,language-w2-g64-no-clip,awq-scope-shard-language-w2-g64-no-clip-05-09-20260917-213317-46249
8,5,6b4f91c1a15155e7f0a6ce3085bea10bef88c0cb5fa46526cf7115c56ca930e4,1579726468,1238714754,True,True,[],[],/root/autodl-tmp/qvla-repro/eval/awq-baseline-shard-05-14-20260917-121652-1344,language-w2-g64-no-clip,awq-scope-shard-language-w2-g64-no-clip-05-09-20260917-213317-46249
8,6,e6c8b330e200dfac047d69461946edfa16c7526af280af94e5f035ca3f04a88e,3920860468,311933947,True,True,[],[],/root/autodl-tmp/qvla-repro/eval/awq-baseline-shard-05-14-20260917-121652-1344,language-w2-g64-no-clip,awq-scope-shard-language-w2-g64-no-clip-05-09-20260917-213317-46249
8,7,b0c0e39e2152058d077abf5025369e5183dc4b393291a638d59a529c54de2a63,1872252116,1895236238,True,False,[],[],/root/autodl-tmp/qvla-repro/eval/awq-baseline-shard-05-14-20260917-121652-1344,language-w2-g64-no-clip,awq-scope-shard-language-w2-g64-no-clip-05-09-20260917-213317-46249
8,8,5cdf91438b981a12625fd10436771752a3d3a34bc99b3865800876064d71f6ac,3022301049,125097745,True,False,[],[],/root/autodl-tmp/qvla-repro/eval/awq-baseline-shard-05-14-20260917-121652-1344,language-w2-g64-no-clip,awq-scope-shard-language-w2-g64-no-clip-05-09-20260917-213317-46249
8,9,caf2ae97e43664e04a6534a50c176db42a116e6ccc6c963a6646f725ac07545e,2590999359,1723525530,True,True,[],[],/root/autodl-tmp/qvla-repro/eval/awq-baseline-shard-05-14-20260917-121652-1344,language-w2-g64-no-clip,awq-scope-shard-language-w2-g64-no-clip-05-09-20260917-213317-46249
9,5,3696f68817ba2c2ce9da0453042f1ba257245c07b7a4a814be58e0903b20efcf,3542413795,3119629661,True,False,[],[],/root/autodl-tmp/qvla-repro/eval/awq-baseline-shard-05-14-20260917-121652-1344,language-w2-g64-no-clip,awq-scope-shard-language-w2-g64-no-clip-05-09-20260917-213317-46249
9,6,54598c38c111468114f1ba90bd651ea406747053136212c6e48a29dcecc1d89d,2956024805,1550231648,True,False,[],[],/root/autodl-tmp/qvla-repro/eval/awq-baseline-shard-05-14-20260917-121652-1344,language-w2-g64-no-clip,awq-scope-shard-language-w2-g64-no-clip-05-09-20260917-213317-46249
9,7,f4e929cfbc734ce820906169165ff4cd18d641e944a183f686943303751b9fd6,4195687758,1076517777,True,False,[],[],/root/autodl-tmp/qvla-repro/eval/awq-baseline-shard-05-14-20260917-121652-1344,language-w2-g64-no-clip,awq-scope-shard-language-w2-g64-no-clip-05-09-20260917-213317-46249
9,8,b1ed9a6a0930dfb10e2a1e103608cb68bae0f2bff2cf89ed283a6ebe00c28f96,2395291537,1161406313,True,False,[],[],/root/autodl-tmp/qvla-repro/eval/awq-baseline-shard-05-14-20260917-121652-1344,language-w2-g64-no-clip,awq-scope-shard-language-w2-g64-no-clip-05-09-20260917-213317-46249
9,9,1798c4b6a1487a8d4cbe773e8c4ac1be5ac48439f0c3df53adc5cf84f757cc1f,2955358067,2676125635,True,False,[],[],/root/autodl-tmp/qvla-repro/eval/awq-baseline-shard-05-14-20260917-121652-1344,language-w2-g64-no-clip,awq-scope-shard-language-w2-g64-no-clip-05-09-20260917-213317-46249
0,5,c9c2f8022034e9a0705daab34a7f5bf9947ac939dfc5cf5a0ab493a377028a02,4110909047,2920509582,True,False,[],[],/root/autodl-tmp/qvla-repro/eval/awq-baseline-shard-05-14-20260917-121652-1344,language-w2-no-clip,awq-scope-shard-language-w2-no-clip-05-09-20260917-204811-37304
0,6,784dba596f01025199c62c3e262748c68f1f3b6ff92df2fd36aab8b5263bc0ce,3154189564,90430444,True,True,[],[],/root/autodl-tmp/qvla-repro/eval/awq-baseline-shard-05-14-20260917-121652-1344,language-w2-no-clip,awq-scope-shard-language-w2-no-clip-05-09-20260917-204811-37304
0,7,d297dd693cb3e13a607d16f211730e28c50b463f597f066ef2a424a8a036186c,3181712472,2593257767,True,True,[],[],/root/autodl-tmp/qvla-repro/eval/awq-baseline-shard-05-14-20260917-121652-1344,language-w2-no-clip,awq-scope-shard-language-w2-no-clip-05-09-20260917-204811-37304
0,8,3f628d77bb395ff9ff2b248e18e5dea19d9b1103ed48b55df4eafa29188bd9f0,441765833,3459110301,True,True,[],[],/root/autodl-tmp/qvla-repro/eval/awq-baseline-shard-05-14-20260917-121652-1344,language-w2-no-clip,awq-scope-shard-language-w2-no-clip-05-09-20260917-204811-37304
0,9,6ccefe4bd69954c98ddc32f1acdcff81b5a66ed4304391089bbc027172b66d64,1987439733,3221137945,True,True,[],[],/root/autodl-tmp/qvla-repro/eval/awq-baseline-shard-05-14-20260917-121652-1344,language-w2-no-clip,awq-scope-shard-language-w2-no-clip-05-09-20260917-204811-37304
1,5,d0345028d24b7dda175db33c7eb0e5c1d4df2fdf5620c51dd3641fdc77750964,2466788813,2720709901,True,False,[],[],/root/autodl-tmp/qvla-repro/eval/awq-baseline-shard-05-14-20260917-121652-1344,language-w2-no-clip,awq-scope-shard-language-w2-no-clip-05-09-20260917-204811-37304
1,6,74548b977713394a062b37d064eb857cc795b1dd9e3dd6f72236514b2f85404c,2663980325,1980140999,True,False,[],[],/root/autodl-tmp/qvla-repro/eval/awq-baseline-shard-05-14-20260917-121652-1344,language-w2-no-clip,awq-scope-shard-language-w2-no-clip-05-09-20260917-204811-37304
1,7,a45364f84a9e141a83181828fb6b8fb37a162e7e85d8636fa891064717f1f95e,1895985625,355043717,True,False,[],[],/root/autodl-tmp/qvla-repro/eval/awq-baseline-shard-05-14-20260917-121652-1344,language-w2-no-clip,awq-scope-shard-language-w2-no-clip-05-09-20260917-204811-37304
1,8,dec62b7a7f186620b39af37c3354071d3b720a7c93e5de1ca14e54f28bc76d41,751507276,4285867666,True,False,[],[],/root/autodl-tmp/qvla-repro/eval/awq-baseline-shard-05-14-20260917-121652-1344,language-w2-no-clip,awq-scope-shard-language-w2-no-clip-05-09-20260917-204811-37304
1,9,4c98afd093bda011d941abba6e2d53d57d3b258fe56cfdfbc4dc74d50260f9ae,2609141265,307292723,True,False,[],[],/root/autodl-tmp/qvla-repro/eval/awq-baseline-shard-05-14-20260917-121652-1344,language-w2-no-clip,awq-scope-shard-language-w2-no-clip-05-09-20260917-204811-37304
2,5,244227d010ee2b731b1226316f6f51ddc0b589941068f68e88e7778eabf2e302,550830392,1320153655,True,True,[],[],/root/autodl-tmp/qvla-repro/eval/awq-baseline-shard-05-14-20260917-121652-1344,language-w2-no-clip,awq-scope-shard-language-w2-no-clip-05-09-20260917-204811-37304
2,6,015663b2e58bace14677f65f8871f622d3c7c24fb3938114fbacaa91ff56d38b,2606276245,3154410349,True,False,[],[],/root/autodl-tmp/qvla-repro/eval/awq-baseline-shard-05-14-20260917-121652-1344,language-w2-no-clip,awq-scope-shard-language-w2-no-clip-05-09-20260917-204811-37304
2,7,3e05dba60bf1a41c0bc853e8480cee4f4a7c58fc86ae62cec40fdc9e5f61cbe0,1923587010,3995789380,True,False,[],[],/root/autodl-tmp/qvla-repro/eval/awq-baseline-shard-05-14-20260917-121652-1344,language-w2-no-clip,awq-scope-shard-language-w2-no-clip-05-09-20260917-204811-37304
2,8,10d28a829243d7c83db659e2c66233f7bee106f22cfe5b2261f9f9831ebac708,344153472,1352003176,True,True,[],[],/root/autodl-tmp/qvla-repro/eval/awq-baseline-shard-05-14-20260917-121652-1344,language-w2-no-clip,awq-scope-shard-language-w2-no-clip-05-09-20260917-204811-37304
2,9,864819f19088c1c5f38f9b06923ccebd4818892a4bb231cedc71b892d2a2bc67,1165687323,706024588,True,True,[],[],/root/autodl-tmp/qvla-repro/eval/awq-baseline-shard-05-14-20260917-121652-1344,language-w2-no-clip,awq-scope-shard-language-w2-no-clip-05-09-20260917-204811-37304
3,5,6dac57dbcf0ffc62ca6a37b1334c61683200e4b3e944c2de2eb98563b1c6df56,3527698013,3987898825,True,False,[],[],/root/autodl-tmp/qvla-repro/eval/awq-baseline-shard-05-14-20260917-121652-1344,language-w2-no-clip,awq-scope-shard-language-w2-no-clip-05-09-20260917-204811-37304
3,6,cc809ea238ea9d71bcd0fa683f60c51f7d2a3864963da43149e4df35d0eed85f,2357097212,748821386,True,False,[],[],/root/autodl-tmp/qvla-repro/eval/awq-baseline-shard-05-14-20260917-121652-1344,language-w2-no-clip,awq-scope-shard-language-w2-no-clip-05-09-20260917-204811-37304
3,7,b58022b980ae6497859d4ad985cfa89b16832f4c7f82cd2abb8b03cb2e0f6119,2057051480,3351635119,True,False,[],[],/root/autodl-tmp/qvla-repro/eval/awq-baseline-shard-05-14-20260917-121652-1344,language-w2-no-clip,awq-scope-shard-language-w2-no-clip-05-09-20260917-204811-37304
3,8,7d5f3b9821665f85bbf943b1da3fa03d53b694bc8751b4503a39a7351734f89b,3041705555,1502850896,True,False,[],[],/root/autodl-tmp/qvla-repro/eval/awq-baseline-shard-05-14-20260917-121652-1344,language-w2-no-clip,awq-scope-shard-language-w2-no-clip-05-09-20260917-204811-37304
3,9,d60041b13e4f125b32f1d55912b939701a3ddfc2815acb15484be856e2943dae,1571737591,4002874428,True,False,[],[],/root/autodl-tmp/qvla-repro/eval/awq-baseline-shard-05-14-20260917-121652-1344,language-w2-no-clip,awq-scope-shard-language-w2-no-clip-05-09-20260917-204811-37304
4,5,b87346216738a7ce42130dcd154c43380035d684b66a383eaa412aa7d7295b7c,837752708,3540813242,True,False,[],[],/root/autodl-tmp/qvla-repro/eval/awq-baseline-shard-05-14-20260917-121652-1344,language-w2-no-clip,awq-scope-shard-language-w2-no-clip-05-09-20260917-204811-37304
4,6,58efbae8fa8cdf03edfa2542dbbda4caf806bdf5268b8320a00f1549b00bec95,2961343796,3714354992,True,False,[],[],/root/autodl-tmp/qvla-repro/eval/awq-baseline-shard-05-14-20260917-121652-1344,language-w2-no-clip,awq-scope-shard-language-w2-no-clip-05-09-20260917-204811-37304
4,7,f90125fb43ad6d5983af928adc76f7ad7520f2ce624dbd25bb45e1888a5a9e56,3730720358,98182254,True,False,[],[],/root/autodl-tmp/qvla-repro/eval/awq-baseline-shard-05-14-20260917-121652-1344,language-w2-no-clip,awq-scope-shard-language-w2-no-clip-05-09-20260917-204811-37304
4,8,2b61811f6b6a9a61b89a236fd0b30a5b10539a70b67c34209624cfdf52af4e5a,157600660,3891202893,True,False,[],[],/root/autodl-tmp/qvla-repro/eval/awq-baseline-shard-05-14-20260917-121652-1344,language-w2-no-clip,awq-scope-shard-language-w2-no-clip-05-09-20260917-204811-37304
4,9,6a71ea6e55326efc34ec666f301a018286ad06f19222511f0c3af44896801580,4112920766,372916700,True,False,[],[],/root/autodl-tmp/qvla-repro/eval/awq-baseline-shard-05-14-20260917-121652-1344,language-w2-no-clip,awq-scope-shard-language-w2-no-clip-05-09-20260917-204811-37304
5,5,8a66e26dcb5684fb06268d8558ec89cb48b496d3ba03c491d620ac3d37bba6ba,2704172120,195921136,True,False,[],[],/root/autodl-tmp/qvla-repro/eval/awq-baseline-shard-05-14-20260917-121652-1344,language-w2-no-clip,awq-scope-shard-language-w2-no-clip-05-09-20260917-204811-37304
5,6,a9b966c9cf9cc8d424d7ae20f2e72e57c828aef13f172c2643fa7f7d3b194181,1621750818,148153071,True,False,[],[],/root/autodl-tmp/qvla-repro/eval/awq-baseline-shard-05-14-20260917-121652-1344,language-w2-no-clip,awq-scope-shard-language-w2-no-clip-05-09-20260917-204811-37304
5,7,987aabd844775a9b57c09e65ce787dcc8b38ef6f8b0c5565dbd48c83ba6ced2f,1633783552,2581305755,True,False,[],[],/root/autodl-tmp/qvla-repro/eval/awq-baseline-shard-05-14-20260917-121652-1344,language-w2-no-clip,awq-scope-shard-language-w2-no-clip-05-09-20260917-204811-37304
5,8,d6c4a596a6f3f6e5bb1b2366f1a4598afaca8d263b0a4e50652479a1ee117ed7,3910483305,3545051791,True,False,[],[],/root/autodl-tmp/qvla-repro/eval/awq-baseline-shard-05-14-20260917-121652-1344,language-w2-no-clip,awq-scope-shard-language-w2-no-clip-05-09-20260917-204811-37304
5,9,b97e853cb653df09c54d36b06bd56c40dff4222ea2f6c4a01d6847e1a9b607eb,808358117,3492466183,True,False,[],[],/root/autodl-tmp/qvla-repro/eval/awq-baseline-shard-05-14-20260917-121652-1344,language-w2-no-clip,awq-scope-shard-language-w2-no-clip-05-09-20260917-204811-37304
6,5,5a499b730ad51bec1d7a79a787b43dd62eb4c99b34d13f92a74cafebf7b6f9de,2986975463,817051687,True,False,[],[],/root/autodl-tmp/qvla-repro/eval/awq-baseline-shard-05-14-20260917-121652-1344,language-w2-no-clip,awq-scope-shard-language-w2-no-clip-05-09-20260917-204811-37304
6,6,9fe1e2e5914a33d82379a012d69199ead3e5a7248d4ca37da81786863dbc643d,2837676184,3519949638,True,False,[],[],/root/autodl-tmp/qvla-repro/eval/awq-baseline-shard-05-14-20260917-121652-1344,language-w2-no-clip,awq-scope-shard-language-w2-no-clip-05-09-20260917-204811-37304
6,7,f0dc954a7059fa3185a63ea648be5fa5fac395b27f135e0771adc594f837b49c,2951695608,1179455625,True,False,[],[],/root/autodl-tmp/qvla-repro/eval/awq-baseline-shard-05-14-20260917-121652-1344,language-w2-no-clip,awq-scope-shard-language-w2-no-clip-05-09-20260917-204811-37304
6,8,949373f1f909d26e57ace693cadbd21aa658d89546cf2f4ded0fd3e17a4606ac,1618128254,3268505317,True,False,[],[],/root/autodl-tmp/qvla-repro/eval/awq-baseline-shard-05-14-20260917-121652-1344,language-w2-no-clip,awq-scope-shard-language-w2-no-clip-05-09-20260917-204811-37304
6,9,0ffc5da6f449cc4be5f2d6fbe4ea569c870e80a127d9aef2bced08e1407e4b5f,1310436415,1021821383,True,False,[],[],/root/autodl-tmp/qvla-repro/eval/awq-baseline-shard-05-14-20260917-121652-1344,language-w2-no-clip,awq-scope-shard-language-w2-no-clip-05-09-20260917-204811-37304
7,5,b887ede88d157e4e55c6c31aa79eec7ea0c950034f6111fd9f619c423469d483,3911580404,2755095330,True,False,[],[],/root/autodl-tmp/qvla-repro/eval/awq-baseline-shard-05-14-20260917-121652-1344,language-w2-no-clip,awq-scope-shard-language-w2-no-clip-05-09-20260917-204811-37304
7,6,583801d2f7fa2816c9b5a290cd4e954a88c7b5a43f9bc4c7735ba26633f7997d,34433123,1197697093,True,False,[],[],/root/autodl-tmp/qvla-repro/eval/awq-baseline-shard-05-14-20260917-121652-1344,language-w2-no-clip,awq-scope-shard-language-w2-no-clip-05-09-20260917-204811-37304
7,7,7a2ae9fdc7b6512f45182c6c1eb0605cfc023075e306c0c5909078fe235db309,370948222,1111197035,True,False,[],[],/root/autodl-tmp/qvla-repro/eval/awq-baseline-shard-05-14-20260917-121652-1344,language-w2-no-clip,awq-scope-shard-language-w2-no-clip-05-09-20260917-204811-37304
7,8,ab1daae4e2f98cfe102420e3659a5e9b27643619d8637f8985b729db38be5b54,2440714535,3113684588,True,False,[],[],/root/autodl-tmp/qvla-repro/eval/awq-baseline-shard-05-14-20260917-121652-1344,language-w2-no-clip,awq-scope-shard-language-w2-no-clip-05-09-20260917-204811-37304
7,9,546f905e8563676df7f13cf4071337c8e75b41ba50d997ad1732d0d666be50f5,115094259,25912323,True,False,[],[],/root/autodl-tmp/qvla-repro/eval/awq-baseline-shard-05-14-20260917-121652-1344,language-w2-no-clip,awq-scope-shard-language-w2-no-clip-05-09-20260917-204811-37304
8,5,6b4f91c1a15155e7f0a6ce3085bea10bef88c0cb5fa46526cf7115c56ca930e4,1579726468,1238714754,True,False,[],[],/root/autodl-tmp/qvla-repro/eval/awq-baseline-shard-05-14-20260917-121652-1344,language-w2-no-clip,awq-scope-shard-language-w2-no-clip-05-09-20260917-204811-37304
8,6,e6c8b330e200dfac047d69461946edfa16c7526af280af94e5f035ca3f04a88e,3920860468,311933947,True,False,[],[],/root/autodl-tmp/qvla-repro/eval/awq-baseline-shard-05-14-20260917-121652-1344,language-w2-no-clip,awq-scope-shard-language-w2-no-clip-05-09-20260917-204811-37304
8,7,b0c0e39e2152058d077abf5025369e5183dc4b393291a638d59a529c54de2a63,1872252116,1895236238,True,False,[],[],/root/autodl-tmp/qvla-repro/eval/awq-baseline-shard-05-14-20260917-121652-1344,language-w2-no-clip,awq-scope-shard-language-w2-no-clip-05-09-20260917-204811-37304
8,8,5cdf91438b981a12625fd10436771752a3d3a34bc99b3865800876064d71f6ac,3022301049,125097745,True,False,[],[],/root/autodl-tmp/qvla-repro/eval/awq-baseline-shard-05-14-20260917-121652-1344,language-w2-no-clip,awq-scope-shard-language-w2-no-clip-05-09-20260917-204811-37304
8,9,caf2ae97e43664e04a6534a50c176db42a116e6ccc6c963a6646f725ac07545e,2590999359,1723525530,True,True,[],[],/root/autodl-tmp/qvla-repro/eval/awq-baseline-shard-05-14-20260917-121652-1344,language-w2-no-clip,awq-scope-shard-language-w2-no-clip-05-09-20260917-204811-37304
9,5,3696f68817ba2c2ce9da0453042f1ba257245c07b7a4a814be58e0903b20efcf,3542413795,3119629661,True,False,[],[],/root/autodl-tmp/qvla-repro/eval/awq-baseline-shard-05-14-20260917-121652-1344,language-w2-no-clip,awq-scope-shard-language-w2-no-clip-05-09-20260917-204811-37304
9,6,54598c38c111468114f1ba90bd651ea406747053136212c6e48a29dcecc1d89d,2956024805,1550231648,True,False,[],[],/root/autodl-tmp/qvla-repro/eval/awq-baseline-shard-05-14-20260917-121652-1344,language-w2-no-clip,awq-scope-shard-language-w2-no-clip-05-09-20260917-204811-37304
9,7,f4e929cfbc734ce820906169165ff4cd18d641e944a183f686943303751b9fd6,4195687758,1076517777,True,False,[],[],/root/autodl-tmp/qvla-repro/eval/awq-baseline-shard-05-14-20260917-121652-1344,language-w2-no-clip,awq-scope-shard-language-w2-no-clip-05-09-20260917-204811-37304
9,8,b1ed9a6a0930dfb10e2a1e103608cb68bae0f2bff2cf89ed283a6ebe00c28f96,2395291537,1161406313,True,False,[],[],/root/autodl-tmp/qvla-repro/eval/awq-baseline-shard-05-14-20260917-121652-1344,language-w2-no-clip,awq-scope-shard-language-w2-no-clip-05-09-20260917-204811-37304
9,9,1798c4b6a1487a8d4cbe773e8c4ac1be5ac48439f0c3df53adc5cf84f757cc1f,2955358067,2676125635,True,False,[],[],/root/autodl-tmp/qvla-repro/eval/awq-baseline-shard-05-14-20260917-121652-1344,language-w2-no-clip,awq-scope-shard-language-w2-no-clip-05-09-20260917-204811-37304
0,5,c9c2f8022034e9a0705daab34a7f5bf9947ac939dfc5cf5a0ab493a377028a02,4110909047,2920509582,True,True,[],[],/root/autodl-tmp/qvla-repro/eval/awq-baseline-shard-05-14-20260917-121652-1344,vision-w2,awq-scope-shard-vision-w2-05-14-20260917-202448-31883
0,6,784dba596f01025199c62c3e262748c68f1f3b6ff92df2fd36aab8b5263bc0ce,3154189564,90430444,True,True,[],[],/root/autodl-tmp/qvla-repro/eval/awq-baseline-shard-05-14-20260917-121652-1344,vision-w2,awq-scope-shard-vision-w2-05-14-20260917-202448-31883
0,7,d297dd693cb3e13a607d16f211730e28c50b463f597f066ef2a424a8a036186c,3181712472,2593257767,True,True,[],[],/root/autodl-tmp/qvla-repro/eval/awq-baseline-shard-05-14-20260917-121652-1344,vision-w2,awq-scope-shard-vision-w2-05-14-20260917-202448-31883
0,8,3f628d77bb395ff9ff2b248e18e5dea19d9b1103ed48b55df4eafa29188bd9f0,441765833,3459110301,True,True,[],[],/root/autodl-tmp/qvla-repro/eval/awq-baseline-shard-05-14-20260917-121652-1344,vision-w2,awq-scope-shard-vision-w2-05-14-20260917-202448-31883
0,9,6ccefe4bd69954c98ddc32f1acdcff81b5a66ed4304391089bbc027172b66d64,1987439733,3221137945,True,True,[],[],/root/autodl-tmp/qvla-repro/eval/awq-baseline-shard-05-14-20260917-121652-1344,vision-w2,awq-scope-shard-vision-w2-05-14-20260917-202448-31883
0,10,f6ce6f7f25326bedc23933bb436b5f6eb4810cef61184635c75395e557e1808f,3620232980,1329864394,True,True,[],[],/root/autodl-tmp/qvla-repro/eval/awq-baseline-shard-05-14-20260917-121652-1344,vision-w2,awq-scope-shard-vision-w2-05-14-20260917-202448-31883
0,11,f9b377d4c4ca5e3bef55b3eff2599229c22f2d944cd5df22c9a8b68882d9dc11,2622996838,3367941717,True,True,[],[],/root/autodl-tmp/qvla-repro/eval/awq-baseline-shard-05-14-20260917-121652-1344,vision-w2,awq-scope-shard-vision-w2-05-14-20260917-202448-31883
0,12,504db0289ad1061538940e63d39bcfc82bf536dbf5f9083a1692a0e3a2852d79,3415611406,1261377523,True,True,[],[],/root/autodl-tmp/qvla-repro/eval/awq-baseline-shard-05-14-20260917-121652-1344,vision-w2,awq-scope-shard-vision-w2-05-14-20260917-202448-31883
0,13,2fd168faf38ffee7943a97f4f9589b8e4ed4acb89670c3004a6541dcc4925bc6,487119605,2986157208,True,True,[],[],/root/autodl-tmp/qvla-repro/eval/awq-baseline-shard-05-14-20260917-121652-1344,vision-w2,awq-scope-shard-vision-w2-05-14-20260917-202448-31883
0,14,a695298e9ef752b05e4d30c817ab1e2061a6136d65242dac7a2cce63f858b9fd,4123379645,3224135206,True,True,[],[],/root/autodl-tmp/qvla-repro/eval/awq-baseline-shard-05-14-20260917-121652-1344,vision-w2,awq-scope-shard-vision-w2-05-14-20260917-202448-31883
1,5,d0345028d24b7dda175db33c7eb0e5c1d4df2fdf5620c51dd3641fdc77750964,2466788813,2720709901,True,True,[],[],/root/autodl-tmp/qvla-repro/eval/awq-baseline-shard-05-14-20260917-121652-1344,vision-w2,awq-scope-shard-vision-w2-05-14-20260917-202448-31883
1,6,74548b977713394a062b37d064eb857cc795b1dd9e3dd6f72236514b2f85404c,2663980325,1980140999,True,True,[],[],/root/autodl-tmp/qvla-repro/eval/awq-baseline-shard-05-14-20260917-121652-1344,vision-w2,awq-scope-shard-vision-w2-05-14-20260917-202448-31883
1,7,a45364f84a9e141a83181828fb6b8fb37a162e7e85d8636fa891064717f1f95e,1895985625,355043717,True,False,[],[],/root/autodl-tmp/qvla-repro/eval/awq-baseline-shard-05-14-20260917-121652-1344,vision-w2,awq-scope-shard-vision-w2-05-14-20260917-202448-31883
1,8,dec62b7a7f186620b39af37c3354071d3b720a7c93e5de1ca14e54f28bc76d41,751507276,4285867666,True,False,[],[],/root/autodl-tmp/qvla-repro/eval/awq-baseline-shard-05-14-20260917-121652-1344,vision-w2,awq-scope-shard-vision-w2-05-14-20260917-202448-31883
1,9,4c98afd093bda011d941abba6e2d53d57d3b258fe56cfdfbc4dc74d50260f9ae,2609141265,307292723,True,True,[],[],/root/autodl-tmp/qvla-repro/eval/awq-baseline-shard-05-14-20260917-121652-1344,vision-w2,awq-scope-shard-vision-w2-05-14-20260917-202448-31883
1,10,b0c9ecec06f999784b644016624af927deef020c8c7afee36946fd439c9f45d3,1635856022,1479659323,True,True,[],[],/root/autodl-tmp/qvla-repro/eval/awq-baseline-shard-05-14-20260917-121652-1344,vision-w2,awq-scope-shard-vision-w2-05-14-20260917-202448-31883
1,11,dbec87b164a53746107bf8c0d65457de9b6c7b34eb033d5feaf6484af0b336d3,4034484714,1800060776,True,True,[],[],/root/autodl-tmp/qvla-repro/eval/awq-baseline-shard-05-14-20260917-121652-1344,vision-w2,awq-scope-shard-vision-w2-05-14-20260917-202448-31883
1,12,b006cf551055a36a035803ef84f01d8fd6a00d1d5d2683ce2afbe0ae4b71ebdb,3143823984,4263442405,True,True,[],[],/root/autodl-tmp/qvla-repro/eval/awq-baseline-shard-05-14-20260917-121652-1344,vision-w2,awq-scope-shard-vision-w2-05-14-20260917-202448-31883
1,13,6f694f45d065ddf64d33eb4fdcc791477ad36584a304eea9d83b0c054583079b,1812688483,2824353230,True,True,[],[],/root/autodl-tmp/qvla-repro/eval/awq-baseline-shard-05-14-20260917-121652-1344,vision-w2,awq-scope-shard-vision-w2-05-14-20260917-202448-31883
1,14,0525c9e710afca2e894805d74ab6860315c289ef216629f858714d595f16499d,3082037721,1625302639,True,False,[],[],/root/autodl-tmp/qvla-repro/eval/awq-baseline-shard-05-14-20260917-121652-1344,vision-w2,awq-scope-shard-vision-w2-05-14-20260917-202448-31883
2,5,244227d010ee2b731b1226316f6f51ddc0b589941068f68e88e7778eabf2e302,550830392,1320153655,True,True,[],[],/root/autodl-tmp/qvla-repro/eval/awq-baseline-shard-05-14-20260917-121652-1344,vision-w2,awq-scope-shard-vision-w2-05-14-20260917-202448-31883
2,6,015663b2e58bace14677f65f8871f622d3c7c24fb3938114fbacaa91ff56d38b,2606276245,3154410349,True,True,[],[],/root/autodl-tmp/qvla-repro/eval/awq-baseline-shard-05-14-20260917-121652-1344,vision-w2,awq-scope-shard-vision-w2-05-14-20260917-202448-31883
2,7,3e05dba60bf1a41c0bc853e8480cee4f4a7c58fc86ae62cec40fdc9e5f61cbe0,1923587010,3995789380,True,True,[],[],/root/autodl-tmp/qvla-repro/eval/awq-baseline-shard-05-14-20260917-121652-1344,vision-w2,awq-scope-shard-vision-w2-05-14-20260917-202448-31883
2,8,10d28a829243d7c83db659e2c66233f7bee106f22cfe5b2261f9f9831ebac708,344153472,1352003176,True,True,[],[],/root/autodl-tmp/qvla-repro/eval/awq-baseline-shard-05-14-20260917-121652-1344,vision-w2,awq-scope-shard-vision-w2-05-14-20260917-202448-31883
2,9,864819f19088c1c5f38f9b06923ccebd4818892a4bb231cedc71b892d2a2bc67,1165687323,706024588,True,True,[],[],/root/autodl-tmp/qvla-repro/eval/awq-baseline-shard-05-14-20260917-121652-1344,vision-w2,awq-scope-shard-vision-w2-05-14-20260917-202448-31883
2,10,a5783c80f66d8ee9f612b35b9451f4d856d51490248ddfafb528e325f8e6764c,1743506058,871938409,True,True,[],[],/root/autodl-tmp/qvla-repro/eval/awq-baseline-shard-05-14-20260917-121652-1344,vision-w2,awq-scope-shard-vision-w2-05-14-20260917-202448-31883
2,11,47530669e02bf233026da635b8092163537080a7031e3a43201feab9274a9d04,3623366274,4049915308,True,True,[],[],/root/autodl-tmp/qvla-repro/eval/awq-baseline-shard-05-14-20260917-121652-1344,vision-w2,awq-scope-shard-vision-w2-05-14-20260917-202448-31883
2,12,44c095bf575781a707629ff0af5acc9e80ab7ddcf2ac9c9fb6245249dec6060b,1150359646,2137693549,True,True,[],[],/root/autodl-tmp/qvla-repro/eval/awq-baseline-shard-05-14-20260917-121652-1344,vision-w2,awq-scope-shard-vision-w2-05-14-20260917-202448-31883
2,13,bf439eb9bbf4ded8477d245ff49e8ff00c520c79607cdc50d4238c46c04414af,3520759812,4178136764,True,True,[],[],/root/autodl-tmp/qvla-repro/eval/awq-baseline-shard-05-14-20260917-121652-1344,vision-w2,awq-scope-shard-vision-w2-05-14-20260917-202448-31883
2,14,fa7608e3c09171809707e8ea49121debab0c56c38b1060a676d295fdcc633928,3263310779,409871007,True,True,[],[],/root/autodl-tmp/qvla-repro/eval/awq-baseline-shard-05-14-20260917-121652-1344,vision-w2,awq-scope-shard-vision-w2-05-14-20260917-202448-31883
3,5,6dac57dbcf0ffc62ca6a37b1334c61683200e4b3e944c2de2eb98563b1c6df56,3527698013,3987898825,True,True,[],[],/root/autodl-tmp/qvla-repro/eval/awq-baseline-shard-05-14-20260917-121652-1344,vision-w2,awq-scope-shard-vision-w2-05-14-20260917-202448-31883
3,6,cc809ea238ea9d71bcd0fa683f60c51f7d2a3864963da43149e4df35d0eed85f,2357097212,748821386,True,True,[],[],/root/autodl-tmp/qvla-repro/eval/awq-baseline-shard-05-14-20260917-121652-1344,vision-w2,awq-scope-shard-vision-w2-05-14-20260917-202448-31883
3,7,b58022b980ae6497859d4ad985cfa89b16832f4c7f82cd2abb8b03cb2e0f6119,2057051480,3351635119,True,True,[],[],/root/autodl-tmp/qvla-repro/eval/awq-baseline-shard-05-14-20260917-121652-1344,vision-w2,awq-scope-shard-vision-w2-05-14-20260917-202448-31883
3,8,7d5f3b9821665f85bbf943b1da3fa03d53b694bc8751b4503a39a7351734f89b,3041705555,1502850896,True,True,[],[],/root/autodl-tmp/qvla-repro/eval/awq-baseline-shard-05-14-20260917-121652-1344,vision-w2,awq-scope-shard-vision-w2-05-14-20260917-202448-31883
3,9,d60041b13e4f125b32f1d55912b939701a3ddfc2815acb15484be856e2943dae,1571737591,4002874428,True,True,[],[],/root/autodl-tmp/qvla-repro/eval/awq-baseline-shard-05-14-20260917-121652-1344,vision-w2,awq-scope-shard-vision-w2-05-14-20260917-202448-31883
3,10,769f3a08b75e4357785695fb7985920bb2e312d05b9b99ec76c182555afab656,2447635993,2305601320,True,True,[],[],/root/autodl-tmp/qvla-repro/eval/awq-baseline-shard-05-14-20260917-121652-1344,vision-w2,awq-scope-shard-vision-w2-05-14-20260917-202448-31883
3,11,9ede7c34efdb378d99cbab23cf7a1c5160188fb17e2f54308ce3b4fbb6712d58,1859926275,2496862514,True,True,[],[],/root/autodl-tmp/qvla-repro/eval/awq-baseline-shard-05-14-20260917-121652-1344,vision-w2,awq-scope-shard-vision-w2-05-14-20260917-202448-31883
3,12,0a03f52fd9b04847f49d54916274b6c8bac86898e31b582cfd7b5b3c3fcae0df,2138052992,2118269906,True,True,[],[],/root/autodl-tmp/qvla-repro/eval/awq-baseline-shard-05-14-20260917-121652-1344,vision-w2,awq-scope-shard-vision-w2-05-14-20260917-202448-31883
3,13,796c143330826bb9f4544037bed5bdf85fff4e5d92eb32bdfecaf382ea948e8f,3969868260,3218618991,True,True,[],[],/root/autodl-tmp/qvla-repro/eval/awq-baseline-shard-05-14-20260917-121652-1344,vision-w2,awq-scope-shard-vision-w2-05-14-20260917-202448-31883
3,14,6cf18c532b8185267195e43178fe22383f03c14c097cba540e5d20f1adc0a34c,1741829862,1718505283,True,True,[],[],/root/autodl-tmp/qvla-repro/eval/awq-baseline-shard-05-14-20260917-121652-1344,vision-w2,awq-scope-shard-vision-w2-05-14-20260917-202448-31883
4,5,b87346216738a7ce42130dcd154c43380035d684b66a383eaa412aa7d7295b7c,837752708,3540813242,True,True,[],[],/root/autodl-tmp/qvla-repro/eval/awq-baseline-shard-05-14-20260917-121652-1344,vision-w2,awq-scope-shard-vision-w2-05-14-20260917-202448-31883
4,6,58efbae8fa8cdf03edfa2542dbbda4caf806bdf5268b8320a00f1549b00bec95,2961343796,3714354992,True,True,[],[],/root/autodl-tmp/qvla-repro/eval/awq-baseline-shard-05-14-20260917-121652-1344,vision-w2,awq-scope-shard-vision-w2-05-14-20260917-202448-31883
4,7,f90125fb43ad6d5983af928adc76f7ad7520f2ce624dbd25bb45e1888a5a9e56,3730720358,98182254,True,True,[],[],/root/autodl-tmp/qvla-repro/eval/awq-baseline-shard-05-14-20260917-121652-1344,vision-w2,awq-scope-shard-vision-w2-05-14-20260917-202448-31883
4,8,2b61811f6b6a9a61b89a236fd0b30a5b10539a70b67c34209624cfdf52af4e5a,157600660,3891202893,True,True,[],[],/root/autodl-tmp/qvla-repro/eval/awq-baseline-shard-05-14-20260917-121652-1344,vision-w2,awq-scope-shard-vision-w2-05-14-20260917-202448-31883
4,9,6a71ea6e55326efc34ec666f301a018286ad06f19222511f0c3af44896801580,4112920766,372916700,True,True,[],[],/root/autodl-tmp/qvla-repro/eval/awq-baseline-shard-05-14-20260917-121652-1344,vision-w2,awq-scope-shard-vision-w2-05-14-20260917-202448-31883
4,10,7bb0de6b71378924db79db6837d31679f6792129b7d9861f58532ba7332d6eb3,2193637331,3468706112,True,True,[],[],/root/autodl-tmp/qvla-repro/eval/awq-baseline-shard-05-14-20260917-121652-1344,vision-w2,awq-scope-shard-vision-w2-05-14-20260917-202448-31883
4,11,7ca087b8eea266273cbf99c09f51cc5cfee48a1e6408b367fedf168fc1c9cb15,2493649820,1009899069,True,True,[],[],/root/autodl-tmp/qvla-repro/eval/awq-baseline-shard-05-14-20260917-121652-1344,vision-w2,awq-scope-shard-vision-w2-05-14-20260917-202448-31883
4,12,08c27762b56ead1630b15d284b71f591009a21d824139674181aae9060b98920,598337569,852532106,True,True,[],[],/root/autodl-tmp/qvla-repro/eval/awq-baseline-shard-05-14-20260917-121652-1344,vision-w2,awq-scope-shard-vision-w2-05-14-20260917-202448-31883
4,13,066159b34ab7fd2c9a3292b11143f7a8d51f697aff2ea00ea90e7eeeeb06e2ba,2613584866,1859882902,True,True,[],[],/root/autodl-tmp/qvla-repro/eval/awq-baseline-shard-05-14-20260917-121652-1344,vision-w2,awq-scope-shard-vision-w2-05-14-20260917-202448-31883
4,14,cf92dad8abe4770b520ec4e6bf4a9c074cbdc829e6c7bffae73060682dee7d69,3517308286,627429061,True,True,[],[],/root/autodl-tmp/qvla-repro/eval/awq-baseline-shard-05-14-20260917-121652-1344,vision-w2,awq-scope-shard-vision-w2-05-14-20260917-202448-31883
5,5,8a66e26dcb5684fb06268d8558ec89cb48b496d3ba03c491d620ac3d37bba6ba,2704172120,195921136,True,True,[],[],/root/autodl-tmp/qvla-repro/eval/awq-baseline-shard-05-14-20260917-121652-1344,vision-w2,awq-scope-shard-vision-w2-05-14-20260917-202448-31883
5,6,a9b966c9cf9cc8d424d7ae20f2e72e57c828aef13f172c2643fa7f7d3b194181,1621750818,148153071,True,True,[],[],/root/autodl-tmp/qvla-repro/eval/awq-baseline-shard-05-14-20260917-121652-1344,vision-w2,awq-scope-shard-vision-w2-05-14-20260917-202448-31883
5,7,987aabd844775a9b57c09e65ce787dcc8b38ef6f8b0c5565dbd48c83ba6ced2f,1633783552,2581305755,True,True,[],[],/root/autodl-tmp/qvla-repro/eval/awq-baseline-shard-05-14-20260917-121652-1344,vision-w2,awq-scope-shard-vision-w2-05-14-20260917-202448-31883
5,8,d6c4a596a6f3f6e5bb1b2366f1a4598afaca8d263b0a4e50652479a1ee117ed7,3910483305,3545051791,True,False,[],[],/root/autodl-tmp/qvla-repro/eval/awq-baseline-shard-05-14-20260917-121652-1344,vision-w2,awq-scope-shard-vision-w2-05-14-20260917-202448-31883
5,9,b97e853cb653df09c54d36b06bd56c40dff4222ea2f6c4a01d6847e1a9b607eb,808358117,3492466183,True,False,[],[],/root/autodl-tmp/qvla-repro/eval/awq-baseline-shard-05-14-20260917-121652-1344,vision-w2,awq-scope-shard-vision-w2-05-14-20260917-202448-31883
5,10,bfaff55ad30b79eb4f16c1791d3353527b55561b017b783ffc10277aa26494e0,471562028,3656938426,True,True,[],[],/root/autodl-tmp/qvla-repro/eval/awq-baseline-shard-05-14-20260917-121652-1344,vision-w2,awq-scope-shard-vision-w2-05-14-20260917-202448-31883
5,11,ff39aa05adeb3467ae4e7003d9b14f9f9d307101ecb6ef43d415020975ee3ba8,3234983578,2035309818,True,True,[],[],/root/autodl-tmp/qvla-repro/eval/awq-baseline-shard-05-14-20260917-121652-1344,vision-w2,awq-scope-shard-vision-w2-05-14-20260917-202448-31883
5,12,1035069b81bb91a6134b4ca623b29076df3a99387db6110fabbe0b7aa70d5437,423312444,80518552,True,True,[],[],/root/autodl-tmp/qvla-repro/eval/awq-baseline-shard-05-14-20260917-121652-1344,vision-w2,awq-scope-shard-vision-w2-05-14-20260917-202448-31883
5,13,3731069406dc50d234dfc8e8cdff9b2a4e2e00970ebd0d000af7dea9884a4236,3626548186,3329673678,True,True,[],[],/root/autodl-tmp/qvla-repro/eval/awq-baseline-shard-05-14-20260917-121652-1344,vision-w2,awq-scope-shard-vision-w2-05-14-20260917-202448-31883
5,14,a5932cf3fc7c1839b68d324f8e724108874c30a15b7936c821543aaff18663a6,2693348730,2576723984,True,True,[],[],/root/autodl-tmp/qvla-repro/eval/awq-baseline-shard-05-14-20260917-121652-1344,vision-w2,awq-scope-shard-vision-w2-05-14-20260917-202448-31883
6,5,5a499b730ad51bec1d7a79a787b43dd62eb4c99b34d13f92a74cafebf7b6f9de,2986975463,817051687,True,True,[],[],/root/autodl-tmp/qvla-repro/eval/awq-baseline-shard-05-14-20260917-121652-1344,vision-w2,awq-scope-shard-vision-w2-05-14-20260917-202448-31883
6,6,9fe1e2e5914a33d82379a012d69199ead3e5a7248d4ca37da81786863dbc643d,2837676184,3519949638,True,True,[],[],/root/autodl-tmp/qvla-repro/eval/awq-baseline-shard-05-14-20260917-121652-1344,vision-w2,awq-scope-shard-vision-w2-05-14-20260917-202448-31883
6,7,f0dc954a7059fa3185a63ea648be5fa5fac395b27f135e0771adc594f837b49c,2951695608,1179455625,True,True,[],[],/root/autodl-tmp/qvla-repro/eval/awq-baseline-shard-05-14-20260917-121652-1344,vision-w2,awq-scope-shard-vision-w2-05-14-20260917-202448-31883
6,8,949373f1f909d26e57ace693cadbd21aa658d89546cf2f4ded0fd3e17a4606ac,1618128254,3268505317,True,True,[],[],/root/autodl-tmp/qvla-repro/eval/awq-baseline-shard-05-14-20260917-121652-1344,vision-w2,awq-scope-shard-vision-w2-05-14-20260917-202448-31883
6,9,0ffc5da6f449cc4be5f2d6fbe4ea569c870e80a127d9aef2bced08e1407e4b5f,1310436415,1021821383,True,True,[],[],/root/autodl-tmp/qvla-repro/eval/awq-baseline-shard-05-14-20260917-121652-1344,vision-w2,awq-scope-shard-vision-w2-05-14-20260917-202448-31883
6,10,eaf7293a6bf87fbf51f658f8b9f3041bb271b943e2b32b84852f939acb653f15,90998460,1376862275,True,True,[],[],/root/autodl-tmp/qvla-repro/eval/awq-baseline-shard-05-14-20260917-121652-1344,vision-w2,awq-scope-shard-vision-w2-05-14-20260917-202448-31883
6,11,086d92098f70b4304ee849a551a8841bc5540af72329890224b8c9d7eb4269aa,3224610980,3810235033,True,True,[],[],/root/autodl-tmp/qvla-repro/eval/awq-baseline-shard-05-14-20260917-121652-1344,vision-w2,awq-scope-shard-vision-w2-05-14-20260917-202448-31883
6,12,6d69d364b3ba6a780de6a6b553be102a7076031abb03b27e25d10867efcaa40a,1730676684,2225701122,True,True,[],[],/root/autodl-tmp/qvla-repro/eval/awq-baseline-shard-05-14-20260917-121652-1344,vision-w2,awq-scope-shard-vision-w2-05-14-20260917-202448-31883
6,13,5b5f5be6756670be320c90d8ddc74a90debb4c433c896028bac1169196d00f26,948762575,1252869262,True,True,[],[],/root/autodl-tmp/qvla-repro/eval/awq-baseline-shard-05-14-20260917-121652-1344,vision-w2,awq-scope-shard-vision-w2-05-14-20260917-202448-31883
6,14,42f14bceb4a4442495e345b5e2cae5a449eaa30105c546c8349a09bbba379d34,3970509889,1420580096,True,True,[],[],/root/autodl-tmp/qvla-repro/eval/awq-baseline-shard-05-14-20260917-121652-1344,vision-w2,awq-scope-shard-vision-w2-05-14-20260917-202448-31883
7,5,b887ede88d157e4e55c6c31aa79eec7ea0c950034f6111fd9f619c423469d483,3911580404,2755095330,True,True,[],[],/root/autodl-tmp/qvla-repro/eval/awq-baseline-shard-05-14-20260917-121652-1344,vision-w2,awq-scope-shard-vision-w2-05-14-20260917-202448-31883
7,6,583801d2f7fa2816c9b5a290cd4e954a88c7b5a43f9bc4c7735ba26633f7997d,34433123,1197697093,True,True,[],[],/root/autodl-tmp/qvla-repro/eval/awq-baseline-shard-05-14-20260917-121652-1344,vision-w2,awq-scope-shard-vision-w2-05-14-20260917-202448-31883
7,7,7a2ae9fdc7b6512f45182c6c1eb0605cfc023075e306c0c5909078fe235db309,370948222,1111197035,True,True,[],[],/root/autodl-tmp/qvla-repro/eval/awq-baseline-shard-05-14-20260917-121652-1344,vision-w2,awq-scope-shard-vision-w2-05-14-20260917-202448-31883
7,8,ab1daae4e2f98cfe102420e3659a5e9b27643619d8637f8985b729db38be5b54,2440714535,3113684588,True,False,[],[],/root/autodl-tmp/qvla-repro/eval/awq-baseline-shard-05-14-20260917-121652-1344,vision-w2,awq-scope-shard-vision-w2-05-14-20260917-202448-31883
7,9,546f905e8563676df7f13cf4071337c8e75b41ba50d997ad1732d0d666be50f5,115094259,25912323,True,True,[],[],/root/autodl-tmp/qvla-repro/eval/awq-baseline-shard-05-14-20260917-121652-1344,vision-w2,awq-scope-shard-vision-w2-05-14-20260917-202448-31883
7,10,134b79de0703478113dd0dcff51a78fc95723a65f5bc0ace2fea3a4b429706ce,3723604219,474105403,False,True,[],[],/root/autodl-tmp/qvla-repro/eval/awq-baseline-shard-05-14-20260917-121652-1344,vision-w2,awq-scope-shard-vision-w2-05-14-20260917-202448-31883
7,11,86e1a1699c62958a3e3fe25e7f8a598cd67698b05f68e4c44d5ccfe3a34d2415,2937720409,2739635432,True,True,[],[],/root/autodl-tmp/qvla-repro/eval/awq-baseline-shard-05-14-20260917-121652-1344,vision-w2,awq-scope-shard-vision-w2-05-14-20260917-202448-31883
7,12,da8243989fd7207ad4188c0b95665984656070c8d5f5c8fe7450de83d3db9467,4106591835,48631512,True,True,[],[],/root/autodl-tmp/qvla-repro/eval/awq-baseline-shard-05-14-20260917-121652-1344,vision-w2,awq-scope-shard-vision-w2-05-14-20260917-202448-31883
7,13,97cdc22f59d8f3ca1195ffe3005c257478fa743b2edc7427950718b01381a7ae,3838608503,1578249781,False,True,[],[],/root/autodl-tmp/qvla-repro/eval/awq-baseline-shard-05-14-20260917-121652-1344,vision-w2,awq-scope-shard-vision-w2-05-14-20260917-202448-31883
7,14,ab04f435365a442c36f1fcfaf55412b385fb16192a1abca51fc22276b8f81f71,1939103098,4224321642,True,False,[],[],/root/autodl-tmp/qvla-repro/eval/awq-baseline-shard-05-14-20260917-121652-1344,vision-w2,awq-scope-shard-vision-w2-05-14-20260917-202448-31883
8,5,6b4f91c1a15155e7f0a6ce3085bea10bef88c0cb5fa46526cf7115c56ca930e4,1579726468,1238714754,True,True,[],[],/root/autodl-tmp/qvla-repro/eval/awq-baseline-shard-05-14-20260917-121652-1344,vision-w2,awq-scope-shard-vision-w2-05-14-20260917-202448-31883
8,6,e6c8b330e200dfac047d69461946edfa16c7526af280af94e5f035ca3f04a88e,3920860468,311933947,True,True,[],[],/root/autodl-tmp/qvla-repro/eval/awq-baseline-shard-05-14-20260917-121652-1344,vision-w2,awq-scope-shard-vision-w2-05-14-20260917-202448-31883
8,7,b0c0e39e2152058d077abf5025369e5183dc4b393291a638d59a529c54de2a63,1872252116,1895236238,True,True,[],[],/root/autodl-tmp/qvla-repro/eval/awq-baseline-shard-05-14-20260917-121652-1344,vision-w2,awq-scope-shard-vision-w2-05-14-20260917-202448-31883
8,8,5cdf91438b981a12625fd10436771752a3d3a34bc99b3865800876064d71f6ac,3022301049,125097745,True,True,[],[],/root/autodl-tmp/qvla-repro/eval/awq-baseline-shard-05-14-20260917-121652-1344,vision-w2,awq-scope-shard-vision-w2-05-14-20260917-202448-31883
8,9,caf2ae97e43664e04a6534a50c176db42a116e6ccc6c963a6646f725ac07545e,2590999359,1723525530,True,True,[],[],/root/autodl-tmp/qvla-repro/eval/awq-baseline-shard-05-14-20260917-121652-1344,vision-w2,awq-scope-shard-vision-w2-05-14-20260917-202448-31883
8,10,e6f05a53e5845b0332df031c9505cd9fbe0ab7eb64c29fb9da4952f28044148c,3256588049,3333673379,True,True,[],[],/root/autodl-tmp/qvla-repro/eval/awq-baseline-shard-05-14-20260917-121652-1344,vision-w2,awq-scope-shard-vision-w2-05-14-20260917-202448-31883
8,11,a4bd8a6e1ff1837fb1e9464878301e0bb49cc600be2e261e5a749dcd572bb4aa,2671992869,1254250806,True,True,[],[],/root/autodl-tmp/qvla-repro/eval/awq-baseline-shard-05-14-20260917-121652-1344,vision-w2,awq-scope-shard-vision-w2-05-14-20260917-202448-31883
8,12,22d3ac1a1c779c4a9f8249421bbe58f887c47cb7f7dd8302409066bf3074f628,3777975822,1834286833,True,True,[],[],/root/autodl-tmp/qvla-repro/eval/awq-baseline-shard-05-14-20260917-121652-1344,vision-w2,awq-scope-shard-vision-w2-05-14-20260917-202448-31883
8,13,2398199a160896a8388fc8bf236829b9b45f4b05af5c9fc4b30d1fcdbfc46b20,1911258691,593177407,True,True,[],[],/root/autodl-tmp/qvla-repro/eval/awq-baseline-shard-05-14-20260917-121652-1344,vision-w2,awq-scope-shard-vision-w2-05-14-20260917-202448-31883
8,14,249d796cf13fea915ea0930c2cb94f5a4cccc0341be5758ea6cc64bf136936a0,3778379061,3327769094,True,True,[],[],/root/autodl-tmp/qvla-repro/eval/awq-baseline-shard-05-14-20260917-121652-1344,vision-w2,awq-scope-shard-vision-w2-05-14-20260917-202448-31883
9,5,3696f68817ba2c2ce9da0453042f1ba257245c07b7a4a814be58e0903b20efcf,3542413795,3119629661,True,True,[],[],/root/autodl-tmp/qvla-repro/eval/awq-baseline-shard-05-14-20260917-121652-1344,vision-w2,awq-scope-shard-vision-w2-05-14-20260917-202448-31883
9,6,54598c38c111468114f1ba90bd651ea406747053136212c6e48a29dcecc1d89d,2956024805,1550231648,True,True,[],[],/root/autodl-tmp/qvla-repro/eval/awq-baseline-shard-05-14-20260917-121652-1344,vision-w2,awq-scope-shard-vision-w2-05-14-20260917-202448-31883
9,7,f4e929cfbc734ce820906169165ff4cd18d641e944a183f686943303751b9fd6,4195687758,1076517777,True,True,[],[],/root/autodl-tmp/qvla-repro/eval/awq-baseline-shard-05-14-20260917-121652-1344,vision-w2,awq-scope-shard-vision-w2-05-14-20260917-202448-31883
9,8,b1ed9a6a0930dfb10e2a1e103608cb68bae0f2bff2cf89ed283a6ebe00c28f96,2395291537,1161406313,True,True,[],[],/root/autodl-tmp/qvla-repro/eval/awq-baseline-shard-05-14-20260917-121652-1344,vision-w2,awq-scope-shard-vision-w2-05-14-20260917-202448-31883
9,9,1798c4b6a1487a8d4cbe773e8c4ac1be5ac48439f0c3df53adc5cf84f757cc1f,2955358067,2676125635,True,True,[],[],/root/autodl-tmp/qvla-repro/eval/awq-baseline-shard-05-14-20260917-121652-1344,vision-w2,awq-scope-shard-vision-w2-05-14-20260917-202448-31883
9,10,40079500b684bdfbb3f25d84d83bfe317f80795775b599d07f1cc36aea830616,2728615080,3929609263,True,True,[],[],/root/autodl-tmp/qvla-repro/eval/awq-baseline-shard-05-14-20260917-121652-1344,vision-w2,awq-scope-shard-vision-w2-05-14-20260917-202448-31883
9,11,f65cf8d853b7dde7059cf39b95312ddcb8a7348644a4ab69349cc52091c8cf08,3640358633,2915452792,True,True,[],[],/root/autodl-tmp/qvla-repro/eval/awq-baseline-shard-05-14-20260917-121652-1344,vision-w2,awq-scope-shard-vision-w2-05-14-20260917-202448-31883
9,12,13ce745b9607f6b8d98864b6ac40c2d526fd7ddd64cd912a00dfacc4214b28b0,2036743087,2831503876,True,True,[],[],/root/autodl-tmp/qvla-repro/eval/awq-baseline-shard-05-14-20260917-121652-1344,vision-w2,awq-scope-shard-vision-w2-05-14-20260917-202448-31883
9,13,ed9093014c75f523152e1e046dce0f928a134b4a56288ebd3979ac38e1034bca,3537217315,719444467,False,True,[],[],/root/autodl-tmp/qvla-repro/eval/awq-baseline-shard-05-14-20260917-121652-1344,vision-w2,awq-scope-shard-vision-w2-05-14-20260917-202448-31883
9,14,ea57df2d58f867c189b2f0bd2b5eac2e2402ada4f3082dd0233f33d5109c23dc,1216034687,3107928531,True,True,[],[],/root/autodl-tmp/qvla-repro/eval/awq-baseline-shard-05-14-20260917-121652-1344,vision-w2,awq-scope-shard-vision-w2-05-14-20260917-202448-31883
0,15,51f7d2ae92042fec16a54dd5cd6823eac63f9c096a04bae00a5ec737d8db2cd8,3807370148,1683549054,True,True,[],[],/root/autodl-tmp/qvla-repro/eval/awq-baseline-shard-15-24-20260917-125221-12241,vision-w2,awq-scope-shard-vision-w2-15-24-20260917-214554-50802
0,16,db2c9ab25c6b23526efa6be860e4bd8330fab9a84131628f2dea6fe4062f993d,4022819875,4202172176,True,True,[],[],/root/autodl-tmp/qvla-repro/eval/awq-baseline-shard-15-24-20260917-125221-12241,vision-w2,awq-scope-shard-vision-w2-15-24-20260917-214554-50802
0,17,cf9d2825f843308d0880ee0d5e3099a43ae2395e616351f6bae4c046dd50198a,1824987577,2090749949,True,True,[],[],/root/autodl-tmp/qvla-repro/eval/awq-baseline-shard-15-24-20260917-125221-12241,vision-w2,awq-scope-shard-vision-w2-15-24-20260917-214554-50802
0,18,1f130e9178c4924cf8d24e175c2f0573a5e089299ddf6984b71265abf65bd4e0,3109138317,2662597911,True,True,[],[],/root/autodl-tmp/qvla-repro/eval/awq-baseline-shard-15-24-20260917-125221-12241,vision-w2,awq-scope-shard-vision-w2-15-24-20260917-214554-50802
0,19,18f349fb4d8b52566befcd2a80723d533717d8dd5dada90ecd7721d512b65e32,2334791775,3267390290,True,True,[],[],/root/autodl-tmp/qvla-repro/eval/awq-baseline-shard-15-24-20260917-125221-12241,vision-w2,awq-scope-shard-vision-w2-15-24-20260917-214554-50802
0,20,79a03d1a76b0b6beb5e3ac797dc63dcd4f8deda96cc70100fd352bf02b8b62b1,2314666808,3857939239,True,True,[],[],/root/autodl-tmp/qvla-repro/eval/awq-baseline-shard-15-24-20260917-125221-12241,vision-w2,awq-scope-shard-vision-w2-15-24-20260917-214554-50802
0,21,05b91b73c5da09660bb91c279b9ed5a13be98f07fdf979ecda0ec92640d9e331,4021272041,108709149,True,True,[],[],/root/autodl-tmp/qvla-repro/eval/awq-baseline-shard-15-24-20260917-125221-12241,vision-w2,awq-scope-shard-vision-w2-15-24-20260917-214554-50802
0,22,e7a1daaec3d35b65f3dbc4b7b981500c8247a321d3c1fea60f245589d7fcc345,2723145541,3317668814,True,True,[],[],/root/autodl-tmp/qvla-repro/eval/awq-baseline-shard-15-24-20260917-125221-12241,vision-w2,awq-scope-shard-vision-w2-15-24-20260917-214554-50802
0,23,79cdb8ea384ce01c24d656b80a89d1dff625fc8259e77b68d4e206df1c397939,2167003792,2106207045,True,True,[],[],/root/autodl-tmp/qvla-repro/eval/awq-baseline-shard-15-24-20260917-125221-12241,vision-w2,awq-scope-shard-vision-w2-15-24-20260917-214554-50802
0,24,58fff4a2c49c751e36ac3b459a980c981c8eee95ff4bf8b51fa3f778d8caf6c5,2648567554,3014012616,True,True,[],[],/root/autodl-tmp/qvla-repro/eval/awq-baseline-shard-15-24-20260917-125221-12241,vision-w2,awq-scope-shard-vision-w2-15-24-20260917-214554-50802
1,15,e066d2a2b83106d42b1ebba4879b77a4206fe243c2722620df89ddf2724112be,543885494,4187981846,True,True,[],[],/root/autodl-tmp/qvla-repro/eval/awq-baseline-shard-15-24-20260917-125221-12241,vision-w2,awq-scope-shard-vision-w2-15-24-20260917-214554-50802
1,16,4f194fc2e167205fe0cb404ac38fc61d19637e9a22a914c4a59950813501bc4f,4207872516,101600424,True,True,[],[],/root/autodl-tmp/qvla-repro/eval/awq-baseline-shard-15-24-20260917-125221-12241,vision-w2,awq-scope-shard-vision-w2-15-24-20260917-214554-50802
1,17,d7e0d413dd7853419fb3d2c740087d47828487f25b21b485447376ebaf1946ee,2167843117,1760898638,True,True,[],[],/root/autodl-tmp/qvla-repro/eval/awq-baseline-shard-15-24-20260917-125221-12241,vision-w2,awq-scope-shard-vision-w2-15-24-20260917-214554-50802
1,18,b7a22aa591d638c864be3019d088fec8a4fd1460d74098f0ead3193c5bed40c6,3871709862,3382291826,True,True,[],[],/root/autodl-tmp/qvla-repro/eval/awq-baseline-shard-15-24-20260917-125221-12241,vision-w2,awq-scope-shard-vision-w2-15-24-20260917-214554-50802
1,19,7ed62144c063138af691f12437505b3fe5200d7e464743f57ae599fe238e6fcc,1820116093,2704222166,True,False,[],[],/root/autodl-tmp/qvla-repro/eval/awq-baseline-shard-15-24-20260917-125221-12241,vision-w2,awq-scope-shard-vision-w2-15-24-20260917-214554-50802
1,20,aef97da3ecaba0f853f56a30e620566abeb607173e7ed1c51b969771f193e427,125433153,175693112,True,False,[],[],/root/autodl-tmp/qvla-repro/eval/awq-baseline-shard-15-24-20260917-125221-12241,vision-w2,awq-scope-shard-vision-w2-15-24-20260917-214554-50802
1,21,204f240ceac0e1d55281d9f5760d5810f02fe9bf2db5c259a4cdd3b0d696ae07,900983934,2570175446,True,True,[],[],/root/autodl-tmp/qvla-repro/eval/awq-baseline-shard-15-24-20260917-125221-12241,vision-w2,awq-scope-shard-vision-w2-15-24-20260917-214554-50802
1,22,f7b5b53bda496b303d061d6235521c331ea773edddeae4915ab9e515d1d9a946,4203624039,1337176195,True,False,[],[],/root/autodl-tmp/qvla-repro/eval/awq-baseline-shard-15-24-20260917-125221-12241,vision-w2,awq-scope-shard-vision-w2-15-24-20260917-214554-50802
1,23,9204c3a8b891069e31537d63dcd72e2a7607111c73cf8a4f038495e4b6d5cbfa,1376077132,382995625,True,True,[],[],/root/autodl-tmp/qvla-repro/eval/awq-baseline-shard-15-24-20260917-125221-12241,vision-w2,awq-scope-shard-vision-w2-15-24-20260917-214554-50802
1,24,d5457abae771c1553985928c9e7d8f29295a6d3e391efb9be37ab94de1c03651,4070818733,3055386128,True,True,[],[],/root/autodl-tmp/qvla-repro/eval/awq-baseline-shard-15-24-20260917-125221-12241,vision-w2,awq-scope-shard-vision-w2-15-24-20260917-214554-50802
2,15,45770514fe0b8e43809603f66532b15c29966b8bd10e974ac4934a32bcc2c94d,3046509409,1569098190,True,True,[],[],/root/autodl-tmp/qvla-repro/eval/awq-baseline-shard-15-24-20260917-125221-12241,vision-w2,awq-scope-shard-vision-w2-15-24-20260917-214554-50802
2,16,048497d9ac994d7efd126ba1cb5794d350e266ab578ecba687fb31b9d529984e,1083217717,3448983821,True,True,[],[],/root/autodl-tmp/qvla-repro/eval/awq-baseline-shard-15-24-20260917-125221-12241,vision-w2,awq-scope-shard-vision-w2-15-24-20260917-214554-50802
2,17,d3c93a325a74c6fb997498769e0608ac9e40c83950ded8f9dfdf6eb0e187f4ed,2682498644,152219977,True,True,[],[],/root/autodl-tmp/qvla-repro/eval/awq-baseline-shard-15-24-20260917-125221-12241,vision-w2,awq-scope-shard-vision-w2-15-24-20260917-214554-50802
2,18,c36f01f74b686f82c83b3ea55dcb018a741cfefe09b6d120ae227c9c21faf2ff,178345693,2631818856,True,True,[],[],/root/autodl-tmp/qvla-repro/eval/awq-baseline-shard-15-24-20260917-125221-12241,vision-w2,awq-scope-shard-vision-w2-15-24-20260917-214554-50802
2,19,8b4a7bfbf0fff7d6bf560b38e4cf156bf967a1ee574e0e8b90944781ca52c664,1347478484,1413599330,True,True,[],[],/root/autodl-tmp/qvla-repro/eval/awq-baseline-shard-15-24-20260917-125221-12241,vision-w2,awq-scope-shard-vision-w2-15-24-20260917-214554-50802
2,20,86c32e500c2d681050de51b451bf325b3c8abbefc58b02fc198edea233d4458c,2848030071,3549346256,True,True,[],[],/root/autodl-tmp/qvla-repro/eval/awq-baseline-shard-15-24-20260917-125221-12241,vision-w2,awq-scope-shard-vision-w2-15-24-20260917-214554-50802
2,21,42f7d963fbe9577ac9acd3193a0079e75915573d0a52a13ae5308d594ab2c398,2923225422,3330881757,True,True,[],[],/root/autodl-tmp/qvla-repro/eval/awq-baseline-shard-15-24-20260917-125221-12241,vision-w2,awq-scope-shard-vision-w2-15-24-20260917-214554-50802
2,22,0e39b547c3c98c40b90b7edc9f466ee2e05beceba75f60cba0ced4f3af6cc3bb,153838975,1223014189,True,True,[],[],/root/autodl-tmp/qvla-repro/eval/awq-baseline-shard-15-24-20260917-125221-12241,vision-w2,awq-scope-shard-vision-w2-15-24-20260917-214554-50802
2,23,851c8e19199bcf8e98e54b540bac566c6e151dad452b8db80428591474e76851,1840263269,176109981,True,True,[],[],/root/autodl-tmp/qvla-repro/eval/awq-baseline-shard-15-24-20260917-125221-12241,vision-w2,awq-scope-shard-vision-w2-15-24-20260917-214554-50802
2,24,18a6352b98f5b15f80b7104e38d8409d29a30b7662b378404ebadecc4e6dc256,2943093867,3545906471,True,True,[],[],/root/autodl-tmp/qvla-repro/eval/awq-baseline-shard-15-24-20260917-125221-12241,vision-w2,awq-scope-shard-vision-w2-15-24-20260917-214554-50802
3,15,52361b17e964ee6de88d5cacda510e638cf084542ea78d76c70a5d395726abd5,37896630,3338659295,True,True,[],[],/root/autodl-tmp/qvla-repro/eval/awq-baseline-shard-15-24-20260917-125221-12241,vision-w2,awq-scope-shard-vision-w2-15-24-20260917-214554-50802
3,16,423931bf6a388befaa73aee6d7505d928643429025cfd78629d28fd20fd85227,4215148904,2389088309,True,True,[],[],/root/autodl-tmp/qvla-repro/eval/awq-baseline-shard-15-24-20260917-125221-12241,vision-w2,awq-scope-shard-vision-w2-15-24-20260917-214554-50802
3,17,afbd7079d975f031f72f9f86d4f9b0546bb5aba956165e546a303aca82f6b006,2788686702,483432697,True,True,[],[],/root/autodl-tmp/qvla-repro/eval/awq-baseline-shard-15-24-20260917-125221-12241,vision-w2,awq-scope-shard-vision-w2-15-24-20260917-214554-50802
3,18,f8f9fc0451830fc655416dddfbe161dd478fe1024e89da2515d3f11d5e324d58,857807918,561897185,True,True,[],[],/root/autodl-tmp/qvla-repro/eval/awq-baseline-shard-15-24-20260917-125221-12241,vision-w2,awq-scope-shard-vision-w2-15-24-20260917-214554-50802
3,19,506d45d3efe3f6738675330af8d19d16069ff0ddf8470ffad2306e592c3b48ed,1368153207,3083610471,True,True,[],[],/root/autodl-tmp/qvla-repro/eval/awq-baseline-shard-15-24-20260917-125221-12241,vision-w2,awq-scope-shard-vision-w2-15-24-20260917-214554-50802
3,20,f23e83808a0fc8511f8360b41b764ceb71492223a8f646094087ed6a6241b6e5,2587966869,3228636619,True,True,[],[],/root/autodl-tmp/qvla-repro/eval/awq-baseline-shard-15-24-20260917-125221-12241,vision-w2,awq-scope-shard-vision-w2-15-24-20260917-214554-50802
3,21,5a225f422e1c897f0f3cc086530d18bf555b87916b9dc53511982099a452baa1,2143382431,2132391892,True,True,[],[],/root/autodl-tmp/qvla-repro/eval/awq-baseline-shard-15-24-20260917-125221-12241,vision-w2,awq-scope-shard-vision-w2-15-24-20260917-214554-50802
3,22,23cbe8d139063c7a402eebde0cec2e486ccb8cefd6ba08b0dc1fa55917ba79c0,3900826560,404979242,True,True,[],[],/root/autodl-tmp/qvla-repro/eval/awq-baseline-shard-15-24-20260917-125221-12241,vision-w2,awq-scope-shard-vision-w2-15-24-20260917-214554-50802
3,23,fa88150e97cd146fb482f33b8d99e6245ce3aa11a19719053a2de455235dc62d,27036578,2656395681,True,True,[],[],/root/autodl-tmp/qvla-repro/eval/awq-baseline-shard-15-24-20260917-125221-12241,vision-w2,awq-scope-shard-vision-w2-15-24-20260917-214554-50802
3,24,8f2f7a03f736dbd1696f28b14a1f1ab8e06fef15a4be7ae925d975605c086b68,3820890312,1353353388,True,True,[],[],/root/autodl-tmp/qvla-repro/eval/awq-baseline-shard-15-24-20260917-125221-12241,vision-w2,awq-scope-shard-vision-w2-15-24-20260917-214554-50802
4,15,cb5e701ddd05a14b73dade2a434b1ce1bd338ce61091f2e5c21eef2af3c91ce2,3913061369,592266451,True,True,[],[],/root/autodl-tmp/qvla-repro/eval/awq-baseline-shard-15-24-20260917-125221-12241,vision-w2,awq-scope-shard-vision-w2-15-24-20260917-214554-50802
4,16,2fd6bf6a9d7196b0c22521e814d89983b55b5ee584b68a3de0ca6ff4659cfaba,2608786554,174463350,True,True,[],[],/root/autodl-tmp/qvla-repro/eval/awq-baseline-shard-15-24-20260917-125221-12241,vision-w2,awq-scope-shard-vision-w2-15-24-20260917-214554-50802
4,17,f5d465f187549523ee7aaedba70bf6427cc717feb1cdc5beffdb576b406b6ead,2666651633,952382972,True,True,[],[],/root/autodl-tmp/qvla-repro/eval/awq-baseline-shard-15-24-20260917-125221-12241,vision-w2,awq-scope-shard-vision-w2-15-24-20260917-214554-50802
4,18,aa414e9c1b365ba49f5754f04a6d22fe76579e537cc0532defd2b143c8162449,4232163839,597217658,True,True,[],[],/root/autodl-tmp/qvla-repro/eval/awq-baseline-shard-15-24-20260917-125221-12241,vision-w2,awq-scope-shard-vision-w2-15-24-20260917-214554-50802
4,19,c3c1ec2925956850aa3e3a52f63f7b6887c58e2e6cd4900bb07100abe491a044,2353055044,1378792430,True,True,[],[],/root/autodl-tmp/qvla-repro/eval/awq-baseline-shard-15-24-20260917-125221-12241,vision-w2,awq-scope-shard-vision-w2-15-24-20260917-214554-50802
4,20,ab224edee886b131234e99a0f368026164c95d0cf66b86e2b8e5d57f4752fd0c,1670908685,920887174,True,True,[],[],/root/autodl-tmp/qvla-repro/eval/awq-baseline-shard-15-24-20260917-125221-12241,vision-w2,awq-scope-shard-vision-w2-15-24-20260917-214554-50802
4,21,a1cf613529a200d3bb91c110552437fd8ca22808593bf4ac3474e3c045b972f9,1335719344,3430711781,True,True,[],[],/root/autodl-tmp/qvla-repro/eval/awq-baseline-shard-15-24-20260917-125221-12241,vision-w2,awq-scope-shard-vision-w2-15-24-20260917-214554-50802
4,22,186efc26523a1312fad0cace8e20b362c572b5ea898249e5414147fe57593fe7,3568216841,2566227889,True,True,[],[],/root/autodl-tmp/qvla-repro/eval/awq-baseline-shard-15-24-20260917-125221-12241,vision-w2,awq-scope-shard-vision-w2-15-24-20260917-214554-50802
4,23,a908a6adf34b19db8ca2aadf44af35f23b19800ecc295882d55df41d51b3b9a0,1283900926,1610053798,True,True,[],[],/root/autodl-tmp/qvla-repro/eval/awq-baseline-shard-15-24-20260917-125221-12241,vision-w2,awq-scope-shard-vision-w2-15-24-20260917-214554-50802
4,24,beaa5adbb4f8eb5f1f7ac237eeffd5d8080fbf29ccefdd280b3a85edb7ebb4a8,2088329899,4102214031,True,True,[],[],/root/autodl-tmp/qvla-repro/eval/awq-baseline-shard-15-24-20260917-125221-12241,vision-w2,awq-scope-shard-vision-w2-15-24-20260917-214554-50802
5,15,a4deab6566eeb86430ab9f1e5f4f8167ab666fecaf318188b9ce5f5d15999921,1559526597,3020995234,True,True,[],[],/root/autodl-tmp/qvla-repro/eval/awq-baseline-shard-15-24-20260917-125221-12241,vision-w2,awq-scope-shard-vision-w2-15-24-20260917-214554-50802
5,16,7230223d3b36c289be0dc4cfbfe916bfe65e2b20c4755b123504b97f9db19e76,571957621,348540942,False,True,[],[],/root/autodl-tmp/qvla-repro/eval/awq-baseline-shard-15-24-20260917-125221-12241,vision-w2,awq-scope-shard-vision-w2-15-24-20260917-214554-50802
5,17,6fd8ad771d6691f57d4512a8036552c7b7f13cc92730d96e1fe04cf10f19f622,359235110,2006356597,True,True,[],[],/root/autodl-tmp/qvla-repro/eval/awq-baseline-shard-15-24-20260917-125221-12241,vision-w2,awq-scope-shard-vision-w2-15-24-20260917-214554-50802
5,18,bae20d83cc8f5698c74606627590ca7a468ddfcefb40d2b14e88f856ead59dac,133738021,1929182354,True,True,[],[],/root/autodl-tmp/qvla-repro/eval/awq-baseline-shard-15-24-20260917-125221-12241,vision-w2,awq-scope-shard-vision-w2-15-24-20260917-214554-50802
5,19,abdc5421f4dbbe198b856e56c8808bb94de1984fbc206990666daac8c48b94f9,4203872880,1473662895,True,True,[],[],/root/autodl-tmp/qvla-repro/eval/awq-baseline-shard-15-24-20260917-125221-12241,vision-w2,awq-scope-shard-vision-w2-15-24-20260917-214554-50802
5,20,7a3297ec1b170ec45b15af3de0e9ea7980bc479cc017842d7e5d66b3362b2134,1213222342,19764613,True,True,[],[],/root/autodl-tmp/qvla-repro/eval/awq-baseline-shard-15-24-20260917-125221-12241,vision-w2,awq-scope-shard-vision-w2-15-24-20260917-214554-50802
5,21,87f12a540d751c063931039d6c667170d2175b401711b1dafd44f04a4cce37fb,2794476500,2462779054,True,False,[],[],/root/autodl-tmp/qvla-repro/eval/awq-baseline-shard-15-24-20260917-125221-12241,vision-w2,awq-scope-shard-vision-w2-15-24-20260917-214554-50802
5,22,ee8e4157331954c562a92ace1d7af51fb0099876a4eaa5ff8926374864c8164f,3630998236,3667193238,False,False,[],[],/root/autodl-tmp/qvla-repro/eval/awq-baseline-shard-15-24-20260917-125221-12241,vision-w2,awq-scope-shard-vision-w2-15-24-20260917-214554-50802
5,23,bbef69f5116f7dfa488cfd39df356f328a5ba440318fcbbaf9e3ae64a27fe76f,2128370540,1405764916,True,False,[],[],/root/autodl-tmp/qvla-repro/eval/awq-baseline-shard-15-24-20260917-125221-12241,vision-w2,awq-scope-shard-vision-w2-15-24-20260917-214554-50802
5,24,8999f5cec79ff0e9ea8952dd394f2d21a9f8b9f2243f389090d970761ba500ce,482868109,3350552169,True,True,[],[],/root/autodl-tmp/qvla-repro/eval/awq-baseline-shard-15-24-20260917-125221-12241,vision-w2,awq-scope-shard-vision-w2-15-24-20260917-214554-50802
6,15,5ac177ae8b3d5faae0f96018f1a10c896aa28c50cf164f892a63ace956e84d67,1779348709,1695376014,True,True,[],[],/root/autodl-tmp/qvla-repro/eval/awq-baseline-shard-15-24-20260917-125221-12241,vision-w2,awq-scope-shard-vision-w2-15-24-20260917-214554-50802
6,16,2d63eeddc4973f63b27ea3eedb94aeb27091ca0ffca689f19f33f469304ff547,2192902544,387923774,True,True,[],[],/root/autodl-tmp/qvla-repro/eval/awq-baseline-shard-15-24-20260917-125221-12241,vision-w2,awq-scope-shard-vision-w2-15-24-20260917-214554-50802
6,17,cc6c84732e3358311f9cfb008badb2e680c95edae0258090dc72ca95c7ecc6d8,140198152,1763420194,True,True,[],[],/root/autodl-tmp/qvla-repro/eval/awq-baseline-shard-15-24-20260917-125221-12241,vision-w2,awq-scope-shard-vision-w2-15-24-20260917-214554-50802
6,18,cd32e37a9f4452ae643216373cd731097bb26b2de5b4179c598f449dffe7883c,1004619153,3577260325,True,True,[],[],/root/autodl-tmp/qvla-repro/eval/awq-baseline-shard-15-24-20260917-125221-12241,vision-w2,awq-scope-shard-vision-w2-15-24-20260917-214554-50802
6,19,83c492e3e060153644099b67cfed0ea3ba076f44b5c1d483cbe93efe90266de7,2594496890,3289218336,True,True,[],[],/root/autodl-tmp/qvla-repro/eval/awq-baseline-shard-15-24-20260917-125221-12241,vision-w2,awq-scope-shard-vision-w2-15-24-20260917-214554-50802
6,20,23c3cb4dbeceecf92d8d82905228c346e4b0ce5fad6d11f08a0686fb85522a13,4065589618,1008085084,True,True,[],[],/root/autodl-tmp/qvla-repro/eval/awq-baseline-shard-15-24-20260917-125221-12241,vision-w2,awq-scope-shard-vision-w2-15-24-20260917-214554-50802
6,21,37374a758b8fe00057b18c282c0e94194cec7b1a2bc416563b17b5bb65f390dc,599463303,3891077391,True,True,[],[],/root/autodl-tmp/qvla-repro/eval/awq-baseline-shard-15-24-20260917-125221-12241,vision-w2,awq-scope-shard-vision-w2-15-24-20260917-214554-50802
6,22,9394427a6abc248436e265d430b257d6d6a812904e6cf5101d21a90694a3f052,4257906431,4264307511,True,True,[],[],/root/autodl-tmp/qvla-repro/eval/awq-baseline-shard-15-24-20260917-125221-12241,vision-w2,awq-scope-shard-vision-w2-15-24-20260917-214554-50802
6,23,fea11f92c738a7c7314fd30344e0b8232d2e12c218a1864a26d47c6b81f16dc4,1793467699,2501495080,True,True,[],[],/root/autodl-tmp/qvla-repro/eval/awq-baseline-shard-15-24-20260917-125221-12241,vision-w2,awq-scope-shard-vision-w2-15-24-20260917-214554-50802
6,24,0e049e58bca8daf06ea4d88e13b2c2733c2c4444894717ecba36cfa5d1fa0d12,448094624,458125798,True,True,[],[],/root/autodl-tmp/qvla-repro/eval/awq-baseline-shard-15-24-20260917-125221-12241,vision-w2,awq-scope-shard-vision-w2-15-24-20260917-214554-50802
7,15,c2d397c97dff15be672ebc121b0bf6a49522c58cc15164b688b81dcf1f53486c,2069251692,1607189153,True,True,[],[],/root/autodl-tmp/qvla-repro/eval/awq-baseline-shard-15-24-20260917-125221-12241,vision-w2,awq-scope-shard-vision-w2-15-24-20260917-214554-50802
7,16,7ca0656515f25ac924542e0f9fdc1de90bd8f52c93368dde245b0d8d902b7b1f,2424370288,2378730282,True,True,[],[],/root/autodl-tmp/qvla-repro/eval/awq-baseline-shard-15-24-20260917-125221-12241,vision-w2,awq-scope-shard-vision-w2-15-24-20260917-214554-50802
7,17,dfefa2e8fbfa660e7ad3f9fe8abfc5f0334de73d23101a02f4832a3e88b399f7,2396518492,2617456485,True,True,[],[],/root/autodl-tmp/qvla-repro/eval/awq-baseline-shard-15-24-20260917-125221-12241,vision-w2,awq-scope-shard-vision-w2-15-24-20260917-214554-50802
7,18,a8adffa84c6ca0334dbd7c5f04255f37049725d84d1fff85bffd76f24e22a98c,2696294697,3907992634,True,True,[],[],/root/autodl-tmp/qvla-repro/eval/awq-baseline-shard-15-24-20260917-125221-12241,vision-w2,awq-scope-shard-vision-w2-15-24-20260917-214554-50802
7,19,33513be059126ac134cdc4bc4e77077909122fc4e90b908bf8e9f3a149568415,908971156,312003604,True,True,[],[],/root/autodl-tmp/qvla-repro/eval/awq-baseline-shard-15-24-20260917-125221-12241,vision-w2,awq-scope-shard-vision-w2-15-24-20260917-214554-50802
7,20,5d4ab17c105939d8824d816e38358ac58c80cf8a6ba520dca725e9597fb18007,2322073522,3181967237,True,False,[],[],/root/autodl-tmp/qvla-repro/eval/awq-baseline-shard-15-24-20260917-125221-12241,vision-w2,awq-scope-shard-vision-w2-15-24-20260917-214554-50802
7,21,5c480ba571a4ea4d1d62571f012b7745817d0533c86b2c1ebbbec5c2cd6e5a64,3109435903,746991484,True,False,[],[],/root/autodl-tmp/qvla-repro/eval/awq-baseline-shard-15-24-20260917-125221-12241,vision-w2,awq-scope-shard-vision-w2-15-24-20260917-214554-50802
7,22,82319d1154573849ec780b17a58b14939b058ae16c67beb9957ed1dd2ffd68cb,2949563981,2510933965,True,True,[],[],/root/autodl-tmp/qvla-repro/eval/awq-baseline-shard-15-24-20260917-125221-12241,vision-w2,awq-scope-shard-vision-w2-15-24-20260917-214554-50802
7,23,384d1fd61d5ee71104cc9fa2327517a8233032c023e67954c500d8089be44c8a,3430609134,2237519504,True,True,[],[],/root/autodl-tmp/qvla-repro/eval/awq-baseline-shard-15-24-20260917-125221-12241,vision-w2,awq-scope-shard-vision-w2-15-24-20260917-214554-50802
7,24,b95bcc7b8869d8343e98e4533444d7378e1d87db67549954b12449ea0e870a30,1667478000,3330374006,True,True,[],[],/root/autodl-tmp/qvla-repro/eval/awq-baseline-shard-15-24-20260917-125221-12241,vision-w2,awq-scope-shard-vision-w2-15-24-20260917-214554-50802
8,15,837065b5d5e92195cc5f9e7b89da3cca12228766cc72f5fcff69ffbcdfd30be4,2738183301,3838899006,True,True,[],[],/root/autodl-tmp/qvla-repro/eval/awq-baseline-shard-15-24-20260917-125221-12241,vision-w2,awq-scope-shard-vision-w2-15-24-20260917-214554-50802
8,16,ba007128ac93f07dae4d1bd9c147dfe1b2793a7b934adee4666212617eccb8ff,2432764985,2538210076,True,True,[],[],/root/autodl-tmp/qvla-repro/eval/awq-baseline-shard-15-24-20260917-125221-12241,vision-w2,awq-scope-shard-vision-w2-15-24-20260917-214554-50802
8,17,be6fbfec818b29b08a928dcc4b6be90ad5a7f2d829cd41071924230c8331a735,903631136,3789555858,True,True,[],[],/root/autodl-tmp/qvla-repro/eval/awq-baseline-shard-15-24-20260917-125221-12241,vision-w2,awq-scope-shard-vision-w2-15-24-20260917-214554-50802
8,18,21e9a30cf8e0eb3cf2c39deaf2f67ab160c505d26a8a7517d7ec659243f1d114,1210240488,1768762109,True,True,[],[],/root/autodl-tmp/qvla-repro/eval/awq-baseline-shard-15-24-20260917-125221-12241,vision-w2,awq-scope-shard-vision-w2-15-24-20260917-214554-50802
8,19,d391e42a6d2629a0c03aac61e103e668843920f864dfda9e010698f465ae1805,1420650844,3907673016,True,True,[],[],/root/autodl-tmp/qvla-repro/eval/awq-baseline-shard-15-24-20260917-125221-12241,vision-w2,awq-scope-shard-vision-w2-15-24-20260917-214554-50802
8,20,47b148cb2752229f0a1533d2d00af3c37e856e444cc1bd9a05d77f221f8108a8,1460665727,405074211,True,True,[],[],/root/autodl-tmp/qvla-repro/eval/awq-baseline-shard-15-24-20260917-125221-12241,vision-w2,awq-scope-shard-vision-w2-15-24-20260917-214554-50802
8,21,d81096691fa3b69dbf5ccce36661289db9e3fdc77ba1471ea82f89751742d023,470801494,4141177550,True,True,[],[],/root/autodl-tmp/qvla-repro/eval/awq-baseline-shard-15-24-20260917-125221-12241,vision-w2,awq-scope-shard-vision-w2-15-24-20260917-214554-50802
8,22,e876b55c1fd564acbd8aa5d9753b2ac4f2cb77a222ee0d2ee3b4c4a51c8e6201,906307654,171163916,True,True,[],[],/root/autodl-tmp/qvla-repro/eval/awq-baseline-shard-15-24-20260917-125221-12241,vision-w2,awq-scope-shard-vision-w2-15-24-20260917-214554-50802
8,23,d9a409c02879424306d08896d9cfc5df4446d437190667c3bffa6f6a633e6bae,524255958,3310446970,True,True,[],[],/root/autodl-tmp/qvla-repro/eval/awq-baseline-shard-15-24-20260917-125221-12241,vision-w2,awq-scope-shard-vision-w2-15-24-20260917-214554-50802
8,24,5a3616236ad0838dca6ccf0ef19727712c1876e7c16e1030856b6dc6b3bf59c0,273502852,136373062,True,True,[],[],/root/autodl-tmp/qvla-repro/eval/awq-baseline-shard-15-24-20260917-125221-12241,vision-w2,awq-scope-shard-vision-w2-15-24-20260917-214554-50802
9,15,e5466b756c5f5583d1efe6408171fabdb6d57c076492841aaed2cf862bcb2086,3747118274,3779558617,True,True,[],[],/root/autodl-tmp/qvla-repro/eval/awq-baseline-shard-15-24-20260917-125221-12241,vision-w2,awq-scope-shard-vision-w2-15-24-20260917-214554-50802
9,16,76e2ded6c389300a73bb7cf4306348a5ccb531ed7730f54c7fef7cb704955eca,3717612147,3307202243,True,True,[],[],/root/autodl-tmp/qvla-repro/eval/awq-baseline-shard-15-24-20260917-125221-12241,vision-w2,awq-scope-shard-vision-w2-15-24-20260917-214554-50802
9,17,f6f3204e80922a4262c002a95fe878d8af31ae89305568ebdc0ab750f6ddaa50,1171711006,2626669344,True,True,[],[],/root/autodl-tmp/qvla-repro/eval/awq-baseline-shard-15-24-20260917-125221-12241,vision-w2,awq-scope-shard-vision-w2-15-24-20260917-214554-50802
9,18,0c9b215520647ce1a2fb63052acb60707a3f3a9325d0e6a6c90015e9248e180c,1553610868,1569100945,True,True,[],[],/root/autodl-tmp/qvla-repro/eval/awq-baseline-shard-15-24-20260917-125221-12241,vision-w2,awq-scope-shard-vision-w2-15-24-20260917-214554-50802
9,19,f794efb4eb6e80746d815c6544cdfd24ec8dcf58c45780ffee26adab7532c50b,3079865435,2304298750,True,True,[],[],/root/autodl-tmp/qvla-repro/eval/awq-baseline-shard-15-24-20260917-125221-12241,vision-w2,awq-scope-shard-vision-w2-15-24-20260917-214554-50802
9,20,25ac47d9a340464d54f544a9049de58edef2020ce168053c1f839275aa8305c0,2435183153,1813912078,True,True,[],[],/root/autodl-tmp/qvla-repro/eval/awq-baseline-shard-15-24-20260917-125221-12241,vision-w2,awq-scope-shard-vision-w2-15-24-20260917-214554-50802
9,21,460f4016e92ad4bb831bbdb3ed58a2cd57f80006390d07a9130b9ce9ec484490,2848406996,372355126,True,True,[],[],/root/autodl-tmp/qvla-repro/eval/awq-baseline-shard-15-24-20260917-125221-12241,vision-w2,awq-scope-shard-vision-w2-15-24-20260917-214554-50802
9,22,20984208ef7319c8e406639c4b99b3c207db600882ca52f02a31a0bfb14e87db,2247227004,3180995936,True,True,[],[],/root/autodl-tmp/qvla-repro/eval/awq-baseline-shard-15-24-20260917-125221-12241,vision-w2,awq-scope-shard-vision-w2-15-24-20260917-214554-50802
9,23,bd4a3d61ac174006d7b661eaff87c117416a8f362dc2db692e645cb62c5a8bd6,1268263828,1627128681,True,False,[],[],/root/autodl-tmp/qvla-repro/eval/awq-baseline-shard-15-24-20260917-125221-12241,vision-w2,awq-scope-shard-vision-w2-15-24-20260917-214554-50802
9,24,a17f8d750e4c1b53e6793d067837fbd8d8572628f04e50deb307ee9aa15d8c71,2125966794,149638191,True,True,[],[],/root/autodl-tmp/qvla-repro/eval/awq-baseline-shard-15-24-20260917-125221-12241,vision-w2,awq-scope-shard-vision-w2-15-24-20260917-214554-50802
0,25,270c59a4982faf1124a068e1ede6ed6a2e2c4b782d6662152853c8b37308a777,3554350326,540901330,True,True,[],[],/root/autodl-tmp/qvla-repro/eval/awq-baseline-shard-25-26-20260917-132820-22787,vision-w2,awq-scope-shard-vision-w2-25-29-20260917-220504-56292
0,26,abcb7b355a728397586ea87e3ff7a8922f27d1ce87137cbb7fad7519c1c8da0b,1482064110,764765995,True,True,[],[],/root/autodl-tmp/qvla-repro/eval/awq-baseline-shard-25-26-20260917-132820-22787,vision-w2,awq-scope-shard-vision-w2-25-29-20260917-220504-56292
0,27,87a5c5b1f34db4f44115b14420e64b69ce42fb10bdff86f6fa7d3082cea7030a,584996665,2820563259,True,True,[],[],/root/autodl-tmp/qvla-repro/eval/awq-baseline-shard-27-34-20260917-182634-1372,vision-w2,awq-scope-shard-vision-w2-25-29-20260917-220504-56292
0,28,9af4a846b8a8625eabd163110d717eb1cf99be156cae4a8ea5f8eb55b6a7b7ae,1553279041,2426614531,True,True,[],[],/root/autodl-tmp/qvla-repro/eval/awq-baseline-shard-27-34-20260917-182634-1372,vision-w2,awq-scope-shard-vision-w2-25-29-20260917-220504-56292
0,29,aee904d9b1ab6993ed2d44907c9c93aa6d66f37bc12863a849e8f1608c824304,3478293673,420639818,True,True,[],[],/root/autodl-tmp/qvla-repro/eval/awq-baseline-shard-27-34-20260917-182634-1372,vision-w2,awq-scope-shard-vision-w2-25-29-20260917-220504-56292
1,25,d39dedeb4a7a1d5f7b937db9c174463a89b5019e2b2e3fb3cc4256d2eec8f1b1,4145811711,1002750881,True,True,[],[],/root/autodl-tmp/qvla-repro/eval/awq-baseline-shard-25-26-20260917-132820-22787,vision-w2,awq-scope-shard-vision-w2-25-29-20260917-220504-56292
1,26,f71d05cda4b40bf08846f79046760d7f190ecb9d4669f439190fc099b001bbd2,498797251,1163757843,True,True,[],[],/root/autodl-tmp/qvla-repro/eval/awq-baseline-shard-25-26-20260917-132820-22787,vision-w2,awq-scope-shard-vision-w2-25-29-20260917-220504-56292
1,27,957bff2d8f541b8cba0c7c5365aa706023c2f9b09a0cd498029eaa4666328024,2719972782,2911252690,True,False,[],[],/root/autodl-tmp/qvla-repro/eval/awq-baseline-shard-27-34-20260917-182634-1372,vision-w2,awq-scope-shard-vision-w2-25-29-20260917-220504-56292
1,28,73c4de51f7a3d44d0d1ccdb2180f85923de83e1e730e34c56d73e94c53d14850,3696227378,3018376757,True,True,[],[],/root/autodl-tmp/qvla-repro/eval/awq-baseline-shard-27-34-20260917-182634-1372,vision-w2,awq-scope-shard-vision-w2-25-29-20260917-220504-56292
1,29,f12a50bbad24f97fe53ff1f8f08405b68fb52fa59a366a7273011c74c43682a8,2551401112,3846320274,True,True,[],[],/root/autodl-tmp/qvla-repro/eval/awq-baseline-shard-27-34-20260917-182634-1372,vision-w2,awq-scope-shard-vision-w2-25-29-20260917-220504-56292
2,25,5d5b2450208eba54e1581541d9ffac4be1569c97a5384845afc00b526fa2672b,3207143251,2394432905,True,True,[],[],/root/autodl-tmp/qvla-repro/eval/awq-baseline-shard-25-26-20260917-132820-22787,vision-w2,awq-scope-shard-vision-w2-25-29-20260917-220504-56292
2,26,be6662154a0d0e253ab8a4b6efdfe69cb35ce9c940b925a4de07ddf2c7c9cbf7,3757510209,708631542,True,True,[],[],/root/autodl-tmp/qvla-repro/eval/awq-baseline-shard-25-26-20260917-132820-22787,vision-w2,awq-scope-shard-vision-w2-25-29-20260917-220504-56292
2,27,854bdfcd51ad77834b2872be857a610c949dee635c402d31fb482ba8b0fcdabf,2252168369,2334082172,False,True,[],[],/root/autodl-tmp/qvla-repro/eval/awq-baseline-shard-27-34-20260917-182634-1372,vision-w2,awq-scope-shard-vision-w2-25-29-20260917-220504-56292
2,28,d342a333056d9f2b9db652157baeaa6b9c00e3d4b45ff819a1d3ead89d4c2848,1068705458,483650993,True,True,[],[],/root/autodl-tmp/qvla-repro/eval/awq-baseline-shard-27-34-20260917-182634-1372,vision-w2,awq-scope-shard-vision-w2-25-29-20260917-220504-56292
2,29,a5ab7d0571112cfb7d130ab437587f8a8e7dd26b4b9957b030b1b1a734719749,990356161,2529158065,True,True,[],[],/root/autodl-tmp/qvla-repro/eval/awq-baseline-shard-27-34-20260917-182634-1372,vision-w2,awq-scope-shard-vision-w2-25-29-20260917-220504-56292
3,25,b3cb958c8ea76d267a5d54ebe4b34c21d625f8ba184f90dc4fbe3c06aada8b2d,818075498,2032739372,True,True,[],[],/root/autodl-tmp/qvla-repro/eval/awq-baseline-shard-25-26-20260917-132820-22787,vision-w2,awq-scope-shard-vision-w2-25-29-20260917-220504-56292
3,26,3215e3983a35e04d336484f1af05ec753b0d3f58bb1c7c4a97530ed8f9773886,2101975792,474571168,True,True,[],[],/root/autodl-tmp/qvla-repro/eval/awq-baseline-shard-25-26-20260917-132820-22787,vision-w2,awq-scope-shard-vision-w2-25-29-20260917-220504-56292
3,27,eec7887f489991d9b015f2b8ef700a4646d6d1856f8c8d814f43a84f051f08a1,4169899133,2107813989,True,True,[],[],/root/autodl-tmp/qvla-repro/eval/awq-baseline-shard-27-34-20260917-182634-1372,vision-w2,awq-scope-shard-vision-w2-25-29-20260917-220504-56292
3,28,7c8bd743586f0acef34692ff70f845451d73e1eed874752fcf874a2c54a0271c,1108794834,4234614986,True,True,[],[],/root/autodl-tmp/qvla-repro/eval/awq-baseline-shard-27-34-20260917-182634-1372,vision-w2,awq-scope-shard-vision-w2-25-29-20260917-220504-56292
3,29,d1bdda12ba47e7f29beb1a6ba20b3804d2391e26dc962bc84c01bbdcf71f3a6b,2039204845,195198961,True,True,[],[],/root/autodl-tmp/qvla-repro/eval/awq-baseline-shard-27-34-20260917-182634-1372,vision-w2,awq-scope-shard-vision-w2-25-29-20260917-220504-56292
4,25,b5100aef09b3d87b2b93b58bfa06cbb5c61fda7364b64dd7efc9d70e3bfbba81,1189434570,3525991608,True,True,[],[],/root/autodl-tmp/qvla-repro/eval/awq-baseline-shard-25-26-20260917-132820-22787,vision-w2,awq-scope-shard-vision-w2-25-29-20260917-220504-56292
4,26,9fab525b2ee6351067ed27aaed745583c3c6b0cfacd1a5f8bb6dd21194a2a722,3181375758,3451782634,True,True,[],[],/root/autodl-tmp/qvla-repro/eval/awq-baseline-shard-25-26-20260917-132820-22787,vision-w2,awq-scope-shard-vision-w2-25-29-20260917-220504-56292
4,27,1c0fa0d900d58a6a0efbe318c135ae37ab90eedcf2fa24287e9666303ea0c46c,1932296949,2794282405,True,True,[],[],/root/autodl-tmp/qvla-repro/eval/awq-baseline-shard-27-34-20260917-182634-1372,vision-w2,awq-scope-shard-vision-w2-25-29-20260917-220504-56292
4,28,c5bba3de534c81d5f9a204f86e2c0a29b1be669c46019016301232383e65f0a1,3535398324,3795162274,True,True,[],[],/root/autodl-tmp/qvla-repro/eval/awq-baseline-shard-27-34-20260917-182634-1372,vision-w2,awq-scope-shard-vision-w2-25-29-20260917-220504-56292
4,29,e1d2890e5b2b1750595cbdbb0b1f2ebefee3d95af09f8d76876e753868fbd943,684213494,2622381963,True,True,[],[],/root/autodl-tmp/qvla-repro/eval/awq-baseline-shard-27-34-20260917-182634-1372,vision-w2,awq-scope-shard-vision-w2-25-29-20260917-220504-56292
5,25,d8d91e52f2e9ca98ebb9fd1b3b7978404fb3bdfad0308e35a45cfa59808e184b,226649746,2757785066,True,True,[],[],/root/autodl-tmp/qvla-repro/eval/awq-baseline-shard-25-26-20260917-132820-22787,vision-w2,awq-scope-shard-vision-w2-25-29-20260917-220504-56292
5,26,641c9a051b6e04f34c64fbdfa8f3a9f26f1a88d2f0bd175c75f9e0065ae40258,3415934877,3678964636,True,True,[],[],/root/autodl-tmp/qvla-repro/eval/awq-baseline-shard-25-26-20260917-132820-22787,vision-w2,awq-scope-shard-vision-w2-25-29-20260917-220504-56292
5,27,36966af29d69349d848a32aa0591e7740293629fed04712075b4169eadda314c,284295501,1819051403,True,False,[],[],/root/autodl-tmp/qvla-repro/eval/awq-baseline-shard-27-34-20260917-182634-1372,vision-w2,awq-scope-shard-vision-w2-25-29-20260917-220504-56292
5,28,128214cd1fbbedd86b42babf956c09b574fcd7954fcf00e0b0d3842cfe385d31,4214488515,3189870832,True,True,[],[],/root/autodl-tmp/qvla-repro/eval/awq-baseline-shard-27-34-20260917-182634-1372,vision-w2,awq-scope-shard-vision-w2-25-29-20260917-220504-56292
5,29,07d76b98db72ec16f25ac6ae0bb5be5c828d8b744e208014233e5130dcf74133,2037431572,549245072,True,True,[],[],/root/autodl-tmp/qvla-repro/eval/awq-baseline-shard-27-34-20260917-182634-1372,vision-w2,awq-scope-shard-vision-w2-25-29-20260917-220504-56292
6,25,e122617d9fa3be784e0ca60cb2e0a6d375b6a5ea54b59c7535b8d8570c5c97e4,4189468127,3805619217,True,True,[],[],/root/autodl-tmp/qvla-repro/eval/awq-baseline-shard-25-26-20260917-132820-22787,vision-w2,awq-scope-shard-vision-w2-25-29-20260917-220504-56292
6,26,5dcdcf0d1d2ac2bfafb4f0f83366b5d3d358136a224843d8ec54d3d8d4c84945,1297923177,446971834,True,True,[],[],/root/autodl-tmp/qvla-repro/eval/awq-baseline-shard-25-26-20260917-132820-22787,vision-w2,awq-scope-shard-vision-w2-25-29-20260917-220504-56292
6,27,c43a42745192e830675e6248a2e5153319513279add1be7f67a605059e505794,739939217,3399252259,True,True,[],[],/root/autodl-tmp/qvla-repro/eval/awq-baseline-shard-27-34-20260917-182634-1372,vision-w2,awq-scope-shard-vision-w2-25-29-20260917-220504-56292
6,28,cb9b814a7a6b13be388f54eddef7bf1ad500f6f3c7f40a3340fafe1189865d32,3176932502,2892921528,True,True,[],[],/root/autodl-tmp/qvla-repro/eval/awq-baseline-shard-27-34-20260917-182634-1372,vision-w2,awq-scope-shard-vision-w2-25-29-20260917-220504-56292
6,29,11724f9c314c93c6eda96cfa722793277ecc7da9251f709a052035e672d26130,1752240316,320515566,True,True,[],[],/root/autodl-tmp/qvla-repro/eval/awq-baseline-shard-27-34-20260917-182634-1372,vision-w2,awq-scope-shard-vision-w2-25-29-20260917-220504-56292
7,25,2b579b50672d9baf9acae29e1feddfd03c89f2cb03bfe5d84a8bb0014f423fa1,2414791188,3707428174,True,True,[],[],/root/autodl-tmp/qvla-repro/eval/awq-baseline-shard-25-26-20260917-132820-22787,vision-w2,awq-scope-shard-vision-w2-25-29-20260917-220504-56292
7,26,82f71abf47a98c811d74a2f6ff617160ba85662961fdec814deb3ef3669a8978,3579546510,1014649986,True,True,[],[],/root/autodl-tmp/qvla-repro/eval/awq-baseline-shard-25-26-20260917-132820-22787,vision-w2,awq-scope-shard-vision-w2-25-29-20260917-220504-56292
7,27,ee2fa18b5fe2e029b1fa00443b40969b849c6332d740ea4db06dfb3d015f0c54,2959701623,1240769194,False,True,[],[],/root/autodl-tmp/qvla-repro/eval/awq-baseline-shard-27-34-20260917-182634-1372,vision-w2,awq-scope-shard-vision-w2-25-29-20260917-220504-56292
7,28,66f8759612ad75f50c11bf7d7f60f9b9b36959665aa1ca761c678a755bd3b8bc,3679169043,2536219672,True,False,[],[],/root/autodl-tmp/qvla-repro/eval/awq-baseline-shard-27-34-20260917-182634-1372,vision-w2,awq-scope-shard-vision-w2-25-29-20260917-220504-56292
7,29,5737e0e0049de05b3e65796bd74c4a12d3778341f4186ba5bd307675e61d0ad2,2230086718,3283161463,False,True,[],[],/root/autodl-tmp/qvla-repro/eval/awq-baseline-shard-27-34-20260917-182634-1372,vision-w2,awq-scope-shard-vision-w2-25-29-20260917-220504-56292
8,25,fe096098d6a030e74debaf2a903dfe806764de660d92272e2bd348ee80abc88c,4048776773,1945104008,True,True,[],[],/root/autodl-tmp/qvla-repro/eval/awq-baseline-shard-25-26-20260917-132820-22787,vision-w2,awq-scope-shard-vision-w2-25-29-20260917-220504-56292
8,26,141a55577c8e4d8997fafc634b9ed086c60729a2de6ec8099b1788c58f391e9b,3892409617,2979842046,True,True,[],[],/root/autodl-tmp/qvla-repro/eval/awq-baseline-shard-25-26-20260917-132820-22787,vision-w2,awq-scope-shard-vision-w2-25-29-20260917-220504-56292
8,27,5cdd063f39f2b0a3641ac13fe7b9181345357a38fede67d9bf84cd452d2ac4d9,2498498988,35336634,True,True,[],[],/root/autodl-tmp/qvla-repro/eval/awq-baseline-shard-27-34-20260917-182634-1372,vision-w2,awq-scope-shard-vision-w2-25-29-20260917-220504-56292
8,28,b195c46e607629663606165e5878fa2945831f991267c2c2bfd67ca02490e3bc,339821326,225942135,True,True,[],[],/root/autodl-tmp/qvla-repro/eval/awq-baseline-shard-27-34-20260917-182634-1372,vision-w2,awq-scope-shard-vision-w2-25-29-20260917-220504-56292
8,29,05b63859ca7284a002ebbd606266d68c1108336c531b270007f3f6f863e93c0c,1457373977,1350493848,True,True,[],[],/root/autodl-tmp/qvla-repro/eval/awq-baseline-shard-27-34-20260917-182634-1372,vision-w2,awq-scope-shard-vision-w2-25-29-20260917-220504-56292
9,25,5812abe2c5d424cde29a54cf19f1e651a7213816428783d6a037aebe84da0eaf,2798581617,3523081259,True,True,[],[],/root/autodl-tmp/qvla-repro/eval/awq-baseline-shard-25-26-20260917-132820-22787,vision-w2,awq-scope-shard-vision-w2-25-29-20260917-220504-56292
9,26,0fb1686974bd5aed359c6cd0ac65066c384881431f9d156b1bb63fd80d4f8551,1230389013,1981239187,True,True,[],[],/root/autodl-tmp/qvla-repro/eval/awq-baseline-shard-25-26-20260917-132820-22787,vision-w2,awq-scope-shard-vision-w2-25-29-20260917-220504-56292
9,27,c357e9dbdc7c0f9debda428f808cb4c0a4d587eabc5afb3f49d5cb7e0b60d044,2161745626,2546779847,True,True,[],[],/root/autodl-tmp/qvla-repro/eval/awq-baseline-shard-27-34-20260917-182634-1372,vision-w2,awq-scope-shard-vision-w2-25-29-20260917-220504-56292
9,28,74ed16befad96e7807b7467c9d4b327c35b72a70e7ceeff2e83a7f1096b0ff09,393126214,480507038,True,False,[],[],/root/autodl-tmp/qvla-repro/eval/awq-baseline-shard-27-34-20260917-182634-1372,vision-w2,awq-scope-shard-vision-w2-25-29-20260917-220504-56292
9,29,aedb0a9ed60362ed678799a1d541ff0656fa2d643deab83750810344d0039aaf,1568937167,2281636085,True,True,[],[],/root/autodl-tmp/qvla-repro/eval/awq-baseline-shard-27-34-20260917-182634-1372,vision-w2,awq-scope-shard-vision-w2-25-29-20260917-220504-56292
