2026-09-17 21:45:59.004151: I tensorflow/core/util/port.cc:113] oneDNN custom operations are on. You may see slightly different numerical results due to floating-point round-off errors from different computation orders. To turn them off, set the environment variable `TF_ENABLE_ONEDNN_OPTS=0`.
2026-09-17 21:45:59.040922: E external/local_xla/xla/stream_executor/cuda/cuda_dnn.cc:9261] Unable to register cuDNN factory: Attempting to register factory for plugin cuDNN when one has already been registered
2026-09-17 21:45:59.040942: E external/local_xla/xla/stream_executor/cuda/cuda_fft.cc:607] Unable to register cuFFT factory: Attempting to register factory for plugin cuFFT when one has already been registered
2026-09-17 21:45:59.042215: E external/local_xla/xla/stream_executor/cuda/cuda_blas.cc:1515] Unable to register cuBLAS factory: Attempting to register factory for plugin cuBLAS when one has already been registered
2026-09-17 21:45:59.048255: I tensorflow/core/platform/cpu_feature_guard.cc:182] This TensorFlow binary is optimized to use available CPU instructions in performance-critical operations.
To enable the following instructions: AVX2 AVX512F AVX512_VNNI FMA, in other operations, rebuild TensorFlow with the appropriate compiler flags.
2026-09-17 21:45:59.816996: W tensorflow/compiler/tf2tensorrt/utils/py_utils.cc:38] TF-TRT Warning: Could not find TensorRT
[robosuite WARNING] No private macro file found! (__init__.py:7)
[robosuite WARNING] It is recommended to use a private macro file (__init__.py:8)
[robosuite WARNING] To setup, run: python /root/miniconda3/envs/qvla-oft/lib/python3.10/site-packages/robosuite/scripts/setup_macros.py (__init__.py:9)
Gym has been unmaintained since 2022 and does not support NumPy 2.0 amongst other critical functionality.
Please upgrade to Gymnasium, the maintained drop-in replacement of Gym, or contact the authors of your software and request that they upgrade.
Users of this version of Gym should be able to simply replace 'import gym' with 'import gymnasium as gym' in the vast majority of cases.
See the migration guide at https://gymnasium.farama.org/introduction/migration_guide/ for additional information.
Using LIBERO constants:
  NUM_ACTIONS_CHUNK = 8
  ACTION_DIM = 7
  PROPRIO_DIM = 8
  ACTION_PROPRIO_NORMALIZATION_TYPE = bounds_q99
If needed, manually set the correct constants in `prismatic/vla/constants.py`!
VILA is not installed. Multimodal features will not be available. To activate, please install VILA at https://github.com/NVlabs/VILA.
[official-quant] scope={"fused_vision": 105, "language": 224, "primary_vision": 93, "total": 422, "unexpected": 0, "vision": 198}
Loading checkpoint shards:   0%|          | 0/4 [00:00<?, ?it/s]Loading checkpoint shards:  25%|██▌       | 1/4 [00:00<00:00,  4.09it/s]Loading checkpoint shards:  50%|█████     | 2/4 [00:00<00:00,  4.65it/s]Loading checkpoint shards:  75%|███████▌  | 3/4 [00:00<00:00,  4.92it/s]Loading checkpoint shards: 100%|██████████| 4/4 [00:00<00:00,  5.05it/s]Loading checkpoint shards: 100%|██████████| 4/4 [00:00<00:00,  4.89it/s]
[official-awq] 1/198 vision_backbone.featurizer.patch_embed.proj
[official-awq] 2/198 vision_backbone.featurizer.blocks.0.attn.qkv
[official-awq] 3/198 vision_backbone.featurizer.blocks.0.attn.proj
[official-awq] 4/198 vision_backbone.featurizer.blocks.0.mlp.fc1
[official-awq] 5/198 vision_backbone.featurizer.blocks.0.mlp.fc2
[official-awq] 6/198 vision_backbone.featurizer.blocks.1.attn.qkv
[official-awq] 7/198 vision_backbone.featurizer.blocks.1.attn.proj
[official-awq] 8/198 vision_backbone.featurizer.blocks.1.mlp.fc1
[official-awq] 9/198 vision_backbone.featurizer.blocks.1.mlp.fc2
[official-awq] 10/198 vision_backbone.featurizer.blocks.2.attn.qkv
[official-awq] 11/198 vision_backbone.featurizer.blocks.2.attn.proj
[official-awq] 12/198 vision_backbone.featurizer.blocks.2.mlp.fc1
[official-awq] 13/198 vision_backbone.featurizer.blocks.2.mlp.fc2
[official-awq] 14/198 vision_backbone.featurizer.blocks.3.attn.qkv
[official-awq] 15/198 vision_backbone.featurizer.blocks.3.attn.proj
[official-awq] 16/198 vision_backbone.featurizer.blocks.3.mlp.fc1
[official-awq] 17/198 vision_backbone.featurizer.blocks.3.mlp.fc2
[official-awq] 18/198 vision_backbone.featurizer.blocks.4.attn.qkv
[official-awq] 19/198 vision_backbone.featurizer.blocks.4.attn.proj
[official-awq] 20/198 vision_backbone.featurizer.blocks.4.mlp.fc1
[official-awq] 21/198 vision_backbone.featurizer.blocks.4.mlp.fc2
[official-awq] 22/198 vision_backbone.featurizer.blocks.5.attn.qkv
[official-awq] 23/198 vision_backbone.featurizer.blocks.5.attn.proj
[official-awq] 24/198 vision_backbone.featurizer.blocks.5.mlp.fc1
[official-awq] 25/198 vision_backbone.featurizer.blocks.5.mlp.fc2
[official-awq] 26/198 vision_backbone.featurizer.blocks.6.attn.qkv
[official-awq] 27/198 vision_backbone.featurizer.blocks.6.attn.proj
[official-awq] 28/198 vision_backbone.featurizer.blocks.6.mlp.fc1
[official-awq] 29/198 vision_backbone.featurizer.blocks.6.mlp.fc2
[official-awq] 30/198 vision_backbone.featurizer.blocks.7.attn.qkv
[official-awq] 31/198 vision_backbone.featurizer.blocks.7.attn.proj
[official-awq] 32/198 vision_backbone.featurizer.blocks.7.mlp.fc1
[official-awq] 33/198 vision_backbone.featurizer.blocks.7.mlp.fc2
[official-awq] 34/198 vision_backbone.featurizer.blocks.8.attn.qkv
[official-awq] 35/198 vision_backbone.featurizer.blocks.8.attn.proj
[official-awq] 36/198 vision_backbone.featurizer.blocks.8.mlp.fc1
[official-awq] 37/198 vision_backbone.featurizer.blocks.8.mlp.fc2
[official-awq] 38/198 vision_backbone.featurizer.blocks.9.attn.qkv
[official-awq] 39/198 vision_backbone.featurizer.blocks.9.attn.proj
[official-awq] 40/198 vision_backbone.featurizer.blocks.9.mlp.fc1
[official-awq] 41/198 vision_backbone.featurizer.blocks.9.mlp.fc2
[official-awq] 42/198 vision_backbone.featurizer.blocks.10.attn.qkv
[official-awq] 43/198 vision_backbone.featurizer.blocks.10.attn.proj
[official-awq] 44/198 vision_backbone.featurizer.blocks.10.mlp.fc1
[official-awq] 45/198 vision_backbone.featurizer.blocks.10.mlp.fc2
[official-awq] 46/198 vision_backbone.featurizer.blocks.11.attn.qkv
[official-awq] 47/198 vision_backbone.featurizer.blocks.11.attn.proj
[official-awq] 48/198 vision_backbone.featurizer.blocks.11.mlp.fc1
[official-awq] 49/198 vision_backbone.featurizer.blocks.11.mlp.fc2
[official-awq] 50/198 vision_backbone.featurizer.blocks.12.attn.qkv
[official-awq] 51/198 vision_backbone.featurizer.blocks.12.attn.proj
[official-awq] 52/198 vision_backbone.featurizer.blocks.12.mlp.fc1
[official-awq] 53/198 vision_backbone.featurizer.blocks.12.mlp.fc2
[official-awq] 54/198 vision_backbone.featurizer.blocks.13.attn.qkv
[official-awq] 55/198 vision_backbone.featurizer.blocks.13.attn.proj
[official-awq] 56/198 vision_backbone.featurizer.blocks.13.mlp.fc1
[official-awq] 57/198 vision_backbone.featurizer.blocks.13.mlp.fc2
[official-awq] 58/198 vision_backbone.featurizer.blocks.14.attn.qkv
[official-awq] 59/198 vision_backbone.featurizer.blocks.14.attn.proj
[official-awq] 60/198 vision_backbone.featurizer.blocks.14.mlp.fc1
[official-awq] 61/198 vision_backbone.featurizer.blocks.14.mlp.fc2
[official-awq] 62/198 vision_backbone.featurizer.blocks.15.attn.qkv
[official-awq] 63/198 vision_backbone.featurizer.blocks.15.attn.proj
[official-awq] 64/198 vision_backbone.featurizer.blocks.15.mlp.fc1
[official-awq] 65/198 vision_backbone.featurizer.blocks.15.mlp.fc2
[official-awq] 66/198 vision_backbone.featurizer.blocks.16.attn.qkv
[official-awq] 67/198 vision_backbone.featurizer.blocks.16.attn.proj
[official-awq] 68/198 vision_backbone.featurizer.blocks.16.mlp.fc1
[official-awq] 69/198 vision_backbone.featurizer.blocks.16.mlp.fc2
[official-awq] 70/198 vision_backbone.featurizer.blocks.17.attn.qkv
[official-awq] 71/198 vision_backbone.featurizer.blocks.17.attn.proj
[official-awq] 72/198 vision_backbone.featurizer.blocks.17.mlp.fc1
[official-awq] 73/198 vision_backbone.featurizer.blocks.17.mlp.fc2
[official-awq] 74/198 vision_backbone.featurizer.blocks.18.attn.qkv
[official-awq] 75/198 vision_backbone.featurizer.blocks.18.attn.proj
[official-awq] 76/198 vision_backbone.featurizer.blocks.18.mlp.fc1
[official-awq] 77/198 vision_backbone.featurizer.blocks.18.mlp.fc2
[official-awq] 78/198 vision_backbone.featurizer.blocks.19.attn.qkv
[official-awq] 79/198 vision_backbone.featurizer.blocks.19.attn.proj
[official-awq] 80/198 vision_backbone.featurizer.blocks.19.mlp.fc1
[official-awq] 81/198 vision_backbone.featurizer.blocks.19.mlp.fc2
[official-awq] 82/198 vision_backbone.featurizer.blocks.20.attn.qkv
[official-awq] 83/198 vision_backbone.featurizer.blocks.20.attn.proj
[official-awq] 84/198 vision_backbone.featurizer.blocks.20.mlp.fc1
[official-awq] 85/198 vision_backbone.featurizer.blocks.20.mlp.fc2
[official-awq] 86/198 vision_backbone.featurizer.blocks.21.attn.qkv
[official-awq] 87/198 vision_backbone.featurizer.blocks.21.attn.proj
[official-awq] 88/198 vision_backbone.featurizer.blocks.21.mlp.fc1
[official-awq] 89/198 vision_backbone.featurizer.blocks.21.mlp.fc2
[official-awq] 90/198 vision_backbone.featurizer.blocks.22.attn.qkv
[official-awq] 91/198 vision_backbone.featurizer.blocks.22.attn.proj
[official-awq] 92/198 vision_backbone.featurizer.blocks.22.mlp.fc1
[official-awq] 93/198 vision_backbone.featurizer.blocks.22.mlp.fc2
[official-awq] 94/198 vision_backbone.fused_featurizer.patch_embed.proj
[official-awq] 95/198 vision_backbone.fused_featurizer.blocks.0.attn.qkv
[official-awq] 96/198 vision_backbone.fused_featurizer.blocks.0.attn.proj
[official-awq] 97/198 vision_backbone.fused_featurizer.blocks.0.mlp.fc1
[official-awq] 98/198 vision_backbone.fused_featurizer.blocks.0.mlp.fc2
[official-awq] 99/198 vision_backbone.fused_featurizer.blocks.1.attn.qkv
[official-awq] 100/198 vision_backbone.fused_featurizer.blocks.1.attn.proj
[official-awq] 101/198 vision_backbone.fused_featurizer.blocks.1.mlp.fc1
[official-awq] 102/198 vision_backbone.fused_featurizer.blocks.1.mlp.fc2
[official-awq] 103/198 vision_backbone.fused_featurizer.blocks.2.attn.qkv
[official-awq] 104/198 vision_backbone.fused_featurizer.blocks.2.attn.proj
[official-awq] 105/198 vision_backbone.fused_featurizer.blocks.2.mlp.fc1
[official-awq] 106/198 vision_backbone.fused_featurizer.blocks.2.mlp.fc2
[official-awq] 107/198 vision_backbone.fused_featurizer.blocks.3.attn.qkv
[official-awq] 108/198 vision_backbone.fused_featurizer.blocks.3.attn.proj
[official-awq] 109/198 vision_backbone.fused_featurizer.blocks.3.mlp.fc1
[official-awq] 110/198 vision_backbone.fused_featurizer.blocks.3.mlp.fc2
[official-awq] 111/198 vision_backbone.fused_featurizer.blocks.4.attn.qkv
[official-awq] 112/198 vision_backbone.fused_featurizer.blocks.4.attn.proj
[official-awq] 113/198 vision_backbone.fused_featurizer.blocks.4.mlp.fc1
[official-awq] 114/198 vision_backbone.fused_featurizer.blocks.4.mlp.fc2
[official-awq] 115/198 vision_backbone.fused_featurizer.blocks.5.attn.qkv
[official-awq] 116/198 vision_backbone.fused_featurizer.blocks.5.attn.proj
[official-awq] 117/198 vision_backbone.fused_featurizer.blocks.5.mlp.fc1
[official-awq] 118/198 vision_backbone.fused_featurizer.blocks.5.mlp.fc2
[official-awq] 119/198 vision_backbone.fused_featurizer.blocks.6.attn.qkv
<frozen importlib._bootstrap>:283: DeprecationWarning: the load_module() method is deprecated and slated for removal in Python 3.12; use exec_module() instead
[official-awq] 120/198 vision_backbone.fused_featurizer.blocks.6.attn.proj
[official-awq] 121/198 vision_backbone.fused_featurizer.blocks.6.mlp.fc1
[official-awq] 122/198 vision_backbone.fused_featurizer.blocks.6.mlp.fc2
[official-awq] 123/198 vision_backbone.fused_featurizer.blocks.7.attn.qkv
[official-awq] 124/198 vision_backbone.fused_featurizer.blocks.7.attn.proj
[official-awq] 125/198 vision_backbone.fused_featurizer.blocks.7.mlp.fc1
[official-awq] 126/198 vision_backbone.fused_featurizer.blocks.7.mlp.fc2
[official-awq] 127/198 vision_backbone.fused_featurizer.blocks.8.attn.qkv
[official-awq] 128/198 vision_backbone.fused_featurizer.blocks.8.attn.proj
[official-awq] 129/198 vision_backbone.fused_featurizer.blocks.8.mlp.fc1
[official-awq] 130/198 vision_backbone.fused_featurizer.blocks.8.mlp.fc2
[official-awq] 131/198 vision_backbone.fused_featurizer.blocks.9.attn.qkv
[official-awq] 132/198 vision_backbone.fused_featurizer.blocks.9.attn.proj
[official-awq] 133/198 vision_backbone.fused_featurizer.blocks.9.mlp.fc1
[official-awq] 134/198 vision_backbone.fused_featurizer.blocks.9.mlp.fc2
[official-awq] 135/198 vision_backbone.fused_featurizer.blocks.10.attn.qkv
[official-awq] 136/198 vision_backbone.fused_featurizer.blocks.10.attn.proj
[official-awq] 137/198 vision_backbone.fused_featurizer.blocks.10.mlp.fc1
[official-awq] 138/198 vision_backbone.fused_featurizer.blocks.10.mlp.fc2
[official-awq] 139/198 vision_backbone.fused_featurizer.blocks.11.attn.qkv
[official-awq] 140/198 vision_backbone.fused_featurizer.blocks.11.attn.proj
[official-awq] 141/198 vision_backbone.fused_featurizer.blocks.11.mlp.fc1
[official-awq] 142/198 vision_backbone.fused_featurizer.blocks.11.mlp.fc2
[official-awq] 143/198 vision_backbone.fused_featurizer.blocks.12.attn.qkv
[official-awq] 144/198 vision_backbone.fused_featurizer.blocks.12.attn.proj
[official-awq] 145/198 vision_backbone.fused_featurizer.blocks.12.mlp.fc1
[official-awq] 146/198 vision_backbone.fused_featurizer.blocks.12.mlp.fc2
[official-awq] 147/198 vision_backbone.fused_featurizer.blocks.13.attn.qkv
[official-awq] 148/198 vision_backbone.fused_featurizer.blocks.13.attn.proj
[official-awq] 149/198 vision_backbone.fused_featurizer.blocks.13.mlp.fc1
[official-awq] 150/198 vision_backbone.fused_featurizer.blocks.13.mlp.fc2
[official-awq] 151/198 vision_backbone.fused_featurizer.blocks.14.attn.qkv
[official-awq] 152/198 vision_backbone.fused_featurizer.blocks.14.attn.proj
[official-awq] 153/198 vision_backbone.fused_featurizer.blocks.14.mlp.fc1
[official-awq] 154/198 vision_backbone.fused_featurizer.blocks.14.mlp.fc2
[official-awq] 155/198 vision_backbone.fused_featurizer.blocks.15.attn.qkv
[official-awq] 156/198 vision_backbone.fused_featurizer.blocks.15.attn.proj
[official-awq] 157/198 vision_backbone.fused_featurizer.blocks.15.mlp.fc1
[official-awq] 158/198 vision_backbone.fused_featurizer.blocks.15.mlp.fc2
[official-awq] 159/198 vision_backbone.fused_featurizer.blocks.16.attn.qkv
[official-awq] 160/198 vision_backbone.fused_featurizer.blocks.16.attn.proj
[official-awq] 161/198 vision_backbone.fused_featurizer.blocks.16.mlp.fc1
[official-awq] 162/198 vision_backbone.fused_featurizer.blocks.16.mlp.fc2
[official-awq] 163/198 vision_backbone.fused_featurizer.blocks.17.attn.qkv
[official-awq] 164/198 vision_backbone.fused_featurizer.blocks.17.attn.proj
[official-awq] 165/198 vision_backbone.fused_featurizer.blocks.17.mlp.fc1
[official-awq] 166/198 vision_backbone.fused_featurizer.blocks.17.mlp.fc2
[official-awq] 167/198 vision_backbone.fused_featurizer.blocks.18.attn.qkv
[official-awq] 168/198 vision_backbone.fused_featurizer.blocks.18.attn.proj
[official-awq] 169/198 vision_backbone.fused_featurizer.blocks.18.mlp.fc1
[official-awq] 170/198 vision_backbone.fused_featurizer.blocks.18.mlp.fc2
[official-awq] 171/198 vision_backbone.fused_featurizer.blocks.19.attn.qkv
[official-awq] 172/198 vision_backbone.fused_featurizer.blocks.19.attn.proj
[official-awq] 173/198 vision_backbone.fused_featurizer.blocks.19.mlp.fc1
[official-awq] 174/198 vision_backbone.fused_featurizer.blocks.19.mlp.fc2
[official-awq] 175/198 vision_backbone.fused_featurizer.blocks.20.attn.qkv
[official-awq] 176/198 vision_backbone.fused_featurizer.blocks.20.attn.proj
[official-awq] 177/198 vision_backbone.fused_featurizer.blocks.20.mlp.fc1
[official-awq] 178/198 vision_backbone.fused_featurizer.blocks.20.mlp.fc2
[official-awq] 179/198 vision_backbone.fused_featurizer.blocks.21.attn.qkv
[official-awq] 180/198 vision_backbone.fused_featurizer.blocks.21.attn.proj
[official-awq] 181/198 vision_backbone.fused_featurizer.blocks.21.mlp.fc1
[official-awq] 182/198 vision_backbone.fused_featurizer.blocks.21.mlp.fc2
[official-awq] 183/198 vision_backbone.fused_featurizer.blocks.22.attn.qkv
[official-awq] 184/198 vision_backbone.fused_featurizer.blocks.22.attn.proj
[official-awq] 185/198 vision_backbone.fused_featurizer.blocks.22.mlp.fc1
[official-awq] 186/198 vision_backbone.fused_featurizer.blocks.22.mlp.fc2
[official-awq] 187/198 vision_backbone.fused_featurizer.blocks.23.attn.qkv
[official-awq] 188/198 vision_backbone.fused_featurizer.blocks.23.attn.proj
[official-awq] 189/198 vision_backbone.fused_featurizer.blocks.23.mlp.fc1
[official-awq] 190/198 vision_backbone.fused_featurizer.blocks.23.mlp.fc2
[official-awq] 191/198 vision_backbone.fused_featurizer.blocks.24.attn.qkv
[official-awq] 192/198 vision_backbone.fused_featurizer.blocks.24.attn.proj
[official-awq] 193/198 vision_backbone.fused_featurizer.blocks.24.mlp.fc1
[official-awq] 194/198 vision_backbone.fused_featurizer.blocks.24.mlp.fc2
[official-awq] 195/198 vision_backbone.fused_featurizer.blocks.25.attn.qkv
[official-awq] 196/198 vision_backbone.fused_featurizer.blocks.25.attn.proj
[official-awq] 197/198 vision_backbone.fused_featurizer.blocks.25.mlp.fc1
[official-awq] 198/198 vision_backbone.fused_featurizer.blocks.25.mlp.fc2
[official-quant] method=awq weight_bits=2 activation_bits=16 profile_targets=422 scope=vision
[official-quant] BF16 exclusions=projector,proprio_projector,action_head,embeddings,norms
[official-quant] candidate={"applied_target_bits": {"2": 198}, "applied_targets": 198, "name": "w2-no-clip-primary-g64", "profiles": [{"path": "/root/autodl-tmp/qvla-repro/artifacts/awq-spatial-20260912-163735-1136/profiles/w2.pt", "sha256": "4fe1d2aa9a4e89fbaa5f9eb358ac6526d899195f774378b476742b801c7f4ccc"}, {"path": "/root/autodl-tmp/qvla-repro/artifacts/awq-primary-group-20260913-213127-3342/profiles/w2-g64.pt", "sha256": "947a849114a402978ae60995a652cd3212ded8d66f6ee7e0f3eeb3484712b3b8"}], "removed_language_clips": 160, "scope": "vision", "target_group_counts": {"128": 329, "64": 93}, "w4_layers": ""}
[official-quant] using preloaded model
09/17 [21:46:41] INFO     | >> Logging to local log file: run_libero_eval.py:223
                          /root/autodl-tmp/qvla-repro/eva                       
                          l/awq-scope-shard-vision-w2-15-                       
                          24-20260917-214554-50802/vision                       
                          -w2/EVAL-libero_spatial-openvla                       
                          -2026_09_17-21_46_17.txt                              
                 INFO     | >> SEED_PROTOCOL {"env_seed": run_libero_eval.py:238
                          0, "model_seed": 0, "protocol":                       
                          "paired",                                             
                          "pythonhashseed_at_launch":                           
                          "0", "runner_sha256":                                 
                          "fe37e8097c286e1946e5194a1f817a                       
                          2b2362d167a6a5a49443c5aa20314d8                       
                          873", "strict": false}                                
[info] using task orders [0, 1, 2, 3, 4, 5, 6, 7, 8, 9]
                 INFO     | >> Task suite: libero_spatial run_libero_eval.py:238
  0%|          | 0/10 [00:00<?, ?it/s]                 INFO     | >> Using default initial      run_libero_eval.py:238
                          states                                                

  0%|          | 0/10 [00:00<?, ?it/s][A09/17 [21:46:44] INFO     | >>                            run_libero_eval.py:238
                          Task: pick up the black bowl                          
                          between the plate and the                             
                          ramekin and place it on the                           
                          plate                                                 
                 INFO     | >> Starting episode 1...      run_libero_eval.py:238
                 INFO     | >> EPISODE_MANIFEST           run_libero_eval.py:238
                          {"env_seed": 1683549054,                              
                          "init_state_dtype": "float64",                        
                          "init_state_index": 15,                               
                          "init_state_sha256":                                  
                          "51f7d2ae92042fec16a54dd5cd6823                       
                          eac63f9c096a04bae00a5ec737d8db2                       
                          cd8", "init_state_shape": [92],                       
                          "model_seed": 3807370148,                             
                          "protocol": "paired",                                 
                          "task_id": 0}                                         
huggingface/tokenizers: The current process just got forked, after parallelism has already been used. Disabling parallelism to avoid deadlocks...
To disable this warning, you can either:
	- Avoid using `tokenizers` before the fork if possible
	- Explicitly set the environment variable TOKENIZERS_PARALLELISM=(true | false)
Saved rollout MP4 at path ./rollouts/2026_09_17/2026_09_17-21_46_17--openvla_oft--episode=1--success=True--task=pick_up_the_black_bowl_between_the_plate_and_the_r.mp4
09/17 [21:46:51] INFO     | >> Success: True              run_libero_eval.py:238
                 INFO     | >> # episodes completed so    run_libero_eval.py:238
                          far: 1                                                
                 INFO     | >> # successes: 1 (100.0%)    run_libero_eval.py:238

 10%|█         | 1/10 [00:07<01:09,  7.76s/it][A                 INFO     | >>                            run_libero_eval.py:238
                          Task: pick up the black bowl                          
                          between the plate and the                             
                          ramekin and place it on the                           
                          plate                                                 
                 INFO     | >> Starting episode 2...      run_libero_eval.py:238
                 INFO     | >> EPISODE_MANIFEST           run_libero_eval.py:238
                          {"env_seed": 4202172176,                              
                          "init_state_dtype": "float64",                        
                          "init_state_index": 16,                               
                          "init_state_sha256":                                  
                          "db2c9ab25c6b23526efa6be860e4bd                       
                          8330fab9a84131628f2dea6fe4062f9                       
                          93d", "init_state_shape": [92],                       
                          "model_seed": 4022819875,                             
                          "protocol": "paired",                                 
                          "task_id": 0}                                         
huggingface/tokenizers: The current process just got forked, after parallelism has already been used. Disabling parallelism to avoid deadlocks...
To disable this warning, you can either:
	- Avoid using `tokenizers` before the fork if possible
	- Explicitly set the environment variable TOKENIZERS_PARALLELISM=(true | false)
Saved rollout MP4 at path ./rollouts/2026_09_17/2026_09_17-21_46_17--openvla_oft--episode=2--success=True--task=pick_up_the_black_bowl_between_the_plate_and_the_r.mp4
09/17 [21:46:59] INFO     | >> Success: True              run_libero_eval.py:238
                 INFO     | >> # episodes completed so    run_libero_eval.py:238
                          far: 2                                                
                 INFO     | >> # successes: 2 (100.0%)    run_libero_eval.py:238

 20%|██        | 2/10 [00:15<01:00,  7.53s/it][A                 INFO     | >>                            run_libero_eval.py:238
                          Task: pick up the black bowl                          
                          between the plate and the                             
                          ramekin and place it on the                           
                          plate                                                 
                 INFO     | >> Starting episode 3...      run_libero_eval.py:238
                 INFO     | >> EPISODE_MANIFEST           run_libero_eval.py:238
                          {"env_seed": 2090749949,                              
                          "init_state_dtype": "float64",                        
                          "init_state_index": 17,                               
                          "init_state_sha256":                                  
                          "cf9d2825f843308d0880ee0d5e3099                       
                          a43ae2395e616351f6bae4c046dd501                       
                          98a", "init_state_shape": [92],                       
                          "model_seed": 1824987577,                             
                          "protocol": "paired",                                 
                          "task_id": 0}                                         
huggingface/tokenizers: The current process just got forked, after parallelism has already been used. Disabling parallelism to avoid deadlocks...
To disable this warning, you can either:
	- Avoid using `tokenizers` before the fork if possible
	- Explicitly set the environment variable TOKENIZERS_PARALLELISM=(true | false)
Saved rollout MP4 at path ./rollouts/2026_09_17/2026_09_17-21_46_17--openvla_oft--episode=3--success=True--task=pick_up_the_black_bowl_between_the_plate_and_the_r.mp4
09/17 [21:47:06] INFO     | >> Success: True              run_libero_eval.py:238
                 INFO     | >> # episodes completed so    run_libero_eval.py:238
                          far: 3                                                
                 INFO     | >> # successes: 3 (100.0%)    run_libero_eval.py:238

 30%|███       | 3/10 [00:22<00:51,  7.34s/it][A                 INFO     | >>                            run_libero_eval.py:238
                          Task: pick up the black bowl                          
                          between the plate and the                             
                          ramekin and place it on the                           
                          plate                                                 
                 INFO     | >> Starting episode 4...      run_libero_eval.py:238
                 INFO     | >> EPISODE_MANIFEST           run_libero_eval.py:238
                          {"env_seed": 2662597911,                              
                          "init_state_dtype": "float64",                        
                          "init_state_index": 18,                               
                          "init_state_sha256":                                  
                          "1f130e9178c4924cf8d24e175c2f05                       
                          73a5e089299ddf6984b71265abf65bd                       
                          4e0", "init_state_shape": [92],                       
                          "model_seed": 3109138317,                             
                          "protocol": "paired",                                 
                          "task_id": 0}                                         
huggingface/tokenizers: The current process just got forked, after parallelism has already been used. Disabling parallelism to avoid deadlocks...
To disable this warning, you can either:
	- Avoid using `tokenizers` before the fork if possible
	- Explicitly set the environment variable TOKENIZERS_PARALLELISM=(true | false)
Saved rollout MP4 at path ./rollouts/2026_09_17/2026_09_17-21_46_17--openvla_oft--episode=4--success=True--task=pick_up_the_black_bowl_between_the_plate_and_the_r.mp4
09/17 [21:47:14] INFO     | >> Success: True              run_libero_eval.py:238
                 INFO     | >> # episodes completed so    run_libero_eval.py:238
                          far: 4                                                
                 INFO     | >> # successes: 4 (100.0%)    run_libero_eval.py:238

 40%|████      | 4/10 [00:29<00:44,  7.46s/it][A                 INFO     | >>                            run_libero_eval.py:238
                          Task: pick up the black bowl                          
                          between the plate and the                             
                          ramekin and place it on the                           
                          plate                                                 
                 INFO     | >> Starting episode 5...      run_libero_eval.py:238
                 INFO     | >> EPISODE_MANIFEST           run_libero_eval.py:238
                          {"env_seed": 3267390290,                              
                          "init_state_dtype": "float64",                        
                          "init_state_index": 19,                               
                          "init_state_sha256":                                  
                          "18f349fb4d8b52566befcd2a80723d                       
                          533717d8dd5dada90ecd7721d512b65                       
                          e32", "init_state_shape": [92],                       
                          "model_seed": 2334791775,                             
                          "protocol": "paired",                                 
                          "task_id": 0}                                         
huggingface/tokenizers: The current process just got forked, after parallelism has already been used. Disabling parallelism to avoid deadlocks...
To disable this warning, you can either:
	- Avoid using `tokenizers` before the fork if possible
	- Explicitly set the environment variable TOKENIZERS_PARALLELISM=(true | false)
Saved rollout MP4 at path ./rollouts/2026_09_17/2026_09_17-21_46_17--openvla_oft--episode=5--success=True--task=pick_up_the_black_bowl_between_the_plate_and_the_r.mp4
09/17 [21:47:21] INFO     | >> Success: True              run_libero_eval.py:238
                 INFO     | >> # episodes completed so    run_libero_eval.py:238
                          far: 5                                                
                 INFO     | >> # successes: 5 (100.0%)    run_libero_eval.py:238

 50%|█████     | 5/10 [00:37<00:37,  7.48s/it][A                 INFO     | >>                            run_libero_eval.py:238
                          Task: pick up the black bowl                          
                          between the plate and the                             
                          ramekin and place it on the                           
                          plate                                                 
                 INFO     | >> Starting episode 6...      run_libero_eval.py:238
                 INFO     | >> EPISODE_MANIFEST           run_libero_eval.py:238
                          {"env_seed": 3857939239,                              
                          "init_state_dtype": "float64",                        
                          "init_state_index": 20,                               
                          "init_state_sha256":                                  
                          "79a03d1a76b0b6beb5e3ac797dc63d                       
                          cd4f8deda96cc70100fd352bf02b8b6                       
                          2b1", "init_state_shape": [92],                       
                          "model_seed": 2314666808,                             
                          "protocol": "paired",                                 
                          "task_id": 0}                                         
huggingface/tokenizers: The current process just got forked, after parallelism has already been used. Disabling parallelism to avoid deadlocks...
To disable this warning, you can either:
	- Avoid using `tokenizers` before the fork if possible
	- Explicitly set the environment variable TOKENIZERS_PARALLELISM=(true | false)
Saved rollout MP4 at path ./rollouts/2026_09_17/2026_09_17-21_46_17--openvla_oft--episode=6--success=True--task=pick_up_the_black_bowl_between_the_plate_and_the_r.mp4
09/17 [21:47:29] INFO     | >> Success: True              run_libero_eval.py:238
                 INFO     | >> # episodes completed so    run_libero_eval.py:238
                          far: 6                                                
                 INFO     | >> # successes: 6 (100.0%)    run_libero_eval.py:238

 60%|██████    | 6/10 [00:44<00:30,  7.50s/it][A                 INFO     | >>                            run_libero_eval.py:238
                          Task: pick up the black bowl                          
                          between the plate and the                             
                          ramekin and place it on the                           
                          plate                                                 
                 INFO     | >> Starting episode 7...      run_libero_eval.py:238
                 INFO     | >> EPISODE_MANIFEST           run_libero_eval.py:238
                          {"env_seed": 108709149,                               
                          "init_state_dtype": "float64",                        
                          "init_state_index": 21,                               
                          "init_state_sha256":                                  
                          "05b91b73c5da09660bb91c279b9ed5                       
                          a13be98f07fdf979ecda0ec92640d9e                       
                          331", "init_state_shape": [92],                       
                          "model_seed": 4021272041,                             
                          "protocol": "paired",                                 
                          "task_id": 0}                                         
huggingface/tokenizers: The current process just got forked, after parallelism has already been used. Disabling parallelism to avoid deadlocks...
To disable this warning, you can either:
	- Avoid using `tokenizers` before the fork if possible
	- Explicitly set the environment variable TOKENIZERS_PARALLELISM=(true | false)
Saved rollout MP4 at path ./rollouts/2026_09_17/2026_09_17-21_46_17--openvla_oft--episode=7--success=True--task=pick_up_the_black_bowl_between_the_plate_and_the_r.mp4
09/17 [21:47:36] INFO     | >> Success: True              run_libero_eval.py:238
                 INFO     | >> # episodes completed so    run_libero_eval.py:238
                          far: 7                                                
                 INFO     | >> # successes: 7 (100.0%)    run_libero_eval.py:238

 70%|███████   | 7/10 [00:52<00:22,  7.51s/it][A                 INFO     | >>                            run_libero_eval.py:238
                          Task: pick up the black bowl                          
                          between the plate and the                             
                          ramekin and place it on the                           
                          plate                                                 
                 INFO     | >> Starting episode 8...      run_libero_eval.py:238
                 INFO     | >> EPISODE_MANIFEST           run_libero_eval.py:238
                          {"env_seed": 3317668814,                              
                          "init_state_dtype": "float64",                        
                          "init_state_index": 22,                               
                          "init_state_sha256":                                  
                          "e7a1daaec3d35b65f3dbc4b7b98150                       
                          0c8247a321d3c1fea60f245589d7fcc                       
                          345", "init_state_shape": [92],                       
                          "model_seed": 2723145541,                             
                          "protocol": "paired",                                 
                          "task_id": 0}                                         
huggingface/tokenizers: The current process just got forked, after parallelism has already been used. Disabling parallelism to avoid deadlocks...
To disable this warning, you can either:
	- Avoid using `tokenizers` before the fork if possible
	- Explicitly set the environment variable TOKENIZERS_PARALLELISM=(true | false)
Saved rollout MP4 at path ./rollouts/2026_09_17/2026_09_17-21_46_17--openvla_oft--episode=8--success=True--task=pick_up_the_black_bowl_between_the_plate_and_the_r.mp4
09/17 [21:47:44] INFO     | >> Success: True              run_libero_eval.py:238
                 INFO     | >> # episodes completed so    run_libero_eval.py:238
                          far: 8                                                
                 INFO     | >> # successes: 8 (100.0%)    run_libero_eval.py:238

 80%|████████  | 8/10 [01:00<00:15,  7.57s/it][A                 INFO     | >>                            run_libero_eval.py:238
                          Task: pick up the black bowl                          
                          between the plate and the                             
                          ramekin and place it on the                           
                          plate                                                 
                 INFO     | >> Starting episode 9...      run_libero_eval.py:238
                 INFO     | >> EPISODE_MANIFEST           run_libero_eval.py:238
                          {"env_seed": 2106207045,                              
                          "init_state_dtype": "float64",                        
                          "init_state_index": 23,                               
                          "init_state_sha256":                                  
                          "79cdb8ea384ce01c24d656b80a89d1                       
                          dff625fc8259e77b68d4e206df1c397                       
                          939", "init_state_shape": [92],                       
                          "model_seed": 2167003792,                             
                          "protocol": "paired",                                 
                          "task_id": 0}                                         
huggingface/tokenizers: The current process just got forked, after parallelism has already been used. Disabling parallelism to avoid deadlocks...
To disable this warning, you can either:
	- Avoid using `tokenizers` before the fork if possible
	- Explicitly set the environment variable TOKENIZERS_PARALLELISM=(true | false)
Saved rollout MP4 at path ./rollouts/2026_09_17/2026_09_17-21_46_17--openvla_oft--episode=9--success=True--task=pick_up_the_black_bowl_between_the_plate_and_the_r.mp4
09/17 [21:47:51] INFO     | >> Success: True              run_libero_eval.py:238
                 INFO     | >> # episodes completed so    run_libero_eval.py:238
                          far: 9                                                
                 INFO     | >> # successes: 9 (100.0%)    run_libero_eval.py:238

 90%|█████████ | 9/10 [01:07<00:07,  7.52s/it][A                 INFO     | >>                            run_libero_eval.py:238
                          Task: pick up the black bowl                          
                          between the plate and the                             
                          ramekin and place it on the                           
                          plate                                                 
                 INFO     | >> Starting episode 10...     run_libero_eval.py:238
                 INFO     | >> EPISODE_MANIFEST           run_libero_eval.py:238
                          {"env_seed": 3014012616,                              
                          "init_state_dtype": "float64",                        
                          "init_state_index": 24,                               
                          "init_state_sha256":                                  
                          "58fff4a2c49c751e36ac3b459a980c                       
                          981c8eee95ff4bf8b51fa3f778d8caf                       
                          6c5", "init_state_shape": [92],                       
                          "model_seed": 2648567554,                             
                          "protocol": "paired",                                 
                          "task_id": 0}                                         
huggingface/tokenizers: The current process just got forked, after parallelism has already been used. Disabling parallelism to avoid deadlocks...
To disable this warning, you can either:
	- Avoid using `tokenizers` before the fork if possible
	- Explicitly set the environment variable TOKENIZERS_PARALLELISM=(true | false)
Saved rollout MP4 at path ./rollouts/2026_09_17/2026_09_17-21_46_17--openvla_oft--episode=10--success=True--task=pick_up_the_black_bowl_between_the_plate_and_the_r.mp4
09/17 [21:47:59] INFO     | >> Success: True              run_libero_eval.py:238
                 INFO     | >> # episodes completed so    run_libero_eval.py:238
                          far: 10                                               
                 INFO     | >> # successes: 10 (100.0%)   run_libero_eval.py:238

100%|██████████| 10/10 [01:15<00:00,  7.51s/it][A100%|██████████| 10/10 [01:15<00:00,  7.51s/it]
                 INFO     | >> Current task success rate: run_libero_eval.py:238
                          1.0                                                   
                 INFO     | >> Current total success      run_libero_eval.py:238
                          rate: 1.0                                             
 10%|█         | 1/10 [01:18<11:46, 78.48s/it]                 INFO     | >> Using default initial      run_libero_eval.py:238
                          states                                                

  0%|          | 0/10 [00:00<?, ?it/s][A09/17 [21:48:02] INFO     | >>                            run_libero_eval.py:238
                          Task: pick up the black bowl                          
                          next to the ramekin and place                         
                          it on the plate                                       
                 INFO     | >> Starting episode 1...      run_libero_eval.py:238
                 INFO     | >> EPISODE_MANIFEST           run_libero_eval.py:238
                          {"env_seed": 4187981846,                              
                          "init_state_dtype": "float64",                        
                          "init_state_index": 15,                               
                          "init_state_sha256":                                  
                          "e066d2a2b83106d42b1ebba4879b77                       
                          a4206fe243c2722620df89ddf272411                       
                          2be", "init_state_shape": [92],                       
                          "model_seed": 543885494,                              
                          "protocol": "paired",                                 
                          "task_id": 1}                                         
huggingface/tokenizers: The current process just got forked, after parallelism has already been used. Disabling parallelism to avoid deadlocks...
To disable this warning, you can either:
	- Avoid using `tokenizers` before the fork if possible
	- Explicitly set the environment variable TOKENIZERS_PARALLELISM=(true | false)
Saved rollout MP4 at path ./rollouts/2026_09_17/2026_09_17-21_46_17--openvla_oft--episode=11--success=True--task=pick_up_the_black_bowl_next_to_the_ramekin_and_pla.mp4
09/17 [21:48:10] INFO     | >> Success: True              run_libero_eval.py:238
                 INFO     | >> # episodes completed so    run_libero_eval.py:238
                          far: 11                                               
                 INFO     | >> # successes: 11 (100.0%)   run_libero_eval.py:238

 10%|█         | 1/10 [00:08<01:15,  8.35s/it][A                 INFO     | >>                            run_libero_eval.py:238
                          Task: pick up the black bowl                          
                          next to the ramekin and place                         
                          it on the plate                                       
                 INFO     | >> Starting episode 2...      run_libero_eval.py:238
                 INFO     | >> EPISODE_MANIFEST           run_libero_eval.py:238
                          {"env_seed": 101600424,                               
                          "init_state_dtype": "float64",                        
                          "init_state_index": 16,                               
                          "init_state_sha256":                                  
                          "4f194fc2e167205fe0cb404ac38fc6                       
                          1d19637e9a22a914c4a59950813501b                       
                          c4f", "init_state_shape": [92],                       
                          "model_seed": 4207872516,                             
                          "protocol": "paired",                                 
                          "task_id": 1}                                         
huggingface/tokenizers: The current process just got forked, after parallelism has already been used. Disabling parallelism to avoid deadlocks...
To disable this warning, you can either:
	- Avoid using `tokenizers` before the fork if possible
	- Explicitly set the environment variable TOKENIZERS_PARALLELISM=(true | false)
Saved rollout MP4 at path ./rollouts/2026_09_17/2026_09_17-21_46_17--openvla_oft--episode=12--success=True--task=pick_up_the_black_bowl_next_to_the_ramekin_and_pla.mp4
09/17 [21:48:19] INFO     | >> Success: True              run_libero_eval.py:238
                 INFO     | >> # episodes completed so    run_libero_eval.py:238
                          far: 12                                               
                 INFO     | >> # successes: 12 (100.0%)   run_libero_eval.py:238

 20%|██        | 2/10 [00:16<01:06,  8.34s/it][A                 INFO     | >>                            run_libero_eval.py:238
                          Task: pick up the black bowl                          
                          next to the ramekin and place                         
                          it on the plate                                       
                 INFO     | >> Starting episode 3...      run_libero_eval.py:238
                 INFO     | >> EPISODE_MANIFEST           run_libero_eval.py:238
                          {"env_seed": 1760898638,                              
                          "init_state_dtype": "float64",                        
                          "init_state_index": 17,                               
                          "init_state_sha256":                                  
                          "d7e0d413dd7853419fb3d2c740087d                       
                          47828487f25b21b485447376ebaf194                       
                          6ee", "init_state_shape": [92],                       
                          "model_seed": 2167843117,                             
                          "protocol": "paired",                                 
                          "task_id": 1}                                         
huggingface/tokenizers: The current process just got forked, after parallelism has already been used. Disabling parallelism to avoid deadlocks...
To disable this warning, you can either:
	- Avoid using `tokenizers` before the fork if possible
	- Explicitly set the environment variable TOKENIZERS_PARALLELISM=(true | false)
Saved rollout MP4 at path ./rollouts/2026_09_17/2026_09_17-21_46_17--openvla_oft--episode=13--success=True--task=pick_up_the_black_bowl_next_to_the_ramekin_and_pla.mp4
09/17 [21:48:27] INFO     | >> Success: True              run_libero_eval.py:238
                 INFO     | >> # episodes completed so    run_libero_eval.py:238
                          far: 13                                               
                 INFO     | >> # successes: 13 (100.0%)   run_libero_eval.py:238

 30%|███       | 3/10 [00:24<00:57,  8.26s/it][A                 INFO     | >>                            run_libero_eval.py:238
                          Task: pick up the black bowl                          
                          next to the ramekin and place                         
                          it on the plate                                       
                 INFO     | >> Starting episode 4...      run_libero_eval.py:238
                 INFO     | >> EPISODE_MANIFEST           run_libero_eval.py:238
                          {"env_seed": 3382291826,                              
                          "init_state_dtype": "float64",                        
                          "init_state_index": 18,                               
                          "init_state_sha256":                                  
                          "b7a22aa591d638c864be3019d088fe                       
                          c8a4fd1460d74098f0ead3193c5bed4                       
                          0c6", "init_state_shape": [92],                       
                          "model_seed": 3871709862,                             
                          "protocol": "paired",                                 
                          "task_id": 1}                                         
huggingface/tokenizers: The current process just got forked, after parallelism has already been used. Disabling parallelism to avoid deadlocks...
To disable this warning, you can either:
	- Avoid using `tokenizers` before the fork if possible
	- Explicitly set the environment variable TOKENIZERS_PARALLELISM=(true | false)
Saved rollout MP4 at path ./rollouts/2026_09_17/2026_09_17-21_46_17--openvla_oft--episode=14--success=True--task=pick_up_the_black_bowl_next_to_the_ramekin_and_pla.mp4
09/17 [21:48:35] INFO     | >> Success: True              run_libero_eval.py:238
                 INFO     | >> # episodes completed so    run_libero_eval.py:238
                          far: 14                                               
                 INFO     | >> # successes: 14 (100.0%)   run_libero_eval.py:238

 40%|████      | 4/10 [00:33<00:49,  8.26s/it][A                 INFO     | >>                            run_libero_eval.py:238
                          Task: pick up the black bowl                          
                          next to the ramekin and place                         
                          it on the plate                                       
                 INFO     | >> Starting episode 5...      run_libero_eval.py:238
                 INFO     | >> EPISODE_MANIFEST           run_libero_eval.py:238
                          {"env_seed": 2704222166,                              
                          "init_state_dtype": "float64",                        
                          "init_state_index": 19,                               
                          "init_state_sha256":                                  
                          "7ed62144c063138af691f12437505b                       
                          3fe5200d7e464743f57ae599fe238e6                       
                          fcc", "init_state_shape": [92],                       
                          "model_seed": 1820116093,                             
                          "protocol": "paired",                                 
                          "task_id": 1}                                         
huggingface/tokenizers: The current process just got forked, after parallelism has already been used. Disabling parallelism to avoid deadlocks...
To disable this warning, you can either:
	- Avoid using `tokenizers` before the fork if possible
	- Explicitly set the environment variable TOKENIZERS_PARALLELISM=(true | false)
Saved rollout MP4 at path ./rollouts/2026_09_17/2026_09_17-21_46_17--openvla_oft--episode=15--success=False--task=pick_up_the_black_bowl_next_to_the_ramekin_and_pla.mp4
09/17 [21:48:49] INFO     | >> Success: False             run_libero_eval.py:238
                 INFO     | >> # episodes completed so    run_libero_eval.py:238
                          far: 15                                               
                 INFO     | >> # successes: 14 (93.3%)    run_libero_eval.py:238

 50%|█████     | 5/10 [00:47<00:51, 10.32s/it][A                 INFO     | >>                            run_libero_eval.py:238
                          Task: pick up the black bowl                          
                          next to the ramekin and place                         
                          it on the plate                                       
                 INFO     | >> Starting episode 6...      run_libero_eval.py:238
                 INFO     | >> EPISODE_MANIFEST           run_libero_eval.py:238
                          {"env_seed": 175693112,                               
                          "init_state_dtype": "float64",                        
                          "init_state_index": 20,                               
                          "init_state_sha256":                                  
                          "aef97da3ecaba0f853f56a30e62056                       
                          6abeb607173e7ed1c51b969771f193e                       
                          427", "init_state_shape": [92],                       
                          "model_seed": 125433153,                              
                          "protocol": "paired",                                 
                          "task_id": 1}                                         
huggingface/tokenizers: The current process just got forked, after parallelism has already been used. Disabling parallelism to avoid deadlocks...
To disable this warning, you can either:
	- Avoid using `tokenizers` before the fork if possible
	- Explicitly set the environment variable TOKENIZERS_PARALLELISM=(true | false)
Saved rollout MP4 at path ./rollouts/2026_09_17/2026_09_17-21_46_17--openvla_oft--episode=16--success=False--task=pick_up_the_black_bowl_next_to_the_ramekin_and_pla.mp4
09/17 [21:49:03] INFO     | >> Success: False             run_libero_eval.py:238
                 INFO     | >> # episodes completed so    run_libero_eval.py:238
                          far: 16                                               
                 INFO     | >> # successes: 14 (87.5%)    run_libero_eval.py:238

 60%|██████    | 6/10 [01:01<00:46, 11.58s/it][A                 INFO     | >>                            run_libero_eval.py:238
                          Task: pick up the black bowl                          
                          next to the ramekin and place                         
                          it on the plate                                       
                 INFO     | >> Starting episode 7...      run_libero_eval.py:238
                 INFO     | >> EPISODE_MANIFEST           run_libero_eval.py:238
                          {"env_seed": 2570175446,                              
                          "init_state_dtype": "float64",                        
                          "init_state_index": 21,                               
                          "init_state_sha256":                                  
                          "204f240ceac0e1d55281d9f5760d58                       
                          10f02fe9bf2db5c259a4cdd3b0d696a                       
                          e07", "init_state_shape": [92],                       
                          "model_seed": 900983934,                              
                          "protocol": "paired",                                 
                          "task_id": 1}                                         
huggingface/tokenizers: The current process just got forked, after parallelism has already been used. Disabling parallelism to avoid deadlocks...
To disable this warning, you can either:
	- Avoid using `tokenizers` before the fork if possible
	- Explicitly set the environment variable TOKENIZERS_PARALLELISM=(true | false)
Saved rollout MP4 at path ./rollouts/2026_09_17/2026_09_17-21_46_17--openvla_oft--episode=17--success=True--task=pick_up_the_black_bowl_next_to_the_ramekin_and_pla.mp4
09/17 [21:49:12] INFO     | >> Success: True              run_libero_eval.py:238
                 INFO     | >> # episodes completed so    run_libero_eval.py:238
                          far: 17                                               
                 INFO     | >> # successes: 15 (88.2%)    run_libero_eval.py:238

 70%|███████   | 7/10 [01:09<00:31, 10.57s/it][A                 INFO     | >>                            run_libero_eval.py:238
                          Task: pick up the black bowl                          
                          next to the ramekin and place                         
                          it on the plate                                       
                 INFO     | >> Starting episode 8...      run_libero_eval.py:238
                 INFO     | >> EPISODE_MANIFEST           run_libero_eval.py:238
                          {"env_seed": 1337176195,                              
                          "init_state_dtype": "float64",                        
                          "init_state_index": 22,                               
                          "init_state_sha256":                                  
                          "f7b5b53bda496b303d061d6235521c                       
                          331ea773edddeae4915ab9e515d1d9a                       
                          946", "init_state_shape": [92],                       
                          "model_seed": 4203624039,                             
                          "protocol": "paired",                                 
                          "task_id": 1}                                         
huggingface/tokenizers: The current process just got forked, after parallelism has already been used. Disabling parallelism to avoid deadlocks...
To disable this warning, you can either:
	- Avoid using `tokenizers` before the fork if possible
	- Explicitly set the environment variable TOKENIZERS_PARALLELISM=(true | false)
Saved rollout MP4 at path ./rollouts/2026_09_17/2026_09_17-21_46_17--openvla_oft--episode=18--success=False--task=pick_up_the_black_bowl_next_to_the_ramekin_and_pla.mp4
09/17 [21:49:26] INFO     | >> Success: False             run_libero_eval.py:238
                 INFO     | >> # episodes completed so    run_libero_eval.py:238
                          far: 18                                               
                 INFO     | >> # successes: 15 (83.3%)    run_libero_eval.py:238

 80%|████████  | 8/10 [01:23<00:23, 11.70s/it][A                 INFO     | >>                            run_libero_eval.py:238
                          Task: pick up the black bowl                          
                          next to the ramekin and place                         
                          it on the plate                                       
                 INFO     | >> Starting episode 9...      run_libero_eval.py:238
                 INFO     | >> EPISODE_MANIFEST           run_libero_eval.py:238
                          {"env_seed": 382995625,                               
                          "init_state_dtype": "float64",                        
                          "init_state_index": 23,                               
                          "init_state_sha256":                                  
                          "9204c3a8b891069e31537d63dcd72e                       
                          2a7607111c73cf8a4f038495e4b6d5c                       
                          bfa", "init_state_shape": [92],                       
                          "model_seed": 1376077132,                             
                          "protocol": "paired",                                 
                          "task_id": 1}                                         
huggingface/tokenizers: The current process just got forked, after parallelism has already been used. Disabling parallelism to avoid deadlocks...
To disable this warning, you can either:
	- Avoid using `tokenizers` before the fork if possible
	- Explicitly set the environment variable TOKENIZERS_PARALLELISM=(true | false)
Saved rollout MP4 at path ./rollouts/2026_09_17/2026_09_17-21_46_17--openvla_oft--episode=19--success=True--task=pick_up_the_black_bowl_next_to_the_ramekin_and_pla.mp4
09/17 [21:49:35] INFO     | >> Success: True              run_libero_eval.py:238
                 INFO     | >> # episodes completed so    run_libero_eval.py:238
                          far: 19                                               
                 INFO     | >> # successes: 16 (84.2%)    run_libero_eval.py:238

 90%|█████████ | 9/10 [01:32<00:10, 10.81s/it][A                 INFO     | >>                            run_libero_eval.py:238
                          Task: pick up the black bowl                          
                          next to the ramekin and place                         
                          it on the plate                                       
                 INFO     | >> Starting episode 10...     run_libero_eval.py:238
                 INFO     | >> EPISODE_MANIFEST           run_libero_eval.py:238
                          {"env_seed": 3055386128,                              
                          "init_state_dtype": "float64",                        
                          "init_state_index": 24,                               
                          "init_state_sha256":                                  
                          "d5457abae771c1553985928c9e7d8f                       
                          29295a6d3e391efb9be37ab94de1c03                       
                          651", "init_state_shape": [92],                       
                          "model_seed": 4070818733,                             
                          "protocol": "paired",                                 
                          "task_id": 1}                                         
huggingface/tokenizers: The current process just got forked, after parallelism has already been used. Disabling parallelism to avoid deadlocks...
To disable this warning, you can either:
	- Avoid using `tokenizers` before the fork if possible
	- Explicitly set the environment variable TOKENIZERS_PARALLELISM=(true | false)
Saved rollout MP4 at path ./rollouts/2026_09_17/2026_09_17-21_46_17--openvla_oft--episode=20--success=True--task=pick_up_the_black_bowl_next_to_the_ramekin_and_pla.mp4
09/17 [21:49:43] INFO     | >> Success: True              run_libero_eval.py:238
                 INFO     | >> # episodes completed so    run_libero_eval.py:238
                          far: 20                                               
                 INFO     | >> # successes: 17 (85.0%)    run_libero_eval.py:238

100%|██████████| 10/10 [01:41<00:00, 10.21s/it][A100%|██████████| 10/10 [01:41<00:00, 10.14s/it]
                 INFO     | >> Current task success rate: run_libero_eval.py:238
                          0.7                                                   
                 INFO     | >> Current total success      run_libero_eval.py:238
                          rate: 0.85                                            
 20%|██        | 2/10 [03:03<12:30, 93.87s/it]09/17 [21:49:44] INFO     | >> Using default initial      run_libero_eval.py:238
                          states                                                

  0%|          | 0/10 [00:00<?, ?it/s][A09/17 [21:49:47] INFO     | >>                            run_libero_eval.py:238
                          Task: pick up the black bowl                          
                          from table center and place it                        
                          on the plate                                          
                 INFO     | >> Starting episode 1...      run_libero_eval.py:238
                 INFO     | >> EPISODE_MANIFEST           run_libero_eval.py:238
                          {"env_seed": 1569098190,                              
                          "init_state_dtype": "float64",                        
                          "init_state_index": 15,                               
                          "init_state_sha256":                                  
                          "45770514fe0b8e43809603f66532b1                       
                          5c29966b8bd10e974ac4934a32bcc2c                       
                          94d", "init_state_shape": [92],                       
                          "model_seed": 3046509409,                             
                          "protocol": "paired",                                 
                          "task_id": 2}                                         
huggingface/tokenizers: The current process just got forked, after parallelism has already been used. Disabling parallelism to avoid deadlocks...
To disable this warning, you can either:
	- Avoid using `tokenizers` before the fork if possible
	- Explicitly set the environment variable TOKENIZERS_PARALLELISM=(true | false)
Saved rollout MP4 at path ./rollouts/2026_09_17/2026_09_17-21_46_17--openvla_oft--episode=21--success=True--task=pick_up_the_black_bowl_from_table_center_and_place.mp4
09/17 [21:49:55] INFO     | >> Success: True              run_libero_eval.py:238
                 INFO     | >> # episodes completed so    run_libero_eval.py:238
                          far: 21                                               
                 INFO     | >> # successes: 18 (85.7%)    run_libero_eval.py:238

 10%|█         | 1/10 [00:08<01:15,  8.41s/it][A                 INFO     | >>                            run_libero_eval.py:238
                          Task: pick up the black bowl                          
                          from table center and place it                        
                          on the plate                                          
                 INFO     | >> Starting episode 2...      run_libero_eval.py:238
                 INFO     | >> EPISODE_MANIFEST           run_libero_eval.py:238
                          {"env_seed": 3448983821,                              
                          "init_state_dtype": "float64",                        
                          "init_state_index": 16,                               
                          "init_state_sha256":                                  
                          "048497d9ac994d7efd126ba1cb5794                       
                          d350e266ab578ecba687fb31b9d5299                       
                          84e", "init_state_shape": [92],                       
                          "model_seed": 1083217717,                             
                          "protocol": "paired",                                 
                          "task_id": 2}                                         
huggingface/tokenizers: The current process just got forked, after parallelism has already been used. Disabling parallelism to avoid deadlocks...
To disable this warning, you can either:
	- Avoid using `tokenizers` before the fork if possible
	- Explicitly set the environment variable TOKENIZERS_PARALLELISM=(true | false)
Saved rollout MP4 at path ./rollouts/2026_09_17/2026_09_17-21_46_17--openvla_oft--episode=22--success=True--task=pick_up_the_black_bowl_from_table_center_and_place.mp4
09/17 [21:50:03] INFO     | >> Success: True              run_libero_eval.py:238
                 INFO     | >> # episodes completed so    run_libero_eval.py:238
                          far: 22                                               
                 INFO     | >> # successes: 19 (86.4%)    run_libero_eval.py:238

 20%|██        | 2/10 [00:16<01:07,  8.42s/it][A                 INFO     | >>                            run_libero_eval.py:238
                          Task: pick up the black bowl                          
                          from table center and place it                        
                          on the plate                                          
                 INFO     | >> Starting episode 3...      run_libero_eval.py:238
                 INFO     | >> EPISODE_MANIFEST           run_libero_eval.py:238
                          {"env_seed": 152219977,                               
                          "init_state_dtype": "float64",                        
                          "init_state_index": 17,                               
                          "init_state_sha256":                                  
                          "d3c93a325a74c6fb997498769e0608                       
                          ac9e40c83950ded8f9dfdf6eb0e187f                       
                          4ed", "init_state_shape": [92],                       
                          "model_seed": 2682498644,                             
                          "protocol": "paired",                                 
                          "task_id": 2}                                         
huggingface/tokenizers: The current process just got forked, after parallelism has already been used. Disabling parallelism to avoid deadlocks...
To disable this warning, you can either:
	- Avoid using `tokenizers` before the fork if possible
	- Explicitly set the environment variable TOKENIZERS_PARALLELISM=(true | false)
Saved rollout MP4 at path ./rollouts/2026_09_17/2026_09_17-21_46_17--openvla_oft--episode=23--success=True--task=pick_up_the_black_bowl_from_table_center_and_place.mp4
09/17 [21:50:12] INFO     | >> Success: True              run_libero_eval.py:238
                 INFO     | >> # episodes completed so    run_libero_eval.py:238
                          far: 23                                               
                 INFO     | >> # successes: 20 (87.0%)    run_libero_eval.py:238

 30%|███       | 3/10 [00:25<00:59,  8.48s/it][A                 INFO     | >>                            run_libero_eval.py:238
                          Task: pick up the black bowl                          
                          from table center and place it                        
                          on the plate                                          
                 INFO     | >> Starting episode 4...      run_libero_eval.py:238
                 INFO     | >> EPISODE_MANIFEST           run_libero_eval.py:238
                          {"env_seed": 2631818856,                              
                          "init_state_dtype": "float64",                        
                          "init_state_index": 18,                               
                          "init_state_sha256":                                  
                          "c36f01f74b686f82c83b3ea55dcb01                       
                          8a741cfefe09b6d120ae227c9c21faf                       
                          2ff", "init_state_shape": [92],                       
                          "model_seed": 178345693,                              
                          "protocol": "paired",                                 
                          "task_id": 2}                                         
huggingface/tokenizers: The current process just got forked, after parallelism has already been used. Disabling parallelism to avoid deadlocks...
To disable this warning, you can either:
	- Avoid using `tokenizers` before the fork if possible
	- Explicitly set the environment variable TOKENIZERS_PARALLELISM=(true | false)
Saved rollout MP4 at path ./rollouts/2026_09_17/2026_09_17-21_46_17--openvla_oft--episode=24--success=True--task=pick_up_the_black_bowl_from_table_center_and_place.mp4
09/17 [21:50:20] INFO     | >> Success: True              run_libero_eval.py:238
                 INFO     | >> # episodes completed so    run_libero_eval.py:238
                          far: 24                                               
                 INFO     | >> # successes: 21 (87.5%)    run_libero_eval.py:238

 40%|████      | 4/10 [00:33<00:50,  8.36s/it][A                 INFO     | >>                            run_libero_eval.py:238
                          Task: pick up the black bowl                          
                          from table center and place it                        
                          on the plate                                          
                 INFO     | >> Starting episode 5...      run_libero_eval.py:238
                 INFO     | >> EPISODE_MANIFEST           run_libero_eval.py:238
                          {"env_seed": 1413599330,                              
                          "init_state_dtype": "float64",                        
                          "init_state_index": 19,                               
                          "init_state_sha256":                                  
                          "8b4a7bfbf0fff7d6bf560b38e4cf15                       
                          6bf967a1ee574e0e8b90944781ca52c                       
                          664", "init_state_shape": [92],                       
                          "model_seed": 1347478484,                             
                          "protocol": "paired",                                 
                          "task_id": 2}                                         
huggingface/tokenizers: The current process just got forked, after parallelism has already been used. Disabling parallelism to avoid deadlocks...
To disable this warning, you can either:
	- Avoid using `tokenizers` before the fork if possible
	- Explicitly set the environment variable TOKENIZERS_PARALLELISM=(true | false)
Saved rollout MP4 at path ./rollouts/2026_09_17/2026_09_17-21_46_17--openvla_oft--episode=25--success=True--task=pick_up_the_black_bowl_from_table_center_and_place.mp4
09/17 [21:50:28] INFO     | >> Success: True              run_libero_eval.py:238
                 INFO     | >> # episodes completed so    run_libero_eval.py:238
                          far: 25                                               
                 INFO     | >> # successes: 22 (88.0%)    run_libero_eval.py:238

 50%|█████     | 5/10 [00:41<00:41,  8.31s/it][A                 INFO     | >>                            run_libero_eval.py:238
                          Task: pick up the black bowl                          
                          from table center and place it                        
                          on the plate                                          
                 INFO     | >> Starting episode 6...      run_libero_eval.py:238
                 INFO     | >> EPISODE_MANIFEST           run_libero_eval.py:238
                          {"env_seed": 3549346256,                              
                          "init_state_dtype": "float64",                        
                          "init_state_index": 20,                               
                          "init_state_sha256":                                  
                          "86c32e500c2d681050de51b451bf32                       
                          5b3c8abbefc58b02fc198edea233d44                       
                          58c", "init_state_shape": [92],                       
                          "model_seed": 2848030071,                             
                          "protocol": "paired",                                 
                          "task_id": 2}                                         
huggingface/tokenizers: The current process just got forked, after parallelism has already been used. Disabling parallelism to avoid deadlocks...
To disable this warning, you can either:
	- Avoid using `tokenizers` before the fork if possible
	- Explicitly set the environment variable TOKENIZERS_PARALLELISM=(true | false)
Saved rollout MP4 at path ./rollouts/2026_09_17/2026_09_17-21_46_17--openvla_oft--episode=26--success=True--task=pick_up_the_black_bowl_from_table_center_and_place.mp4
09/17 [21:50:37] INFO     | >> Success: True              run_libero_eval.py:238
                 INFO     | >> # episodes completed so    run_libero_eval.py:238
                          far: 26                                               
                 INFO     | >> # successes: 23 (88.5%)    run_libero_eval.py:238

 60%|██████    | 6/10 [00:50<00:33,  8.28s/it][A                 INFO     | >>                            run_libero_eval.py:238
                          Task: pick up the black bowl                          
                          from table center and place it                        
                          on the plate                                          
                 INFO     | >> Starting episode 7...      run_libero_eval.py:238
                 INFO     | >> EPISODE_MANIFEST           run_libero_eval.py:238
                          {"env_seed": 3330881757,                              
                          "init_state_dtype": "float64",                        
                          "init_state_index": 21,                               
                          "init_state_sha256":                                  
                          "42f7d963fbe9577ac9acd3193a0079                       
                          e75915573d0a52a13ae5308d594ab2c                       
                          398", "init_state_shape": [92],                       
                          "model_seed": 2923225422,                             
                          "protocol": "paired",                                 
                          "task_id": 2}                                         
huggingface/tokenizers: The current process just got forked, after parallelism has already been used. Disabling parallelism to avoid deadlocks...
To disable this warning, you can either:
	- Avoid using `tokenizers` before the fork if possible
	- Explicitly set the environment variable TOKENIZERS_PARALLELISM=(true | false)
Saved rollout MP4 at path ./rollouts/2026_09_17/2026_09_17-21_46_17--openvla_oft--episode=27--success=True--task=pick_up_the_black_bowl_from_table_center_and_place.mp4
09/17 [21:50:45] INFO     | >> Success: True              run_libero_eval.py:238
                 INFO     | >> # episodes completed so    run_libero_eval.py:238
                          far: 27                                               
                 INFO     | >> # successes: 24 (88.9%)    run_libero_eval.py:238

 70%|███████   | 7/10 [00:58<00:24,  8.28s/it][A                 INFO     | >>                            run_libero_eval.py:238
                          Task: pick up the black bowl                          
                          from table center and place it                        
                          on the plate                                          
                 INFO     | >> Starting episode 8...      run_libero_eval.py:238
                 INFO     | >> EPISODE_MANIFEST           run_libero_eval.py:238
                          {"env_seed": 1223014189,                              
                          "init_state_dtype": "float64",                        
                          "init_state_index": 22,                               
                          "init_state_sha256":                                  
                          "0e39b547c3c98c40b90b7edc9f466e                       
                          e2e05beceba75f60cba0ced4f3af6cc                       
                          3bb", "init_state_shape": [92],                       
                          "model_seed": 153838975,                              
                          "protocol": "paired",                                 
                          "task_id": 2}                                         
huggingface/tokenizers: The current process just got forked, after parallelism has already been used. Disabling parallelism to avoid deadlocks...
To disable this warning, you can either:
	- Avoid using `tokenizers` before the fork if possible
	- Explicitly set the environment variable TOKENIZERS_PARALLELISM=(true | false)
Saved rollout MP4 at path ./rollouts/2026_09_17/2026_09_17-21_46_17--openvla_oft--episode=28--success=True--task=pick_up_the_black_bowl_from_table_center_and_place.mp4
09/17 [21:50:53] INFO     | >> Success: True              run_libero_eval.py:238
                 INFO     | >> # episodes completed so    run_libero_eval.py:238
                          far: 28                                               
                 INFO     | >> # successes: 25 (89.3%)    run_libero_eval.py:238

 80%|████████  | 8/10 [01:06<00:16,  8.30s/it][A                 INFO     | >>                            run_libero_eval.py:238
                          Task: pick up the black bowl                          
                          from table center and place it                        
                          on the plate                                          
                 INFO     | >> Starting episode 9...      run_libero_eval.py:238
                 INFO     | >> EPISODE_MANIFEST           run_libero_eval.py:238
                          {"env_seed": 176109981,                               
                          "init_state_dtype": "float64",                        
                          "init_state_index": 23,                               
                          "init_state_sha256":                                  
                          "851c8e19199bcf8e98e54b540bac56                       
                          6c6e151dad452b8db80428591474e76                       
                          851", "init_state_shape": [92],                       
                          "model_seed": 1840263269,                             
                          "protocol": "paired",                                 
                          "task_id": 2}                                         
huggingface/tokenizers: The current process just got forked, after parallelism has already been used. Disabling parallelism to avoid deadlocks...
To disable this warning, you can either:
	- Avoid using `tokenizers` before the fork if possible
	- Explicitly set the environment variable TOKENIZERS_PARALLELISM=(true | false)
Saved rollout MP4 at path ./rollouts/2026_09_17/2026_09_17-21_46_17--openvla_oft--episode=29--success=True--task=pick_up_the_black_bowl_from_table_center_and_place.mp4
09/17 [21:51:02] INFO     | >> Success: True              run_libero_eval.py:238
                 INFO     | >> # episodes completed so    run_libero_eval.py:238
                          far: 29                                               
                 INFO     | >> # successes: 26 (89.7%)    run_libero_eval.py:238

 90%|█████████ | 9/10 [01:15<00:08,  8.34s/it][A                 INFO     | >>                            run_libero_eval.py:238
                          Task: pick up the black bowl                          
                          from table center and place it                        
                          on the plate                                          
                 INFO     | >> Starting episode 10...     run_libero_eval.py:238
                 INFO     | >> EPISODE_MANIFEST           run_libero_eval.py:238
                          {"env_seed": 3545906471,                              
                          "init_state_dtype": "float64",                        
                          "init_state_index": 24,                               
                          "init_state_sha256":                                  
                          "18a6352b98f5b15f80b7104e38d840                       
                          9d29a30b7662b378404ebadecc4e6dc                       
                          256", "init_state_shape": [92],                       
                          "model_seed": 2943093867,                             
                          "protocol": "paired",                                 
                          "task_id": 2}                                         
huggingface/tokenizers: The current process just got forked, after parallelism has already been used. Disabling parallelism to avoid deadlocks...
To disable this warning, you can either:
	- Avoid using `tokenizers` before the fork if possible
	- Explicitly set the environment variable TOKENIZERS_PARALLELISM=(true | false)
Saved rollout MP4 at path ./rollouts/2026_09_17/2026_09_17-21_46_17--openvla_oft--episode=30--success=True--task=pick_up_the_black_bowl_from_table_center_and_place.mp4
09/17 [21:51:10] INFO     | >> Success: True              run_libero_eval.py:238
                 INFO     | >> # episodes completed so    run_libero_eval.py:238
                          far: 30                                               
                 INFO     | >> # successes: 27 (90.0%)    run_libero_eval.py:238

100%|██████████| 10/10 [01:23<00:00,  8.31s/it][A100%|██████████| 10/10 [01:23<00:00,  8.33s/it]
                 INFO     | >> Current task success rate: run_libero_eval.py:238
                          1.0                                                   
                 INFO     | >> Current total success      run_libero_eval.py:238
                          rate: 0.9                                             
 30%|███       | 3/10 [04:29<10:33, 90.52s/it]                 INFO     | >> Using default initial      run_libero_eval.py:238
                          states                                                

  0%|          | 0/10 [00:00<?, ?it/s][A09/17 [21:51:13] INFO     | >>                            run_libero_eval.py:238
                          Task: pick up the black bowl on                       
                          the cookie box and place it on                        
                          the plate                                             
                 INFO     | >> Starting episode 1...      run_libero_eval.py:238
                 INFO     | >> EPISODE_MANIFEST           run_libero_eval.py:238
                          {"env_seed": 3338659295,                              
                          "init_state_dtype": "float64",                        
                          "init_state_index": 15,                               
                          "init_state_sha256":                                  
                          "52361b17e964ee6de88d5cacda510e                       
                          638cf084542ea78d76c70a5d395726a                       
                          bd5", "init_state_shape": [92],                       
                          "model_seed": 37896630,                               
                          "protocol": "paired",                                 
                          "task_id": 3}                                         
huggingface/tokenizers: The current process just got forked, after parallelism has already been used. Disabling parallelism to avoid deadlocks...
To disable this warning, you can either:
	- Avoid using `tokenizers` before the fork if possible
	- Explicitly set the environment variable TOKENIZERS_PARALLELISM=(true | false)
Saved rollout MP4 at path ./rollouts/2026_09_17/2026_09_17-21_46_17--openvla_oft--episode=31--success=True--task=pick_up_the_black_bowl_on_the_cookie_box_and_place.mp4
09/17 [21:51:21] INFO     | >> Success: True              run_libero_eval.py:238
                 INFO     | >> # episodes completed so    run_libero_eval.py:238
                          far: 31                                               
                 INFO     | >> # successes: 28 (90.3%)    run_libero_eval.py:238

 10%|█         | 1/10 [00:08<01:14,  8.28s/it][A                 INFO     | >>                            run_libero_eval.py:238
                          Task: pick up the black bowl on                       
                          the cookie box and place it on                        
                          the plate                                             
                 INFO     | >> Starting episode 2...      run_libero_eval.py:238
                 INFO     | >> EPISODE_MANIFEST           run_libero_eval.py:238
                          {"env_seed": 2389088309,                              
                          "init_state_dtype": "float64",                        
                          "init_state_index": 16,                               
                          "init_state_sha256":                                  
                          "423931bf6a388befaa73aee6d7505d                       
                          928643429025cfd78629d28fd20fd85                       
                          227", "init_state_shape": [92],                       
                          "model_seed": 4215148904,                             
                          "protocol": "paired",                                 
                          "task_id": 3}                                         
huggingface/tokenizers: The current process just got forked, after parallelism has already been used. Disabling parallelism to avoid deadlocks...
To disable this warning, you can either:
	- Avoid using `tokenizers` before the fork if possible
	- Explicitly set the environment variable TOKENIZERS_PARALLELISM=(true | false)
Saved rollout MP4 at path ./rollouts/2026_09_17/2026_09_17-21_46_17--openvla_oft--episode=32--success=True--task=pick_up_the_black_bowl_on_the_cookie_box_and_place.mp4
09/17 [21:51:35] INFO     | >> Success: True              run_libero_eval.py:238
                 INFO     | >> # episodes completed so    run_libero_eval.py:238
                          far: 32                                               
                 INFO     | >> # successes: 29 (90.6%)    run_libero_eval.py:238

 20%|██        | 2/10 [00:21<01:30, 11.37s/it][A                 INFO     | >>                            run_libero_eval.py:238
                          Task: pick up the black bowl on                       
                          the cookie box and place it on                        
                          the plate                                             
                 INFO     | >> Starting episode 3...      run_libero_eval.py:238
                 INFO     | >> EPISODE_MANIFEST           run_libero_eval.py:238
                          {"env_seed": 483432697,                               
                          "init_state_dtype": "float64",                        
                          "init_state_index": 17,                               
                          "init_state_sha256":                                  
                          "afbd7079d975f031f72f9f86d4f9b0                       
                          546bb5aba956165e546a303aca82f6b                       
                          006", "init_state_shape": [92],                       
                          "model_seed": 2788686702,                             
                          "protocol": "paired",                                 
                          "task_id": 3}                                         
huggingface/tokenizers: The current process just got forked, after parallelism has already been used. Disabling parallelism to avoid deadlocks...
To disable this warning, you can either:
	- Avoid using `tokenizers` before the fork if possible
	- Explicitly set the environment variable TOKENIZERS_PARALLELISM=(true | false)
Saved rollout MP4 at path ./rollouts/2026_09_17/2026_09_17-21_46_17--openvla_oft--episode=33--success=True--task=pick_up_the_black_bowl_on_the_cookie_box_and_place.mp4
09/17 [21:51:43] INFO     | >> Success: True              run_libero_eval.py:238
                 INFO     | >> # episodes completed so    run_libero_eval.py:238
                          far: 33                                               
                 INFO     | >> # successes: 30 (90.9%)    run_libero_eval.py:238

 30%|███       | 3/10 [00:29<01:08,  9.84s/it][A                 INFO     | >>                            run_libero_eval.py:238
                          Task: pick up the black bowl on                       
                          the cookie box and place it on                        
                          the plate                                             
                 INFO     | >> Starting episode 4...      run_libero_eval.py:238
                 INFO     | >> EPISODE_MANIFEST           run_libero_eval.py:238
                          {"env_seed": 561897185,                               
                          "init_state_dtype": "float64",                        
                          "init_state_index": 18,                               
                          "init_state_sha256":                                  
                          "f8f9fc0451830fc655416dddfbe161                       
                          dd478fe1024e89da2515d3f11d5e324                       
                          d58", "init_state_shape": [92],                       
                          "model_seed": 857807918,                              
                          "protocol": "paired",                                 
                          "task_id": 3}                                         
huggingface/tokenizers: The current process just got forked, after parallelism has already been used. Disabling parallelism to avoid deadlocks...
To disable this warning, you can either:
	- Avoid using `tokenizers` before the fork if possible
	- Explicitly set the environment variable TOKENIZERS_PARALLELISM=(true | false)
Saved rollout MP4 at path ./rollouts/2026_09_17/2026_09_17-21_46_17--openvla_oft--episode=34--success=True--task=pick_up_the_black_bowl_on_the_cookie_box_and_place.mp4
09/17 [21:51:51] INFO     | >> Success: True              run_libero_eval.py:238
                 INFO     | >> # episodes completed so    run_libero_eval.py:238
                          far: 34                                               
                 INFO     | >> # successes: 31 (91.2%)    run_libero_eval.py:238

 40%|████      | 4/10 [00:38<00:55,  9.24s/it][A                 INFO     | >>                            run_libero_eval.py:238
                          Task: pick up the black bowl on                       
                          the cookie box and place it on                        
                          the plate                                             
                 INFO     | >> Starting episode 5...      run_libero_eval.py:238
                 INFO     | >> EPISODE_MANIFEST           run_libero_eval.py:238
                          {"env_seed": 3083610471,                              
                          "init_state_dtype": "float64",                        
                          "init_state_index": 19,                               
                          "init_state_sha256":                                  
                          "506d45d3efe3f6738675330af8d19d                       
                          16069ff0ddf8470ffad2306e592c3b4                       
                          8ed", "init_state_shape": [92],                       
                          "model_seed": 1368153207,                             
                          "protocol": "paired",                                 
                          "task_id": 3}                                         
huggingface/tokenizers: The current process just got forked, after parallelism has already been used. Disabling parallelism to avoid deadlocks...
To disable this warning, you can either:
	- Avoid using `tokenizers` before the fork if possible
	- Explicitly set the environment variable TOKENIZERS_PARALLELISM=(true | false)
Saved rollout MP4 at path ./rollouts/2026_09_17/2026_09_17-21_46_17--openvla_oft--episode=35--success=True--task=pick_up_the_black_bowl_on_the_cookie_box_and_place.mp4
09/17 [21:51:59] INFO     | >> Success: True              run_libero_eval.py:238
                 INFO     | >> # episodes completed so    run_libero_eval.py:238
                          far: 35                                               
                 INFO     | >> # successes: 32 (91.4%)    run_libero_eval.py:238

 50%|█████     | 5/10 [00:45<00:43,  8.73s/it][A                 INFO     | >>                            run_libero_eval.py:238
                          Task: pick up the black bowl on                       
                          the cookie box and place it on                        
                          the plate                                             
                 INFO     | >> Starting episode 6...      run_libero_eval.py:238
                 INFO     | >> EPISODE_MANIFEST           run_libero_eval.py:238
                          {"env_seed": 3228636619,                              
                          "init_state_dtype": "float64",                        
                          "init_state_index": 20,                               
                          "init_state_sha256":                                  
                          "f23e83808a0fc8511f8360b41b764c                       
                          eb71492223a8f646094087ed6a6241b                       
                          6e5", "init_state_shape": [92],                       
                          "model_seed": 2587966869,                             
                          "protocol": "paired",                                 
                          "task_id": 3}                                         
huggingface/tokenizers: The current process just got forked, after parallelism has already been used. Disabling parallelism to avoid deadlocks...
To disable this warning, you can either:
	- Avoid using `tokenizers` before the fork if possible
	- Explicitly set the environment variable TOKENIZERS_PARALLELISM=(true | false)
Saved rollout MP4 at path ./rollouts/2026_09_17/2026_09_17-21_46_17--openvla_oft--episode=36--success=True--task=pick_up_the_black_bowl_on_the_cookie_box_and_place.mp4
09/17 [21:52:07] INFO     | >> Success: True              run_libero_eval.py:238
                 INFO     | >> # episodes completed so    run_libero_eval.py:238
                          far: 36                                               
                 INFO     | >> # successes: 33 (91.7%)    run_libero_eval.py:238

 60%|██████    | 6/10 [00:54<00:34,  8.59s/it][A                 INFO     | >>                            run_libero_eval.py:238
                          Task: pick up the black bowl on                       
                          the cookie box and place it on                        
                          the plate                                             
                 INFO     | >> Starting episode 7...      run_libero_eval.py:238
                 INFO     | >> EPISODE_MANIFEST           run_libero_eval.py:238
                          {"env_seed": 2132391892,                              
                          "init_state_dtype": "float64",                        
                          "init_state_index": 21,                               
                          "init_state_sha256":                                  
                          "5a225f422e1c897f0f3cc086530d18                       
                          bf555b87916b9dc53511982099a452b                       
                          aa1", "init_state_shape": [92],                       
                          "model_seed": 2143382431,                             
                          "protocol": "paired",                                 
                          "task_id": 3}                                         
huggingface/tokenizers: The current process just got forked, after parallelism has already been used. Disabling parallelism to avoid deadlocks...
To disable this warning, you can either:
	- Avoid using `tokenizers` before the fork if possible
	- Explicitly set the environment variable TOKENIZERS_PARALLELISM=(true | false)
Saved rollout MP4 at path ./rollouts/2026_09_17/2026_09_17-21_46_17--openvla_oft--episode=37--success=True--task=pick_up_the_black_bowl_on_the_cookie_box_and_place.mp4
09/17 [21:52:15] INFO     | >> Success: True              run_libero_eval.py:238
                 INFO     | >> # episodes completed so    run_libero_eval.py:238
                          far: 37                                               
                 INFO     | >> # successes: 34 (91.9%)    run_libero_eval.py:238

 70%|███████   | 7/10 [01:02<00:25,  8.42s/it][A                 INFO     | >>                            run_libero_eval.py:238
                          Task: pick up the black bowl on                       
                          the cookie box and place it on                        
                          the plate                                             
                 INFO     | >> Starting episode 8...      run_libero_eval.py:238
                 INFO     | >> EPISODE_MANIFEST           run_libero_eval.py:238
                          {"env_seed": 404979242,                               
                          "init_state_dtype": "float64",                        
                          "init_state_index": 22,                               
                          "init_state_sha256":                                  
                          "23cbe8d139063c7a402eebde0cec2e                       
                          486ccb8cefd6ba08b0dc1fa55917ba7                       
                          9c0", "init_state_shape": [92],                       
                          "model_seed": 3900826560,                             
                          "protocol": "paired",                                 
                          "task_id": 3}                                         
huggingface/tokenizers: The current process just got forked, after parallelism has already been used. Disabling parallelism to avoid deadlocks...
To disable this warning, you can either:
	- Avoid using `tokenizers` before the fork if possible
	- Explicitly set the environment variable TOKENIZERS_PARALLELISM=(true | false)
Saved rollout MP4 at path ./rollouts/2026_09_17/2026_09_17-21_46_17--openvla_oft--episode=38--success=True--task=pick_up_the_black_bowl_on_the_cookie_box_and_place.mp4
09/17 [21:52:23] INFO     | >> Success: True              run_libero_eval.py:238
                 INFO     | >> # episodes completed so    run_libero_eval.py:238
                          far: 38                                               
                 INFO     | >> # successes: 35 (92.1%)    run_libero_eval.py:238

 80%|████████  | 8/10 [01:10<00:16,  8.27s/it][A                 INFO     | >>                            run_libero_eval.py:238
                          Task: pick up the black bowl on                       
                          the cookie box and place it on                        
                          the plate                                             
                 INFO     | >> Starting episode 9...      run_libero_eval.py:238
                 INFO     | >> EPISODE_MANIFEST           run_libero_eval.py:238
                          {"env_seed": 2656395681,                              
                          "init_state_dtype": "float64",                        
                          "init_state_index": 23,                               
                          "init_state_sha256":                                  
                          "fa88150e97cd146fb482f33b8d99e6                       
                          245ce3aa11a19719053a2de455235dc                       
                          62d", "init_state_shape": [92],                       
                          "model_seed": 27036578,                               
                          "protocol": "paired",                                 
                          "task_id": 3}                                         
huggingface/tokenizers: The current process just got forked, after parallelism has already been used. Disabling parallelism to avoid deadlocks...
To disable this warning, you can either:
	- Avoid using `tokenizers` before the fork if possible
	- Explicitly set the environment variable TOKENIZERS_PARALLELISM=(true | false)
Saved rollout MP4 at path ./rollouts/2026_09_17/2026_09_17-21_46_17--openvla_oft--episode=39--success=True--task=pick_up_the_black_bowl_on_the_cookie_box_and_place.mp4
09/17 [21:52:31] INFO     | >> Success: True              run_libero_eval.py:238
                 INFO     | >> # episodes completed so    run_libero_eval.py:238
                          far: 39                                               
                 INFO     | >> # successes: 36 (92.3%)    run_libero_eval.py:238

 90%|█████████ | 9/10 [01:18<00:08,  8.17s/it][A                 INFO     | >>                            run_libero_eval.py:238
                          Task: pick up the black bowl on                       
                          the cookie box and place it on                        
                          the plate                                             
                 INFO     | >> Starting episode 10...     run_libero_eval.py:238
                 INFO     | >> EPISODE_MANIFEST           run_libero_eval.py:238
                          {"env_seed": 1353353388,                              
                          "init_state_dtype": "float64",                        
                          "init_state_index": 24,                               
                          "init_state_sha256":                                  
                          "8f2f7a03f736dbd1696f28b14a1f1a                       
                          b8e06fef15a4be7ae925d975605c086                       
                          b68", "init_state_shape": [92],                       
                          "model_seed": 3820890312,                             
                          "protocol": "paired",                                 
                          "task_id": 3}                                         
huggingface/tokenizers: The current process just got forked, after parallelism has already been used. Disabling parallelism to avoid deadlocks...
To disable this warning, you can either:
	- Avoid using `tokenizers` before the fork if possible
	- Explicitly set the environment variable TOKENIZERS_PARALLELISM=(true | false)
Saved rollout MP4 at path ./rollouts/2026_09_17/2026_09_17-21_46_17--openvla_oft--episode=40--success=True--task=pick_up_the_black_bowl_on_the_cookie_box_and_place.mp4
09/17 [21:52:39] INFO     | >> Success: True              run_libero_eval.py:238
                 INFO     | >> # episodes completed so    run_libero_eval.py:238
                          far: 40                                               
                 INFO     | >> # successes: 37 (92.5%)    run_libero_eval.py:238

100%|██████████| 10/10 [01:26<00:00,  8.10s/it][A100%|██████████| 10/10 [01:26<00:00,  8.62s/it]
                 INFO     | >> Current task success rate: run_libero_eval.py:238
                          1.0                                                   
                 INFO     | >> Current total success      run_libero_eval.py:238
                          rate: 0.925                                           
 40%|████      | 4/10 [05:59<09:00, 90.06s/it]09/17 [21:52:40] INFO     | >> Using default initial      run_libero_eval.py:238
                          states                                                

  0%|          | 0/10 [00:00<?, ?it/s][A09/17 [21:52:42] INFO     | >>                            run_libero_eval.py:238
                          Task: pick up the black bowl in                       
                          the top drawer of the wooden                          
                          cabinet and place it on the                           
                          plate                                                 
                 INFO     | >> Starting episode 1...      run_libero_eval.py:238
                 INFO     | >> EPISODE_MANIFEST           run_libero_eval.py:238
                          {"env_seed": 592266451,                               
                          "init_state_dtype": "float64",                        
                          "init_state_index": 15,                               
                          "init_state_sha256":                                  
                          "cb5e701ddd05a14b73dade2a434b1c                       
                          e1bd338ce61091f2e5c21eef2af3c91                       
                          ce2", "init_state_shape": [92],                       
                          "model_seed": 3913061369,                             
                          "protocol": "paired",                                 
                          "task_id": 4}                                         
huggingface/tokenizers: The current process just got forked, after parallelism has already been used. Disabling parallelism to avoid deadlocks...
To disable this warning, you can either:
	- Avoid using `tokenizers` before the fork if possible
	- Explicitly set the environment variable TOKENIZERS_PARALLELISM=(true | false)
Saved rollout MP4 at path ./rollouts/2026_09_17/2026_09_17-21_46_17--openvla_oft--episode=41--success=True--task=pick_up_the_black_bowl_in_the_top_drawer_of_the_wo.mp4
09/17 [21:52:52] INFO     | >> Success: True              run_libero_eval.py:238
                 INFO     | >> # episodes completed so    run_libero_eval.py:238
                          far: 41                                               
                 INFO     | >> # successes: 38 (92.7%)    run_libero_eval.py:238

 10%|█         | 1/10 [00:09<01:24,  9.43s/it][A                 INFO     | >>                            run_libero_eval.py:238
                          Task: pick up the black bowl in                       
                          the top drawer of the wooden                          
                          cabinet and place it on the                           
                          plate                                                 
                 INFO     | >> Starting episode 2...      run_libero_eval.py:238
                 INFO     | >> EPISODE_MANIFEST           run_libero_eval.py:238
                          {"env_seed": 174463350,                               
                          "init_state_dtype": "float64",                        
                          "init_state_index": 16,                               
                          "init_state_sha256":                                  
                          "2fd6bf6a9d7196b0c22521e814d899                       
                          83b55b5ee584b68a3de0ca6ff4659cf                       
                          aba", "init_state_shape": [92],                       
                          "model_seed": 2608786554,                             
                          "protocol": "paired",                                 
                          "task_id": 4}                                         
huggingface/tokenizers: The current process just got forked, after parallelism has already been used. Disabling parallelism to avoid deadlocks...
To disable this warning, you can either:
	- Avoid using `tokenizers` before the fork if possible
	- Explicitly set the environment variable TOKENIZERS_PARALLELISM=(true | false)
Saved rollout MP4 at path ./rollouts/2026_09_17/2026_09_17-21_46_17--openvla_oft--episode=42--success=True--task=pick_up_the_black_bowl_in_the_top_drawer_of_the_wo.mp4
09/17 [21:53:02] INFO     | >> Success: True              run_libero_eval.py:238
                 INFO     | >> # episodes completed so    run_libero_eval.py:238
                          far: 42                                               
                 INFO     | >> # successes: 39 (92.9%)    run_libero_eval.py:238

 20%|██        | 2/10 [00:19<01:16,  9.57s/it][A                 INFO     | >>                            run_libero_eval.py:238
                          Task: pick up the black bowl in                       
                          the top drawer of the wooden                          
                          cabinet and place it on the                           
                          plate                                                 
                 INFO     | >> Starting episode 3...      run_libero_eval.py:238
                 INFO     | >> EPISODE_MANIFEST           run_libero_eval.py:238
                          {"env_seed": 952382972,                               
                          "init_state_dtype": "float64",                        
                          "init_state_index": 17,                               
                          "init_state_sha256":                                  
                          "f5d465f187549523ee7aaedba70bf6                       
                          427cc717feb1cdc5beffdb576b406b6                       
                          ead", "init_state_shape": [92],                       
                          "model_seed": 2666651633,                             
                          "protocol": "paired",                                 
                          "task_id": 4}                                         
huggingface/tokenizers: The current process just got forked, after parallelism has already been used. Disabling parallelism to avoid deadlocks...
To disable this warning, you can either:
	- Avoid using `tokenizers` before the fork if possible
	- Explicitly set the environment variable TOKENIZERS_PARALLELISM=(true | false)
Saved rollout MP4 at path ./rollouts/2026_09_17/2026_09_17-21_46_17--openvla_oft--episode=43--success=True--task=pick_up_the_black_bowl_in_the_top_drawer_of_the_wo.mp4
09/17 [21:53:11] INFO     | >> Success: True              run_libero_eval.py:238
                 INFO     | >> # episodes completed so    run_libero_eval.py:238
                          far: 43                                               
                 INFO     | >> # successes: 40 (93.0%)    run_libero_eval.py:238

 30%|███       | 3/10 [00:28<01:07,  9.59s/it][A                 INFO     | >>                            run_libero_eval.py:238
                          Task: pick up the black bowl in                       
                          the top drawer of the wooden                          
                          cabinet and place it on the                           
                          plate                                                 
                 INFO     | >> Starting episode 4...      run_libero_eval.py:238
                 INFO     | >> EPISODE_MANIFEST           run_libero_eval.py:238
                          {"env_seed": 597217658,                               
                          "init_state_dtype": "float64",                        
                          "init_state_index": 18,                               
                          "init_state_sha256":                                  
                          "aa414e9c1b365ba49f5754f04a6d22                       
                          fe76579e537cc0532defd2b143c8162                       
                          449", "init_state_shape": [92],                       
                          "model_seed": 4232163839,                             
                          "protocol": "paired",                                 
                          "task_id": 4}                                         
huggingface/tokenizers: The current process just got forked, after parallelism has already been used. Disabling parallelism to avoid deadlocks...
To disable this warning, you can either:
	- Avoid using `tokenizers` before the fork if possible
	- Explicitly set the environment variable TOKENIZERS_PARALLELISM=(true | false)
Saved rollout MP4 at path ./rollouts/2026_09_17/2026_09_17-21_46_17--openvla_oft--episode=44--success=True--task=pick_up_the_black_bowl_in_the_top_drawer_of_the_wo.mp4
09/17 [21:53:21] INFO     | >> Success: True              run_libero_eval.py:238
                 INFO     | >> # episodes completed so    run_libero_eval.py:238
                          far: 44                                               
                 INFO     | >> # successes: 41 (93.2%)    run_libero_eval.py:238

 40%|████      | 4/10 [00:38<00:57,  9.55s/it][A                 INFO     | >>                            run_libero_eval.py:238
                          Task: pick up the black bowl in                       
                          the top drawer of the wooden                          
                          cabinet and place it on the                           
                          plate                                                 
                 INFO     | >> Starting episode 5...      run_libero_eval.py:238
                 INFO     | >> EPISODE_MANIFEST           run_libero_eval.py:238
                          {"env_seed": 1378792430,                              
                          "init_state_dtype": "float64",                        
                          "init_state_index": 19,                               
                          "init_state_sha256":                                  
                          "c3c1ec2925956850aa3e3a52f63f7b                       
                          6887c58e2e6cd4900bb07100abe491a                       
                          044", "init_state_shape": [92],                       
                          "model_seed": 2353055044,                             
                          "protocol": "paired",                                 
                          "task_id": 4}                                         
huggingface/tokenizers: The current process just got forked, after parallelism has already been used. Disabling parallelism to avoid deadlocks...
To disable this warning, you can either:
	- Avoid using `tokenizers` before the fork if possible
	- Explicitly set the environment variable TOKENIZERS_PARALLELISM=(true | false)
Saved rollout MP4 at path ./rollouts/2026_09_17/2026_09_17-21_46_17--openvla_oft--episode=45--success=True--task=pick_up_the_black_bowl_in_the_top_drawer_of_the_wo.mp4
09/17 [21:53:30] INFO     | >> Success: True              run_libero_eval.py:238
                 INFO     | >> # episodes completed so    run_libero_eval.py:238
                          far: 45                                               
                 INFO     | >> # successes: 42 (93.3%)    run_libero_eval.py:238

 50%|█████     | 5/10 [00:47<00:48,  9.61s/it][A                 INFO     | >>                            run_libero_eval.py:238
                          Task: pick up the black bowl in                       
                          the top drawer of the wooden                          
                          cabinet and place it on the                           
                          plate                                                 
                 INFO     | >> Starting episode 6...      run_libero_eval.py:238
                 INFO     | >> EPISODE_MANIFEST           run_libero_eval.py:238
                          {"env_seed": 920887174,                               
                          "init_state_dtype": "float64",                        
                          "init_state_index": 20,                               
                          "init_state_sha256":                                  
                          "ab224edee886b131234e99a0f36802                       
                          6164c95d0cf66b86e2b8e5d57f4752f                       
                          d0c", "init_state_shape": [92],                       
                          "model_seed": 1670908685,                             
                          "protocol": "paired",                                 
                          "task_id": 4}                                         
huggingface/tokenizers: The current process just got forked, after parallelism has already been used. Disabling parallelism to avoid deadlocks...
To disable this warning, you can either:
	- Avoid using `tokenizers` before the fork if possible
	- Explicitly set the environment variable TOKENIZERS_PARALLELISM=(true | false)
Saved rollout MP4 at path ./rollouts/2026_09_17/2026_09_17-21_46_17--openvla_oft--episode=46--success=True--task=pick_up_the_black_bowl_in_the_top_drawer_of_the_wo.mp4
09/17 [21:53:40] INFO     | >> Success: True              run_libero_eval.py:238
                 INFO     | >> # episodes completed so    run_libero_eval.py:238
                          far: 46                                               
                 INFO     | >> # successes: 43 (93.5%)    run_libero_eval.py:238

 60%|██████    | 6/10 [00:57<00:38,  9.61s/it][A                 INFO     | >>                            run_libero_eval.py:238
                          Task: pick up the black bowl in                       
                          the top drawer of the wooden                          
                          cabinet and place it on the                           
                          plate                                                 
                 INFO     | >> Starting episode 7...      run_libero_eval.py:238
                 INFO     | >> EPISODE_MANIFEST           run_libero_eval.py:238
                          {"env_seed": 3430711781,                              
                          "init_state_dtype": "float64",                        
                          "init_state_index": 21,                               
                          "init_state_sha256":                                  
                          "a1cf613529a200d3bb91c110552437                       
                          fd8ca22808593bf4ac3474e3c045b97                       
                          2f9", "init_state_shape": [92],                       
                          "model_seed": 1335719344,                             
                          "protocol": "paired",                                 
                          "task_id": 4}                                         
huggingface/tokenizers: The current process just got forked, after parallelism has already been used. Disabling parallelism to avoid deadlocks...
To disable this warning, you can either:
	- Avoid using `tokenizers` before the fork if possible
	- Explicitly set the environment variable TOKENIZERS_PARALLELISM=(true | false)
Saved rollout MP4 at path ./rollouts/2026_09_17/2026_09_17-21_46_17--openvla_oft--episode=47--success=True--task=pick_up_the_black_bowl_in_the_top_drawer_of_the_wo.mp4
09/17 [21:53:50] INFO     | >> Success: True              run_libero_eval.py:238
                 INFO     | >> # episodes completed so    run_libero_eval.py:238
                          far: 47                                               
                 INFO     | >> # successes: 44 (93.6%)    run_libero_eval.py:238

 70%|███████   | 7/10 [01:07<00:28,  9.62s/it][A                 INFO     | >>                            run_libero_eval.py:238
                          Task: pick up the black bowl in                       
                          the top drawer of the wooden                          
                          cabinet and place it on the                           
                          plate                                                 
                 INFO     | >> Starting episode 8...      run_libero_eval.py:238
                 INFO     | >> EPISODE_MANIFEST           run_libero_eval.py:238
                          {"env_seed": 2566227889,                              
                          "init_state_dtype": "float64",                        
                          "init_state_index": 22,                               
                          "init_state_sha256":                                  
                          "186efc26523a1312fad0cace8e20b3                       
                          62c572b5ea898249e5414147fe57593                       
                          fe7", "init_state_shape": [92],                       
                          "model_seed": 3568216841,                             
                          "protocol": "paired",                                 
                          "task_id": 4}                                         
huggingface/tokenizers: The current process just got forked, after parallelism has already been used. Disabling parallelism to avoid deadlocks...
To disable this warning, you can either:
	- Avoid using `tokenizers` before the fork if possible
	- Explicitly set the environment variable TOKENIZERS_PARALLELISM=(true | false)
Saved rollout MP4 at path ./rollouts/2026_09_17/2026_09_17-21_46_17--openvla_oft--episode=48--success=True--task=pick_up_the_black_bowl_in_the_top_drawer_of_the_wo.mp4
09/17 [21:53:59] INFO     | >> Success: True              run_libero_eval.py:238
                 INFO     | >> # episodes completed so    run_libero_eval.py:238
                          far: 48                                               
                 INFO     | >> # successes: 45 (93.8%)    run_libero_eval.py:238

 80%|████████  | 8/10 [01:17<00:19,  9.69s/it][A                 INFO     | >>                            run_libero_eval.py:238
                          Task: pick up the black bowl in                       
                          the top drawer of the wooden                          
                          cabinet and place it on the                           
                          plate                                                 
                 INFO     | >> Starting episode 9...      run_libero_eval.py:238
                 INFO     | >> EPISODE_MANIFEST           run_libero_eval.py:238
                          {"env_seed": 1610053798,                              
                          "init_state_dtype": "float64",                        
                          "init_state_index": 23,                               
                          "init_state_sha256":                                  
                          "a908a6adf34b19db8ca2aadf44af35                       
                          f23b19800ecc295882d55df41d51b3b                       
                          9a0", "init_state_shape": [92],                       
                          "model_seed": 1283900926,                             
                          "protocol": "paired",                                 
                          "task_id": 4}                                         
huggingface/tokenizers: The current process just got forked, after parallelism has already been used. Disabling parallelism to avoid deadlocks...
To disable this warning, you can either:
	- Avoid using `tokenizers` before the fork if possible
	- Explicitly set the environment variable TOKENIZERS_PARALLELISM=(true | false)
Saved rollout MP4 at path ./rollouts/2026_09_17/2026_09_17-21_46_17--openvla_oft--episode=49--success=True--task=pick_up_the_black_bowl_in_the_top_drawer_of_the_wo.mp4
09/17 [21:54:09] INFO     | >> Success: True              run_libero_eval.py:238
                 INFO     | >> # episodes completed so    run_libero_eval.py:238
                          far: 49                                               
                 INFO     | >> # successes: 46 (93.9%)    run_libero_eval.py:238

 90%|█████████ | 9/10 [01:26<00:09,  9.66s/it][A                 INFO     | >>                            run_libero_eval.py:238
                          Task: pick up the black bowl in                       
                          the top drawer of the wooden                          
                          cabinet and place it on the                           
                          plate                                                 
                 INFO     | >> Starting episode 10...     run_libero_eval.py:238
                 INFO     | >> EPISODE_MANIFEST           run_libero_eval.py:238
                          {"env_seed": 4102214031,                              
                          "init_state_dtype": "float64",                        
                          "init_state_index": 24,                               
                          "init_state_sha256":                                  
                          "beaa5adbb4f8eb5f1f7ac237eeffd5                       
                          d8080fbf29ccefdd280b3a85edb7ebb                       
                          4a8", "init_state_shape": [92],                       
                          "model_seed": 2088329899,                             
                          "protocol": "paired",                                 
                          "task_id": 4}                                         
huggingface/tokenizers: The current process just got forked, after parallelism has already been used. Disabling parallelism to avoid deadlocks...
To disable this warning, you can either:
	- Avoid using `tokenizers` before the fork if possible
	- Explicitly set the environment variable TOKENIZERS_PARALLELISM=(true | false)
Saved rollout MP4 at path ./rollouts/2026_09_17/2026_09_17-21_46_17--openvla_oft--episode=50--success=True--task=pick_up_the_black_bowl_in_the_top_drawer_of_the_wo.mp4
09/17 [21:54:19] INFO     | >> Success: True              run_libero_eval.py:238
                 INFO     | >> # episodes completed so    run_libero_eval.py:238
                          far: 50                                               
                 INFO     | >> # successes: 47 (94.0%)    run_libero_eval.py:238

100%|██████████| 10/10 [01:36<00:00,  9.67s/it][A100%|██████████| 10/10 [01:36<00:00,  9.63s/it]
                 INFO     | >> Current task success rate: run_libero_eval.py:238
                          1.0                                                   
                 INFO     | >> Current total success      run_libero_eval.py:238
                          rate: 0.94                                            
 50%|█████     | 5/10 [07:38<07:47, 93.45s/it]                 INFO     | >> Using default initial      run_libero_eval.py:238
                          states                                                

  0%|          | 0/10 [00:00<?, ?it/s][A09/17 [21:54:22] INFO     | >>                            run_libero_eval.py:238
                          Task: pick up the black bowl on                       
                          the ramekin and place it on the                       
                          plate                                                 
                 INFO     | >> Starting episode 1...      run_libero_eval.py:238
                 INFO     | >> EPISODE_MANIFEST           run_libero_eval.py:238
                          {"env_seed": 3020995234,                              
                          "init_state_dtype": "float64",                        
                          "init_state_index": 15,                               
                          "init_state_sha256":                                  
                          "a4deab6566eeb86430ab9f1e5f4f81                       
                          67ab666fecaf318188b9ce5f5d15999                       
                          921", "init_state_shape": [92],                       
                          "model_seed": 1559526597,                             
                          "protocol": "paired",                                 
                          "task_id": 5}                                         
huggingface/tokenizers: The current process just got forked, after parallelism has already been used. Disabling parallelism to avoid deadlocks...
To disable this warning, you can either:
	- Avoid using `tokenizers` before the fork if possible
	- Explicitly set the environment variable TOKENIZERS_PARALLELISM=(true | false)
Saved rollout MP4 at path ./rollouts/2026_09_17/2026_09_17-21_46_17--openvla_oft--episode=51--success=True--task=pick_up_the_black_bowl_on_the_ramekin_and_place_it.mp4
09/17 [21:54:30] INFO     | >> Success: True              run_libero_eval.py:238
                 INFO     | >> # episodes completed so    run_libero_eval.py:238
                          far: 51                                               
                 INFO     | >> # successes: 48 (94.1%)    run_libero_eval.py:238

 10%|█         | 1/10 [00:08<01:14,  8.30s/it][A                 INFO     | >>                            run_libero_eval.py:238
                          Task: pick up the black bowl on                       
                          the ramekin and place it on the                       
                          plate                                                 
                 INFO     | >> Starting episode 2...      run_libero_eval.py:238
                 INFO     | >> EPISODE_MANIFEST           run_libero_eval.py:238
                          {"env_seed": 348540942,                               
                          "init_state_dtype": "float64",                        
                          "init_state_index": 16,                               
                          "init_state_sha256":                                  
                          "7230223d3b36c289be0dc4cfbfe916                       
                          bfe65e2b20c4755b123504b97f9db19                       
                          e76", "init_state_shape": [92],                       
                          "model_seed": 571957621,                              
                          "protocol": "paired",                                 
                          "task_id": 5}                                         
huggingface/tokenizers: The current process just got forked, after parallelism has already been used. Disabling parallelism to avoid deadlocks...
To disable this warning, you can either:
	- Avoid using `tokenizers` before the fork if possible
	- Explicitly set the environment variable TOKENIZERS_PARALLELISM=(true | false)
Saved rollout MP4 at path ./rollouts/2026_09_17/2026_09_17-21_46_17--openvla_oft--episode=52--success=True--task=pick_up_the_black_bowl_on_the_ramekin_and_place_it.mp4
09/17 [21:54:38] INFO     | >> Success: True              run_libero_eval.py:238
                 INFO     | >> # episodes completed so    run_libero_eval.py:238
                          far: 52                                               
                 INFO     | >> # successes: 49 (94.2%)    run_libero_eval.py:238

 20%|██        | 2/10 [00:16<01:05,  8.21s/it][A                 INFO     | >>                            run_libero_eval.py:238
                          Task: pick up the black bowl on                       
                          the ramekin and place it on the                       
                          plate                                                 
                 INFO     | >> Starting episode 3...      run_libero_eval.py:238
                 INFO     | >> EPISODE_MANIFEST           run_libero_eval.py:238
                          {"env_seed": 2006356597,                              
                          "init_state_dtype": "float64",                        
                          "init_state_index": 17,                               
                          "init_state_sha256":                                  
                          "6fd8ad771d6691f57d4512a8036552                       
                          c7b7f13cc92730d96e1fe04cf10f19f                       
                          622", "init_state_shape": [92],                       
                          "model_seed": 359235110,                              
                          "protocol": "paired",                                 
                          "task_id": 5}                                         
huggingface/tokenizers: The current process just got forked, after parallelism has already been used. Disabling parallelism to avoid deadlocks...
To disable this warning, you can either:
	- Avoid using `tokenizers` before the fork if possible
	- Explicitly set the environment variable TOKENIZERS_PARALLELISM=(true | false)
Saved rollout MP4 at path ./rollouts/2026_09_17/2026_09_17-21_46_17--openvla_oft--episode=53--success=True--task=pick_up_the_black_bowl_on_the_ramekin_and_place_it.mp4
09/17 [21:54:46] INFO     | >> Success: True              run_libero_eval.py:238
                 INFO     | >> # episodes completed so    run_libero_eval.py:238
                          far: 53                                               
                 INFO     | >> # successes: 50 (94.3%)    run_libero_eval.py:238

 30%|███       | 3/10 [00:24<00:56,  8.10s/it][A                 INFO     | >>                            run_libero_eval.py:238
                          Task: pick up the black bowl on                       
                          the ramekin and place it on the                       
                          plate                                                 
                 INFO     | >> Starting episode 4...      run_libero_eval.py:238
                 INFO     | >> EPISODE_MANIFEST           run_libero_eval.py:238
                          {"env_seed": 1929182354,                              
                          "init_state_dtype": "float64",                        
                          "init_state_index": 18,                               
                          "init_state_sha256":                                  
                          "bae20d83cc8f5698c74606627590ca                       
                          7a468ddfcefb40d2b14e88f856ead59                       
                          dac", "init_state_shape": [92],                       
                          "model_seed": 133738021,                              
                          "protocol": "paired",                                 
                          "task_id": 5}                                         
huggingface/tokenizers: The current process just got forked, after parallelism has already been used. Disabling parallelism to avoid deadlocks...
To disable this warning, you can either:
	- Avoid using `tokenizers` before the fork if possible
	- Explicitly set the environment variable TOKENIZERS_PARALLELISM=(true | false)
Saved rollout MP4 at path ./rollouts/2026_09_17/2026_09_17-21_46_17--openvla_oft--episode=54--success=True--task=pick_up_the_black_bowl_on_the_ramekin_and_place_it.mp4
09/17 [21:54:54] INFO     | >> Success: True              run_libero_eval.py:238
                 INFO     | >> # episodes completed so    run_libero_eval.py:238
                          far: 54                                               
                 INFO     | >> # successes: 51 (94.4%)    run_libero_eval.py:238

 40%|████      | 4/10 [00:32<00:48,  8.03s/it][A                 INFO     | >>                            run_libero_eval.py:238
                          Task: pick up the black bowl on                       
                          the ramekin and place it on the                       
                          plate                                                 
                 INFO     | >> Starting episode 5...      run_libero_eval.py:238
                 INFO     | >> EPISODE_MANIFEST           run_libero_eval.py:238
                          {"env_seed": 1473662895,                              
                          "init_state_dtype": "float64",                        
                          "init_state_index": 19,                               
                          "init_state_sha256":                                  
                          "abdc5421f4dbbe198b856e56c8808b                       
                          b94de1984fbc206990666daac8c48b9                       
                          4f9", "init_state_shape": [92],                       
                          "model_seed": 4203872880,                             
                          "protocol": "paired",                                 
                          "task_id": 5}                                         
huggingface/tokenizers: The current process just got forked, after parallelism has already been used. Disabling parallelism to avoid deadlocks...
To disable this warning, you can either:
	- Avoid using `tokenizers` before the fork if possible
	- Explicitly set the environment variable TOKENIZERS_PARALLELISM=(true | false)
Saved rollout MP4 at path ./rollouts/2026_09_17/2026_09_17-21_46_17--openvla_oft--episode=55--success=True--task=pick_up_the_black_bowl_on_the_ramekin_and_place_it.mp4
09/17 [21:55:03] INFO     | >> Success: True              run_libero_eval.py:238
                 INFO     | >> # episodes completed so    run_libero_eval.py:238
                          far: 55                                               
                 INFO     | >> # successes: 52 (94.5%)    run_libero_eval.py:238

 50%|█████     | 5/10 [00:40<00:40,  8.13s/it][A                 INFO     | >>                            run_libero_eval.py:238
                          Task: pick up the black bowl on                       
                          the ramekin and place it on the                       
                          plate                                                 
                 INFO     | >> Starting episode 6...      run_libero_eval.py:238
                 INFO     | >> EPISODE_MANIFEST           run_libero_eval.py:238
                          {"env_seed": 19764613,                                
                          "init_state_dtype": "float64",                        
                          "init_state_index": 20,                               
                          "init_state_sha256":                                  
                          "7a3297ec1b170ec45b15af3de0e9ea                       
                          7980bc479cc017842d7e5d66b3362b2                       
                          134", "init_state_shape": [92],                       
                          "model_seed": 1213222342,                             
                          "protocol": "paired",                                 
                          "task_id": 5}                                         
huggingface/tokenizers: The current process just got forked, after parallelism has already been used. Disabling parallelism to avoid deadlocks...
To disable this warning, you can either:
	- Avoid using `tokenizers` before the fork if possible
	- Explicitly set the environment variable TOKENIZERS_PARALLELISM=(true | false)
Saved rollout MP4 at path ./rollouts/2026_09_17/2026_09_17-21_46_17--openvla_oft--episode=56--success=True--task=pick_up_the_black_bowl_on_the_ramekin_and_place_it.mp4
09/17 [21:55:11] INFO     | >> Success: True              run_libero_eval.py:238
                 INFO     | >> # episodes completed so    run_libero_eval.py:238
                          far: 56                                               
                 INFO     | >> # successes: 53 (94.6%)    run_libero_eval.py:238

 60%|██████    | 6/10 [00:48<00:32,  8.16s/it][A                 INFO     | >>                            run_libero_eval.py:238
                          Task: pick up the black bowl on                       
                          the ramekin and place it on the                       
                          plate                                                 
                 INFO     | >> Starting episode 7...      run_libero_eval.py:238
                 INFO     | >> EPISODE_MANIFEST           run_libero_eval.py:238
                          {"env_seed": 2462779054,                              
                          "init_state_dtype": "float64",                        
                          "init_state_index": 21,                               
                          "init_state_sha256":                                  
                          "87f12a540d751c063931039d6c6671                       
                          70d2175b401711b1dafd44f04a4cce3                       
                          7fb", "init_state_shape": [92],                       
                          "model_seed": 2794476500,                             
                          "protocol": "paired",                                 
                          "task_id": 5}                                         
huggingface/tokenizers: The current process just got forked, after parallelism has already been used. Disabling parallelism to avoid deadlocks...
To disable this warning, you can either:
	- Avoid using `tokenizers` before the fork if possible
	- Explicitly set the environment variable TOKENIZERS_PARALLELISM=(true | false)
Saved rollout MP4 at path ./rollouts/2026_09_17/2026_09_17-21_46_17--openvla_oft--episode=57--success=False--task=pick_up_the_black_bowl_on_the_ramekin_and_place_it.mp4
09/17 [21:55:26] INFO     | >> Success: False             run_libero_eval.py:238
                 INFO     | >> # episodes completed so    run_libero_eval.py:238
                          far: 57                                               
                 INFO     | >> # successes: 53 (93.0%)    run_libero_eval.py:238

 70%|███████   | 7/10 [01:03<00:31, 10.41s/it][A                 INFO     | >>                            run_libero_eval.py:238
                          Task: pick up the black bowl on                       
                          the ramekin and place it on the                       
                          plate                                                 
                 INFO     | >> Starting episode 8...      run_libero_eval.py:238
                 INFO     | >> EPISODE_MANIFEST           run_libero_eval.py:238
                          {"env_seed": 3667193238,                              
                          "init_state_dtype": "float64",                        
                          "init_state_index": 22,                               
                          "init_state_sha256":                                  
                          "ee8e4157331954c562a92ace1d7af5                       
                          1fb0099876a4eaa5ff8926374864c81                       
                          64f", "init_state_shape": [92],                       
                          "model_seed": 3630998236,                             
                          "protocol": "paired",                                 
                          "task_id": 5}                                         
huggingface/tokenizers: The current process just got forked, after parallelism has already been used. Disabling parallelism to avoid deadlocks...
To disable this warning, you can either:
	- Avoid using `tokenizers` before the fork if possible
	- Explicitly set the environment variable TOKENIZERS_PARALLELISM=(true | false)
Saved rollout MP4 at path ./rollouts/2026_09_17/2026_09_17-21_46_17--openvla_oft--episode=58--success=False--task=pick_up_the_black_bowl_on_the_ramekin_and_place_it.mp4
09/17 [21:55:40] INFO     | >> Success: False             run_libero_eval.py:238
                 INFO     | >> # episodes completed so    run_libero_eval.py:238
                          far: 58                                               
                 INFO     | >> # successes: 53 (91.4%)    run_libero_eval.py:238

 80%|████████  | 8/10 [01:18<00:23, 11.69s/it][A                 INFO     | >>                            run_libero_eval.py:238
                          Task: pick up the black bowl on                       
                          the ramekin and place it on the                       
                          plate                                                 
                 INFO     | >> Starting episode 9...      run_libero_eval.py:238
                 INFO     | >> EPISODE_MANIFEST           run_libero_eval.py:238
                          {"env_seed": 1405764916,                              
                          "init_state_dtype": "float64",                        
                          "init_state_index": 23,                               
                          "init_state_sha256":                                  
                          "bbef69f5116f7dfa488cfd39df356f                       
                          328a5ba440318fcbbaf9e3ae64a27fe                       
                          76f", "init_state_shape": [92],                       
                          "model_seed": 2128370540,                             
                          "protocol": "paired",                                 
                          "task_id": 5}                                         
huggingface/tokenizers: The current process just got forked, after parallelism has already been used. Disabling parallelism to avoid deadlocks...
To disable this warning, you can either:
	- Avoid using `tokenizers` before the fork if possible
	- Explicitly set the environment variable TOKENIZERS_PARALLELISM=(true | false)
Saved rollout MP4 at path ./rollouts/2026_09_17/2026_09_17-21_46_17--openvla_oft--episode=59--success=False--task=pick_up_the_black_bowl_on_the_ramekin_and_place_it.mp4
09/17 [21:55:55] INFO     | >> Success: False             run_libero_eval.py:238
                 INFO     | >> # episodes completed so    run_libero_eval.py:238
                          far: 59                                               
                 INFO     | >> # successes: 53 (89.8%)    run_libero_eval.py:238

 90%|█████████ | 9/10 [01:33<00:12, 12.76s/it][A                 INFO     | >>                            run_libero_eval.py:238
                          Task: pick up the black bowl on                       
                          the ramekin and place it on the                       
                          plate                                                 
                 INFO     | >> Starting episode 10...     run_libero_eval.py:238
                 INFO     | >> EPISODE_MANIFEST           run_libero_eval.py:238
                          {"env_seed": 3350552169,                              
                          "init_state_dtype": "float64",                        
                          "init_state_index": 24,                               
                          "init_state_sha256":                                  
                          "8999f5cec79ff0e9ea8952dd394f2d                       
                          21a9f8b9f2243f389090d970761ba50                       
                          0ce", "init_state_shape": [92],                       
                          "model_seed": 482868109,                              
                          "protocol": "paired",                                 
                          "task_id": 5}                                         
huggingface/tokenizers: The current process just got forked, after parallelism has already been used. Disabling parallelism to avoid deadlocks...
To disable this warning, you can either:
	- Avoid using `tokenizers` before the fork if possible
	- Explicitly set the environment variable TOKENIZERS_PARALLELISM=(true | false)
Saved rollout MP4 at path ./rollouts/2026_09_17/2026_09_17-21_46_17--openvla_oft--episode=60--success=True--task=pick_up_the_black_bowl_on_the_ramekin_and_place_it.mp4
09/17 [21:56:04] INFO     | >> Success: True              run_libero_eval.py:238
                 INFO     | >> # episodes completed so    run_libero_eval.py:238
                          far: 60                                               
                 INFO     | >> # successes: 54 (90.0%)    run_libero_eval.py:238

100%|██████████| 10/10 [01:41<00:00, 11.34s/it][A100%|██████████| 10/10 [01:41<00:00, 10.16s/it]
                 INFO     | >> Current task success rate: run_libero_eval.py:238
                          0.7                                                   
                 INFO     | >> Current total success      run_libero_eval.py:238
                          rate: 0.9                                             
 60%|██████    | 6/10 [09:23<06:29, 97.31s/it]                 INFO     | >> Using default initial      run_libero_eval.py:238
                          states                                                

  0%|          | 0/10 [00:00<?, ?it/s][A09/17 [21:56:07] INFO     | >>                            run_libero_eval.py:238
                          Task: pick up the black bowl                          
                          next to the cookie box and                            
                          place it on the plate                                 
                 INFO     | >> Starting episode 1...      run_libero_eval.py:238
                 INFO     | >> EPISODE_MANIFEST           run_libero_eval.py:238
                          {"env_seed": 1695376014,                              
                          "init_state_dtype": "float64",                        
                          "init_state_index": 15,                               
                          "init_state_sha256":                                  
                          "5ac177ae8b3d5faae0f96018f1a10c                       
                          896aa28c50cf164f892a63ace956e84                       
                          d67", "init_state_shape": [92],                       
                          "model_seed": 1779348709,                             
                          "protocol": "paired",                                 
                          "task_id": 6}                                         
huggingface/tokenizers: The current process just got forked, after parallelism has already been used. Disabling parallelism to avoid deadlocks...
To disable this warning, you can either:
	- Avoid using `tokenizers` before the fork if possible
	- Explicitly set the environment variable TOKENIZERS_PARALLELISM=(true | false)
Saved rollout MP4 at path ./rollouts/2026_09_17/2026_09_17-21_46_17--openvla_oft--episode=61--success=True--task=pick_up_the_black_bowl_next_to_the_cookie_box_and_.mp4
09/17 [21:56:16] INFO     | >> Success: True              run_libero_eval.py:238
                 INFO     | >> # episodes completed so    run_libero_eval.py:238
                          far: 61                                               
                 INFO     | >> # successes: 55 (90.2%)    run_libero_eval.py:238

 10%|█         | 1/10 [00:09<01:22,  9.14s/it][A                 INFO     | >>                            run_libero_eval.py:238
                          Task: pick up the black bowl                          
                          next to the cookie box and                            
                          place it on the plate                                 
                 INFO     | >> Starting episode 2...      run_libero_eval.py:238
                 INFO     | >> EPISODE_MANIFEST           run_libero_eval.py:238
                          {"env_seed": 387923774,                               
                          "init_state_dtype": "float64",                        
                          "init_state_index": 16,                               
                          "init_state_sha256":                                  
                          "2d63eeddc4973f63b27ea3eedb94ae                       
                          b27091ca0ffca689f19f33f469304ff                       
                          547", "init_state_shape": [92],                       
                          "model_seed": 2192902544,                             
                          "protocol": "paired",                                 
                          "task_id": 6}                                         
huggingface/tokenizers: The current process just got forked, after parallelism has already been used. Disabling parallelism to avoid deadlocks...
To disable this warning, you can either:
	- Avoid using `tokenizers` before the fork if possible
	- Explicitly set the environment variable TOKENIZERS_PARALLELISM=(true | false)
Saved rollout MP4 at path ./rollouts/2026_09_17/2026_09_17-21_46_17--openvla_oft--episode=62--success=True--task=pick_up_the_black_bowl_next_to_the_cookie_box_and_.mp4
09/17 [21:56:25] INFO     | >> Success: True              run_libero_eval.py:238
                 INFO     | >> # episodes completed so    run_libero_eval.py:238
                          far: 62                                               
                 INFO     | >> # successes: 56 (90.3%)    run_libero_eval.py:238

 20%|██        | 2/10 [00:17<01:10,  8.83s/it][A                 INFO     | >>                            run_libero_eval.py:238
                          Task: pick up the black bowl                          
                          next to the cookie box and                            
                          place it on the plate                                 
                 INFO     | >> Starting episode 3...      run_libero_eval.py:238
                 INFO     | >> EPISODE_MANIFEST           run_libero_eval.py:238
                          {"env_seed": 1763420194,                              
                          "init_state_dtype": "float64",                        
                          "init_state_index": 17,                               
                          "init_state_sha256":                                  
                          "cc6c84732e3358311f9cfb008badb2                       
                          e680c95edae0258090dc72ca95c7ecc                       
                          6d8", "init_state_shape": [92],                       
                          "model_seed": 140198152,                              
                          "protocol": "paired",                                 
                          "task_id": 6}                                         
huggingface/tokenizers: The current process just got forked, after parallelism has already been used. Disabling parallelism to avoid deadlocks...
To disable this warning, you can either:
	- Avoid using `tokenizers` before the fork if possible
	- Explicitly set the environment variable TOKENIZERS_PARALLELISM=(true | false)
Saved rollout MP4 at path ./rollouts/2026_09_17/2026_09_17-21_46_17--openvla_oft--episode=63--success=True--task=pick_up_the_black_bowl_next_to_the_cookie_box_and_.mp4
09/17 [21:56:33] INFO     | >> Success: True              run_libero_eval.py:238
                 INFO     | >> # episodes completed so    run_libero_eval.py:238
                          far: 63                                               
                 INFO     | >> # successes: 57 (90.5%)    run_libero_eval.py:238

 30%|███       | 3/10 [00:26<01:00,  8.69s/it][A                 INFO     | >>                            run_libero_eval.py:238
                          Task: pick up the black bowl                          
                          next to the cookie box and                            
                          place it on the plate                                 
                 INFO     | >> Starting episode 4...      run_libero_eval.py:238
                 INFO     | >> EPISODE_MANIFEST           run_libero_eval.py:238
                          {"env_seed": 3577260325,                              
                          "init_state_dtype": "float64",                        
                          "init_state_index": 18,                               
                          "init_state_sha256":                                  
                          "cd32e37a9f4452ae643216373cd731                       
                          097bb26b2de5b4179c598f449dffe78                       
                          83c", "init_state_shape": [92],                       
                          "model_seed": 1004619153,                             
                          "protocol": "paired",                                 
                          "task_id": 6}                                         
huggingface/tokenizers: The current process just got forked, after parallelism has already been used. Disabling parallelism to avoid deadlocks...
To disable this warning, you can either:
	- Avoid using `tokenizers` before the fork if possible
	- Explicitly set the environment variable TOKENIZERS_PARALLELISM=(true | false)
Saved rollout MP4 at path ./rollouts/2026_09_17/2026_09_17-21_46_17--openvla_oft--episode=64--success=True--task=pick_up_the_black_bowl_next_to_the_cookie_box_and_.mp4
09/17 [21:56:42] INFO     | >> Success: True              run_libero_eval.py:238
                 INFO     | >> # episodes completed so    run_libero_eval.py:238
                          far: 64                                               
                 INFO     | >> # successes: 58 (90.6%)    run_libero_eval.py:238

 40%|████      | 4/10 [00:35<00:52,  8.75s/it][A                 INFO     | >>                            run_libero_eval.py:238
                          Task: pick up the black bowl                          
                          next to the cookie box and                            
                          place it on the plate                                 
                 INFO     | >> Starting episode 5...      run_libero_eval.py:238
                 INFO     | >> EPISODE_MANIFEST           run_libero_eval.py:238
                          {"env_seed": 3289218336,                              
                          "init_state_dtype": "float64",                        
                          "init_state_index": 19,                               
                          "init_state_sha256":                                  
                          "83c492e3e060153644099b67cfed0e                       
                          a3ba076f44b5c1d483cbe93efe90266                       
                          de7", "init_state_shape": [92],                       
                          "model_seed": 2594496890,                             
                          "protocol": "paired",                                 
                          "task_id": 6}                                         
huggingface/tokenizers: The current process just got forked, after parallelism has already been used. Disabling parallelism to avoid deadlocks...
To disable this warning, you can either:
	- Avoid using `tokenizers` before the fork if possible
	- Explicitly set the environment variable TOKENIZERS_PARALLELISM=(true | false)
Saved rollout MP4 at path ./rollouts/2026_09_17/2026_09_17-21_46_17--openvla_oft--episode=65--success=True--task=pick_up_the_black_bowl_next_to_the_cookie_box_and_.mp4
09/17 [21:56:50] INFO     | >> Success: True              run_libero_eval.py:238
                 INFO     | >> # episodes completed so    run_libero_eval.py:238
                          far: 65                                               
                 INFO     | >> # successes: 59 (90.8%)    run_libero_eval.py:238

 50%|█████     | 5/10 [00:43<00:43,  8.62s/it][A                 INFO     | >>                            run_libero_eval.py:238
                          Task: pick up the black bowl                          
                          next to the cookie box and                            
                          place it on the plate                                 
                 INFO     | >> Starting episode 6...      run_libero_eval.py:238
                 INFO     | >> EPISODE_MANIFEST           run_libero_eval.py:238
                          {"env_seed": 1008085084,                              
                          "init_state_dtype": "float64",                        
                          "init_state_index": 20,                               
                          "init_state_sha256":                                  
                          "23c3cb4dbeceecf92d8d82905228c3                       
                          46e4b0ce5fad6d11f08a0686fb85522                       
                          a13", "init_state_shape": [92],                       
                          "model_seed": 4065589618,                             
                          "protocol": "paired",                                 
                          "task_id": 6}                                         
huggingface/tokenizers: The current process just got forked, after parallelism has already been used. Disabling parallelism to avoid deadlocks...
To disable this warning, you can either:
	- Avoid using `tokenizers` before the fork if possible
	- Explicitly set the environment variable TOKENIZERS_PARALLELISM=(true | false)
Saved rollout MP4 at path ./rollouts/2026_09_17/2026_09_17-21_46_17--openvla_oft--episode=66--success=True--task=pick_up_the_black_bowl_next_to_the_cookie_box_and_.mp4
09/17 [21:56:59] INFO     | >> Success: True              run_libero_eval.py:238
                 INFO     | >> # episodes completed so    run_libero_eval.py:238
                          far: 66                                               
                 INFO     | >> # successes: 60 (90.9%)    run_libero_eval.py:238

 60%|██████    | 6/10 [00:52<00:34,  8.67s/it][A                 INFO     | >>                            run_libero_eval.py:238
                          Task: pick up the black bowl                          
                          next to the cookie box and                            
                          place it on the plate                                 
                 INFO     | >> Starting episode 7...      run_libero_eval.py:238
                 INFO     | >> EPISODE_MANIFEST           run_libero_eval.py:238
                          {"env_seed": 3891077391,                              
                          "init_state_dtype": "float64",                        
                          "init_state_index": 21,                               
                          "init_state_sha256":                                  
                          "37374a758b8fe00057b18c282c0e94                       
                          194cec7b1a2bc416563b17b5bb65f39                       
                          0dc", "init_state_shape": [92],                       
                          "model_seed": 599463303,                              
                          "protocol": "paired",                                 
                          "task_id": 6}                                         
huggingface/tokenizers: The current process just got forked, after parallelism has already been used. Disabling parallelism to avoid deadlocks...
To disable this warning, you can either:
	- Avoid using `tokenizers` before the fork if possible
	- Explicitly set the environment variable TOKENIZERS_PARALLELISM=(true | false)
Saved rollout MP4 at path ./rollouts/2026_09_17/2026_09_17-21_46_17--openvla_oft--episode=67--success=True--task=pick_up_the_black_bowl_next_to_the_cookie_box_and_.mp4
09/17 [21:57:08] INFO     | >> Success: True              run_libero_eval.py:238
                 INFO     | >> # episodes completed so    run_libero_eval.py:238
                          far: 67                                               
                 INFO     | >> # successes: 61 (91.0%)    run_libero_eval.py:238

 70%|███████   | 7/10 [01:01<00:26,  8.75s/it][A                 INFO     | >>                            run_libero_eval.py:238
                          Task: pick up the black bowl                          
                          next to the cookie box and                            
                          place it on the plate                                 
                 INFO     | >> Starting episode 8...      run_libero_eval.py:238
                 INFO     | >> EPISODE_MANIFEST           run_libero_eval.py:238
                          {"env_seed": 4264307511,                              
                          "init_state_dtype": "float64",                        
                          "init_state_index": 22,                               
                          "init_state_sha256":                                  
                          "9394427a6abc248436e265d430b257                       
                          d6d6a812904e6cf5101d21a90694a3f                       
                          052", "init_state_shape": [92],                       
                          "model_seed": 4257906431,                             
                          "protocol": "paired",                                 
                          "task_id": 6}                                         
huggingface/tokenizers: The current process just got forked, after parallelism has already been used. Disabling parallelism to avoid deadlocks...
To disable this warning, you can either:
	- Avoid using `tokenizers` before the fork if possible
	- Explicitly set the environment variable TOKENIZERS_PARALLELISM=(true | false)
Saved rollout MP4 at path ./rollouts/2026_09_17/2026_09_17-21_46_17--openvla_oft--episode=68--success=True--task=pick_up_the_black_bowl_next_to_the_cookie_box_and_.mp4
09/17 [21:57:17] INFO     | >> Success: True              run_libero_eval.py:238
                 INFO     | >> # episodes completed so    run_libero_eval.py:238
                          far: 68                                               
                 INFO     | >> # successes: 62 (91.2%)    run_libero_eval.py:238

 80%|████████  | 8/10 [01:10<00:17,  8.84s/it][A                 INFO     | >>                            run_libero_eval.py:238
                          Task: pick up the black bowl                          
                          next to the cookie box and                            
                          place it on the plate                                 
                 INFO     | >> Starting episode 9...      run_libero_eval.py:238
                 INFO     | >> EPISODE_MANIFEST           run_libero_eval.py:238
                          {"env_seed": 2501495080,                              
                          "init_state_dtype": "float64",                        
                          "init_state_index": 23,                               
                          "init_state_sha256":                                  
                          "fea11f92c738a7c7314fd30344e0b8                       
                          232d2e12c218a1864a26d47c6b81f16                       
                          dc4", "init_state_shape": [92],                       
                          "model_seed": 1793467699,                             
                          "protocol": "paired",                                 
                          "task_id": 6}                                         
huggingface/tokenizers: The current process just got forked, after parallelism has already been used. Disabling parallelism to avoid deadlocks...
To disable this warning, you can either:
	- Avoid using `tokenizers` before the fork if possible
	- Explicitly set the environment variable TOKENIZERS_PARALLELISM=(true | false)
Saved rollout MP4 at path ./rollouts/2026_09_17/2026_09_17-21_46_17--openvla_oft--episode=69--success=True--task=pick_up_the_black_bowl_next_to_the_cookie_box_and_.mp4
09/17 [21:57:25] INFO     | >> Success: True              run_libero_eval.py:238
                 INFO     | >> # episodes completed so    run_libero_eval.py:238
                          far: 69                                               
                 INFO     | >> # successes: 63 (91.3%)    run_libero_eval.py:238

 90%|█████████ | 9/10 [01:18<00:08,  8.72s/it][A                 INFO     | >>                            run_libero_eval.py:238
                          Task: pick up the black bowl                          
                          next to the cookie box and                            
                          place it on the plate                                 
                 INFO     | >> Starting episode 10...     run_libero_eval.py:238
                 INFO     | >> EPISODE_MANIFEST           run_libero_eval.py:238
                          {"env_seed": 458125798,                               
                          "init_state_dtype": "float64",                        
                          "init_state_index": 24,                               
                          "init_state_sha256":                                  
                          "0e049e58bca8daf06ea4d88e13b2c2                       
                          733c2c4444894717ecba36cfa5d1fa0                       
                          d12", "init_state_shape": [92],                       
                          "model_seed": 448094624,                              
                          "protocol": "paired",                                 
                          "task_id": 6}                                         
huggingface/tokenizers: The current process just got forked, after parallelism has already been used. Disabling parallelism to avoid deadlocks...
To disable this warning, you can either:
	- Avoid using `tokenizers` before the fork if possible
	- Explicitly set the environment variable TOKENIZERS_PARALLELISM=(true | false)
Saved rollout MP4 at path ./rollouts/2026_09_17/2026_09_17-21_46_17--openvla_oft--episode=70--success=True--task=pick_up_the_black_bowl_next_to_the_cookie_box_and_.mp4
09/17 [21:57:34] INFO     | >> Success: True              run_libero_eval.py:238
                 INFO     | >> # episodes completed so    run_libero_eval.py:238
                          far: 70                                               
                 INFO     | >> # successes: 64 (91.4%)    run_libero_eval.py:238

100%|██████████| 10/10 [01:27<00:00,  8.71s/it][A100%|██████████| 10/10 [01:27<00:00,  8.74s/it]
                 INFO     | >> Current task success rate: run_libero_eval.py:238
                          1.0                                                   
                 INFO     | >> Current total success      run_libero_eval.py:238
                          rate: 0.9142857142857143                              
 70%|███████   | 7/10 [10:53<04:45, 95.11s/it]                 INFO     | >> Using default initial      run_libero_eval.py:238
                          states                                                

  0%|          | 0/10 [00:00<?, ?it/s][A09/17 [21:57:37] INFO     | >>                            run_libero_eval.py:238
                          Task: pick up the black bowl on                       
                          the stove and place it on the                         
                          plate                                                 
                 INFO     | >> Starting episode 1...      run_libero_eval.py:238
                 INFO     | >> EPISODE_MANIFEST           run_libero_eval.py:238
                          {"env_seed": 1607189153,                              
                          "init_state_dtype": "float64",                        
                          "init_state_index": 15,                               
                          "init_state_sha256":                                  
                          "c2d397c97dff15be672ebc121b0bf6                       
                          a49522c58cc15164b688b81dcf1f534                       
                          86c", "init_state_shape": [92],                       
                          "model_seed": 2069251692,                             
                          "protocol": "paired",                                 
                          "task_id": 7}                                         
huggingface/tokenizers: The current process just got forked, after parallelism has already been used. Disabling parallelism to avoid deadlocks...
To disable this warning, you can either:
	- Avoid using `tokenizers` before the fork if possible
	- Explicitly set the environment variable TOKENIZERS_PARALLELISM=(true | false)
Saved rollout MP4 at path ./rollouts/2026_09_17/2026_09_17-21_46_17--openvla_oft--episode=71--success=True--task=pick_up_the_black_bowl_on_the_stove_and_place_it_o.mp4
09/17 [21:57:47] INFO     | >> Success: True              run_libero_eval.py:238
                 INFO     | >> # episodes completed so    run_libero_eval.py:238
                          far: 71                                               
                 INFO     | >> # successes: 65 (91.5%)    run_libero_eval.py:238

 10%|█         | 1/10 [00:09<01:26,  9.61s/it][A                 INFO     | >>                            run_libero_eval.py:238
                          Task: pick up the black bowl on                       
                          the stove and place it on the                         
                          plate                                                 
                 INFO     | >> Starting episode 2...      run_libero_eval.py:238
                 INFO     | >> EPISODE_MANIFEST           run_libero_eval.py:238
                          {"env_seed": 2378730282,                              
                          "init_state_dtype": "float64",                        
                          "init_state_index": 16,                               
                          "init_state_sha256":                                  
                          "7ca0656515f25ac924542e0f9fdc1d                       
                          e90bd8f52c93368dde245b0d8d902b7                       
                          b1f", "init_state_shape": [92],                       
                          "model_seed": 2424370288,                             
                          "protocol": "paired",                                 
                          "task_id": 7}                                         
huggingface/tokenizers: The current process just got forked, after parallelism has already been used. Disabling parallelism to avoid deadlocks...
To disable this warning, you can either:
	- Avoid using `tokenizers` before the fork if possible
	- Explicitly set the environment variable TOKENIZERS_PARALLELISM=(true | false)
Saved rollout MP4 at path ./rollouts/2026_09_17/2026_09_17-21_46_17--openvla_oft--episode=72--success=True--task=pick_up_the_black_bowl_on_the_stove_and_place_it_o.mp4
09/17 [21:57:56] INFO     | >> Success: True              run_libero_eval.py:238
                 INFO     | >> # episodes completed so    run_libero_eval.py:238
                          far: 72                                               
                 INFO     | >> # successes: 66 (91.7%)    run_libero_eval.py:238

 20%|██        | 2/10 [00:18<01:15,  9.46s/it][A                 INFO     | >>                            run_libero_eval.py:238
                          Task: pick up the black bowl on                       
                          the stove and place it on the                         
                          plate                                                 
                 INFO     | >> Starting episode 3...      run_libero_eval.py:238
                 INFO     | >> EPISODE_MANIFEST           run_libero_eval.py:238
                          {"env_seed": 2617456485,                              
                          "init_state_dtype": "float64",                        
                          "init_state_index": 17,                               
                          "init_state_sha256":                                  
                          "dfefa2e8fbfa660e7ad3f9fe8abfc5                       
                          f0334de73d23101a02f4832a3e88b39                       
                          9f7", "init_state_shape": [92],                       
                          "model_seed": 2396518492,                             
                          "protocol": "paired",                                 
                          "task_id": 7}                                         
huggingface/tokenizers: The current process just got forked, after parallelism has already been used. Disabling parallelism to avoid deadlocks...
To disable this warning, you can either:
	- Avoid using `tokenizers` before the fork if possible
	- Explicitly set the environment variable TOKENIZERS_PARALLELISM=(true | false)
Saved rollout MP4 at path ./rollouts/2026_09_17/2026_09_17-21_46_17--openvla_oft--episode=73--success=True--task=pick_up_the_black_bowl_on_the_stove_and_place_it_o.mp4
09/17 [21:58:05] INFO     | >> Success: True              run_libero_eval.py:238
                 INFO     | >> # episodes completed so    run_libero_eval.py:238
                          far: 73                                               
                 INFO     | >> # successes: 67 (91.8%)    run_libero_eval.py:238

 30%|███       | 3/10 [00:28<01:05,  9.33s/it][A                 INFO     | >>                            run_libero_eval.py:238
                          Task: pick up the black bowl on                       
                          the stove and place it on the                         
                          plate                                                 
                 INFO     | >> Starting episode 4...      run_libero_eval.py:238
                 INFO     | >> EPISODE_MANIFEST           run_libero_eval.py:238
                          {"env_seed": 3907992634,                              
                          "init_state_dtype": "float64",                        
                          "init_state_index": 18,                               
                          "init_state_sha256":                                  
                          "a8adffa84c6ca0334dbd7c5f04255f                       
                          37049725d84d1fff85bffd76f24e22a                       
                          98c", "init_state_shape": [92],                       
                          "model_seed": 2696294697,                             
                          "protocol": "paired",                                 
                          "task_id": 7}                                         
huggingface/tokenizers: The current process just got forked, after parallelism has already been used. Disabling parallelism to avoid deadlocks...
To disable this warning, you can either:
	- Avoid using `tokenizers` before the fork if possible
	- Explicitly set the environment variable TOKENIZERS_PARALLELISM=(true | false)
Saved rollout MP4 at path ./rollouts/2026_09_17/2026_09_17-21_46_17--openvla_oft--episode=74--success=True--task=pick_up_the_black_bowl_on_the_stove_and_place_it_o.mp4
09/17 [21:58:15] INFO     | >> Success: True              run_libero_eval.py:238
                 INFO     | >> # episodes completed so    run_libero_eval.py:238
                          far: 74                                               
                 INFO     | >> # successes: 68 (91.9%)    run_libero_eval.py:238

 40%|████      | 4/10 [00:37<00:56,  9.45s/it][A                 INFO     | >>                            run_libero_eval.py:238
                          Task: pick up the black bowl on                       
                          the stove and place it on the                         
                          plate                                                 
                 INFO     | >> Starting episode 5...      run_libero_eval.py:238
                 INFO     | >> EPISODE_MANIFEST           run_libero_eval.py:238
                          {"env_seed": 312003604,                               
                          "init_state_dtype": "float64",                        
                          "init_state_index": 19,                               
                          "init_state_sha256":                                  
                          "33513be059126ac134cdc4bc4e7707                       
                          7909122fc4e90b908bf8e9f3a149568                       
                          415", "init_state_shape": [92],                       
                          "model_seed": 908971156,                              
                          "protocol": "paired",                                 
                          "task_id": 7}                                         
huggingface/tokenizers: The current process just got forked, after parallelism has already been used. Disabling parallelism to avoid deadlocks...
To disable this warning, you can either:
	- Avoid using `tokenizers` before the fork if possible
	- Explicitly set the environment variable TOKENIZERS_PARALLELISM=(true | false)
Saved rollout MP4 at path ./rollouts/2026_09_17/2026_09_17-21_46_17--openvla_oft--episode=75--success=True--task=pick_up_the_black_bowl_on_the_stove_and_place_it_o.mp4
09/17 [21:58:25] INFO     | >> Success: True              run_libero_eval.py:238
                 INFO     | >> # episodes completed so    run_libero_eval.py:238
                          far: 75                                               
                 INFO     | >> # successes: 69 (92.0%)    run_libero_eval.py:238

 50%|█████     | 5/10 [00:47<00:47,  9.57s/it][A                 INFO     | >>                            run_libero_eval.py:238
                          Task: pick up the black bowl on                       
                          the stove and place it on the                         
                          plate                                                 
                 INFO     | >> Starting episode 6...      run_libero_eval.py:238
                 INFO     | >> EPISODE_MANIFEST           run_libero_eval.py:238
                          {"env_seed": 3181967237,                              
                          "init_state_dtype": "float64",                        
                          "init_state_index": 20,                               
                          "init_state_sha256":                                  
                          "5d4ab17c105939d8824d816e38358a                       
                          c58c80cf8a6ba520dca725e9597fb18                       
                          007", "init_state_shape": [92],                       
                          "model_seed": 2322073522,                             
                          "protocol": "paired",                                 
                          "task_id": 7}                                         
huggingface/tokenizers: The current process just got forked, after parallelism has already been used. Disabling parallelism to avoid deadlocks...
To disable this warning, you can either:
	- Avoid using `tokenizers` before the fork if possible
	- Explicitly set the environment variable TOKENIZERS_PARALLELISM=(true | false)
Saved rollout MP4 at path ./rollouts/2026_09_17/2026_09_17-21_46_17--openvla_oft--episode=76--success=False--task=pick_up_the_black_bowl_on_the_stove_and_place_it_o.mp4
09/17 [21:58:40] INFO     | >> Success: False             run_libero_eval.py:238
                 INFO     | >> # episodes completed so    run_libero_eval.py:238
                          far: 76                                               
                 INFO     | >> # successes: 69 (90.8%)    run_libero_eval.py:238

 60%|██████    | 6/10 [01:03<00:46, 11.57s/it][A                 INFO     | >>                            run_libero_eval.py:238
                          Task: pick up the black bowl on                       
                          the stove and place it on the                         
                          plate                                                 
                 INFO     | >> Starting episode 7...      run_libero_eval.py:238
                 INFO     | >> EPISODE_MANIFEST           run_libero_eval.py:238
                          {"env_seed": 746991484,                               
                          "init_state_dtype": "float64",                        
                          "init_state_index": 21,                               
                          "init_state_sha256":                                  
                          "5c480ba571a4ea4d1d62571f012b77                       
                          45817d0533c86b2c1ebbbec5c2cd6e5                       
                          a64", "init_state_shape": [92],                       
                          "model_seed": 3109435903,                             
                          "protocol": "paired",                                 
                          "task_id": 7}                                         
huggingface/tokenizers: The current process just got forked, after parallelism has already been used. Disabling parallelism to avoid deadlocks...
To disable this warning, you can either:
	- Avoid using `tokenizers` before the fork if possible
	- Explicitly set the environment variable TOKENIZERS_PARALLELISM=(true | false)
Saved rollout MP4 at path ./rollouts/2026_09_17/2026_09_17-21_46_17--openvla_oft--episode=77--success=False--task=pick_up_the_black_bowl_on_the_stove_and_place_it_o.mp4
09/17 [21:58:55] INFO     | >> Success: False             run_libero_eval.py:238
                 INFO     | >> # episodes completed so    run_libero_eval.py:238
                          far: 77                                               
                 INFO     | >> # successes: 69 (89.6%)    run_libero_eval.py:238

 70%|███████   | 7/10 [01:17<00:37, 12.65s/it][A                 INFO     | >>                            run_libero_eval.py:238
                          Task: pick up the black bowl on                       
                          the stove and place it on the                         
                          plate                                                 
                 INFO     | >> Starting episode 8...      run_libero_eval.py:238
                 INFO     | >> EPISODE_MANIFEST           run_libero_eval.py:238
                          {"env_seed": 2510933965,                              
                          "init_state_dtype": "float64",                        
                          "init_state_index": 22,                               
                          "init_state_sha256":                                  
                          "82319d1154573849ec780b17a58b14                       
                          939b058ae16c67beb9957ed1dd2ffd6                       
                          8cb", "init_state_shape": [92],                       
                          "model_seed": 2949563981,                             
                          "protocol": "paired",                                 
                          "task_id": 7}                                         
huggingface/tokenizers: The current process just got forked, after parallelism has already been used. Disabling parallelism to avoid deadlocks...
To disable this warning, you can either:
	- Avoid using `tokenizers` before the fork if possible
	- Explicitly set the environment variable TOKENIZERS_PARALLELISM=(true | false)
Saved rollout MP4 at path ./rollouts/2026_09_17/2026_09_17-21_46_17--openvla_oft--episode=78--success=True--task=pick_up_the_black_bowl_on_the_stove_and_place_it_o.mp4
09/17 [21:59:04] INFO     | >> Success: True              run_libero_eval.py:238
                 INFO     | >> # episodes completed so    run_libero_eval.py:238
                          far: 78                                               
                 INFO     | >> # successes: 70 (89.7%)    run_libero_eval.py:238

 80%|████████  | 8/10 [01:27<00:23, 11.58s/it][A                 INFO     | >>                            run_libero_eval.py:238
                          Task: pick up the black bowl on                       
                          the stove and place it on the                         
                          plate                                                 
                 INFO     | >> Starting episode 9...      run_libero_eval.py:238
                 INFO     | >> EPISODE_MANIFEST           run_libero_eval.py:238
                          {"env_seed": 2237519504,                              
                          "init_state_dtype": "float64",                        
                          "init_state_index": 23,                               
                          "init_state_sha256":                                  
                          "384d1fd61d5ee71104cc9fa2327517                       
                          a8233032c023e67954c500d8089be44                       
                          c8a", "init_state_shape": [92],                       
                          "model_seed": 3430609134,                             
                          "protocol": "paired",                                 
                          "task_id": 7}                                         
huggingface/tokenizers: The current process just got forked, after parallelism has already been used. Disabling parallelism to avoid deadlocks...
To disable this warning, you can either:
	- Avoid using `tokenizers` before the fork if possible
	- Explicitly set the environment variable TOKENIZERS_PARALLELISM=(true | false)
Saved rollout MP4 at path ./rollouts/2026_09_17/2026_09_17-21_46_17--openvla_oft--episode=79--success=True--task=pick_up_the_black_bowl_on_the_stove_and_place_it_o.mp4
09/17 [21:59:14] INFO     | >> Success: True              run_libero_eval.py:238
                 INFO     | >> # episodes completed so    run_libero_eval.py:238
                          far: 79                                               
                 INFO     | >> # successes: 71 (89.9%)    run_libero_eval.py:238

 90%|█████████ | 9/10 [01:36<00:10, 10.94s/it][A                 INFO     | >>                            run_libero_eval.py:238
                          Task: pick up the black bowl on                       
                          the stove and place it on the                         
                          plate                                                 
                 INFO     | >> Starting episode 10...     run_libero_eval.py:238
                 INFO     | >> EPISODE_MANIFEST           run_libero_eval.py:238
                          {"env_seed": 3330374006,                              
                          "init_state_dtype": "float64",                        
                          "init_state_index": 24,                               
                          "init_state_sha256":                                  
                          "b95bcc7b8869d8343e98e4533444d7                       
                          378e1d87db67549954b12449ea0e870                       
                          a30", "init_state_shape": [92],                       
                          "model_seed": 1667478000,                             
                          "protocol": "paired",                                 
                          "task_id": 7}                                         
huggingface/tokenizers: The current process just got forked, after parallelism has already been used. Disabling parallelism to avoid deadlocks...
To disable this warning, you can either:
	- Avoid using `tokenizers` before the fork if possible
	- Explicitly set the environment variable TOKENIZERS_PARALLELISM=(true | false)
Saved rollout MP4 at path ./rollouts/2026_09_17/2026_09_17-21_46_17--openvla_oft--episode=80--success=True--task=pick_up_the_black_bowl_on_the_stove_and_place_it_o.mp4
09/17 [21:59:24] INFO     | >> Success: True              run_libero_eval.py:238
                 INFO     | >> # episodes completed so    run_libero_eval.py:238
                          far: 80                                               
                 INFO     | >> # successes: 72 (90.0%)    run_libero_eval.py:238

100%|██████████| 10/10 [01:46<00:00, 10.53s/it][A100%|██████████| 10/10 [01:46<00:00, 10.63s/it]
                 INFO     | >> Current task success rate: run_libero_eval.py:238
                          0.8                                                   
                 INFO     | >> Current total success      run_libero_eval.py:238
                          rate: 0.9                                             
 80%|████████  | 8/10 [12:43<03:19, 99.69s/it]                 INFO     | >> Using default initial      run_libero_eval.py:238
                          states                                                

  0%|          | 0/10 [00:00<?, ?it/s][A09/17 [21:59:27] INFO     | >>                            run_libero_eval.py:238
                          Task: pick up the black bowl                          
                          next to the plate and place it                        
                          on the plate                                          
                 INFO     | >> Starting episode 1...      run_libero_eval.py:238
                 INFO     | >> EPISODE_MANIFEST           run_libero_eval.py:238
                          {"env_seed": 3838899006,                              
                          "init_state_dtype": "float64",                        
                          "init_state_index": 15,                               
                          "init_state_sha256":                                  
                          "837065b5d5e92195cc5f9e7b89da3c                       
                          ca12228766cc72f5fcff69ffbcdfd30                       
                          be4", "init_state_shape": [92],                       
                          "model_seed": 2738183301,                             
                          "protocol": "paired",                                 
                          "task_id": 8}                                         
huggingface/tokenizers: The current process just got forked, after parallelism has already been used. Disabling parallelism to avoid deadlocks...
To disable this warning, you can either:
	- Avoid using `tokenizers` before the fork if possible
	- Explicitly set the environment variable TOKENIZERS_PARALLELISM=(true | false)
Saved rollout MP4 at path ./rollouts/2026_09_17/2026_09_17-21_46_17--openvla_oft--episode=81--success=True--task=pick_up_the_black_bowl_next_to_the_plate_and_place.mp4
09/17 [21:59:35] INFO     | >> Success: True              run_libero_eval.py:238
                 INFO     | >> # episodes completed so    run_libero_eval.py:238
                          far: 81                                               
                 INFO     | >> # successes: 73 (90.1%)    run_libero_eval.py:238

 10%|█         | 1/10 [00:08<01:15,  8.38s/it][A                 INFO     | >>                            run_libero_eval.py:238
                          Task: pick up the black bowl                          
                          next to the plate and place it                        
                          on the plate                                          
                 INFO     | >> Starting episode 2...      run_libero_eval.py:238
                 INFO     | >> EPISODE_MANIFEST           run_libero_eval.py:238
                          {"env_seed": 2538210076,                              
                          "init_state_dtype": "float64",                        
                          "init_state_index": 16,                               
                          "init_state_sha256":                                  
                          "ba007128ac93f07dae4d1bd9c147df                       
                          e1b2793a7b934adee4666212617eccb                       
                          8ff", "init_state_shape": [92],                       
                          "model_seed": 2432764985,                             
                          "protocol": "paired",                                 
                          "task_id": 8}                                         
huggingface/tokenizers: The current process just got forked, after parallelism has already been used. Disabling parallelism to avoid deadlocks...
To disable this warning, you can either:
	- Avoid using `tokenizers` before the fork if possible
	- Explicitly set the environment variable TOKENIZERS_PARALLELISM=(true | false)
Saved rollout MP4 at path ./rollouts/2026_09_17/2026_09_17-21_46_17--openvla_oft--episode=82--success=True--task=pick_up_the_black_bowl_next_to_the_plate_and_place.mp4
09/17 [21:59:44] INFO     | >> Success: True              run_libero_eval.py:238
                 INFO     | >> # episodes completed so    run_libero_eval.py:238
                          far: 82                                               
                 INFO     | >> # successes: 74 (90.2%)    run_libero_eval.py:238

 20%|██        | 2/10 [00:16<01:07,  8.43s/it][A                 INFO     | >>                            run_libero_eval.py:238
                          Task: pick up the black bowl                          
                          next to the plate and place it                        
                          on the plate                                          
                 INFO     | >> Starting episode 3...      run_libero_eval.py:238
                 INFO     | >> EPISODE_MANIFEST           run_libero_eval.py:238
                          {"env_seed": 3789555858,                              
                          "init_state_dtype": "float64",                        
                          "init_state_index": 17,                               
                          "init_state_sha256":                                  
                          "be6fbfec818b29b08a928dcc4b6be9                       
                          0ad5a7f2d829cd41071924230c8331a                       
                          735", "init_state_shape": [92],                       
                          "model_seed": 903631136,                              
                          "protocol": "paired",                                 
                          "task_id": 8}                                         
huggingface/tokenizers: The current process just got forked, after parallelism has already been used. Disabling parallelism to avoid deadlocks...
To disable this warning, you can either:
	- Avoid using `tokenizers` before the fork if possible
	- Explicitly set the environment variable TOKENIZERS_PARALLELISM=(true | false)
Saved rollout MP4 at path ./rollouts/2026_09_17/2026_09_17-21_46_17--openvla_oft--episode=83--success=True--task=pick_up_the_black_bowl_next_to_the_plate_and_place.mp4
09/17 [21:59:52] INFO     | >> Success: True              run_libero_eval.py:238
                 INFO     | >> # episodes completed so    run_libero_eval.py:238
                          far: 83                                               
                 INFO     | >> # successes: 75 (90.4%)    run_libero_eval.py:238

 30%|███       | 3/10 [00:24<00:57,  8.24s/it][A                 INFO     | >>                            run_libero_eval.py:238
                          Task: pick up the black bowl                          
                          next to the plate and place it                        
                          on the plate                                          
                 INFO     | >> Starting episode 4...      run_libero_eval.py:238
                 INFO     | >> EPISODE_MANIFEST           run_libero_eval.py:238
                          {"env_seed": 1768762109,                              
                          "init_state_dtype": "float64",                        
                          "init_state_index": 18,                               
                          "init_state_sha256":                                  
                          "21e9a30cf8e0eb3cf2c39deaf2f67a                       
                          b160c505d26a8a7517d7ec659243f1d                       
                          114", "init_state_shape": [92],                       
                          "model_seed": 1210240488,                             
                          "protocol": "paired",                                 
                          "task_id": 8}                                         
huggingface/tokenizers: The current process just got forked, after parallelism has already been used. Disabling parallelism to avoid deadlocks...
To disable this warning, you can either:
	- Avoid using `tokenizers` before the fork if possible
	- Explicitly set the environment variable TOKENIZERS_PARALLELISM=(true | false)
Saved rollout MP4 at path ./rollouts/2026_09_17/2026_09_17-21_46_17--openvla_oft--episode=84--success=True--task=pick_up_the_black_bowl_next_to_the_plate_and_place.mp4
09/17 [22:00:00] INFO     | >> Success: True              run_libero_eval.py:238
                 INFO     | >> # episodes completed so    run_libero_eval.py:238
                          far: 84                                               
                 INFO     | >> # successes: 76 (90.5%)    run_libero_eval.py:238

 40%|████      | 4/10 [00:32<00:49,  8.18s/it][A                 INFO     | >>                            run_libero_eval.py:238
                          Task: pick up the black bowl                          
                          next to the plate and place it                        
                          on the plate                                          
                 INFO     | >> Starting episode 5...      run_libero_eval.py:238
                 INFO     | >> EPISODE_MANIFEST           run_libero_eval.py:238
                          {"env_seed": 3907673016,                              
                          "init_state_dtype": "float64",                        
                          "init_state_index": 19,                               
                          "init_state_sha256":                                  
                          "d391e42a6d2629a0c03aac61e103e6                       
                          68843920f864dfda9e010698f465ae1                       
                          805", "init_state_shape": [92],                       
                          "model_seed": 1420650844,                             
                          "protocol": "paired",                                 
                          "task_id": 8}                                         
huggingface/tokenizers: The current process just got forked, after parallelism has already been used. Disabling parallelism to avoid deadlocks...
To disable this warning, you can either:
	- Avoid using `tokenizers` before the fork if possible
	- Explicitly set the environment variable TOKENIZERS_PARALLELISM=(true | false)
Saved rollout MP4 at path ./rollouts/2026_09_17/2026_09_17-21_46_17--openvla_oft--episode=85--success=True--task=pick_up_the_black_bowl_next_to_the_plate_and_place.mp4
09/17 [22:00:08] INFO     | >> Success: True              run_libero_eval.py:238
                 INFO     | >> # episodes completed so    run_libero_eval.py:238
                          far: 85                                               
                 INFO     | >> # successes: 77 (90.6%)    run_libero_eval.py:238

 50%|█████     | 5/10 [00:41<00:40,  8.15s/it][A                 INFO     | >>                            run_libero_eval.py:238
                          Task: pick up the black bowl                          
                          next to the plate and place it                        
                          on the plate                                          
                 INFO     | >> Starting episode 6...      run_libero_eval.py:238
                 INFO     | >> EPISODE_MANIFEST           run_libero_eval.py:238
                          {"env_seed": 405074211,                               
                          "init_state_dtype": "float64",                        
                          "init_state_index": 20,                               
                          "init_state_sha256":                                  
                          "47b148cb2752229f0a1533d2d00af3                       
                          c37e856e444cc1bd9a05d77f221f810                       
                          8a8", "init_state_shape": [92],                       
                          "model_seed": 1460665727,                             
                          "protocol": "paired",                                 
                          "task_id": 8}                                         
huggingface/tokenizers: The current process just got forked, after parallelism has already been used. Disabling parallelism to avoid deadlocks...
To disable this warning, you can either:
	- Avoid using `tokenizers` before the fork if possible
	- Explicitly set the environment variable TOKENIZERS_PARALLELISM=(true | false)
Saved rollout MP4 at path ./rollouts/2026_09_17/2026_09_17-21_46_17--openvla_oft--episode=86--success=True--task=pick_up_the_black_bowl_next_to_the_plate_and_place.mp4
09/17 [22:00:16] INFO     | >> Success: True              run_libero_eval.py:238
                 INFO     | >> # episodes completed so    run_libero_eval.py:238
                          far: 86                                               
                 INFO     | >> # successes: 78 (90.7%)    run_libero_eval.py:238

 60%|██████    | 6/10 [00:48<00:32,  8.03s/it][A                 INFO     | >>                            run_libero_eval.py:238
                          Task: pick up the black bowl                          
                          next to the plate and place it                        
                          on the plate                                          
                 INFO     | >> Starting episode 7...      run_libero_eval.py:238
                 INFO     | >> EPISODE_MANIFEST           run_libero_eval.py:238
                          {"env_seed": 4141177550,                              
                          "init_state_dtype": "float64",                        
                          "init_state_index": 21,                               
                          "init_state_sha256":                                  
                          "d81096691fa3b69dbf5ccce3666128                       
                          9db9e3fdc77ba1471ea82f89751742d                       
                          023", "init_state_shape": [92],                       
                          "model_seed": 470801494,                              
                          "protocol": "paired",                                 
                          "task_id": 8}                                         
huggingface/tokenizers: The current process just got forked, after parallelism has already been used. Disabling parallelism to avoid deadlocks...
To disable this warning, you can either:
	- Avoid using `tokenizers` before the fork if possible
	- Explicitly set the environment variable TOKENIZERS_PARALLELISM=(true | false)
Saved rollout MP4 at path ./rollouts/2026_09_17/2026_09_17-21_46_17--openvla_oft--episode=87--success=True--task=pick_up_the_black_bowl_next_to_the_plate_and_place.mp4
09/17 [22:00:24] INFO     | >> Success: True              run_libero_eval.py:238
                 INFO     | >> # episodes completed so    run_libero_eval.py:238
                          far: 87                                               
                 INFO     | >> # successes: 79 (90.8%)    run_libero_eval.py:238

 70%|███████   | 7/10 [00:57<00:24,  8.11s/it][A                 INFO     | >>                            run_libero_eval.py:238
                          Task: pick up the black bowl                          
                          next to the plate and place it                        
                          on the plate                                          
                 INFO     | >> Starting episode 8...      run_libero_eval.py:238
                 INFO     | >> EPISODE_MANIFEST           run_libero_eval.py:238
                          {"env_seed": 171163916,                               
                          "init_state_dtype": "float64",                        
                          "init_state_index": 22,                               
                          "init_state_sha256":                                  
                          "e876b55c1fd564acbd8aa5d9753b2a                       
                          c4f2cb77a222ee0d2ee3b4c4a51c8e6                       
                          201", "init_state_shape": [92],                       
                          "model_seed": 906307654,                              
                          "protocol": "paired",                                 
                          "task_id": 8}                                         
huggingface/tokenizers: The current process just got forked, after parallelism has already been used. Disabling parallelism to avoid deadlocks...
To disable this warning, you can either:
	- Avoid using `tokenizers` before the fork if possible
	- Explicitly set the environment variable TOKENIZERS_PARALLELISM=(true | false)
Saved rollout MP4 at path ./rollouts/2026_09_17/2026_09_17-21_46_17--openvla_oft--episode=88--success=True--task=pick_up_the_black_bowl_next_to_the_plate_and_place.mp4
09/17 [22:00:32] INFO     | >> Success: True              run_libero_eval.py:238
                 INFO     | >> # episodes completed so    run_libero_eval.py:238
                          far: 88                                               
                 INFO     | >> # successes: 80 (90.9%)    run_libero_eval.py:238

 80%|████████  | 8/10 [01:05<00:16,  8.23s/it][A                 INFO     | >>                            run_libero_eval.py:238
                          Task: pick up the black bowl                          
                          next to the plate and place it                        
                          on the plate                                          
                 INFO     | >> Starting episode 9...      run_libero_eval.py:238
                 INFO     | >> EPISODE_MANIFEST           run_libero_eval.py:238
                          {"env_seed": 3310446970,                              
                          "init_state_dtype": "float64",                        
                          "init_state_index": 23,                               
                          "init_state_sha256":                                  
                          "d9a409c02879424306d08896d9cfc5                       
                          df4446d437190667c3bffa6f6a633e6                       
                          bae", "init_state_shape": [92],                       
                          "model_seed": 524255958,                              
                          "protocol": "paired",                                 
                          "task_id": 8}                                         
huggingface/tokenizers: The current process just got forked, after parallelism has already been used. Disabling parallelism to avoid deadlocks...
To disable this warning, you can either:
	- Avoid using `tokenizers` before the fork if possible
	- Explicitly set the environment variable TOKENIZERS_PARALLELISM=(true | false)
Saved rollout MP4 at path ./rollouts/2026_09_17/2026_09_17-21_46_17--openvla_oft--episode=89--success=True--task=pick_up_the_black_bowl_next_to_the_plate_and_place.mp4
09/17 [22:00:41] INFO     | >> Success: True              run_libero_eval.py:238
                 INFO     | >> # episodes completed so    run_libero_eval.py:238
                          far: 89                                               
                 INFO     | >> # successes: 81 (91.0%)    run_libero_eval.py:238

 90%|█████████ | 9/10 [01:14<00:08,  8.37s/it][A                 INFO     | >>                            run_libero_eval.py:238
                          Task: pick up the black bowl                          
                          next to the plate and place it                        
                          on the plate                                          
                 INFO     | >> Starting episode 10...     run_libero_eval.py:238
                 INFO     | >> EPISODE_MANIFEST           run_libero_eval.py:238
                          {"env_seed": 136373062,                               
                          "init_state_dtype": "float64",                        
                          "init_state_index": 24,                               
                          "init_state_sha256":                                  
                          "5a3616236ad0838dca6ccf0ef19727                       
                          712c1876e7c16e1030856b6dc6b3bf5                       
                          9c0", "init_state_shape": [92],                       
                          "model_seed": 273502852,                              
                          "protocol": "paired",                                 
                          "task_id": 8}                                         
huggingface/tokenizers: The current process just got forked, after parallelism has already been used. Disabling parallelism to avoid deadlocks...
To disable this warning, you can either:
	- Avoid using `tokenizers` before the fork if possible
	- Explicitly set the environment variable TOKENIZERS_PARALLELISM=(true | false)
Saved rollout MP4 at path ./rollouts/2026_09_17/2026_09_17-21_46_17--openvla_oft--episode=90--success=True--task=pick_up_the_black_bowl_next_to_the_plate_and_place.mp4
09/17 [22:00:50] INFO     | >> Success: True              run_libero_eval.py:238
                 INFO     | >> # episodes completed so    run_libero_eval.py:238
                          far: 90                                               
                 INFO     | >> # successes: 82 (91.1%)    run_libero_eval.py:238

100%|██████████| 10/10 [01:22<00:00,  8.45s/it][A100%|██████████| 10/10 [01:22<00:00,  8.29s/it]
                 INFO     | >> Current task success rate: run_libero_eval.py:238
                          1.0                                                   
                 INFO     | >> Current total success      run_libero_eval.py:238
                          rate: 0.9111111111111111                              
 90%|█████████ | 9/10 [14:09<01:35, 95.45s/it]                 INFO     | >> Using default initial      run_libero_eval.py:238
                          states                                                

  0%|          | 0/10 [00:00<?, ?it/s][A09/17 [22:00:53] INFO     | >>                            run_libero_eval.py:238
                          Task: pick up the black bowl on                       
                          the wooden cabinet and place it                       
                          on the plate                                          
                 INFO     | >> Starting episode 1...      run_libero_eval.py:238
                 INFO     | >> EPISODE_MANIFEST           run_libero_eval.py:238
                          {"env_seed": 3779558617,                              
                          "init_state_dtype": "float64",                        
                          "init_state_index": 15,                               
                          "init_state_sha256":                                  
                          "e5466b756c5f5583d1efe6408171fa                       
                          bdb6d57c076492841aaed2cf862bcb2                       
                          086", "init_state_shape": [92],                       
                          "model_seed": 3747118274,                             
                          "protocol": "paired",                                 
                          "task_id": 9}                                         
huggingface/tokenizers: The current process just got forked, after parallelism has already been used. Disabling parallelism to avoid deadlocks...
To disable this warning, you can either:
	- Avoid using `tokenizers` before the fork if possible
	- Explicitly set the environment variable TOKENIZERS_PARALLELISM=(true | false)
Saved rollout MP4 at path ./rollouts/2026_09_17/2026_09_17-21_46_17--openvla_oft--episode=91--success=True--task=pick_up_the_black_bowl_on_the_wooden_cabinet_and_p.mp4
09/17 [22:01:03] INFO     | >> Success: True              run_libero_eval.py:238
                 INFO     | >> # episodes completed so    run_libero_eval.py:238
                          far: 91                                               
                 INFO     | >> # successes: 83 (91.2%)    run_libero_eval.py:238

 10%|█         | 1/10 [00:09<01:27,  9.73s/it][A                 INFO     | >>                            run_libero_eval.py:238
                          Task: pick up the black bowl on                       
                          the wooden cabinet and place it                       
                          on the plate                                          
                 INFO     | >> Starting episode 2...      run_libero_eval.py:238
                 INFO     | >> EPISODE_MANIFEST           run_libero_eval.py:238
                          {"env_seed": 3307202243,                              
                          "init_state_dtype": "float64",                        
                          "init_state_index": 16,                               
                          "init_state_sha256":                                  
                          "76e2ded6c389300a73bb7cf4306348                       
                          a5ccb531ed7730f54c7fef7cb704955                       
                          eca", "init_state_shape": [92],                       
                          "model_seed": 3717612147,                             
                          "protocol": "paired",                                 
                          "task_id": 9}                                         
huggingface/tokenizers: The current process just got forked, after parallelism has already been used. Disabling parallelism to avoid deadlocks...
To disable this warning, you can either:
	- Avoid using `tokenizers` before the fork if possible
	- Explicitly set the environment variable TOKENIZERS_PARALLELISM=(true | false)
Saved rollout MP4 at path ./rollouts/2026_09_17/2026_09_17-21_46_17--openvla_oft--episode=92--success=True--task=pick_up_the_black_bowl_on_the_wooden_cabinet_and_p.mp4
09/17 [22:01:12] INFO     | >> Success: True              run_libero_eval.py:238
                 INFO     | >> # episodes completed so    run_libero_eval.py:238
                          far: 92                                               
                 INFO     | >> # successes: 84 (91.3%)    run_libero_eval.py:238

 20%|██        | 2/10 [00:18<01:15,  9.41s/it][A                 INFO     | >>                            run_libero_eval.py:238
                          Task: pick up the black bowl on                       
                          the wooden cabinet and place it                       
                          on the plate                                          
                 INFO     | >> Starting episode 3...      run_libero_eval.py:238
                 INFO     | >> EPISODE_MANIFEST           run_libero_eval.py:238
                          {"env_seed": 2626669344,                              
                          "init_state_dtype": "float64",                        
                          "init_state_index": 17,                               
                          "init_state_sha256":                                  
                          "f6f3204e80922a4262c002a95fe878                       
                          d8af31ae89305568ebdc0ab750f6dda                       
                          a50", "init_state_shape": [92],                       
                          "model_seed": 1171711006,                             
                          "protocol": "paired",                                 
                          "task_id": 9}                                         
huggingface/tokenizers: The current process just got forked, after parallelism has already been used. Disabling parallelism to avoid deadlocks...
To disable this warning, you can either:
	- Avoid using `tokenizers` before the fork if possible
	- Explicitly set the environment variable TOKENIZERS_PARALLELISM=(true | false)
Saved rollout MP4 at path ./rollouts/2026_09_17/2026_09_17-21_46_17--openvla_oft--episode=93--success=True--task=pick_up_the_black_bowl_on_the_wooden_cabinet_and_p.mp4
09/17 [22:01:22] INFO     | >> Success: True              run_libero_eval.py:238
                 INFO     | >> # episodes completed so    run_libero_eval.py:238
                          far: 93                                               
                 INFO     | >> # successes: 85 (91.4%)    run_libero_eval.py:238

 30%|███       | 3/10 [00:28<01:06,  9.50s/it][A                 INFO     | >>                            run_libero_eval.py:238
                          Task: pick up the black bowl on                       
                          the wooden cabinet and place it                       
                          on the plate                                          
                 INFO     | >> Starting episode 4...      run_libero_eval.py:238
                 INFO     | >> EPISODE_MANIFEST           run_libero_eval.py:238
                          {"env_seed": 1569100945,                              
                          "init_state_dtype": "float64",                        
                          "init_state_index": 18,                               
                          "init_state_sha256":                                  
                          "0c9b215520647ce1a2fb63052acb60                       
                          707a3f3a9325d0e6a6c90015e9248e1                       
                          80c", "init_state_shape": [92],                       
                          "model_seed": 1553610868,                             
                          "protocol": "paired",                                 
                          "task_id": 9}                                         
huggingface/tokenizers: The current process just got forked, after parallelism has already been used. Disabling parallelism to avoid deadlocks...
To disable this warning, you can either:
	- Avoid using `tokenizers` before the fork if possible
	- Explicitly set the environment variable TOKENIZERS_PARALLELISM=(true | false)
Saved rollout MP4 at path ./rollouts/2026_09_17/2026_09_17-21_46_17--openvla_oft--episode=94--success=True--task=pick_up_the_black_bowl_on_the_wooden_cabinet_and_p.mp4
09/17 [22:01:31] INFO     | >> Success: True              run_libero_eval.py:238
                 INFO     | >> # episodes completed so    run_libero_eval.py:238
                          far: 94                                               
                 INFO     | >> # successes: 86 (91.5%)    run_libero_eval.py:238

 40%|████      | 4/10 [00:37<00:56,  9.40s/it][A                 INFO     | >>                            run_libero_eval.py:238
                          Task: pick up the black bowl on                       
                          the wooden cabinet and place it                       
                          on the plate                                          
                 INFO     | >> Starting episode 5...      run_libero_eval.py:238
                 INFO     | >> EPISODE_MANIFEST           run_libero_eval.py:238
                          {"env_seed": 2304298750,                              
                          "init_state_dtype": "float64",                        
                          "init_state_index": 19,                               
                          "init_state_sha256":                                  
                          "f794efb4eb6e80746d815c6544cdfd                       
                          24ec8dcf58c45780ffee26adab7532c                       
                          50b", "init_state_shape": [92],                       
                          "model_seed": 3079865435,                             
                          "protocol": "paired",                                 
                          "task_id": 9}                                         
huggingface/tokenizers: The current process just got forked, after parallelism has already been used. Disabling parallelism to avoid deadlocks...
To disable this warning, you can either:
	- Avoid using `tokenizers` before the fork if possible
	- Explicitly set the environment variable TOKENIZERS_PARALLELISM=(true | false)
Saved rollout MP4 at path ./rollouts/2026_09_17/2026_09_17-21_46_17--openvla_oft--episode=95--success=True--task=pick_up_the_black_bowl_on_the_wooden_cabinet_and_p.mp4
09/17 [22:01:41] INFO     | >> Success: True              run_libero_eval.py:238
                 INFO     | >> # episodes completed so    run_libero_eval.py:238
                          far: 95                                               
                 INFO     | >> # successes: 87 (91.6%)    run_libero_eval.py:238

 50%|█████     | 5/10 [00:47<00:48,  9.65s/it][A                 INFO     | >>                            run_libero_eval.py:238
                          Task: pick up the black bowl on                       
                          the wooden cabinet and place it                       
                          on the plate                                          
                 INFO     | >> Starting episode 6...      run_libero_eval.py:238
                 INFO     | >> EPISODE_MANIFEST           run_libero_eval.py:238
                          {"env_seed": 1813912078,                              
                          "init_state_dtype": "float64",                        
                          "init_state_index": 20,                               
                          "init_state_sha256":                                  
                          "25ac47d9a340464d54f544a9049de5                       
                          8edef2020ce168053c1f839275aa830                       
                          5c0", "init_state_shape": [92],                       
                          "model_seed": 2435183153,                             
                          "protocol": "paired",                                 
                          "task_id": 9}                                         
huggingface/tokenizers: The current process just got forked, after parallelism has already been used. Disabling parallelism to avoid deadlocks...
To disable this warning, you can either:
	- Avoid using `tokenizers` before the fork if possible
	- Explicitly set the environment variable TOKENIZERS_PARALLELISM=(true | false)
Saved rollout MP4 at path ./rollouts/2026_09_17/2026_09_17-21_46_17--openvla_oft--episode=96--success=True--task=pick_up_the_black_bowl_on_the_wooden_cabinet_and_p.mp4
09/17 [22:01:50] INFO     | >> Success: True              run_libero_eval.py:238
                 INFO     | >> # episodes completed so    run_libero_eval.py:238
                          far: 96                                               
                 INFO     | >> # successes: 88 (91.7%)    run_libero_eval.py:238

 60%|██████    | 6/10 [00:56<00:37,  9.47s/it][A                 INFO     | >>                            run_libero_eval.py:238
                          Task: pick up the black bowl on                       
                          the wooden cabinet and place it                       
                          on the plate                                          
                 INFO     | >> Starting episode 7...      run_libero_eval.py:238
                 INFO     | >> EPISODE_MANIFEST           run_libero_eval.py:238
                          {"env_seed": 372355126,                               
                          "init_state_dtype": "float64",                        
                          "init_state_index": 21,                               
                          "init_state_sha256":                                  
                          "460f4016e92ad4bb831bbdb3ed58a2                       
                          cd57f80006390d07a9130b9ce9ec484                       
                          490", "init_state_shape": [92],                       
                          "model_seed": 2848406996,                             
                          "protocol": "paired",                                 
                          "task_id": 9}                                         
huggingface/tokenizers: The current process just got forked, after parallelism has already been used. Disabling parallelism to avoid deadlocks...
To disable this warning, you can either:
	- Avoid using `tokenizers` before the fork if possible
	- Explicitly set the environment variable TOKENIZERS_PARALLELISM=(true | false)
Saved rollout MP4 at path ./rollouts/2026_09_17/2026_09_17-21_46_17--openvla_oft--episode=97--success=True--task=pick_up_the_black_bowl_on_the_wooden_cabinet_and_p.mp4
09/17 [22:02:00] INFO     | >> Success: True              run_libero_eval.py:238
                 INFO     | >> # episodes completed so    run_libero_eval.py:238
                          far: 97                                               
                 INFO     | >> # successes: 89 (91.8%)    run_libero_eval.py:238

 70%|███████   | 7/10 [01:06<00:28,  9.48s/it][A                 INFO     | >>                            run_libero_eval.py:238
                          Task: pick up the black bowl on                       
                          the wooden cabinet and place it                       
                          on the plate                                          
                 INFO     | >> Starting episode 8...      run_libero_eval.py:238
                 INFO     | >> EPISODE_MANIFEST           run_libero_eval.py:238
                          {"env_seed": 3180995936,                              
                          "init_state_dtype": "float64",                        
                          "init_state_index": 22,                               
                          "init_state_sha256":                                  
                          "20984208ef7319c8e406639c4b99b3                       
                          c207db600882ca52f02a31a0bfb14e8                       
                          7db", "init_state_shape": [92],                       
                          "model_seed": 2247227004,                             
                          "protocol": "paired",                                 
                          "task_id": 9}                                         
huggingface/tokenizers: The current process just got forked, after parallelism has already been used. Disabling parallelism to avoid deadlocks...
To disable this warning, you can either:
	- Avoid using `tokenizers` before the fork if possible
	- Explicitly set the environment variable TOKENIZERS_PARALLELISM=(true | false)
Saved rollout MP4 at path ./rollouts/2026_09_17/2026_09_17-21_46_17--openvla_oft--episode=98--success=True--task=pick_up_the_black_bowl_on_the_wooden_cabinet_and_p.mp4
09/17 [22:02:09] INFO     | >> Success: True              run_libero_eval.py:238
                 INFO     | >> # episodes completed so    run_libero_eval.py:238
                          far: 98                                               
                 INFO     | >> # successes: 90 (91.8%)    run_libero_eval.py:238

 80%|████████  | 8/10 [01:15<00:18,  9.40s/it][A                 INFO     | >>                            run_libero_eval.py:238
                          Task: pick up the black bowl on                       
                          the wooden cabinet and place it                       
                          on the plate                                          
                 INFO     | >> Starting episode 9...      run_libero_eval.py:238
                 INFO     | >> EPISODE_MANIFEST           run_libero_eval.py:238
                          {"env_seed": 1627128681,                              
                          "init_state_dtype": "float64",                        
                          "init_state_index": 23,                               
                          "init_state_sha256":                                  
                          "bd4a3d61ac174006d7b661eaff87c1                       
                          17416a8f362dc2db692e645cb62c5a8                       
                          bd6", "init_state_shape": [92],                       
                          "model_seed": 1268263828,                             
                          "protocol": "paired",                                 
                          "task_id": 9}                                         
huggingface/tokenizers: The current process just got forked, after parallelism has already been used. Disabling parallelism to avoid deadlocks...
To disable this warning, you can either:
	- Avoid using `tokenizers` before the fork if possible
	- Explicitly set the environment variable TOKENIZERS_PARALLELISM=(true | false)
Saved rollout MP4 at path ./rollouts/2026_09_17/2026_09_17-21_46_17--openvla_oft--episode=99--success=False--task=pick_up_the_black_bowl_on_the_wooden_cabinet_and_p.mp4
09/17 [22:02:23] INFO     | >> Success: False             run_libero_eval.py:238
                 INFO     | >> # episodes completed so    run_libero_eval.py:238
                          far: 99                                               
                 INFO     | >> # successes: 90 (90.9%)    run_libero_eval.py:238

 90%|█████████ | 9/10 [01:29<00:10, 10.90s/it][A                 INFO     | >>                            run_libero_eval.py:238
                          Task: pick up the black bowl on                       
                          the wooden cabinet and place it                       
                          on the plate                                          
                 INFO     | >> Starting episode 10...     run_libero_eval.py:238
                 INFO     | >> EPISODE_MANIFEST           run_libero_eval.py:238
                          {"env_seed": 149638191,                               
                          "init_state_dtype": "float64",                        
                          "init_state_index": 24,                               
                          "init_state_sha256":                                  
                          "a17f8d750e4c1b53e6793d067837fb                       
                          d8d8572628f04e50deb307ee9aa15d8                       
                          c71", "init_state_shape": [92],                       
                          "model_seed": 2125966794,                             
                          "protocol": "paired",                                 
                          "task_id": 9}                                         
huggingface/tokenizers: The current process just got forked, after parallelism has already been used. Disabling parallelism to avoid deadlocks...
To disable this warning, you can either:
	- Avoid using `tokenizers` before the fork if possible
	- Explicitly set the environment variable TOKENIZERS_PARALLELISM=(true | false)
Saved rollout MP4 at path ./rollouts/2026_09_17/2026_09_17-21_46_17--openvla_oft--episode=100--success=True--task=pick_up_the_black_bowl_on_the_wooden_cabinet_and_p.mp4
09/17 [22:02:33] INFO     | >> Success: True              run_libero_eval.py:238
                 INFO     | >> # episodes completed so    run_libero_eval.py:238
                          far: 100                                              
                 INFO     | >> # successes: 91 (91.0%)    run_libero_eval.py:238

100%|██████████| 10/10 [01:39<00:00, 10.56s/it][A100%|██████████| 10/10 [01:39<00:00,  9.97s/it]
                 INFO     | >> Current task success rate: run_libero_eval.py:238
                          0.9                                                   
                 INFO     | >> Current total success      run_libero_eval.py:238
                          rate: 0.91                                            
100%|██████████| 10/10 [15:52<00:00, 97.79s/it]100%|██████████| 10/10 [15:52<00:00, 95.25s/it]
                 INFO     | >> Final results:             run_libero_eval.py:238
                 INFO     | >> Total episodes: 100        run_libero_eval.py:238
                 INFO     | >> Total successes: 91        run_libero_eval.py:238
                 INFO     | >> Overall success rate:      run_libero_eval.py:238
                          0.9100 (91.0%)                                        
