2026-09-17 18:40:53.928800: I tensorflow/core/util/port.cc:113] oneDNN custom operations are on. You may see slightly different numerical results due to floating-point round-off errors from different computation orders. To turn them off, set the environment variable `TF_ENABLE_ONEDNN_OPTS=0`.
2026-09-17 18:40:53.966724: E external/local_xla/xla/stream_executor/cuda/cuda_dnn.cc:9261] Unable to register cuDNN factory: Attempting to register factory for plugin cuDNN when one has already been registered
2026-09-17 18:40:53.966752: E external/local_xla/xla/stream_executor/cuda/cuda_fft.cc:607] Unable to register cuFFT factory: Attempting to register factory for plugin cuFFT when one has already been registered
2026-09-17 18:40:53.968061: E external/local_xla/xla/stream_executor/cuda/cuda_blas.cc:1515] Unable to register cuBLAS factory: Attempting to register factory for plugin cuBLAS when one has already been registered
2026-09-17 18:40:53.974321: I tensorflow/core/platform/cpu_feature_guard.cc:182] This TensorFlow binary is optimized to use available CPU instructions in performance-critical operations.
To enable the following instructions: AVX2 AVX512F AVX512_VNNI FMA, in other operations, rebuild TensorFlow with the appropriate compiler flags.
2026-09-17 18:40:54.792055: W tensorflow/compiler/tf2tensorrt/utils/py_utils.cc:38] TF-TRT Warning: Could not find TensorRT
[robosuite WARNING] No private macro file found! (__init__.py:7)
[robosuite WARNING] It is recommended to use a private macro file (__init__.py:8)
[robosuite WARNING] To setup, run: python /root/miniconda3/envs/qvla-oft/lib/python3.10/site-packages/robosuite/scripts/setup_macros.py (__init__.py:9)
Gym has been unmaintained since 2022 and does not support NumPy 2.0 amongst other critical functionality.
Please upgrade to Gymnasium, the maintained drop-in replacement of Gym, or contact the authors of your software and request that they upgrade.
Users of this version of Gym should be able to simply replace 'import gym' with 'import gymnasium as gym' in the vast majority of cases.
See the migration guide at https://gymnasium.farama.org/introduction/migration_guide/ for additional information.
Using LIBERO constants:
  NUM_ACTIONS_CHUNK = 8
  ACTION_DIM = 7
  PROPRIO_DIM = 8
  ACTION_PROPRIO_NORMALIZATION_TYPE = bounds_q99
If needed, manually set the correct constants in `prismatic/vla/constants.py`!
VILA is not installed. Multimodal features will not be available. To activate, please install VILA at https://github.com/NVlabs/VILA.
[official-quant] scope={"fused_vision": 105, "language": 224, "primary_vision": 93, "total": 422, "unexpected": 0, "vision": 198}
Loading checkpoint shards:   0%|          | 0/4 [00:00<?, ?it/s]Loading checkpoint shards:  25%|██▌       | 1/4 [00:00<00:00,  3.99it/s]Loading checkpoint shards:  50%|█████     | 2/4 [00:00<00:00,  4.19it/s]Loading checkpoint shards:  75%|███████▌  | 3/4 [00:00<00:00,  4.22it/s]Loading checkpoint shards: 100%|██████████| 4/4 [00:00<00:00,  4.32it/s]Loading checkpoint shards: 100%|██████████| 4/4 [00:00<00:00,  4.26it/s]
[official-awq] 1/422 vision_backbone.featurizer.patch_embed.proj
[official-awq] 2/422 vision_backbone.featurizer.blocks.0.attn.qkv
[official-awq] 3/422 vision_backbone.featurizer.blocks.0.attn.proj
[official-awq] 4/422 vision_backbone.featurizer.blocks.0.mlp.fc1
[official-awq] 5/422 vision_backbone.featurizer.blocks.0.mlp.fc2
[official-awq] 6/422 vision_backbone.featurizer.blocks.1.attn.qkv
[official-awq] 7/422 vision_backbone.featurizer.blocks.1.attn.proj
[official-awq] 8/422 vision_backbone.featurizer.blocks.1.mlp.fc1
[official-awq] 9/422 vision_backbone.featurizer.blocks.1.mlp.fc2
[official-awq] 10/422 vision_backbone.featurizer.blocks.2.attn.qkv
[official-awq] 11/422 vision_backbone.featurizer.blocks.2.attn.proj
[official-awq] 12/422 vision_backbone.featurizer.blocks.2.mlp.fc1
[official-awq] 13/422 vision_backbone.featurizer.blocks.2.mlp.fc2
[official-awq] 14/422 vision_backbone.featurizer.blocks.3.attn.qkv
[official-awq] 15/422 vision_backbone.featurizer.blocks.3.attn.proj
[official-awq] 16/422 vision_backbone.featurizer.blocks.3.mlp.fc1
[official-awq] 17/422 vision_backbone.featurizer.blocks.3.mlp.fc2
[official-awq] 18/422 vision_backbone.featurizer.blocks.4.attn.qkv
[official-awq] 19/422 vision_backbone.featurizer.blocks.4.attn.proj
[official-awq] 20/422 vision_backbone.featurizer.blocks.4.mlp.fc1
[official-awq] 21/422 vision_backbone.featurizer.blocks.4.mlp.fc2
[official-awq] 22/422 vision_backbone.featurizer.blocks.5.attn.qkv
[official-awq] 23/422 vision_backbone.featurizer.blocks.5.attn.proj
[official-awq] 24/422 vision_backbone.featurizer.blocks.5.mlp.fc1
[official-awq] 25/422 vision_backbone.featurizer.blocks.5.mlp.fc2
[official-awq] 26/422 vision_backbone.featurizer.blocks.6.attn.qkv
[official-awq] 27/422 vision_backbone.featurizer.blocks.6.attn.proj
[official-awq] 28/422 vision_backbone.featurizer.blocks.6.mlp.fc1
[official-awq] 29/422 vision_backbone.featurizer.blocks.6.mlp.fc2
[official-awq] 30/422 vision_backbone.featurizer.blocks.7.attn.qkv
[official-awq] 31/422 vision_backbone.featurizer.blocks.7.attn.proj
[official-awq] 32/422 vision_backbone.featurizer.blocks.7.mlp.fc1
[official-awq] 33/422 vision_backbone.featurizer.blocks.7.mlp.fc2
[official-awq] 34/422 vision_backbone.featurizer.blocks.8.attn.qkv
[official-awq] 35/422 vision_backbone.featurizer.blocks.8.attn.proj
[official-awq] 36/422 vision_backbone.featurizer.blocks.8.mlp.fc1
[official-awq] 37/422 vision_backbone.featurizer.blocks.8.mlp.fc2
[official-awq] 38/422 vision_backbone.featurizer.blocks.9.attn.qkv
[official-awq] 39/422 vision_backbone.featurizer.blocks.9.attn.proj
[official-awq] 40/422 vision_backbone.featurizer.blocks.9.mlp.fc1
[official-awq] 41/422 vision_backbone.featurizer.blocks.9.mlp.fc2
[official-awq] 42/422 vision_backbone.featurizer.blocks.10.attn.qkv
[official-awq] 43/422 vision_backbone.featurizer.blocks.10.attn.proj
[official-awq] 44/422 vision_backbone.featurizer.blocks.10.mlp.fc1
[official-awq] 45/422 vision_backbone.featurizer.blocks.10.mlp.fc2
[official-awq] 46/422 vision_backbone.featurizer.blocks.11.attn.qkv
[official-awq] 47/422 vision_backbone.featurizer.blocks.11.attn.proj
[official-awq] 48/422 vision_backbone.featurizer.blocks.11.mlp.fc1
[official-awq] 49/422 vision_backbone.featurizer.blocks.11.mlp.fc2
[official-awq] 50/422 vision_backbone.featurizer.blocks.12.attn.qkv
[official-awq] 51/422 vision_backbone.featurizer.blocks.12.attn.proj
[official-awq] 52/422 vision_backbone.featurizer.blocks.12.mlp.fc1
[official-awq] 53/422 vision_backbone.featurizer.blocks.12.mlp.fc2
[official-awq] 54/422 vision_backbone.featurizer.blocks.13.attn.qkv
[official-awq] 55/422 vision_backbone.featurizer.blocks.13.attn.proj
[official-awq] 56/422 vision_backbone.featurizer.blocks.13.mlp.fc1
[official-awq] 57/422 vision_backbone.featurizer.blocks.13.mlp.fc2
[official-awq] 58/422 vision_backbone.featurizer.blocks.14.attn.qkv
[official-awq] 59/422 vision_backbone.featurizer.blocks.14.attn.proj
[official-awq] 60/422 vision_backbone.featurizer.blocks.14.mlp.fc1
[official-awq] 61/422 vision_backbone.featurizer.blocks.14.mlp.fc2
[official-awq] 62/422 vision_backbone.featurizer.blocks.15.attn.qkv
[official-awq] 63/422 vision_backbone.featurizer.blocks.15.attn.proj
[official-awq] 64/422 vision_backbone.featurizer.blocks.15.mlp.fc1
[official-awq] 65/422 vision_backbone.featurizer.blocks.15.mlp.fc2
[official-awq] 66/422 vision_backbone.featurizer.blocks.16.attn.qkv
[official-awq] 67/422 vision_backbone.featurizer.blocks.16.attn.proj
[official-awq] 68/422 vision_backbone.featurizer.blocks.16.mlp.fc1
[official-awq] 69/422 vision_backbone.featurizer.blocks.16.mlp.fc2
[official-awq] 70/422 vision_backbone.featurizer.blocks.17.attn.qkv
[official-awq] 71/422 vision_backbone.featurizer.blocks.17.attn.proj
[official-awq] 72/422 vision_backbone.featurizer.blocks.17.mlp.fc1
[official-awq] 73/422 vision_backbone.featurizer.blocks.17.mlp.fc2
[official-awq] 74/422 vision_backbone.featurizer.blocks.18.attn.qkv
[official-awq] 75/422 vision_backbone.featurizer.blocks.18.attn.proj
[official-awq] 76/422 vision_backbone.featurizer.blocks.18.mlp.fc1
[official-awq] 77/422 vision_backbone.featurizer.blocks.18.mlp.fc2
[official-awq] 78/422 vision_backbone.featurizer.blocks.19.attn.qkv
[official-awq] 79/422 vision_backbone.featurizer.blocks.19.attn.proj
[official-awq] 80/422 vision_backbone.featurizer.blocks.19.mlp.fc1
[official-awq] 81/422 vision_backbone.featurizer.blocks.19.mlp.fc2
[official-awq] 82/422 vision_backbone.featurizer.blocks.20.attn.qkv
[official-awq] 83/422 vision_backbone.featurizer.blocks.20.attn.proj
[official-awq] 84/422 vision_backbone.featurizer.blocks.20.mlp.fc1
[official-awq] 85/422 vision_backbone.featurizer.blocks.20.mlp.fc2
[official-awq] 86/422 vision_backbone.featurizer.blocks.21.attn.qkv
[official-awq] 87/422 vision_backbone.featurizer.blocks.21.attn.proj
[official-awq] 88/422 vision_backbone.featurizer.blocks.21.mlp.fc1
[official-awq] 89/422 vision_backbone.featurizer.blocks.21.mlp.fc2
[official-awq] 90/422 vision_backbone.featurizer.blocks.22.attn.qkv
[official-awq] 91/422 vision_backbone.featurizer.blocks.22.attn.proj
[official-awq] 92/422 vision_backbone.featurizer.blocks.22.mlp.fc1
[official-awq] 93/422 vision_backbone.featurizer.blocks.22.mlp.fc2
[official-awq] 94/422 vision_backbone.fused_featurizer.patch_embed.proj
[official-awq] 95/422 vision_backbone.fused_featurizer.blocks.0.attn.qkv
[official-awq] 96/422 vision_backbone.fused_featurizer.blocks.0.attn.proj
[official-awq] 97/422 vision_backbone.fused_featurizer.blocks.0.mlp.fc1
[official-awq] 98/422 vision_backbone.fused_featurizer.blocks.0.mlp.fc2
[official-awq] 99/422 vision_backbone.fused_featurizer.blocks.1.attn.qkv
[official-awq] 100/422 vision_backbone.fused_featurizer.blocks.1.attn.proj
[official-awq] 101/422 vision_backbone.fused_featurizer.blocks.1.mlp.fc1
[official-awq] 102/422 vision_backbone.fused_featurizer.blocks.1.mlp.fc2
[official-awq] 103/422 vision_backbone.fused_featurizer.blocks.2.attn.qkv
[official-awq] 104/422 vision_backbone.fused_featurizer.blocks.2.attn.proj
[official-awq] 105/422 vision_backbone.fused_featurizer.blocks.2.mlp.fc1
[official-awq] 106/422 vision_backbone.fused_featurizer.blocks.2.mlp.fc2
[official-awq] 107/422 vision_backbone.fused_featurizer.blocks.3.attn.qkv
[official-awq] 108/422 vision_backbone.fused_featurizer.blocks.3.attn.proj
[official-awq] 109/422 vision_backbone.fused_featurizer.blocks.3.mlp.fc1
[official-awq] 110/422 vision_backbone.fused_featurizer.blocks.3.mlp.fc2
[official-awq] 111/422 vision_backbone.fused_featurizer.blocks.4.attn.qkv
[official-awq] 112/422 vision_backbone.fused_featurizer.blocks.4.attn.proj
[official-awq] 113/422 vision_backbone.fused_featurizer.blocks.4.mlp.fc1
[official-awq] 114/422 vision_backbone.fused_featurizer.blocks.4.mlp.fc2
[official-awq] 115/422 vision_backbone.fused_featurizer.blocks.5.attn.qkv
[official-awq] 116/422 vision_backbone.fused_featurizer.blocks.5.attn.proj
[official-awq] 117/422 vision_backbone.fused_featurizer.blocks.5.mlp.fc1
[official-awq] 118/422 vision_backbone.fused_featurizer.blocks.5.mlp.fc2
[official-awq] 119/422 vision_backbone.fused_featurizer.blocks.6.attn.qkv
[official-awq] 120/422 vision_backbone.fused_featurizer.blocks.6.attn.proj
[official-awq] 121/422 vision_backbone.fused_featurizer.blocks.6.mlp.fc1
[official-awq] 122/422 vision_backbone.fused_featurizer.blocks.6.mlp.fc2
[official-awq] 123/422 vision_backbone.fused_featurizer.blocks.7.attn.qkv
[official-awq] 124/422 vision_backbone.fused_featurizer.blocks.7.attn.proj
[official-awq] 125/422 vision_backbone.fused_featurizer.blocks.7.mlp.fc1
[official-awq] 126/422 vision_backbone.fused_featurizer.blocks.7.mlp.fc2
[official-awq] 127/422 vision_backbone.fused_featurizer.blocks.8.attn.qkv
[official-awq] 128/422 vision_backbone.fused_featurizer.blocks.8.attn.proj
[official-awq] 129/422 vision_backbone.fused_featurizer.blocks.8.mlp.fc1
[official-awq] 130/422 vision_backbone.fused_featurizer.blocks.8.mlp.fc2
[official-awq] 131/422 vision_backbone.fused_featurizer.blocks.9.attn.qkv
[official-awq] 132/422 vision_backbone.fused_featurizer.blocks.9.attn.proj
[official-awq] 133/422 vision_backbone.fused_featurizer.blocks.9.mlp.fc1
[official-awq] 134/422 vision_backbone.fused_featurizer.blocks.9.mlp.fc2
[official-awq] 135/422 vision_backbone.fused_featurizer.blocks.10.attn.qkv
[official-awq] 136/422 vision_backbone.fused_featurizer.blocks.10.attn.proj
[official-awq] 137/422 vision_backbone.fused_featurizer.blocks.10.mlp.fc1
[official-awq] 138/422 vision_backbone.fused_featurizer.blocks.10.mlp.fc2
[official-awq] 139/422 vision_backbone.fused_featurizer.blocks.11.attn.qkv
[official-awq] 140/422 vision_backbone.fused_featurizer.blocks.11.attn.proj
[official-awq] 141/422 vision_backbone.fused_featurizer.blocks.11.mlp.fc1
[official-awq] 142/422 vision_backbone.fused_featurizer.blocks.11.mlp.fc2
[official-awq] 143/422 vision_backbone.fused_featurizer.blocks.12.attn.qkv
[official-awq] 144/422 vision_backbone.fused_featurizer.blocks.12.attn.proj
[official-awq] 145/422 vision_backbone.fused_featurizer.blocks.12.mlp.fc1
[official-awq] 146/422 vision_backbone.fused_featurizer.blocks.12.mlp.fc2
[official-awq] 147/422 vision_backbone.fused_featurizer.blocks.13.attn.qkv
[official-awq] 148/422 vision_backbone.fused_featurizer.blocks.13.attn.proj
[official-awq] 149/422 vision_backbone.fused_featurizer.blocks.13.mlp.fc1
[official-awq] 150/422 vision_backbone.fused_featurizer.blocks.13.mlp.fc2
[official-awq] 151/422 vision_backbone.fused_featurizer.blocks.14.attn.qkv
[official-awq] 152/422 vision_backbone.fused_featurizer.blocks.14.attn.proj
[official-awq] 153/422 vision_backbone.fused_featurizer.blocks.14.mlp.fc1
[official-awq] 154/422 vision_backbone.fused_featurizer.blocks.14.mlp.fc2
[official-awq] 155/422 vision_backbone.fused_featurizer.blocks.15.attn.qkv
[official-awq] 156/422 vision_backbone.fused_featurizer.blocks.15.attn.proj
[official-awq] 157/422 vision_backbone.fused_featurizer.blocks.15.mlp.fc1
[official-awq] 158/422 vision_backbone.fused_featurizer.blocks.15.mlp.fc2
[official-awq] 159/422 vision_backbone.fused_featurizer.blocks.16.attn.qkv
[official-awq] 160/422 vision_backbone.fused_featurizer.blocks.16.attn.proj
[official-awq] 161/422 vision_backbone.fused_featurizer.blocks.16.mlp.fc1
[official-awq] 162/422 vision_backbone.fused_featurizer.blocks.16.mlp.fc2
[official-awq] 163/422 vision_backbone.fused_featurizer.blocks.17.attn.qkv
[official-awq] 164/422 vision_backbone.fused_featurizer.blocks.17.attn.proj
[official-awq] 165/422 vision_backbone.fused_featurizer.blocks.17.mlp.fc1
[official-awq] 166/422 vision_backbone.fused_featurizer.blocks.17.mlp.fc2
[official-awq] 167/422 vision_backbone.fused_featurizer.blocks.18.attn.qkv
[official-awq] 168/422 vision_backbone.fused_featurizer.blocks.18.attn.proj
[official-awq] 169/422 vision_backbone.fused_featurizer.blocks.18.mlp.fc1
[official-awq] 170/422 vision_backbone.fused_featurizer.blocks.18.mlp.fc2
[official-awq] 171/422 vision_backbone.fused_featurizer.blocks.19.attn.qkv
[official-awq] 172/422 vision_backbone.fused_featurizer.blocks.19.attn.proj
[official-awq] 173/422 vision_backbone.fused_featurizer.blocks.19.mlp.fc1
[official-awq] 174/422 vision_backbone.fused_featurizer.blocks.19.mlp.fc2
[official-awq] 175/422 vision_backbone.fused_featurizer.blocks.20.attn.qkv
[official-awq] 176/422 vision_backbone.fused_featurizer.blocks.20.attn.proj
[official-awq] 177/422 vision_backbone.fused_featurizer.blocks.20.mlp.fc1
[official-awq] 178/422 vision_backbone.fused_featurizer.blocks.20.mlp.fc2
[official-awq] 179/422 vision_backbone.fused_featurizer.blocks.21.attn.qkv
[official-awq] 180/422 vision_backbone.fused_featurizer.blocks.21.attn.proj
[official-awq] 181/422 vision_backbone.fused_featurizer.blocks.21.mlp.fc1
[official-awq] 182/422 vision_backbone.fused_featurizer.blocks.21.mlp.fc2
[official-awq] 183/422 vision_backbone.fused_featurizer.blocks.22.attn.qkv
[official-awq] 184/422 vision_backbone.fused_featurizer.blocks.22.attn.proj
[official-awq] 185/422 vision_backbone.fused_featurizer.blocks.22.mlp.fc1
[official-awq] 186/422 vision_backbone.fused_featurizer.blocks.22.mlp.fc2
[official-awq] 187/422 vision_backbone.fused_featurizer.blocks.23.attn.qkv
[official-awq] 188/422 vision_backbone.fused_featurizer.blocks.23.attn.proj
[official-awq] 189/422 vision_backbone.fused_featurizer.blocks.23.mlp.fc1
[official-awq] 190/422 vision_backbone.fused_featurizer.blocks.23.mlp.fc2
[official-awq] 191/422 vision_backbone.fused_featurizer.blocks.24.attn.qkv
[official-awq] 192/422 vision_backbone.fused_featurizer.blocks.24.attn.proj
[official-awq] 193/422 vision_backbone.fused_featurizer.blocks.24.mlp.fc1
[official-awq] 194/422 vision_backbone.fused_featurizer.blocks.24.mlp.fc2
[official-awq] 195/422 vision_backbone.fused_featurizer.blocks.25.attn.qkv
[official-awq] 196/422 vision_backbone.fused_featurizer.blocks.25.attn.proj
[official-awq] 197/422 vision_backbone.fused_featurizer.blocks.25.mlp.fc1
[official-awq] 198/422 vision_backbone.fused_featurizer.blocks.25.mlp.fc2
[official-awq] 199/422 language_model.model.layers.0.self_attn.q_proj
[official-awq] 200/422 language_model.model.layers.0.self_attn.k_proj
[official-awq] 201/422 language_model.model.layers.0.self_attn.v_proj
[official-awq] 202/422 language_model.model.layers.0.self_attn.o_proj
[official-awq] 203/422 language_model.model.layers.0.mlp.gate_proj
[official-awq] 204/422 language_model.model.layers.0.mlp.up_proj
[official-awq] 205/422 language_model.model.layers.0.mlp.down_proj
[official-awq] 206/422 language_model.model.layers.1.self_attn.q_proj
[official-awq] 207/422 language_model.model.layers.1.self_attn.k_proj
[official-awq] 208/422 language_model.model.layers.1.self_attn.v_proj
[official-awq] 209/422 language_model.model.layers.1.self_attn.o_proj
[official-awq] 210/422 language_model.model.layers.1.mlp.gate_proj
[official-awq] 211/422 language_model.model.layers.1.mlp.up_proj
[official-awq] 212/422 language_model.model.layers.1.mlp.down_proj
[official-awq] 213/422 language_model.model.layers.2.self_attn.q_proj
[official-awq] 214/422 language_model.model.layers.2.self_attn.k_proj
[official-awq] 215/422 language_model.model.layers.2.self_attn.v_proj
[official-awq] 216/422 language_model.model.layers.2.self_attn.o_proj
[official-awq] 217/422 language_model.model.layers.2.mlp.gate_proj
[official-awq] 218/422 language_model.model.layers.2.mlp.up_proj
[official-awq] 219/422 language_model.model.layers.2.mlp.down_proj
[official-awq] 220/422 language_model.model.layers.3.self_attn.q_proj
[official-awq] 221/422 language_model.model.layers.3.self_attn.k_proj
[official-awq] 222/422 language_model.model.layers.3.self_attn.v_proj
[official-awq] 223/422 language_model.model.layers.3.self_attn.o_proj
[official-awq] 224/422 language_model.model.layers.3.mlp.gate_proj
[official-awq] 225/422 language_model.model.layers.3.mlp.up_proj
[official-awq] 226/422 language_model.model.layers.3.mlp.down_proj
[official-awq] 227/422 language_model.model.layers.4.self_attn.q_proj
[official-awq] 228/422 language_model.model.layers.4.self_attn.k_proj
[official-awq] 229/422 language_model.model.layers.4.self_attn.v_proj
[official-awq] 230/422 language_model.model.layers.4.self_attn.o_proj
[official-awq] 231/422 language_model.model.layers.4.mlp.gate_proj
[official-awq] 232/422 language_model.model.layers.4.mlp.up_proj
[official-awq] 233/422 language_model.model.layers.4.mlp.down_proj
[official-awq] 234/422 language_model.model.layers.5.self_attn.q_proj
[official-awq] 235/422 language_model.model.layers.5.self_attn.k_proj
[official-awq] 236/422 language_model.model.layers.5.self_attn.v_proj
[official-awq] 237/422 language_model.model.layers.5.self_attn.o_proj
[official-awq] 238/422 language_model.model.layers.5.mlp.gate_proj
[official-awq] 239/422 language_model.model.layers.5.mlp.up_proj
[official-awq] 240/422 language_model.model.layers.5.mlp.down_proj
[official-awq] 241/422 language_model.model.layers.6.self_attn.q_proj
[official-awq] 242/422 language_model.model.layers.6.self_attn.k_proj
[official-awq] 243/422 language_model.model.layers.6.self_attn.v_proj
[official-awq] 244/422 language_model.model.layers.6.self_attn.o_proj
[official-awq] 245/422 language_model.model.layers.6.mlp.gate_proj
[official-awq] 246/422 language_model.model.layers.6.mlp.up_proj
[official-awq] 247/422 language_model.model.layers.6.mlp.down_proj
[official-awq] 248/422 language_model.model.layers.7.self_attn.q_proj
[official-awq] 249/422 language_model.model.layers.7.self_attn.k_proj
[official-awq] 250/422 language_model.model.layers.7.self_attn.v_proj
[official-awq] 251/422 language_model.model.layers.7.self_attn.o_proj
[official-awq] 252/422 language_model.model.layers.7.mlp.gate_proj
[official-awq] 253/422 language_model.model.layers.7.mlp.up_proj
[official-awq] 254/422 language_model.model.layers.7.mlp.down_proj
[official-awq] 255/422 language_model.model.layers.8.self_attn.q_proj
[official-awq] 256/422 language_model.model.layers.8.self_attn.k_proj
[official-awq] 257/422 language_model.model.layers.8.self_attn.v_proj
[official-awq] 258/422 language_model.model.layers.8.self_attn.o_proj
[official-awq] 259/422 language_model.model.layers.8.mlp.gate_proj
[official-awq] 260/422 language_model.model.layers.8.mlp.up_proj
[official-awq] 261/422 language_model.model.layers.8.mlp.down_proj
[official-awq] 262/422 language_model.model.layers.9.self_attn.q_proj
[official-awq] 263/422 language_model.model.layers.9.self_attn.k_proj
[official-awq] 264/422 language_model.model.layers.9.self_attn.v_proj
[official-awq] 265/422 language_model.model.layers.9.self_attn.o_proj
[official-awq] 266/422 language_model.model.layers.9.mlp.gate_proj
[official-awq] 267/422 language_model.model.layers.9.mlp.up_proj
[official-awq] 268/422 language_model.model.layers.9.mlp.down_proj
[official-awq] 269/422 language_model.model.layers.10.self_attn.q_proj
[official-awq] 270/422 language_model.model.layers.10.self_attn.k_proj
[official-awq] 271/422 language_model.model.layers.10.self_attn.v_proj
[official-awq] 272/422 language_model.model.layers.10.self_attn.o_proj
[official-awq] 273/422 language_model.model.layers.10.mlp.gate_proj
[official-awq] 274/422 language_model.model.layers.10.mlp.up_proj
[official-awq] 275/422 language_model.model.layers.10.mlp.down_proj
[official-awq] 276/422 language_model.model.layers.11.self_attn.q_proj
[official-awq] 277/422 language_model.model.layers.11.self_attn.k_proj
[official-awq] 278/422 language_model.model.layers.11.self_attn.v_proj
[official-awq] 279/422 language_model.model.layers.11.self_attn.o_proj
[official-awq] 280/422 language_model.model.layers.11.mlp.gate_proj
[official-awq] 281/422 language_model.model.layers.11.mlp.up_proj
[official-awq] 282/422 language_model.model.layers.11.mlp.down_proj
[official-awq] 283/422 language_model.model.layers.12.self_attn.q_proj
[official-awq] 284/422 language_model.model.layers.12.self_attn.k_proj
[official-awq] 285/422 language_model.model.layers.12.self_attn.v_proj
[official-awq] 286/422 language_model.model.layers.12.self_attn.o_proj
[official-awq] 287/422 language_model.model.layers.12.mlp.gate_proj
[official-awq] 288/422 language_model.model.layers.12.mlp.up_proj
[official-awq] 289/422 language_model.model.layers.12.mlp.down_proj
[official-awq] 290/422 language_model.model.layers.13.self_attn.q_proj
[official-awq] 291/422 language_model.model.layers.13.self_attn.k_proj
[official-awq] 292/422 language_model.model.layers.13.self_attn.v_proj
[official-awq] 293/422 language_model.model.layers.13.self_attn.o_proj
[official-awq] 294/422 language_model.model.layers.13.mlp.gate_proj
[official-awq] 295/422 language_model.model.layers.13.mlp.up_proj
[official-awq] 296/422 language_model.model.layers.13.mlp.down_proj
[official-awq] 297/422 language_model.model.layers.14.self_attn.q_proj
[official-awq] 298/422 language_model.model.layers.14.self_attn.k_proj
[official-awq] 299/422 language_model.model.layers.14.self_attn.v_proj
[official-awq] 300/422 language_model.model.layers.14.self_attn.o_proj
[official-awq] 301/422 language_model.model.layers.14.mlp.gate_proj
[official-awq] 302/422 language_model.model.layers.14.mlp.up_proj
[official-awq] 303/422 language_model.model.layers.14.mlp.down_proj
[official-awq] 304/422 language_model.model.layers.15.self_attn.q_proj
[official-awq] 305/422 language_model.model.layers.15.self_attn.k_proj
[official-awq] 306/422 language_model.model.layers.15.self_attn.v_proj
[official-awq] 307/422 language_model.model.layers.15.self_attn.o_proj
[official-awq] 308/422 language_model.model.layers.15.mlp.gate_proj
[official-awq] 309/422 language_model.model.layers.15.mlp.up_proj
[official-awq] 310/422 language_model.model.layers.15.mlp.down_proj
[official-awq] 311/422 language_model.model.layers.16.self_attn.q_proj
[official-awq] 312/422 language_model.model.layers.16.self_attn.k_proj
[official-awq] 313/422 language_model.model.layers.16.self_attn.v_proj
[official-awq] 314/422 language_model.model.layers.16.self_attn.o_proj
[official-awq] 315/422 language_model.model.layers.16.mlp.gate_proj
[official-awq] 316/422 language_model.model.layers.16.mlp.up_proj
[official-awq] 317/422 language_model.model.layers.16.mlp.down_proj
[official-awq] 318/422 language_model.model.layers.17.self_attn.q_proj
[official-awq] 319/422 language_model.model.layers.17.self_attn.k_proj
[official-awq] 320/422 language_model.model.layers.17.self_attn.v_proj
[official-awq] 321/422 language_model.model.layers.17.self_attn.o_proj
[official-awq] 322/422 language_model.model.layers.17.mlp.gate_proj
[official-awq] 323/422 language_model.model.layers.17.mlp.up_proj
[official-awq] 324/422 language_model.model.layers.17.mlp.down_proj
[official-awq] 325/422 language_model.model.layers.18.self_attn.q_proj
[official-awq] 326/422 language_model.model.layers.18.self_attn.k_proj
[official-awq] 327/422 language_model.model.layers.18.self_attn.v_proj
[official-awq] 328/422 language_model.model.layers.18.self_attn.o_proj
[official-awq] 329/422 language_model.model.layers.18.mlp.gate_proj
[official-awq] 330/422 language_model.model.layers.18.mlp.up_proj
[official-awq] 331/422 language_model.model.layers.18.mlp.down_proj
[official-awq] 332/422 language_model.model.layers.19.self_attn.q_proj
[official-awq] 333/422 language_model.model.layers.19.self_attn.k_proj
[official-awq] 334/422 language_model.model.layers.19.self_attn.v_proj
[official-awq] 335/422 language_model.model.layers.19.self_attn.o_proj
[official-awq] 336/422 language_model.model.layers.19.mlp.gate_proj
[official-awq] 337/422 language_model.model.layers.19.mlp.up_proj
[official-awq] 338/422 language_model.model.layers.19.mlp.down_proj
[official-awq] 339/422 language_model.model.layers.20.self_attn.q_proj
[official-awq] 340/422 language_model.model.layers.20.self_attn.k_proj
[official-awq] 341/422 language_model.model.layers.20.self_attn.v_proj
[official-awq] 342/422 language_model.model.layers.20.self_attn.o_proj
[official-awq] 343/422 language_model.model.layers.20.mlp.gate_proj
[official-awq] 344/422 language_model.model.layers.20.mlp.up_proj
[official-awq] 345/422 language_model.model.layers.20.mlp.down_proj
[official-awq] 346/422 language_model.model.layers.21.self_attn.q_proj
[official-awq] 347/422 language_model.model.layers.21.self_attn.k_proj
[official-awq] 348/422 language_model.model.layers.21.self_attn.v_proj
[official-awq] 349/422 language_model.model.layers.21.self_attn.o_proj
<frozen importlib._bootstrap>:283: DeprecationWarning: the load_module() method is deprecated and slated for removal in Python 3.12; use exec_module() instead
[official-awq] 350/422 language_model.model.layers.21.mlp.gate_proj
[official-awq] 351/422 language_model.model.layers.21.mlp.up_proj
[official-awq] 352/422 language_model.model.layers.21.mlp.down_proj
[official-awq] 353/422 language_model.model.layers.22.self_attn.q_proj
[official-awq] 354/422 language_model.model.layers.22.self_attn.k_proj
[official-awq] 355/422 language_model.model.layers.22.self_attn.v_proj
[official-awq] 356/422 language_model.model.layers.22.self_attn.o_proj
[official-awq] 357/422 language_model.model.layers.22.mlp.gate_proj
[official-awq] 358/422 language_model.model.layers.22.mlp.up_proj
[official-awq] 359/422 language_model.model.layers.22.mlp.down_proj
[official-awq] 360/422 language_model.model.layers.23.self_attn.q_proj
[official-awq] 361/422 language_model.model.layers.23.self_attn.k_proj
[official-awq] 362/422 language_model.model.layers.23.self_attn.v_proj
[official-awq] 363/422 language_model.model.layers.23.self_attn.o_proj
[official-awq] 364/422 language_model.model.layers.23.mlp.gate_proj
[official-awq] 365/422 language_model.model.layers.23.mlp.up_proj
[official-awq] 366/422 language_model.model.layers.23.mlp.down_proj
[official-awq] 367/422 language_model.model.layers.24.self_attn.q_proj
[official-awq] 368/422 language_model.model.layers.24.self_attn.k_proj
[official-awq] 369/422 language_model.model.layers.24.self_attn.v_proj
[official-awq] 370/422 language_model.model.layers.24.self_attn.o_proj
[official-awq] 371/422 language_model.model.layers.24.mlp.gate_proj
[official-awq] 372/422 language_model.model.layers.24.mlp.up_proj
[official-awq] 373/422 language_model.model.layers.24.mlp.down_proj
[official-awq] 374/422 language_model.model.layers.25.self_attn.q_proj
[official-awq] 375/422 language_model.model.layers.25.self_attn.k_proj
[official-awq] 376/422 language_model.model.layers.25.self_attn.v_proj
[official-awq] 377/422 language_model.model.layers.25.self_attn.o_proj
[official-awq] 378/422 language_model.model.layers.25.mlp.gate_proj
[official-awq] 379/422 language_model.model.layers.25.mlp.up_proj
[official-awq] 380/422 language_model.model.layers.25.mlp.down_proj
[official-awq] 381/422 language_model.model.layers.26.self_attn.q_proj
[official-awq] 382/422 language_model.model.layers.26.self_attn.k_proj
[official-awq] 383/422 language_model.model.layers.26.self_attn.v_proj
[official-awq] 384/422 language_model.model.layers.26.self_attn.o_proj
[official-awq] 385/422 language_model.model.layers.26.mlp.gate_proj
[official-awq] 386/422 language_model.model.layers.26.mlp.up_proj
[official-awq] 387/422 language_model.model.layers.26.mlp.down_proj
[official-awq] 388/422 language_model.model.layers.27.self_attn.q_proj
[official-awq] 389/422 language_model.model.layers.27.self_attn.k_proj
[official-awq] 390/422 language_model.model.layers.27.self_attn.v_proj
[official-awq] 391/422 language_model.model.layers.27.self_attn.o_proj
[official-awq] 392/422 language_model.model.layers.27.mlp.gate_proj
[official-awq] 393/422 language_model.model.layers.27.mlp.up_proj
[official-awq] 394/422 language_model.model.layers.27.mlp.down_proj
[official-awq] 395/422 language_model.model.layers.28.self_attn.q_proj
[official-awq] 396/422 language_model.model.layers.28.self_attn.k_proj
[official-awq] 397/422 language_model.model.layers.28.self_attn.v_proj
[official-awq] 398/422 language_model.model.layers.28.self_attn.o_proj
[official-awq] 399/422 language_model.model.layers.28.mlp.gate_proj
[official-awq] 400/422 language_model.model.layers.28.mlp.up_proj
[official-awq] 401/422 language_model.model.layers.28.mlp.down_proj
[official-awq] 402/422 language_model.model.layers.29.self_attn.q_proj
[official-awq] 403/422 language_model.model.layers.29.self_attn.k_proj
[official-awq] 404/422 language_model.model.layers.29.self_attn.v_proj
[official-awq] 405/422 language_model.model.layers.29.self_attn.o_proj
[official-awq] 406/422 language_model.model.layers.29.mlp.gate_proj
[official-awq] 407/422 language_model.model.layers.29.mlp.up_proj
[official-awq] 408/422 language_model.model.layers.29.mlp.down_proj
[official-awq] 409/422 language_model.model.layers.30.self_attn.q_proj
[official-awq] 410/422 language_model.model.layers.30.self_attn.k_proj
[official-awq] 411/422 language_model.model.layers.30.self_attn.v_proj
[official-awq] 412/422 language_model.model.layers.30.self_attn.o_proj
[official-awq] 413/422 language_model.model.layers.30.mlp.gate_proj
[official-awq] 414/422 language_model.model.layers.30.mlp.up_proj
[official-awq] 415/422 language_model.model.layers.30.mlp.down_proj
[official-awq] 416/422 language_model.model.layers.31.self_attn.q_proj
[official-awq] 417/422 language_model.model.layers.31.self_attn.k_proj
[official-awq] 418/422 language_model.model.layers.31.self_attn.v_proj
[official-awq] 419/422 language_model.model.layers.31.self_attn.o_proj
[official-awq] 420/422 language_model.model.layers.31.mlp.gate_proj
[official-awq] 421/422 language_model.model.layers.31.mlp.up_proj
[official-awq] 422/422 language_model.model.layers.31.mlp.down_proj
[official-quant] method=awq weight_bits=4 activation_bits=16 profile_targets=422 scope=all
[official-quant] BF16 exclusions=projector,proprio_projector,action_head,embeddings,norms
[official-quant] candidate={"applied_target_bits": {"4": 422}, "applied_targets": 422, "name": "profile", "profiles": [{"path": "/root/autodl-tmp/qvla-repro/artifacts/awq-spatial-20260912-163735-1136/profiles/w4.pt", "sha256": "ea3faca6130c88bd38fbe20be28eafc742d66605d339f8d9acfedb8da4703ea4"}], "removed_language_clips": 0, "scope": "all", "target_group_counts": {"128": 422}, "w4_layers": ""}
[official-quant] using preloaded model
09/17 [18:41:40] INFO     | >> Logging to local log file: run_libero_eval.py:223
                          /root/autodl-tmp/qvla-repro/eva                       
                          l/awq-baseline-shard-27-34-2026                       
                          0917-182634-1372/w4/EVAL-libero                       
                          _spatial-openvla-2026_09_17-18_                       
                          41_13.txt                                             
                 INFO     | >> SEED_PROTOCOL {"env_seed": run_libero_eval.py:238
                          0, "model_seed": 0, "protocol":                       
                          "paired",                                             
                          "pythonhashseed_at_launch":                           
                          "0", "runner_sha256":                                 
                          "fe37e8097c286e1946e5194a1f817a                       
                          2b2362d167a6a5a49443c5aa20314d8                       
                          873", "strict": false}                                
[info] using task orders [0, 1, 2, 3, 4, 5, 6, 7, 8, 9]
                 INFO     | >> Task suite: libero_spatial run_libero_eval.py:238
  0%|          | 0/10 [00:00<?, ?it/s]                 INFO     | >> Using default initial      run_libero_eval.py:238
                          states                                                

  0%|          | 0/8 [00:00<?, ?it/s][A09/17 [18:41:44] INFO     | >>                            run_libero_eval.py:238
                          Task: pick up the black bowl                          
                          between the plate and the                             
                          ramekin and place it on the                           
                          plate                                                 
                 INFO     | >> Starting episode 1...      run_libero_eval.py:238
                 INFO     | >> EPISODE_MANIFEST           run_libero_eval.py:238
                          {"env_seed": 2820563259,                              
                          "init_state_dtype": "float64",                        
                          "init_state_index": 27,                               
                          "init_state_sha256":                                  
                          "87a5c5b1f34db4f44115b14420e64b                       
                          69ce42fb10bdff86f6fa7d3082cea70                       
                          30a", "init_state_shape": [92],                       
                          "model_seed": 584996665,                              
                          "protocol": "paired",                                 
                          "task_id": 0}                                         
huggingface/tokenizers: The current process just got forked, after parallelism has already been used. Disabling parallelism to avoid deadlocks...
To disable this warning, you can either:
	- Avoid using `tokenizers` before the fork if possible
	- Explicitly set the environment variable TOKENIZERS_PARALLELISM=(true | false)
Saved rollout MP4 at path ./rollouts/2026_09_17/2026_09_17-18_41_13--openvla_oft--episode=1--success=True--task=pick_up_the_black_bowl_between_the_plate_and_the_r.mp4
09/17 [18:41:52] INFO     | >> Success: True              run_libero_eval.py:238
                 INFO     | >> # episodes completed so    run_libero_eval.py:238
                          far: 1                                                
                 INFO     | >> # successes: 1 (100.0%)    run_libero_eval.py:238

 12%|█▎        | 1/8 [00:08<01:00,  8.59s/it][A                 INFO     | >>                            run_libero_eval.py:238
                          Task: pick up the black bowl                          
                          between the plate and the                             
                          ramekin and place it on the                           
                          plate                                                 
                 INFO     | >> Starting episode 2...      run_libero_eval.py:238
                 INFO     | >> EPISODE_MANIFEST           run_libero_eval.py:238
                          {"env_seed": 2426614531,                              
                          "init_state_dtype": "float64",                        
                          "init_state_index": 28,                               
                          "init_state_sha256":                                  
                          "9af4a846b8a8625eabd163110d717e                       
                          b1cf99be156cae4a8ea5f8eb55b6a7b                       
                          7ae", "init_state_shape": [92],                       
                          "model_seed": 1553279041,                             
                          "protocol": "paired",                                 
                          "task_id": 0}                                         
huggingface/tokenizers: The current process just got forked, after parallelism has already been used. Disabling parallelism to avoid deadlocks...
To disable this warning, you can either:
	- Avoid using `tokenizers` before the fork if possible
	- Explicitly set the environment variable TOKENIZERS_PARALLELISM=(true | false)
Saved rollout MP4 at path ./rollouts/2026_09_17/2026_09_17-18_41_13--openvla_oft--episode=2--success=True--task=pick_up_the_black_bowl_between_the_plate_and_the_r.mp4
09/17 [18:42:00] INFO     | >> Success: True              run_libero_eval.py:238
                 INFO     | >> # episodes completed so    run_libero_eval.py:238
                          far: 2                                                
                 INFO     | >> # successes: 2 (100.0%)    run_libero_eval.py:238

 25%|██▌       | 2/8 [00:16<00:50,  8.35s/it][A                 INFO     | >>                            run_libero_eval.py:238
                          Task: pick up the black bowl                          
                          between the plate and the                             
                          ramekin and place it on the                           
                          plate                                                 
                 INFO     | >> Starting episode 3...      run_libero_eval.py:238
                 INFO     | >> EPISODE_MANIFEST           run_libero_eval.py:238
                          {"env_seed": 420639818,                               
                          "init_state_dtype": "float64",                        
                          "init_state_index": 29,                               
                          "init_state_sha256":                                  
                          "aee904d9b1ab6993ed2d44907c9c93                       
                          aa6d66f37bc12863a849e8f1608c824                       
                          304", "init_state_shape": [92],                       
                          "model_seed": 3478293673,                             
                          "protocol": "paired",                                 
                          "task_id": 0}                                         
huggingface/tokenizers: The current process just got forked, after parallelism has already been used. Disabling parallelism to avoid deadlocks...
To disable this warning, you can either:
	- Avoid using `tokenizers` before the fork if possible
	- Explicitly set the environment variable TOKENIZERS_PARALLELISM=(true | false)
Saved rollout MP4 at path ./rollouts/2026_09_17/2026_09_17-18_41_13--openvla_oft--episode=3--success=True--task=pick_up_the_black_bowl_between_the_plate_and_the_r.mp4
09/17 [18:42:09] INFO     | >> Success: True              run_libero_eval.py:238
                 INFO     | >> # episodes completed so    run_libero_eval.py:238
                          far: 3                                                
                 INFO     | >> # successes: 3 (100.0%)    run_libero_eval.py:238

 38%|███▊      | 3/8 [00:25<00:41,  8.31s/it][A                 INFO     | >>                            run_libero_eval.py:238
                          Task: pick up the black bowl                          
                          between the plate and the                             
                          ramekin and place it on the                           
                          plate                                                 
                 INFO     | >> Starting episode 4...      run_libero_eval.py:238
                 INFO     | >> EPISODE_MANIFEST           run_libero_eval.py:238
                          {"env_seed": 3366832657,                              
                          "init_state_dtype": "float64",                        
                          "init_state_index": 30,                               
                          "init_state_sha256":                                  
                          "60373ae3ea0f921f6e0e7ad9b70c93                       
                          086584c0e40e2c729d198ac04e6f474                       
                          1d1", "init_state_shape": [92],                       
                          "model_seed": 1819856238,                             
                          "protocol": "paired",                                 
                          "task_id": 0}                                         
huggingface/tokenizers: The current process just got forked, after parallelism has already been used. Disabling parallelism to avoid deadlocks...
To disable this warning, you can either:
	- Avoid using `tokenizers` before the fork if possible
	- Explicitly set the environment variable TOKENIZERS_PARALLELISM=(true | false)
Saved rollout MP4 at path ./rollouts/2026_09_17/2026_09_17-18_41_13--openvla_oft--episode=4--success=True--task=pick_up_the_black_bowl_between_the_plate_and_the_r.mp4
09/17 [18:42:17] INFO     | >> Success: True              run_libero_eval.py:238
                 INFO     | >> # episodes completed so    run_libero_eval.py:238
                          far: 4                                                
                 INFO     | >> # successes: 4 (100.0%)    run_libero_eval.py:238

 50%|█████     | 4/8 [00:33<00:33,  8.25s/it][A                 INFO     | >>                            run_libero_eval.py:238
                          Task: pick up the black bowl                          
                          between the plate and the                             
                          ramekin and place it on the                           
                          plate                                                 
                 INFO     | >> Starting episode 5...      run_libero_eval.py:238
                 INFO     | >> EPISODE_MANIFEST           run_libero_eval.py:238
                          {"env_seed": 3219659654,                              
                          "init_state_dtype": "float64",                        
                          "init_state_index": 31,                               
                          "init_state_sha256":                                  
                          "dca9d9879195a74cffd26499d9ff1d                       
                          6f566adaf1dbc1b9abe412d55d8e9c1                       
                          782", "init_state_shape": [92],                       
                          "model_seed": 3588750296,                             
                          "protocol": "paired",                                 
                          "task_id": 0}                                         
huggingface/tokenizers: The current process just got forked, after parallelism has already been used. Disabling parallelism to avoid deadlocks...
To disable this warning, you can either:
	- Avoid using `tokenizers` before the fork if possible
	- Explicitly set the environment variable TOKENIZERS_PARALLELISM=(true | false)
Saved rollout MP4 at path ./rollouts/2026_09_17/2026_09_17-18_41_13--openvla_oft--episode=5--success=True--task=pick_up_the_black_bowl_between_the_plate_and_the_r.mp4
09/17 [18:42:25] INFO     | >> Success: True              run_libero_eval.py:238
                 INFO     | >> # episodes completed so    run_libero_eval.py:238
                          far: 5                                                
                 INFO     | >> # successes: 5 (100.0%)    run_libero_eval.py:238

 62%|██████▎   | 5/8 [00:41<00:24,  8.22s/it][A                 INFO     | >>                            run_libero_eval.py:238
                          Task: pick up the black bowl                          
                          between the plate and the                             
                          ramekin and place it on the                           
                          plate                                                 
                 INFO     | >> Starting episode 6...      run_libero_eval.py:238
                 INFO     | >> EPISODE_MANIFEST           run_libero_eval.py:238
                          {"env_seed": 607565561,                               
                          "init_state_dtype": "float64",                        
                          "init_state_index": 32,                               
                          "init_state_sha256":                                  
                          "a13fabf87ee32c1993174729953b7a                       
                          47b46aadc29474f109224017888d72f                       
                          a80", "init_state_shape": [92],                       
                          "model_seed": 2143513019,                             
                          "protocol": "paired",                                 
                          "task_id": 0}                                         
huggingface/tokenizers: The current process just got forked, after parallelism has already been used. Disabling parallelism to avoid deadlocks...
To disable this warning, you can either:
	- Avoid using `tokenizers` before the fork if possible
	- Explicitly set the environment variable TOKENIZERS_PARALLELISM=(true | false)
Saved rollout MP4 at path ./rollouts/2026_09_17/2026_09_17-18_41_13--openvla_oft--episode=6--success=True--task=pick_up_the_black_bowl_between_the_plate_and_the_r.mp4
09/17 [18:42:33] INFO     | >> Success: True              run_libero_eval.py:238
                 INFO     | >> # episodes completed so    run_libero_eval.py:238
                          far: 6                                                
                 INFO     | >> # successes: 6 (100.0%)    run_libero_eval.py:238

 75%|███████▌  | 6/8 [00:49<00:16,  8.22s/it][A                 INFO     | >>                            run_libero_eval.py:238
                          Task: pick up the black bowl                          
                          between the plate and the                             
                          ramekin and place it on the                           
                          plate                                                 
                 INFO     | >> Starting episode 7...      run_libero_eval.py:238
                 INFO     | >> EPISODE_MANIFEST           run_libero_eval.py:238
                          {"env_seed": 2184501706,                              
                          "init_state_dtype": "float64",                        
                          "init_state_index": 33,                               
                          "init_state_sha256":                                  
                          "7462d09856ec150e6403873bd1497a                       
                          818d36d6d9175cf9c41697d986fd971                       
                          fdf", "init_state_shape": [92],                       
                          "model_seed": 3763690868,                             
                          "protocol": "paired",                                 
                          "task_id": 0}                                         
huggingface/tokenizers: The current process just got forked, after parallelism has already been used. Disabling parallelism to avoid deadlocks...
To disable this warning, you can either:
	- Avoid using `tokenizers` before the fork if possible
	- Explicitly set the environment variable TOKENIZERS_PARALLELISM=(true | false)
Saved rollout MP4 at path ./rollouts/2026_09_17/2026_09_17-18_41_13--openvla_oft--episode=7--success=True--task=pick_up_the_black_bowl_between_the_plate_and_the_r.mp4
09/17 [18:42:41] INFO     | >> Success: True              run_libero_eval.py:238
                 INFO     | >> # episodes completed so    run_libero_eval.py:238
                          far: 7                                                
                 INFO     | >> # successes: 7 (100.0%)    run_libero_eval.py:238

 88%|████████▊ | 7/8 [00:57<00:08,  8.08s/it][A                 INFO     | >>                            run_libero_eval.py:238
                          Task: pick up the black bowl                          
                          between the plate and the                             
                          ramekin and place it on the                           
                          plate                                                 
                 INFO     | >> Starting episode 8...      run_libero_eval.py:238
                 INFO     | >> EPISODE_MANIFEST           run_libero_eval.py:238
                          {"env_seed": 1484294791,                              
                          "init_state_dtype": "float64",                        
                          "init_state_index": 34,                               
                          "init_state_sha256":                                  
                          "0fab22e4ac5a4f8f3e5380a56d03d7                       
                          f2d26c9ed14d4ddd15c3c401ac2756f                       
                          22b", "init_state_shape": [92],                       
                          "model_seed": 3861600599,                             
                          "protocol": "paired",                                 
                          "task_id": 0}                                         
huggingface/tokenizers: The current process just got forked, after parallelism has already been used. Disabling parallelism to avoid deadlocks...
To disable this warning, you can either:
	- Avoid using `tokenizers` before the fork if possible
	- Explicitly set the environment variable TOKENIZERS_PARALLELISM=(true | false)
Saved rollout MP4 at path ./rollouts/2026_09_17/2026_09_17-18_41_13--openvla_oft--episode=8--success=True--task=pick_up_the_black_bowl_between_the_plate_and_the_r.mp4
09/17 [18:42:49] INFO     | >> Success: True              run_libero_eval.py:238
                 INFO     | >> # episodes completed so    run_libero_eval.py:238
                          far: 8                                                
                 INFO     | >> # successes: 8 (100.0%)    run_libero_eval.py:238

100%|██████████| 8/8 [01:05<00:00,  7.94s/it][A100%|██████████| 8/8 [01:05<00:00,  8.13s/it]
                 INFO     | >> Current task success rate: run_libero_eval.py:238
                          1.0                                                   
                 INFO     | >> Current total success      run_libero_eval.py:238
                          rate: 1.0                                             
 10%|█         | 1/10 [01:08<10:17, 68.62s/it]                 INFO     | >> Using default initial      run_libero_eval.py:238
                          states                                                

  0%|          | 0/8 [00:00<?, ?it/s][A09/17 [18:42:52] INFO     | >>                            run_libero_eval.py:238
                          Task: pick up the black bowl                          
                          next to the ramekin and place                         
                          it on the plate                                       
                 INFO     | >> Starting episode 1...      run_libero_eval.py:238
                 INFO     | >> EPISODE_MANIFEST           run_libero_eval.py:238
                          {"env_seed": 2911252690,                              
                          "init_state_dtype": "float64",                        
                          "init_state_index": 27,                               
                          "init_state_sha256":                                  
                          "957bff2d8f541b8cba0c7c5365aa70                       
                          6023c2f9b09a0cd498029eaa4666328                       
                          024", "init_state_shape": [92],                       
                          "model_seed": 2719972782,                             
                          "protocol": "paired",                                 
                          "task_id": 1}                                         
huggingface/tokenizers: The current process just got forked, after parallelism has already been used. Disabling parallelism to avoid deadlocks...
To disable this warning, you can either:
	- Avoid using `tokenizers` before the fork if possible
	- Explicitly set the environment variable TOKENIZERS_PARALLELISM=(true | false)
Saved rollout MP4 at path ./rollouts/2026_09_17/2026_09_17-18_41_13--openvla_oft--episode=9--success=True--task=pick_up_the_black_bowl_next_to_the_ramekin_and_pla.mp4
09/17 [18:43:02] INFO     | >> Success: True              run_libero_eval.py:238
                 INFO     | >> # episodes completed so    run_libero_eval.py:238
                          far: 9                                                
                 INFO     | >> # successes: 9 (100.0%)    run_libero_eval.py:238

 12%|█▎        | 1/8 [00:09<01:07,  9.63s/it][A                 INFO     | >>                            run_libero_eval.py:238
                          Task: pick up the black bowl                          
                          next to the ramekin and place                         
                          it on the plate                                       
                 INFO     | >> Starting episode 2...      run_libero_eval.py:238
                 INFO     | >> EPISODE_MANIFEST           run_libero_eval.py:238
                          {"env_seed": 3018376757,                              
                          "init_state_dtype": "float64",                        
                          "init_state_index": 28,                               
                          "init_state_sha256":                                  
                          "73c4de51f7a3d44d0d1ccdb2180f85                       
                          923de83e1e730e34c56d73e94c53d14                       
                          850", "init_state_shape": [92],                       
                          "model_seed": 3696227378,                             
                          "protocol": "paired",                                 
                          "task_id": 1}                                         
huggingface/tokenizers: The current process just got forked, after parallelism has already been used. Disabling parallelism to avoid deadlocks...
To disable this warning, you can either:
	- Avoid using `tokenizers` before the fork if possible
	- Explicitly set the environment variable TOKENIZERS_PARALLELISM=(true | false)
Saved rollout MP4 at path ./rollouts/2026_09_17/2026_09_17-18_41_13--openvla_oft--episode=10--success=True--task=pick_up_the_black_bowl_next_to_the_ramekin_and_pla.mp4
09/17 [18:43:11] INFO     | >> Success: True              run_libero_eval.py:238
                 INFO     | >> # episodes completed so    run_libero_eval.py:238
                          far: 10                                               
                 INFO     | >> # successes: 10 (100.0%)   run_libero_eval.py:238

 25%|██▌       | 2/8 [00:19<00:57,  9.62s/it][A                 INFO     | >>                            run_libero_eval.py:238
                          Task: pick up the black bowl                          
                          next to the ramekin and place                         
                          it on the plate                                       
                 INFO     | >> Starting episode 3...      run_libero_eval.py:238
                 INFO     | >> EPISODE_MANIFEST           run_libero_eval.py:238
                          {"env_seed": 3846320274,                              
                          "init_state_dtype": "float64",                        
                          "init_state_index": 29,                               
                          "init_state_sha256":                                  
                          "f12a50bbad24f97fe53ff1f8f08405                       
                          b68fb52fa59a366a7273011c74c4368                       
                          2a8", "init_state_shape": [92],                       
                          "model_seed": 2551401112,                             
                          "protocol": "paired",                                 
                          "task_id": 1}                                         
huggingface/tokenizers: The current process just got forked, after parallelism has already been used. Disabling parallelism to avoid deadlocks...
To disable this warning, you can either:
	- Avoid using `tokenizers` before the fork if possible
	- Explicitly set the environment variable TOKENIZERS_PARALLELISM=(true | false)
Saved rollout MP4 at path ./rollouts/2026_09_17/2026_09_17-18_41_13--openvla_oft--episode=11--success=True--task=pick_up_the_black_bowl_next_to_the_ramekin_and_pla.mp4
09/17 [18:43:21] INFO     | >> Success: True              run_libero_eval.py:238
                 INFO     | >> # episodes completed so    run_libero_eval.py:238
                          far: 11                                               
                 INFO     | >> # successes: 11 (100.0%)   run_libero_eval.py:238

 38%|███▊      | 3/8 [00:28<00:48,  9.63s/it][A                 INFO     | >>                            run_libero_eval.py:238
                          Task: pick up the black bowl                          
                          next to the ramekin and place                         
                          it on the plate                                       
                 INFO     | >> Starting episode 4...      run_libero_eval.py:238
                 INFO     | >> EPISODE_MANIFEST           run_libero_eval.py:238
                          {"env_seed": 3291550717,                              
                          "init_state_dtype": "float64",                        
                          "init_state_index": 30,                               
                          "init_state_sha256":                                  
                          "3036089344aa3de23f7a3661c48813                       
                          37ed5e278d98c5379b950d9cb00c3ed                       
                          13e", "init_state_shape": [92],                       
                          "model_seed": 2148046501,                             
                          "protocol": "paired",                                 
                          "task_id": 1}                                         
huggingface/tokenizers: The current process just got forked, after parallelism has already been used. Disabling parallelism to avoid deadlocks...
To disable this warning, you can either:
	- Avoid using `tokenizers` before the fork if possible
	- Explicitly set the environment variable TOKENIZERS_PARALLELISM=(true | false)
Saved rollout MP4 at path ./rollouts/2026_09_17/2026_09_17-18_41_13--openvla_oft--episode=12--success=True--task=pick_up_the_black_bowl_next_to_the_ramekin_and_pla.mp4
09/17 [18:43:30] INFO     | >> Success: True              run_libero_eval.py:238
                 INFO     | >> # episodes completed so    run_libero_eval.py:238
                          far: 12                                               
                 INFO     | >> # successes: 12 (100.0%)   run_libero_eval.py:238

 50%|█████     | 4/8 [00:38<00:37,  9.47s/it][A                 INFO     | >>                            run_libero_eval.py:238
                          Task: pick up the black bowl                          
                          next to the ramekin and place                         
                          it on the plate                                       
                 INFO     | >> Starting episode 5...      run_libero_eval.py:238
                 INFO     | >> EPISODE_MANIFEST           run_libero_eval.py:238
                          {"env_seed": 3396407165,                              
                          "init_state_dtype": "float64",                        
                          "init_state_index": 31,                               
                          "init_state_sha256":                                  
                          "8a60a693678e7959209f6070471a12                       
                          fe613bb54f61355402f19eecd32db53                       
                          e29", "init_state_shape": [92],                       
                          "model_seed": 2121512973,                             
                          "protocol": "paired",                                 
                          "task_id": 1}                                         
huggingface/tokenizers: The current process just got forked, after parallelism has already been used. Disabling parallelism to avoid deadlocks...
To disable this warning, you can either:
	- Avoid using `tokenizers` before the fork if possible
	- Explicitly set the environment variable TOKENIZERS_PARALLELISM=(true | false)
Saved rollout MP4 at path ./rollouts/2026_09_17/2026_09_17-18_41_13--openvla_oft--episode=13--success=True--task=pick_up_the_black_bowl_next_to_the_ramekin_and_pla.mp4
09/17 [18:43:40] INFO     | >> Success: True              run_libero_eval.py:238
                 INFO     | >> # episodes completed so    run_libero_eval.py:238
                          far: 13                                               
                 INFO     | >> # successes: 13 (100.0%)   run_libero_eval.py:238

 62%|██████▎   | 5/8 [00:47<00:28,  9.39s/it][A                 INFO     | >>                            run_libero_eval.py:238
                          Task: pick up the black bowl                          
                          next to the ramekin and place                         
                          it on the plate                                       
                 INFO     | >> Starting episode 6...      run_libero_eval.py:238
                 INFO     | >> EPISODE_MANIFEST           run_libero_eval.py:238
                          {"env_seed": 1143324853,                              
                          "init_state_dtype": "float64",                        
                          "init_state_index": 32,                               
                          "init_state_sha256":                                  
                          "c86ee635d79d02e4d33c5aa8939999                       
                          f827d85099b2851d1178bd9f23e2315                       
                          28b", "init_state_shape": [92],                       
                          "model_seed": 4007555682,                             
                          "protocol": "paired",                                 
                          "task_id": 1}                                         
huggingface/tokenizers: The current process just got forked, after parallelism has already been used. Disabling parallelism to avoid deadlocks...
To disable this warning, you can either:
	- Avoid using `tokenizers` before the fork if possible
	- Explicitly set the environment variable TOKENIZERS_PARALLELISM=(true | false)
Saved rollout MP4 at path ./rollouts/2026_09_17/2026_09_17-18_41_13--openvla_oft--episode=14--success=True--task=pick_up_the_black_bowl_next_to_the_ramekin_and_pla.mp4
09/17 [18:43:49] INFO     | >> Success: True              run_libero_eval.py:238
                 INFO     | >> # episodes completed so    run_libero_eval.py:238
                          far: 14                                               
                 INFO     | >> # successes: 14 (100.0%)   run_libero_eval.py:238

 75%|███████▌  | 6/8 [00:57<00:19,  9.54s/it][A                 INFO     | >>                            run_libero_eval.py:238
                          Task: pick up the black bowl                          
                          next to the ramekin and place                         
                          it on the plate                                       
                 INFO     | >> Starting episode 7...      run_libero_eval.py:238
                 INFO     | >> EPISODE_MANIFEST           run_libero_eval.py:238
                          {"env_seed": 303692254,                               
                          "init_state_dtype": "float64",                        
                          "init_state_index": 33,                               
                          "init_state_sha256":                                  
                          "dc62576220d23cd72d86cbaf994459                       
                          d768774c160c3c7605a7c7822de55e7                       
                          0e6", "init_state_shape": [92],                       
                          "model_seed": 2446284193,                             
                          "protocol": "paired",                                 
                          "task_id": 1}                                         
huggingface/tokenizers: The current process just got forked, after parallelism has already been used. Disabling parallelism to avoid deadlocks...
To disable this warning, you can either:
	- Avoid using `tokenizers` before the fork if possible
	- Explicitly set the environment variable TOKENIZERS_PARALLELISM=(true | false)
Saved rollout MP4 at path ./rollouts/2026_09_17/2026_09_17-18_41_13--openvla_oft--episode=15--success=True--task=pick_up_the_black_bowl_next_to_the_ramekin_and_pla.mp4
09/17 [18:43:59] INFO     | >> Success: True              run_libero_eval.py:238
                 INFO     | >> # episodes completed so    run_libero_eval.py:238
                          far: 15                                               
                 INFO     | >> # successes: 15 (100.0%)   run_libero_eval.py:238

 88%|████████▊ | 7/8 [01:06<00:09,  9.61s/it][A                 INFO     | >>                            run_libero_eval.py:238
                          Task: pick up the black bowl                          
                          next to the ramekin and place                         
                          it on the plate                                       
                 INFO     | >> Starting episode 8...      run_libero_eval.py:238
                 INFO     | >> EPISODE_MANIFEST           run_libero_eval.py:238
                          {"env_seed": 2880477501,                              
                          "init_state_dtype": "float64",                        
                          "init_state_index": 34,                               
                          "init_state_sha256":                                  
                          "63821e171711e8b17ce30496fe2d02                       
                          a5b1e39cbbc1abea294e7558df9e3db                       
                          1e7", "init_state_shape": [92],                       
                          "model_seed": 2563757835,                             
                          "protocol": "paired",                                 
                          "task_id": 1}                                         
huggingface/tokenizers: The current process just got forked, after parallelism has already been used. Disabling parallelism to avoid deadlocks...
To disable this warning, you can either:
	- Avoid using `tokenizers` before the fork if possible
	- Explicitly set the environment variable TOKENIZERS_PARALLELISM=(true | false)
Saved rollout MP4 at path ./rollouts/2026_09_17/2026_09_17-18_41_13--openvla_oft--episode=16--success=True--task=pick_up_the_black_bowl_next_to_the_ramekin_and_pla.mp4
09/17 [18:44:08] INFO     | >> Success: True              run_libero_eval.py:238
                 INFO     | >> # episodes completed so    run_libero_eval.py:238
                          far: 16                                               
                 INFO     | >> # successes: 16 (100.0%)   run_libero_eval.py:238

100%|██████████| 8/8 [01:16<00:00,  9.54s/it][A100%|██████████| 8/8 [01:16<00:00,  9.54s/it]
                 INFO     | >> Current task success rate: run_libero_eval.py:238
                          1.0                                                   
09/17 [18:44:09] INFO     | >> Current total success      run_libero_eval.py:238
                          rate: 1.0                                             
 20%|██        | 2/10 [02:28<10:02, 75.26s/it]                 INFO     | >> Using default initial      run_libero_eval.py:238
                          states                                                

  0%|          | 0/8 [00:00<?, ?it/s][A09/17 [18:44:12] INFO     | >>                            run_libero_eval.py:238
                          Task: pick up the black bowl                          
                          from table center and place it                        
                          on the plate                                          
                 INFO     | >> Starting episode 1...      run_libero_eval.py:238
                 INFO     | >> EPISODE_MANIFEST           run_libero_eval.py:238
                          {"env_seed": 2334082172,                              
                          "init_state_dtype": "float64",                        
                          "init_state_index": 27,                               
                          "init_state_sha256":                                  
                          "854bdfcd51ad77834b2872be857a61                       
                          0c949dee635c402d31fb482ba8b0fcd                       
                          abf", "init_state_shape": [92],                       
                          "model_seed": 2252168369,                             
                          "protocol": "paired",                                 
                          "task_id": 2}                                         
huggingface/tokenizers: The current process just got forked, after parallelism has already been used. Disabling parallelism to avoid deadlocks...
To disable this warning, you can either:
	- Avoid using `tokenizers` before the fork if possible
	- Explicitly set the environment variable TOKENIZERS_PARALLELISM=(true | false)
Saved rollout MP4 at path ./rollouts/2026_09_17/2026_09_17-18_41_13--openvla_oft--episode=17--success=True--task=pick_up_the_black_bowl_from_table_center_and_place.mp4
09/17 [18:44:23] INFO     | >> Success: True              run_libero_eval.py:238
                 INFO     | >> # episodes completed so    run_libero_eval.py:238
                          far: 17                                               
                 INFO     | >> # successes: 17 (100.0%)   run_libero_eval.py:238

 12%|█▎        | 1/8 [00:10<01:14, 10.68s/it][A                 INFO     | >>                            run_libero_eval.py:238
                          Task: pick up the black bowl                          
                          from table center and place it                        
                          on the plate                                          
                 INFO     | >> Starting episode 2...      run_libero_eval.py:238
                 INFO     | >> EPISODE_MANIFEST           run_libero_eval.py:238
                          {"env_seed": 483650993,                               
                          "init_state_dtype": "float64",                        
                          "init_state_index": 28,                               
                          "init_state_sha256":                                  
                          "d342a333056d9f2b9db652157baeaa                       
                          6b9c00e3d4b45ff819a1d3ead89d4c2                       
                          848", "init_state_shape": [92],                       
                          "model_seed": 1068705458,                             
                          "protocol": "paired",                                 
                          "task_id": 2}                                         
huggingface/tokenizers: The current process just got forked, after parallelism has already been used. Disabling parallelism to avoid deadlocks...
To disable this warning, you can either:
	- Avoid using `tokenizers` before the fork if possible
	- Explicitly set the environment variable TOKENIZERS_PARALLELISM=(true | false)
Saved rollout MP4 at path ./rollouts/2026_09_17/2026_09_17-18_41_13--openvla_oft--episode=18--success=True--task=pick_up_the_black_bowl_from_table_center_and_place.mp4
09/17 [18:44:32] INFO     | >> Success: True              run_libero_eval.py:238
                 INFO     | >> # episodes completed so    run_libero_eval.py:238
                          far: 18                                               
                 INFO     | >> # successes: 18 (100.0%)   run_libero_eval.py:238

 25%|██▌       | 2/8 [00:19<00:58,  9.81s/it][A                 INFO     | >>                            run_libero_eval.py:238
                          Task: pick up the black bowl                          
                          from table center and place it                        
                          on the plate                                          
                 INFO     | >> Starting episode 3...      run_libero_eval.py:238
                 INFO     | >> EPISODE_MANIFEST           run_libero_eval.py:238
                          {"env_seed": 2529158065,                              
                          "init_state_dtype": "float64",                        
                          "init_state_index": 29,                               
                          "init_state_sha256":                                  
                          "a5ab7d0571112cfb7d130ab437587f                       
                          8a8e7dd26b4b9957b030b1b1a734719                       
                          749", "init_state_shape": [92],                       
                          "model_seed": 990356161,                              
                          "protocol": "paired",                                 
                          "task_id": 2}                                         
huggingface/tokenizers: The current process just got forked, after parallelism has already been used. Disabling parallelism to avoid deadlocks...
To disable this warning, you can either:
	- Avoid using `tokenizers` before the fork if possible
	- Explicitly set the environment variable TOKENIZERS_PARALLELISM=(true | false)
Saved rollout MP4 at path ./rollouts/2026_09_17/2026_09_17-18_41_13--openvla_oft--episode=19--success=True--task=pick_up_the_black_bowl_from_table_center_and_place.mp4
09/17 [18:44:42] INFO     | >> Success: True              run_libero_eval.py:238
                 INFO     | >> # episodes completed so    run_libero_eval.py:238
                          far: 19                                               
                 INFO     | >> # successes: 19 (100.0%)   run_libero_eval.py:238

 38%|███▊      | 3/8 [00:29<00:48,  9.77s/it][A                 INFO     | >>                            run_libero_eval.py:238
                          Task: pick up the black bowl                          
                          from table center and place it                        
                          on the plate                                          
                 INFO     | >> Starting episode 4...      run_libero_eval.py:238
                 INFO     | >> EPISODE_MANIFEST           run_libero_eval.py:238
                          {"env_seed": 762872809,                               
                          "init_state_dtype": "float64",                        
                          "init_state_index": 30,                               
                          "init_state_sha256":                                  
                          "54acfd0b97b5ce95e16fdd601862cf                       
                          604f66ad922e4e1f3fccdc79c05bda0                       
                          87d", "init_state_shape": [92],                       
                          "model_seed": 1823811941,                             
                          "protocol": "paired",                                 
                          "task_id": 2}                                         
huggingface/tokenizers: The current process just got forked, after parallelism has already been used. Disabling parallelism to avoid deadlocks...
To disable this warning, you can either:
	- Avoid using `tokenizers` before the fork if possible
	- Explicitly set the environment variable TOKENIZERS_PARALLELISM=(true | false)
Saved rollout MP4 at path ./rollouts/2026_09_17/2026_09_17-18_41_13--openvla_oft--episode=20--success=True--task=pick_up_the_black_bowl_from_table_center_and_place.mp4
09/17 [18:44:50] INFO     | >> Success: True              run_libero_eval.py:238
                 INFO     | >> # episodes completed so    run_libero_eval.py:238
                          far: 20                                               
                 INFO     | >> # successes: 20 (100.0%)   run_libero_eval.py:238

 50%|█████     | 4/8 [00:38<00:37,  9.41s/it][A                 INFO     | >>                            run_libero_eval.py:238
                          Task: pick up the black bowl                          
                          from table center and place it                        
                          on the plate                                          
                 INFO     | >> Starting episode 5...      run_libero_eval.py:238
                 INFO     | >> EPISODE_MANIFEST           run_libero_eval.py:238
                          {"env_seed": 598983133,                               
                          "init_state_dtype": "float64",                        
                          "init_state_index": 31,                               
                          "init_state_sha256":                                  
                          "c976c7363518d54a34633001b72079                       
                          56139afa1061ff6a217ab65eb24fecf                       
                          b0c", "init_state_shape": [92],                       
                          "model_seed": 1357376687,                             
                          "protocol": "paired",                                 
                          "task_id": 2}                                         
huggingface/tokenizers: The current process just got forked, after parallelism has already been used. Disabling parallelism to avoid deadlocks...
To disable this warning, you can either:
	- Avoid using `tokenizers` before the fork if possible
	- Explicitly set the environment variable TOKENIZERS_PARALLELISM=(true | false)
Saved rollout MP4 at path ./rollouts/2026_09_17/2026_09_17-18_41_13--openvla_oft--episode=21--success=True--task=pick_up_the_black_bowl_from_table_center_and_place.mp4
09/17 [18:45:00] INFO     | >> Success: True              run_libero_eval.py:238
                 INFO     | >> # episodes completed so    run_libero_eval.py:238
                          far: 21                                               
                 INFO     | >> # successes: 21 (100.0%)   run_libero_eval.py:238

 62%|██████▎   | 5/8 [00:47<00:28,  9.40s/it][A                 INFO     | >>                            run_libero_eval.py:238
                          Task: pick up the black bowl                          
                          from table center and place it                        
                          on the plate                                          
                 INFO     | >> Starting episode 6...      run_libero_eval.py:238
                 INFO     | >> EPISODE_MANIFEST           run_libero_eval.py:238
                          {"env_seed": 1593406829,                              
                          "init_state_dtype": "float64",                        
                          "init_state_index": 32,                               
                          "init_state_sha256":                                  
                          "b7ea348f4b1c978f8476504e79de2a                       
                          2c661b881a8961aa4ef59500598eae8                       
                          4bf", "init_state_shape": [92],                       
                          "model_seed": 1626843166,                             
                          "protocol": "paired",                                 
                          "task_id": 2}                                         
huggingface/tokenizers: The current process just got forked, after parallelism has already been used. Disabling parallelism to avoid deadlocks...
To disable this warning, you can either:
	- Avoid using `tokenizers` before the fork if possible
	- Explicitly set the environment variable TOKENIZERS_PARALLELISM=(true | false)
Saved rollout MP4 at path ./rollouts/2026_09_17/2026_09_17-18_41_13--openvla_oft--episode=22--success=True--task=pick_up_the_black_bowl_from_table_center_and_place.mp4
09/17 [18:45:09] INFO     | >> Success: True              run_libero_eval.py:238
                 INFO     | >> # episodes completed so    run_libero_eval.py:238
                          far: 22                                               
                 INFO     | >> # successes: 22 (100.0%)   run_libero_eval.py:238

 75%|███████▌  | 6/8 [00:56<00:18,  9.28s/it][A                 INFO     | >>                            run_libero_eval.py:238
                          Task: pick up the black bowl                          
                          from table center and place it                        
                          on the plate                                          
                 INFO     | >> Starting episode 7...      run_libero_eval.py:238
                 INFO     | >> EPISODE_MANIFEST           run_libero_eval.py:238
                          {"env_seed": 4084099962,                              
                          "init_state_dtype": "float64",                        
                          "init_state_index": 33,                               
                          "init_state_sha256":                                  
                          "6be1ae79dc28427bcaf62fef6d406f                       
                          341661284652d3c60117ed1ad86e339                       
                          e70", "init_state_shape": [92],                       
                          "model_seed": 1171475189,                             
                          "protocol": "paired",                                 
                          "task_id": 2}                                         
huggingface/tokenizers: The current process just got forked, after parallelism has already been used. Disabling parallelism to avoid deadlocks...
To disable this warning, you can either:
	- Avoid using `tokenizers` before the fork if possible
	- Explicitly set the environment variable TOKENIZERS_PARALLELISM=(true | false)
Saved rollout MP4 at path ./rollouts/2026_09_17/2026_09_17-18_41_13--openvla_oft--episode=23--success=True--task=pick_up_the_black_bowl_from_table_center_and_place.mp4
09/17 [18:45:18] INFO     | >> Success: True              run_libero_eval.py:238
                 INFO     | >> # episodes completed so    run_libero_eval.py:238
                          far: 23                                               
                 INFO     | >> # successes: 23 (100.0%)   run_libero_eval.py:238

 88%|████████▊ | 7/8 [01:06<00:09,  9.30s/it][A                 INFO     | >>                            run_libero_eval.py:238
                          Task: pick up the black bowl                          
                          from table center and place it                        
                          on the plate                                          
                 INFO     | >> Starting episode 8...      run_libero_eval.py:238
                 INFO     | >> EPISODE_MANIFEST           run_libero_eval.py:238
                          {"env_seed": 3726451405,                              
                          "init_state_dtype": "float64",                        
                          "init_state_index": 34,                               
                          "init_state_sha256":                                  
                          "886ed201e403ef7ece6e8b34616721                       
                          86ddc2bbe2576905f887a1371842179                       
                          6fd", "init_state_shape": [92],                       
                          "model_seed": 2428114754,                             
                          "protocol": "paired",                                 
                          "task_id": 2}                                         
huggingface/tokenizers: The current process just got forked, after parallelism has already been used. Disabling parallelism to avoid deadlocks...
To disable this warning, you can either:
	- Avoid using `tokenizers` before the fork if possible
	- Explicitly set the environment variable TOKENIZERS_PARALLELISM=(true | false)
Saved rollout MP4 at path ./rollouts/2026_09_17/2026_09_17-18_41_13--openvla_oft--episode=24--success=True--task=pick_up_the_black_bowl_from_table_center_and_place.mp4
09/17 [18:45:27] INFO     | >> Success: True              run_libero_eval.py:238
                 INFO     | >> # episodes completed so    run_libero_eval.py:238
                          far: 24                                               
                 INFO     | >> # successes: 24 (100.0%)   run_libero_eval.py:238

100%|██████████| 8/8 [01:15<00:00,  9.16s/it][A100%|██████████| 8/8 [01:15<00:00,  9.39s/it]
                 INFO     | >> Current task success rate: run_libero_eval.py:238
                          1.0                                                   
                 INFO     | >> Current total success      run_libero_eval.py:238
                          rate: 1.0                                             
 30%|███       | 3/10 [03:46<08:57, 76.72s/it]                 INFO     | >> Using default initial      run_libero_eval.py:238
                          states                                                

  0%|          | 0/8 [00:00<?, ?it/s][A09/17 [18:45:30] INFO     | >>                            run_libero_eval.py:238
                          Task: pick up the black bowl on                       
                          the cookie box and place it on                        
                          the plate                                             
                 INFO     | >> Starting episode 1...      run_libero_eval.py:238
09/17 [18:45:31] INFO     | >> EPISODE_MANIFEST           run_libero_eval.py:238
                          {"env_seed": 2107813989,                              
                          "init_state_dtype": "float64",                        
                          "init_state_index": 27,                               
                          "init_state_sha256":                                  
                          "eec7887f489991d9b015f2b8ef700a                       
                          4646d6d1856f8c8d814f43a84f051f0                       
                          8a1", "init_state_shape": [92],                       
                          "model_seed": 4169899133,                             
                          "protocol": "paired",                                 
                          "task_id": 3}                                         
huggingface/tokenizers: The current process just got forked, after parallelism has already been used. Disabling parallelism to avoid deadlocks...
To disable this warning, you can either:
	- Avoid using `tokenizers` before the fork if possible
	- Explicitly set the environment variable TOKENIZERS_PARALLELISM=(true | false)
Saved rollout MP4 at path ./rollouts/2026_09_17/2026_09_17-18_41_13--openvla_oft--episode=25--success=True--task=pick_up_the_black_bowl_on_the_cookie_box_and_place.mp4
09/17 [18:45:39] INFO     | >> Success: True              run_libero_eval.py:238
                 INFO     | >> # episodes completed so    run_libero_eval.py:238
                          far: 25                                               
                 INFO     | >> # successes: 25 (100.0%)   run_libero_eval.py:238

 12%|█▎        | 1/8 [00:08<00:58,  8.29s/it][A                 INFO     | >>                            run_libero_eval.py:238
                          Task: pick up the black bowl on                       
                          the cookie box and place it on                        
                          the plate                                             
                 INFO     | >> Starting episode 2...      run_libero_eval.py:238
                 INFO     | >> EPISODE_MANIFEST           run_libero_eval.py:238
                          {"env_seed": 4234614986,                              
                          "init_state_dtype": "float64",                        
                          "init_state_index": 28,                               
                          "init_state_sha256":                                  
                          "7c8bd743586f0acef34692ff70f845                       
                          451d73e1eed874752fcf874a2c54a02                       
                          71c", "init_state_shape": [92],                       
                          "model_seed": 1108794834,                             
                          "protocol": "paired",                                 
                          "task_id": 3}                                         
huggingface/tokenizers: The current process just got forked, after parallelism has already been used. Disabling parallelism to avoid deadlocks...
To disable this warning, you can either:
	- Avoid using `tokenizers` before the fork if possible
	- Explicitly set the environment variable TOKENIZERS_PARALLELISM=(true | false)
Saved rollout MP4 at path ./rollouts/2026_09_17/2026_09_17-18_41_13--openvla_oft--episode=26--success=True--task=pick_up_the_black_bowl_on_the_cookie_box_and_place.mp4
09/17 [18:45:47] INFO     | >> Success: True              run_libero_eval.py:238
                 INFO     | >> # episodes completed so    run_libero_eval.py:238
                          far: 26                                               
                 INFO     | >> # successes: 26 (100.0%)   run_libero_eval.py:238

 25%|██▌       | 2/8 [00:16<00:50,  8.49s/it][A                 INFO     | >>                            run_libero_eval.py:238
                          Task: pick up the black bowl on                       
                          the cookie box and place it on                        
                          the plate                                             
                 INFO     | >> Starting episode 3...      run_libero_eval.py:238
                 INFO     | >> EPISODE_MANIFEST           run_libero_eval.py:238
                          {"env_seed": 195198961,                               
                          "init_state_dtype": "float64",                        
                          "init_state_index": 29,                               
                          "init_state_sha256":                                  
                          "d1bdda12ba47e7f29beb1a6ba20b38                       
                          04d2391e26dc962bc84c01bbdcf71f3                       
                          a6b", "init_state_shape": [92],                       
                          "model_seed": 2039204845,                             
                          "protocol": "paired",                                 
                          "task_id": 3}                                         
huggingface/tokenizers: The current process just got forked, after parallelism has already been used. Disabling parallelism to avoid deadlocks...
To disable this warning, you can either:
	- Avoid using `tokenizers` before the fork if possible
	- Explicitly set the environment variable TOKENIZERS_PARALLELISM=(true | false)
Saved rollout MP4 at path ./rollouts/2026_09_17/2026_09_17-18_41_13--openvla_oft--episode=27--success=True--task=pick_up_the_black_bowl_on_the_cookie_box_and_place.mp4
09/17 [18:45:56] INFO     | >> Success: True              run_libero_eval.py:238
                 INFO     | >> # episodes completed so    run_libero_eval.py:238
                          far: 27                                               
                 INFO     | >> # successes: 27 (100.0%)   run_libero_eval.py:238

 38%|███▊      | 3/8 [00:25<00:42,  8.43s/it][A                 INFO     | >>                            run_libero_eval.py:238
                          Task: pick up the black bowl on                       
                          the cookie box and place it on                        
                          the plate                                             
                 INFO     | >> Starting episode 4...      run_libero_eval.py:238
                 INFO     | >> EPISODE_MANIFEST           run_libero_eval.py:238
                          {"env_seed": 4057971178,                              
                          "init_state_dtype": "float64",                        
                          "init_state_index": 30,                               
                          "init_state_sha256":                                  
                          "c8f6ac536a9738937dd62b03558c47                       
                          ab581e0153936b9c98452a519f21195                       
                          672", "init_state_shape": [92],                       
                          "model_seed": 2754778619,                             
                          "protocol": "paired",                                 
                          "task_id": 3}                                         
huggingface/tokenizers: The current process just got forked, after parallelism has already been used. Disabling parallelism to avoid deadlocks...
To disable this warning, you can either:
	- Avoid using `tokenizers` before the fork if possible
	- Explicitly set the environment variable TOKENIZERS_PARALLELISM=(true | false)
Saved rollout MP4 at path ./rollouts/2026_09_17/2026_09_17-18_41_13--openvla_oft--episode=28--success=True--task=pick_up_the_black_bowl_on_the_cookie_box_and_place.mp4
09/17 [18:46:04] INFO     | >> Success: True              run_libero_eval.py:238
                 INFO     | >> # episodes completed so    run_libero_eval.py:238
                          far: 28                                               
                 INFO     | >> # successes: 28 (100.0%)   run_libero_eval.py:238

 50%|█████     | 4/8 [00:33<00:34,  8.52s/it][A                 INFO     | >>                            run_libero_eval.py:238
                          Task: pick up the black bowl on                       
                          the cookie box and place it on                        
                          the plate                                             
                 INFO     | >> Starting episode 5...      run_libero_eval.py:238
                 INFO     | >> EPISODE_MANIFEST           run_libero_eval.py:238
                          {"env_seed": 1863143974,                              
                          "init_state_dtype": "float64",                        
                          "init_state_index": 31,                               
                          "init_state_sha256":                                  
                          "fa32f8fd267af8197d89c23adab4d9                       
                          512c5c40f170e3451c47cf1d5c51a52                       
                          816", "init_state_shape": [92],                       
                          "model_seed": 1712531958,                             
                          "protocol": "paired",                                 
                          "task_id": 3}                                         
huggingface/tokenizers: The current process just got forked, after parallelism has already been used. Disabling parallelism to avoid deadlocks...
To disable this warning, you can either:
	- Avoid using `tokenizers` before the fork if possible
	- Explicitly set the environment variable TOKENIZERS_PARALLELISM=(true | false)
Saved rollout MP4 at path ./rollouts/2026_09_17/2026_09_17-18_41_13--openvla_oft--episode=29--success=True--task=pick_up_the_black_bowl_on_the_cookie_box_and_place.mp4
09/17 [18:46:13] INFO     | >> Success: True              run_libero_eval.py:238
                 INFO     | >> # episodes completed so    run_libero_eval.py:238
                          far: 29                                               
                 INFO     | >> # successes: 29 (100.0%)   run_libero_eval.py:238

 62%|██████▎   | 5/8 [00:42<00:25,  8.46s/it][A                 INFO     | >>                            run_libero_eval.py:238
                          Task: pick up the black bowl on                       
                          the cookie box and place it on                        
                          the plate                                             
                 INFO     | >> Starting episode 6...      run_libero_eval.py:238
                 INFO     | >> EPISODE_MANIFEST           run_libero_eval.py:238
                          {"env_seed": 1844613839,                              
                          "init_state_dtype": "float64",                        
                          "init_state_index": 32,                               
                          "init_state_sha256":                                  
                          "f23ec4da8824dd14187ec6b468d57b                       
                          8dd8c645f5ca693562a5154b9597eef                       
                          22a", "init_state_shape": [92],                       
                          "model_seed": 3606164437,                             
                          "protocol": "paired",                                 
                          "task_id": 3}                                         
huggingface/tokenizers: The current process just got forked, after parallelism has already been used. Disabling parallelism to avoid deadlocks...
To disable this warning, you can either:
	- Avoid using `tokenizers` before the fork if possible
	- Explicitly set the environment variable TOKENIZERS_PARALLELISM=(true | false)
Saved rollout MP4 at path ./rollouts/2026_09_17/2026_09_17-18_41_13--openvla_oft--episode=30--success=True--task=pick_up_the_black_bowl_on_the_cookie_box_and_place.mp4
09/17 [18:46:21] INFO     | >> Success: True              run_libero_eval.py:238
                 INFO     | >> # episodes completed so    run_libero_eval.py:238
                          far: 30                                               
                 INFO     | >> # successes: 30 (100.0%)   run_libero_eval.py:238

 75%|███████▌  | 6/8 [00:50<00:16,  8.33s/it][A                 INFO     | >>                            run_libero_eval.py:238
                          Task: pick up the black bowl on                       
                          the cookie box and place it on                        
                          the plate                                             
                 INFO     | >> Starting episode 7...      run_libero_eval.py:238
                 INFO     | >> EPISODE_MANIFEST           run_libero_eval.py:238
                          {"env_seed": 1401498155,                              
                          "init_state_dtype": "float64",                        
                          "init_state_index": 33,                               
                          "init_state_sha256":                                  
                          "429e55bad968feaff73d88329f524a                       
                          35ade9d7e203b4168016963b8e591a5                       
                          5fa", "init_state_shape": [92],                       
                          "model_seed": 338580859,                              
                          "protocol": "paired",                                 
                          "task_id": 3}                                         
huggingface/tokenizers: The current process just got forked, after parallelism has already been used. Disabling parallelism to avoid deadlocks...
To disable this warning, you can either:
	- Avoid using `tokenizers` before the fork if possible
	- Explicitly set the environment variable TOKENIZERS_PARALLELISM=(true | false)
Saved rollout MP4 at path ./rollouts/2026_09_17/2026_09_17-18_41_13--openvla_oft--episode=31--success=True--task=pick_up_the_black_bowl_on_the_cookie_box_and_place.mp4
09/17 [18:46:29] INFO     | >> Success: True              run_libero_eval.py:238
                 INFO     | >> # episodes completed so    run_libero_eval.py:238
                          far: 31                                               
                 INFO     | >> # successes: 31 (100.0%)   run_libero_eval.py:238

 88%|████████▊ | 7/8 [00:58<00:08,  8.29s/it][A                 INFO     | >>                            run_libero_eval.py:238
                          Task: pick up the black bowl on                       
                          the cookie box and place it on                        
                          the plate                                             
                 INFO     | >> Starting episode 8...      run_libero_eval.py:238
                 INFO     | >> EPISODE_MANIFEST           run_libero_eval.py:238
                          {"env_seed": 1793097879,                              
                          "init_state_dtype": "float64",                        
                          "init_state_index": 34,                               
                          "init_state_sha256":                                  
                          "bbf8d1e321fc5519c9ea447a4a08bd                       
                          fb52a87d882ade0807ccf9d86f49221                       
                          5eb", "init_state_shape": [92],                       
                          "model_seed": 57059378,                               
                          "protocol": "paired",                                 
                          "task_id": 3}                                         
huggingface/tokenizers: The current process just got forked, after parallelism has already been used. Disabling parallelism to avoid deadlocks...
To disable this warning, you can either:
	- Avoid using `tokenizers` before the fork if possible
	- Explicitly set the environment variable TOKENIZERS_PARALLELISM=(true | false)
Saved rollout MP4 at path ./rollouts/2026_09_17/2026_09_17-18_41_13--openvla_oft--episode=32--success=True--task=pick_up_the_black_bowl_on_the_cookie_box_and_place.mp4
09/17 [18:46:38] INFO     | >> Success: True              run_libero_eval.py:238
                 INFO     | >> # episodes completed so    run_libero_eval.py:238
                          far: 32                                               
                 INFO     | >> # successes: 32 (100.0%)   run_libero_eval.py:238

100%|██████████| 8/8 [01:07<00:00,  8.39s/it][A100%|██████████| 8/8 [01:07<00:00,  8.40s/it]
                 INFO     | >> Current task success rate: run_libero_eval.py:238
                          1.0                                                   
                 INFO     | >> Current total success      run_libero_eval.py:238
                          rate: 1.0                                             
 40%|████      | 4/10 [04:57<07:25, 74.33s/it]                 INFO     | >> Using default initial      run_libero_eval.py:238
                          states                                                

  0%|          | 0/8 [00:00<?, ?it/s][A09/17 [18:46:41] INFO     | >>                            run_libero_eval.py:238
                          Task: pick up the black bowl in                       
                          the top drawer of the wooden                          
                          cabinet and place it on the                           
                          plate                                                 
                 INFO     | >> Starting episode 1...      run_libero_eval.py:238
                 INFO     | >> EPISODE_MANIFEST           run_libero_eval.py:238
                          {"env_seed": 2794282405,                              
                          "init_state_dtype": "float64",                        
                          "init_state_index": 27,                               
                          "init_state_sha256":                                  
                          "1c0fa0d900d58a6a0efbe318c135ae                       
                          37ab90eedcf2fa24287e9666303ea0c                       
                          46c", "init_state_shape": [92],                       
                          "model_seed": 1932296949,                             
                          "protocol": "paired",                                 
                          "task_id": 4}                                         
huggingface/tokenizers: The current process just got forked, after parallelism has already been used. Disabling parallelism to avoid deadlocks...
To disable this warning, you can either:
	- Avoid using `tokenizers` before the fork if possible
	- Explicitly set the environment variable TOKENIZERS_PARALLELISM=(true | false)
Saved rollout MP4 at path ./rollouts/2026_09_17/2026_09_17-18_41_13--openvla_oft--episode=33--success=False--task=pick_up_the_black_bowl_in_the_top_drawer_of_the_wo.mp4
09/17 [18:46:58] INFO     | >> Success: False             run_libero_eval.py:238
                 INFO     | >> # episodes completed so    run_libero_eval.py:238
                          far: 33                                               
                 INFO     | >> # successes: 32 (97.0%)    run_libero_eval.py:238

 12%|█▎        | 1/8 [00:16<01:54, 16.33s/it][A                 INFO     | >>                            run_libero_eval.py:238
                          Task: pick up the black bowl in                       
                          the top drawer of the wooden                          
                          cabinet and place it on the                           
                          plate                                                 
                 INFO     | >> Starting episode 2...      run_libero_eval.py:238
                 INFO     | >> EPISODE_MANIFEST           run_libero_eval.py:238
                          {"env_seed": 3795162274,                              
                          "init_state_dtype": "float64",                        
                          "init_state_index": 28,                               
                          "init_state_sha256":                                  
                          "c5bba3de534c81d5f9a204f86e2c0a                       
                          29b1be669c46019016301232383e65f                       
                          0a1", "init_state_shape": [92],                       
                          "model_seed": 3535398324,                             
                          "protocol": "paired",                                 
                          "task_id": 4}                                         
huggingface/tokenizers: The current process just got forked, after parallelism has already been used. Disabling parallelism to avoid deadlocks...
To disable this warning, you can either:
	- Avoid using `tokenizers` before the fork if possible
	- Explicitly set the environment variable TOKENIZERS_PARALLELISM=(true | false)
Saved rollout MP4 at path ./rollouts/2026_09_17/2026_09_17-18_41_13--openvla_oft--episode=34--success=True--task=pick_up_the_black_bowl_in_the_top_drawer_of_the_wo.mp4
09/17 [18:47:08] INFO     | >> Success: True              run_libero_eval.py:238
                 INFO     | >> # episodes completed so    run_libero_eval.py:238
                          far: 34                                               
                 INFO     | >> # successes: 33 (97.1%)    run_libero_eval.py:238

 25%|██▌       | 2/8 [00:27<01:18, 13.03s/it][A                 INFO     | >>                            run_libero_eval.py:238
                          Task: pick up the black bowl in                       
                          the top drawer of the wooden                          
                          cabinet and place it on the                           
                          plate                                                 
                 INFO     | >> Starting episode 3...      run_libero_eval.py:238
                 INFO     | >> EPISODE_MANIFEST           run_libero_eval.py:238
                          {"env_seed": 2622381963,                              
                          "init_state_dtype": "float64",                        
                          "init_state_index": 29,                               
                          "init_state_sha256":                                  
                          "e1d2890e5b2b1750595cbdbb0b1f2e                       
                          befee3d95af09f8d76876e753868fbd                       
                          943", "init_state_shape": [92],                       
                          "model_seed": 684213494,                              
                          "protocol": "paired",                                 
                          "task_id": 4}                                         
huggingface/tokenizers: The current process just got forked, after parallelism has already been used. Disabling parallelism to avoid deadlocks...
To disable this warning, you can either:
	- Avoid using `tokenizers` before the fork if possible
	- Explicitly set the environment variable TOKENIZERS_PARALLELISM=(true | false)
Saved rollout MP4 at path ./rollouts/2026_09_17/2026_09_17-18_41_13--openvla_oft--episode=35--success=False--task=pick_up_the_black_bowl_in_the_top_drawer_of_the_wo.mp4
09/17 [18:47:24] INFO     | >> Success: False             run_libero_eval.py:238
                 INFO     | >> # episodes completed so    run_libero_eval.py:238
                          far: 35                                               
                 INFO     | >> # successes: 33 (94.3%)    run_libero_eval.py:238

 38%|███▊      | 3/8 [00:42<01:11, 14.22s/it][A                 INFO     | >>                            run_libero_eval.py:238
                          Task: pick up the black bowl in                       
                          the top drawer of the wooden                          
                          cabinet and place it on the                           
                          plate                                                 
                 INFO     | >> Starting episode 4...      run_libero_eval.py:238
                 INFO     | >> EPISODE_MANIFEST           run_libero_eval.py:238
                          {"env_seed": 2128960762,                              
                          "init_state_dtype": "float64",                        
                          "init_state_index": 30,                               
                          "init_state_sha256":                                  
                          "ee926cef9c7408f1360d1fc83dee60                       
                          af20751b6bb6ed12a1870819c0ced85                       
                          52c", "init_state_shape": [92],                       
                          "model_seed": 264611168,                              
                          "protocol": "paired",                                 
                          "task_id": 4}                                         
huggingface/tokenizers: The current process just got forked, after parallelism has already been used. Disabling parallelism to avoid deadlocks...
To disable this warning, you can either:
	- Avoid using `tokenizers` before the fork if possible
	- Explicitly set the environment variable TOKENIZERS_PARALLELISM=(true | false)
Saved rollout MP4 at path ./rollouts/2026_09_17/2026_09_17-18_41_13--openvla_oft--episode=36--success=True--task=pick_up_the_black_bowl_in_the_top_drawer_of_the_wo.mp4
09/17 [18:47:35] INFO     | >> Success: True              run_libero_eval.py:238
                 INFO     | >> # episodes completed so    run_libero_eval.py:238
                          far: 36                                               
                 INFO     | >> # successes: 34 (94.4%)    run_libero_eval.py:238

 50%|█████     | 4/8 [00:53<00:51, 12.86s/it][A                 INFO     | >>                            run_libero_eval.py:238
                          Task: pick up the black bowl in                       
                          the top drawer of the wooden                          
                          cabinet and place it on the                           
                          plate                                                 
                 INFO     | >> Starting episode 5...      run_libero_eval.py:238
                 INFO     | >> EPISODE_MANIFEST           run_libero_eval.py:238
                          {"env_seed": 3711929335,                              
                          "init_state_dtype": "float64",                        
                          "init_state_index": 31,                               
                          "init_state_sha256":                                  
                          "caf7ad508329331a10ccfc61fdcee5                       
                          d9be438c13e250c25763736a544d7c1                       
                          09a", "init_state_shape": [92],                       
                          "model_seed": 1267726617,                             
                          "protocol": "paired",                                 
                          "task_id": 4}                                         
huggingface/tokenizers: The current process just got forked, after parallelism has already been used. Disabling parallelism to avoid deadlocks...
To disable this warning, you can either:
	- Avoid using `tokenizers` before the fork if possible
	- Explicitly set the environment variable TOKENIZERS_PARALLELISM=(true | false)
Saved rollout MP4 at path ./rollouts/2026_09_17/2026_09_17-18_41_13--openvla_oft--episode=37--success=True--task=pick_up_the_black_bowl_in_the_top_drawer_of_the_wo.mp4
09/17 [18:47:45] INFO     | >> Success: True              run_libero_eval.py:238
                 INFO     | >> # episodes completed so    run_libero_eval.py:238
                          far: 37                                               
                 INFO     | >> # successes: 35 (94.6%)    run_libero_eval.py:238

 62%|██████▎   | 5/8 [01:04<00:36, 12.06s/it][A                 INFO     | >>                            run_libero_eval.py:238
                          Task: pick up the black bowl in                       
                          the top drawer of the wooden                          
                          cabinet and place it on the                           
                          plate                                                 
                 INFO     | >> Starting episode 6...      run_libero_eval.py:238
                 INFO     | >> EPISODE_MANIFEST           run_libero_eval.py:238
                          {"env_seed": 4018517041,                              
                          "init_state_dtype": "float64",                        
                          "init_state_index": 32,                               
                          "init_state_sha256":                                  
                          "bae4595249c3121a21a7ac5ead939c                       
                          4152d5bf453cf68308fc55dbfdaad17                       
                          b2b", "init_state_shape": [92],                       
                          "model_seed": 143794931,                              
                          "protocol": "paired",                                 
                          "task_id": 4}                                         
huggingface/tokenizers: The current process just got forked, after parallelism has already been used. Disabling parallelism to avoid deadlocks...
To disable this warning, you can either:
	- Avoid using `tokenizers` before the fork if possible
	- Explicitly set the environment variable TOKENIZERS_PARALLELISM=(true | false)
Saved rollout MP4 at path ./rollouts/2026_09_17/2026_09_17-18_41_13--openvla_oft--episode=38--success=True--task=pick_up_the_black_bowl_in_the_top_drawer_of_the_wo.mp4
09/17 [18:47:56] INFO     | >> Success: True              run_libero_eval.py:238
                 INFO     | >> # episodes completed so    run_libero_eval.py:238
                          far: 38                                               
                 INFO     | >> # successes: 36 (94.7%)    run_libero_eval.py:238

 75%|███████▌  | 6/8 [01:14<00:23, 11.56s/it][A                 INFO     | >>                            run_libero_eval.py:238
                          Task: pick up the black bowl in                       
                          the top drawer of the wooden                          
                          cabinet and place it on the                           
                          plate                                                 
                 INFO     | >> Starting episode 7...      run_libero_eval.py:238
                 INFO     | >> EPISODE_MANIFEST           run_libero_eval.py:238
                          {"env_seed": 1944978093,                              
                          "init_state_dtype": "float64",                        
                          "init_state_index": 33,                               
                          "init_state_sha256":                                  
                          "e9ebf57f6d40206ef42640e22e1898                       
                          2888c07b9d89aca2bfac172fea0dda8                       
                          9bb", "init_state_shape": [92],                       
                          "model_seed": 2551998591,                             
                          "protocol": "paired",                                 
                          "task_id": 4}                                         
huggingface/tokenizers: The current process just got forked, after parallelism has already been used. Disabling parallelism to avoid deadlocks...
To disable this warning, you can either:
	- Avoid using `tokenizers` before the fork if possible
	- Explicitly set the environment variable TOKENIZERS_PARALLELISM=(true | false)
Saved rollout MP4 at path ./rollouts/2026_09_17/2026_09_17-18_41_13--openvla_oft--episode=39--success=True--task=pick_up_the_black_bowl_in_the_top_drawer_of_the_wo.mp4
09/17 [18:48:06] INFO     | >> Success: True              run_libero_eval.py:238
                 INFO     | >> # episodes completed so    run_libero_eval.py:238
                          far: 39                                               
                 INFO     | >> # successes: 37 (94.9%)    run_libero_eval.py:238

 88%|████████▊ | 7/8 [01:24<00:11, 11.10s/it][A                 INFO     | >>                            run_libero_eval.py:238
                          Task: pick up the black bowl in                       
                          the top drawer of the wooden                          
                          cabinet and place it on the                           
                          plate                                                 
                 INFO     | >> Starting episode 8...      run_libero_eval.py:238
                 INFO     | >> EPISODE_MANIFEST           run_libero_eval.py:238
                          {"env_seed": 3955905011,                              
                          "init_state_dtype": "float64",                        
                          "init_state_index": 34,                               
                          "init_state_sha256":                                  
                          "4900682211a5db89178d5c6d5fe17a                       
                          2f8387ecc13a31b4683b74fd7829dc8                       
                          772", "init_state_shape": [92],                       
                          "model_seed": 4018642711,                             
                          "protocol": "paired",                                 
                          "task_id": 4}                                         
huggingface/tokenizers: The current process just got forked, after parallelism has already been used. Disabling parallelism to avoid deadlocks...
To disable this warning, you can either:
	- Avoid using `tokenizers` before the fork if possible
	- Explicitly set the environment variable TOKENIZERS_PARALLELISM=(true | false)
Saved rollout MP4 at path ./rollouts/2026_09_17/2026_09_17-18_41_13--openvla_oft--episode=40--success=False--task=pick_up_the_black_bowl_in_the_top_drawer_of_the_wo.mp4
09/17 [18:48:22] INFO     | >> Success: False             run_libero_eval.py:238
                 INFO     | >> # episodes completed so    run_libero_eval.py:238
                          far: 40                                               
                 INFO     | >> # successes: 37 (92.5%)    run_libero_eval.py:238

100%|██████████| 8/8 [01:40<00:00, 12.55s/it][A100%|██████████| 8/8 [01:40<00:00, 12.56s/it]
                 INFO     | >> Current task success rate: run_libero_eval.py:238
                          0.625                                                 
                 INFO     | >> Current total success      run_libero_eval.py:238
                          rate: 0.925                                           
 50%|█████     | 5/10 [06:41<07:05, 85.05s/it]                 INFO     | >> Using default initial      run_libero_eval.py:238
                          states                                                

  0%|          | 0/8 [00:00<?, ?it/s][A09/17 [18:48:25] INFO     | >>                            run_libero_eval.py:238
                          Task: pick up the black bowl on                       
                          the ramekin and place it on the                       
                          plate                                                 
                 INFO     | >> Starting episode 1...      run_libero_eval.py:238
                 INFO     | >> EPISODE_MANIFEST           run_libero_eval.py:238
                          {"env_seed": 1819051403,                              
                          "init_state_dtype": "float64",                        
                          "init_state_index": 27,                               
                          "init_state_sha256":                                  
                          "36966af29d69349d848a32aa0591e7                       
                          740293629fed04712075b4169eadda3                       
                          14c", "init_state_shape": [92],                       
                          "model_seed": 284295501,                              
                          "protocol": "paired",                                 
                          "task_id": 5}                                         
huggingface/tokenizers: The current process just got forked, after parallelism has already been used. Disabling parallelism to avoid deadlocks...
To disable this warning, you can either:
	- Avoid using `tokenizers` before the fork if possible
	- Explicitly set the environment variable TOKENIZERS_PARALLELISM=(true | false)
Saved rollout MP4 at path ./rollouts/2026_09_17/2026_09_17-18_41_13--openvla_oft--episode=41--success=True--task=pick_up_the_black_bowl_on_the_ramekin_and_place_it.mp4
09/17 [18:48:34] INFO     | >> Success: True              run_libero_eval.py:238
                 INFO     | >> # episodes completed so    run_libero_eval.py:238
                          far: 41                                               
                 INFO     | >> # successes: 38 (92.7%)    run_libero_eval.py:238

 12%|█▎        | 1/8 [00:08<01:02,  8.94s/it][A                 INFO     | >>                            run_libero_eval.py:238
                          Task: pick up the black bowl on                       
                          the ramekin and place it on the                       
                          plate                                                 
                 INFO     | >> Starting episode 2...      run_libero_eval.py:238
                 INFO     | >> EPISODE_MANIFEST           run_libero_eval.py:238
                          {"env_seed": 3189870832,                              
                          "init_state_dtype": "float64",                        
                          "init_state_index": 28,                               
                          "init_state_sha256":                                  
                          "128214cd1fbbedd86b42babf956c09                       
                          b574fcd7954fcf00e0b0d3842cfe385                       
                          d31", "init_state_shape": [92],                       
                          "model_seed": 4214488515,                             
                          "protocol": "paired",                                 
                          "task_id": 5}                                         
huggingface/tokenizers: The current process just got forked, after parallelism has already been used. Disabling parallelism to avoid deadlocks...
To disable this warning, you can either:
	- Avoid using `tokenizers` before the fork if possible
	- Explicitly set the environment variable TOKENIZERS_PARALLELISM=(true | false)
Saved rollout MP4 at path ./rollouts/2026_09_17/2026_09_17-18_41_13--openvla_oft--episode=42--success=True--task=pick_up_the_black_bowl_on_the_ramekin_and_place_it.mp4
09/17 [18:48:43] INFO     | >> Success: True              run_libero_eval.py:238
                 INFO     | >> # episodes completed so    run_libero_eval.py:238
                          far: 42                                               
                 INFO     | >> # successes: 39 (92.9%)    run_libero_eval.py:238

 25%|██▌       | 2/8 [00:17<00:52,  8.78s/it][A                 INFO     | >>                            run_libero_eval.py:238
                          Task: pick up the black bowl on                       
                          the ramekin and place it on the                       
                          plate                                                 
                 INFO     | >> Starting episode 3...      run_libero_eval.py:238
                 INFO     | >> EPISODE_MANIFEST           run_libero_eval.py:238
                          {"env_seed": 549245072,                               
                          "init_state_dtype": "float64",                        
                          "init_state_index": 29,                               
                          "init_state_sha256":                                  
                          "07d76b98db72ec16f25ac6ae0bb5be                       
                          5c828d8b744e208014233e5130dcf74                       
                          133", "init_state_shape": [92],                       
                          "model_seed": 2037431572,                             
                          "protocol": "paired",                                 
                          "task_id": 5}                                         
huggingface/tokenizers: The current process just got forked, after parallelism has already been used. Disabling parallelism to avoid deadlocks...
To disable this warning, you can either:
	- Avoid using `tokenizers` before the fork if possible
	- Explicitly set the environment variable TOKENIZERS_PARALLELISM=(true | false)
Saved rollout MP4 at path ./rollouts/2026_09_17/2026_09_17-18_41_13--openvla_oft--episode=43--success=True--task=pick_up_the_black_bowl_on_the_ramekin_and_place_it.mp4
09/17 [18:48:52] INFO     | >> Success: True              run_libero_eval.py:238
                 INFO     | >> # episodes completed so    run_libero_eval.py:238
                          far: 43                                               
                 INFO     | >> # successes: 40 (93.0%)    run_libero_eval.py:238

 38%|███▊      | 3/8 [00:26<00:44,  8.88s/it][A                 INFO     | >>                            run_libero_eval.py:238
                          Task: pick up the black bowl on                       
                          the ramekin and place it on the                       
                          plate                                                 
                 INFO     | >> Starting episode 4...      run_libero_eval.py:238
                 INFO     | >> EPISODE_MANIFEST           run_libero_eval.py:238
                          {"env_seed": 2244832943,                              
                          "init_state_dtype": "float64",                        
                          "init_state_index": 30,                               
                          "init_state_sha256":                                  
                          "64154536615a439824870c8cf64e89                       
                          398b68ef06f23a5fd4a530e65cb8cfb                       
                          0b0", "init_state_shape": [92],                       
                          "model_seed": 1280506367,                             
                          "protocol": "paired",                                 
                          "task_id": 5}                                         
huggingface/tokenizers: The current process just got forked, after parallelism has already been used. Disabling parallelism to avoid deadlocks...
To disable this warning, you can either:
	- Avoid using `tokenizers` before the fork if possible
	- Explicitly set the environment variable TOKENIZERS_PARALLELISM=(true | false)
Saved rollout MP4 at path ./rollouts/2026_09_17/2026_09_17-18_41_13--openvla_oft--episode=44--success=True--task=pick_up_the_black_bowl_on_the_ramekin_and_place_it.mp4
09/17 [18:49:01] INFO     | >> Success: True              run_libero_eval.py:238
                 INFO     | >> # episodes completed so    run_libero_eval.py:238
                          far: 44                                               
                 INFO     | >> # successes: 41 (93.2%)    run_libero_eval.py:238

 50%|█████     | 4/8 [00:35<00:35,  8.92s/it][A                 INFO     | >>                            run_libero_eval.py:238
                          Task: pick up the black bowl on                       
                          the ramekin and place it on the                       
                          plate                                                 
                 INFO     | >> Starting episode 5...      run_libero_eval.py:238
                 INFO     | >> EPISODE_MANIFEST           run_libero_eval.py:238
                          {"env_seed": 3765579486,                              
                          "init_state_dtype": "float64",                        
                          "init_state_index": 31,                               
                          "init_state_sha256":                                  
                          "b35f68c7d99cca813baf26e7221b52                       
                          e2797fec4bcbcedfcf6ac8951171ccf                       
                          6f2", "init_state_shape": [92],                       
                          "model_seed": 4222566003,                             
                          "protocol": "paired",                                 
                          "task_id": 5}                                         
huggingface/tokenizers: The current process just got forked, after parallelism has already been used. Disabling parallelism to avoid deadlocks...
To disable this warning, you can either:
	- Avoid using `tokenizers` before the fork if possible
	- Explicitly set the environment variable TOKENIZERS_PARALLELISM=(true | false)
Saved rollout MP4 at path ./rollouts/2026_09_17/2026_09_17-18_41_13--openvla_oft--episode=45--success=True--task=pick_up_the_black_bowl_on_the_ramekin_and_place_it.mp4
09/17 [18:49:10] INFO     | >> Success: True              run_libero_eval.py:238
                 INFO     | >> # episodes completed so    run_libero_eval.py:238
                          far: 45                                               
                 INFO     | >> # successes: 42 (93.3%)    run_libero_eval.py:238

 62%|██████▎   | 5/8 [00:44<00:26,  8.99s/it][A                 INFO     | >>                            run_libero_eval.py:238
                          Task: pick up the black bowl on                       
                          the ramekin and place it on the                       
                          plate                                                 
                 INFO     | >> Starting episode 6...      run_libero_eval.py:238
                 INFO     | >> EPISODE_MANIFEST           run_libero_eval.py:238
                          {"env_seed": 2702913442,                              
                          "init_state_dtype": "float64",                        
                          "init_state_index": 32,                               
                          "init_state_sha256":                                  
                          "ccc7916734b145dde26e79cf75c17e                       
                          acad1a5dcb831623fac7c9c95100413                       
                          aba", "init_state_shape": [92],                       
                          "model_seed": 2515965542,                             
                          "protocol": "paired",                                 
                          "task_id": 5}                                         
huggingface/tokenizers: The current process just got forked, after parallelism has already been used. Disabling parallelism to avoid deadlocks...
To disable this warning, you can either:
	- Avoid using `tokenizers` before the fork if possible
	- Explicitly set the environment variable TOKENIZERS_PARALLELISM=(true | false)
Saved rollout MP4 at path ./rollouts/2026_09_17/2026_09_17-18_41_13--openvla_oft--episode=46--success=True--task=pick_up_the_black_bowl_on_the_ramekin_and_place_it.mp4
09/17 [18:49:19] INFO     | >> Success: True              run_libero_eval.py:238
                 INFO     | >> # episodes completed so    run_libero_eval.py:238
                          far: 46                                               
                 INFO     | >> # successes: 43 (93.5%)    run_libero_eval.py:238

 75%|███████▌  | 6/8 [00:53<00:18,  9.06s/it][A                 INFO     | >>                            run_libero_eval.py:238
                          Task: pick up the black bowl on                       
                          the ramekin and place it on the                       
                          plate                                                 
                 INFO     | >> Starting episode 7...      run_libero_eval.py:238
                 INFO     | >> EPISODE_MANIFEST           run_libero_eval.py:238
                          {"env_seed": 1321685256,                              
                          "init_state_dtype": "float64",                        
                          "init_state_index": 33,                               
                          "init_state_sha256":                                  
                          "88307025691a0e638e62ea5ddab825                       
                          e8cab81602cfb015f7c2a0dec2e5357                       
                          899", "init_state_shape": [92],                       
                          "model_seed": 2437665168,                             
                          "protocol": "paired",                                 
                          "task_id": 5}                                         
huggingface/tokenizers: The current process just got forked, after parallelism has already been used. Disabling parallelism to avoid deadlocks...
To disable this warning, you can either:
	- Avoid using `tokenizers` before the fork if possible
	- Explicitly set the environment variable TOKENIZERS_PARALLELISM=(true | false)
Saved rollout MP4 at path ./rollouts/2026_09_17/2026_09_17-18_41_13--openvla_oft--episode=47--success=True--task=pick_up_the_black_bowl_on_the_ramekin_and_place_it.mp4
09/17 [18:49:29] INFO     | >> Success: True              run_libero_eval.py:238
                 INFO     | >> # episodes completed so    run_libero_eval.py:238
                          far: 47                                               
                 INFO     | >> # successes: 44 (93.6%)    run_libero_eval.py:238

 88%|████████▊ | 7/8 [01:03<00:09,  9.21s/it][A                 INFO     | >>                            run_libero_eval.py:238
                          Task: pick up the black bowl on                       
                          the ramekin and place it on the                       
                          plate                                                 
                 INFO     | >> Starting episode 8...      run_libero_eval.py:238
                 INFO     | >> EPISODE_MANIFEST           run_libero_eval.py:238
                          {"env_seed": 1013323222,                              
                          "init_state_dtype": "float64",                        
                          "init_state_index": 34,                               
                          "init_state_sha256":                                  
                          "376b74124fdf64c56fe887e1da504a                       
                          380f66cf19a34a53d8d88d3c3a96a0a                       
                          dc9", "init_state_shape": [92],                       
                          "model_seed": 2527150742,                             
                          "protocol": "paired",                                 
                          "task_id": 5}                                         
huggingface/tokenizers: The current process just got forked, after parallelism has already been used. Disabling parallelism to avoid deadlocks...
To disable this warning, you can either:
	- Avoid using `tokenizers` before the fork if possible
	- Explicitly set the environment variable TOKENIZERS_PARALLELISM=(true | false)
Saved rollout MP4 at path ./rollouts/2026_09_17/2026_09_17-18_41_13--openvla_oft--episode=48--success=True--task=pick_up_the_black_bowl_on_the_ramekin_and_place_it.mp4
09/17 [18:49:38] INFO     | >> Success: True              run_libero_eval.py:238
                 INFO     | >> # episodes completed so    run_libero_eval.py:238
                          far: 48                                               
                 INFO     | >> # successes: 45 (93.8%)    run_libero_eval.py:238

100%|██████████| 8/8 [01:12<00:00,  9.15s/it][A100%|██████████| 8/8 [01:12<00:00,  9.05s/it]
                 INFO     | >> Current task success rate: run_libero_eval.py:238
                          1.0                                                   
                 INFO     | >> Current total success      run_libero_eval.py:238
                          rate: 0.9375                                          
 60%|██████    | 6/10 [07:57<05:27, 81.95s/it]                 INFO     | >> Using default initial      run_libero_eval.py:238
                          states                                                

  0%|          | 0/8 [00:00<?, ?it/s][A09/17 [18:49:41] INFO     | >>                            run_libero_eval.py:238
                          Task: pick up the black bowl                          
                          next to the cookie box and                            
                          place it on the plate                                 
                 INFO     | >> Starting episode 1...      run_libero_eval.py:238
                 INFO     | >> EPISODE_MANIFEST           run_libero_eval.py:238
                          {"env_seed": 3399252259,                              
                          "init_state_dtype": "float64",                        
                          "init_state_index": 27,                               
                          "init_state_sha256":                                  
                          "c43a42745192e830675e6248a2e515                       
                          3319513279add1be7f67a605059e505                       
                          794", "init_state_shape": [92],                       
                          "model_seed": 739939217,                              
                          "protocol": "paired",                                 
                          "task_id": 6}                                         
huggingface/tokenizers: The current process just got forked, after parallelism has already been used. Disabling parallelism to avoid deadlocks...
To disable this warning, you can either:
	- Avoid using `tokenizers` before the fork if possible
	- Explicitly set the environment variable TOKENIZERS_PARALLELISM=(true | false)
Saved rollout MP4 at path ./rollouts/2026_09_17/2026_09_17-18_41_13--openvla_oft--episode=49--success=True--task=pick_up_the_black_bowl_next_to_the_cookie_box_and_.mp4
09/17 [18:49:50] INFO     | >> Success: True              run_libero_eval.py:238
                 INFO     | >> # episodes completed so    run_libero_eval.py:238
                          far: 49                                               
                 INFO     | >> # successes: 46 (93.9%)    run_libero_eval.py:238

 12%|█▎        | 1/8 [00:09<01:03,  9.07s/it][A                 INFO     | >>                            run_libero_eval.py:238
                          Task: pick up the black bowl                          
                          next to the cookie box and                            
                          place it on the plate                                 
                 INFO     | >> Starting episode 2...      run_libero_eval.py:238
                 INFO     | >> EPISODE_MANIFEST           run_libero_eval.py:238
                          {"env_seed": 2892921528,                              
                          "init_state_dtype": "float64",                        
                          "init_state_index": 28,                               
                          "init_state_sha256":                                  
                          "cb9b814a7a6b13be388f54eddef7bf                       
                          1ad500f6f3c7f40a3340fafe1189865                       
                          d32", "init_state_shape": [92],                       
                          "model_seed": 3176932502,                             
                          "protocol": "paired",                                 
                          "task_id": 6}                                         
huggingface/tokenizers: The current process just got forked, after parallelism has already been used. Disabling parallelism to avoid deadlocks...
To disable this warning, you can either:
	- Avoid using `tokenizers` before the fork if possible
	- Explicitly set the environment variable TOKENIZERS_PARALLELISM=(true | false)
Saved rollout MP4 at path ./rollouts/2026_09_17/2026_09_17-18_41_13--openvla_oft--episode=50--success=True--task=pick_up_the_black_bowl_next_to_the_cookie_box_and_.mp4
09/17 [18:49:59] INFO     | >> Success: True              run_libero_eval.py:238
                 INFO     | >> # episodes completed so    run_libero_eval.py:238
                          far: 50                                               
                 INFO     | >> # successes: 47 (94.0%)    run_libero_eval.py:238

 25%|██▌       | 2/8 [00:18<00:55,  9.19s/it][A                 INFO     | >>                            run_libero_eval.py:238
                          Task: pick up the black bowl                          
                          next to the cookie box and                            
                          place it on the plate                                 
                 INFO     | >> Starting episode 3...      run_libero_eval.py:238
                 INFO     | >> EPISODE_MANIFEST           run_libero_eval.py:238
                          {"env_seed": 320515566,                               
                          "init_state_dtype": "float64",                        
                          "init_state_index": 29,                               
                          "init_state_sha256":                                  
                          "11724f9c314c93c6eda96cfa722793                       
                          277ecc7da9251f709a052035e672d26                       
                          130", "init_state_shape": [92],                       
                          "model_seed": 1752240316,                             
                          "protocol": "paired",                                 
                          "task_id": 6}                                         
huggingface/tokenizers: The current process just got forked, after parallelism has already been used. Disabling parallelism to avoid deadlocks...
To disable this warning, you can either:
	- Avoid using `tokenizers` before the fork if possible
	- Explicitly set the environment variable TOKENIZERS_PARALLELISM=(true | false)
Saved rollout MP4 at path ./rollouts/2026_09_17/2026_09_17-18_41_13--openvla_oft--episode=51--success=True--task=pick_up_the_black_bowl_next_to_the_cookie_box_and_.mp4
09/17 [18:50:08] INFO     | >> Success: True              run_libero_eval.py:238
                 INFO     | >> # episodes completed so    run_libero_eval.py:238
                          far: 51                                               
                 INFO     | >> # successes: 48 (94.1%)    run_libero_eval.py:238

 38%|███▊      | 3/8 [00:27<00:45,  9.16s/it][A                 INFO     | >>                            run_libero_eval.py:238
                          Task: pick up the black bowl                          
                          next to the cookie box and                            
                          place it on the plate                                 
09/17 [18:50:09] INFO     | >> Starting episode 4...      run_libero_eval.py:238
                 INFO     | >> EPISODE_MANIFEST           run_libero_eval.py:238
                          {"env_seed": 2802192155,                              
                          "init_state_dtype": "float64",                        
                          "init_state_index": 30,                               
                          "init_state_sha256":                                  
                          "c47e7ade03860cb5bf009d563ff70a                       
                          f43d1415fbd3d34b05f770f719b2dc3                       
                          c9b", "init_state_shape": [92],                       
                          "model_seed": 555303445,                              
                          "protocol": "paired",                                 
                          "task_id": 6}                                         
huggingface/tokenizers: The current process just got forked, after parallelism has already been used. Disabling parallelism to avoid deadlocks...
To disable this warning, you can either:
	- Avoid using `tokenizers` before the fork if possible
	- Explicitly set the environment variable TOKENIZERS_PARALLELISM=(true | false)
Saved rollout MP4 at path ./rollouts/2026_09_17/2026_09_17-18_41_13--openvla_oft--episode=52--success=True--task=pick_up_the_black_bowl_next_to_the_cookie_box_and_.mp4
09/17 [18:50:18] INFO     | >> Success: True              run_libero_eval.py:238
                 INFO     | >> # episodes completed so    run_libero_eval.py:238
                          far: 52                                               
                 INFO     | >> # successes: 49 (94.2%)    run_libero_eval.py:238

 50%|█████     | 4/8 [00:36<00:37,  9.26s/it][A                 INFO     | >>                            run_libero_eval.py:238
                          Task: pick up the black bowl                          
                          next to the cookie box and                            
                          place it on the plate                                 
                 INFO     | >> Starting episode 5...      run_libero_eval.py:238
                 INFO     | >> EPISODE_MANIFEST           run_libero_eval.py:238
                          {"env_seed": 2290986696,                              
                          "init_state_dtype": "float64",                        
                          "init_state_index": 31,                               
                          "init_state_sha256":                                  
                          "6ad396a15dda3ae18c29134e0f4dea                       
                          11f92a2176292d9826050a957d0028d                       
                          d74", "init_state_shape": [92],                       
                          "model_seed": 2037932255,                             
                          "protocol": "paired",                                 
                          "task_id": 6}                                         
huggingface/tokenizers: The current process just got forked, after parallelism has already been used. Disabling parallelism to avoid deadlocks...
To disable this warning, you can either:
	- Avoid using `tokenizers` before the fork if possible
	- Explicitly set the environment variable TOKENIZERS_PARALLELISM=(true | false)
Saved rollout MP4 at path ./rollouts/2026_09_17/2026_09_17-18_41_13--openvla_oft--episode=53--success=True--task=pick_up_the_black_bowl_next_to_the_cookie_box_and_.mp4
09/17 [18:50:27] INFO     | >> Success: True              run_libero_eval.py:238
                 INFO     | >> # episodes completed so    run_libero_eval.py:238
                          far: 53                                               
                 INFO     | >> # successes: 50 (94.3%)    run_libero_eval.py:238

 62%|██████▎   | 5/8 [00:46<00:27,  9.27s/it][A                 INFO     | >>                            run_libero_eval.py:238
                          Task: pick up the black bowl                          
                          next to the cookie box and                            
                          place it on the plate                                 
                 INFO     | >> Starting episode 6...      run_libero_eval.py:238
                 INFO     | >> EPISODE_MANIFEST           run_libero_eval.py:238
                          {"env_seed": 57196556,                                
                          "init_state_dtype": "float64",                        
                          "init_state_index": 32,                               
                          "init_state_sha256":                                  
                          "c6bbb7ce6061546e8a21ed6abaced4                       
                          70e118caddbff73f431f2e8992992b8                       
                          128", "init_state_shape": [92],                       
                          "model_seed": 1074734847,                             
                          "protocol": "paired",                                 
                          "task_id": 6}                                         
huggingface/tokenizers: The current process just got forked, after parallelism has already been used. Disabling parallelism to avoid deadlocks...
To disable this warning, you can either:
	- Avoid using `tokenizers` before the fork if possible
	- Explicitly set the environment variable TOKENIZERS_PARALLELISM=(true | false)
Saved rollout MP4 at path ./rollouts/2026_09_17/2026_09_17-18_41_13--openvla_oft--episode=54--success=True--task=pick_up_the_black_bowl_next_to_the_cookie_box_and_.mp4
09/17 [18:50:37] INFO     | >> Success: True              run_libero_eval.py:238
                 INFO     | >> # episodes completed so    run_libero_eval.py:238
                          far: 54                                               
                 INFO     | >> # successes: 51 (94.4%)    run_libero_eval.py:238

 75%|███████▌  | 6/8 [00:55<00:18,  9.37s/it][A                 INFO     | >>                            run_libero_eval.py:238
                          Task: pick up the black bowl                          
                          next to the cookie box and                            
                          place it on the plate                                 
                 INFO     | >> Starting episode 7...      run_libero_eval.py:238
                 INFO     | >> EPISODE_MANIFEST           run_libero_eval.py:238
                          {"env_seed": 3761132941,                              
                          "init_state_dtype": "float64",                        
                          "init_state_index": 33,                               
                          "init_state_sha256":                                  
                          "5677164d19f6dff7f4bec822888d08                       
                          9225c674da7991296d639f3013ed7cd                       
                          295", "init_state_shape": [92],                       
                          "model_seed": 1096322309,                             
                          "protocol": "paired",                                 
                          "task_id": 6}                                         
huggingface/tokenizers: The current process just got forked, after parallelism has already been used. Disabling parallelism to avoid deadlocks...
To disable this warning, you can either:
	- Avoid using `tokenizers` before the fork if possible
	- Explicitly set the environment variable TOKENIZERS_PARALLELISM=(true | false)
Saved rollout MP4 at path ./rollouts/2026_09_17/2026_09_17-18_41_13--openvla_oft--episode=55--success=True--task=pick_up_the_black_bowl_next_to_the_cookie_box_and_.mp4
09/17 [18:50:47] INFO     | >> Success: True              run_libero_eval.py:238
                 INFO     | >> # episodes completed so    run_libero_eval.py:238
                          far: 55                                               
                 INFO     | >> # successes: 52 (94.5%)    run_libero_eval.py:238

 88%|████████▊ | 7/8 [01:05<00:09,  9.52s/it][A                 INFO     | >>                            run_libero_eval.py:238
                          Task: pick up the black bowl                          
                          next to the cookie box and                            
                          place it on the plate                                 
                 INFO     | >> Starting episode 8...      run_libero_eval.py:238
                 INFO     | >> EPISODE_MANIFEST           run_libero_eval.py:238
                          {"env_seed": 1427945549,                              
                          "init_state_dtype": "float64",                        
                          "init_state_index": 34,                               
                          "init_state_sha256":                                  
                          "d77fb589b075a79e4988ca368c4b31                       
                          a1611d129ec282fc2bf03e50dc909a9                       
                          2c3", "init_state_shape": [92],                       
                          "model_seed": 2182454536,                             
                          "protocol": "paired",                                 
                          "task_id": 6}                                         
huggingface/tokenizers: The current process just got forked, after parallelism has already been used. Disabling parallelism to avoid deadlocks...
To disable this warning, you can either:
	- Avoid using `tokenizers` before the fork if possible
	- Explicitly set the environment variable TOKENIZERS_PARALLELISM=(true | false)
Saved rollout MP4 at path ./rollouts/2026_09_17/2026_09_17-18_41_13--openvla_oft--episode=56--success=True--task=pick_up_the_black_bowl_next_to_the_cookie_box_and_.mp4
09/17 [18:50:56] INFO     | >> Success: True              run_libero_eval.py:238
                 INFO     | >> # episodes completed so    run_libero_eval.py:238
                          far: 56                                               
                 INFO     | >> # successes: 53 (94.6%)    run_libero_eval.py:238

100%|██████████| 8/8 [01:14<00:00,  9.48s/it][A100%|██████████| 8/8 [01:14<00:00,  9.37s/it]
                 INFO     | >> Current task success rate: run_libero_eval.py:238
                          1.0                                                   
                 INFO     | >> Current total success      run_libero_eval.py:238
                          rate: 0.9464285714285714                              
 70%|███████   | 7/10 [09:15<04:02, 80.74s/it]                 INFO     | >> Using default initial      run_libero_eval.py:238
                          states                                                

  0%|          | 0/8 [00:00<?, ?it/s][A09/17 [18:50:59] INFO     | >>                            run_libero_eval.py:238
                          Task: pick up the black bowl on                       
                          the stove and place it on the                         
                          plate                                                 
                 INFO     | >> Starting episode 1...      run_libero_eval.py:238
                 INFO     | >> EPISODE_MANIFEST           run_libero_eval.py:238
                          {"env_seed": 1240769194,                              
                          "init_state_dtype": "float64",                        
                          "init_state_index": 27,                               
                          "init_state_sha256":                                  
                          "ee2fa18b5fe2e029b1fa00443b4096                       
                          9b849c6332d740ea4db06dfb3d015f0                       
                          c54", "init_state_shape": [92],                       
                          "model_seed": 2959701623,                             
                          "protocol": "paired",                                 
                          "task_id": 7}                                         
huggingface/tokenizers: The current process just got forked, after parallelism has already been used. Disabling parallelism to avoid deadlocks...
To disable this warning, you can either:
	- Avoid using `tokenizers` before the fork if possible
	- Explicitly set the environment variable TOKENIZERS_PARALLELISM=(true | false)
Saved rollout MP4 at path ./rollouts/2026_09_17/2026_09_17-18_41_13--openvla_oft--episode=57--success=True--task=pick_up_the_black_bowl_on_the_stove_and_place_it_o.mp4
09/17 [18:51:10] INFO     | >> Success: True              run_libero_eval.py:238
                 INFO     | >> # episodes completed so    run_libero_eval.py:238
                          far: 57                                               
                 INFO     | >> # successes: 54 (94.7%)    run_libero_eval.py:238

 12%|█▎        | 1/8 [00:10<01:12, 10.38s/it][A                 INFO     | >>                            run_libero_eval.py:238
                          Task: pick up the black bowl on                       
                          the stove and place it on the                         
                          plate                                                 
                 INFO     | >> Starting episode 2...      run_libero_eval.py:238
                 INFO     | >> EPISODE_MANIFEST           run_libero_eval.py:238
                          {"env_seed": 2536219672,                              
                          "init_state_dtype": "float64",                        
                          "init_state_index": 28,                               
                          "init_state_sha256":                                  
                          "66f8759612ad75f50c11bf7d7f60f9                       
                          b9b36959665aa1ca761c678a755bd3b                       
                          8bc", "init_state_shape": [92],                       
                          "model_seed": 3679169043,                             
                          "protocol": "paired",                                 
                          "task_id": 7}                                         
huggingface/tokenizers: The current process just got forked, after parallelism has already been used. Disabling parallelism to avoid deadlocks...
To disable this warning, you can either:
	- Avoid using `tokenizers` before the fork if possible
	- Explicitly set the environment variable TOKENIZERS_PARALLELISM=(true | false)
Saved rollout MP4 at path ./rollouts/2026_09_17/2026_09_17-18_41_13--openvla_oft--episode=58--success=True--task=pick_up_the_black_bowl_on_the_stove_and_place_it_o.mp4
09/17 [18:51:20] INFO     | >> Success: True              run_libero_eval.py:238
                 INFO     | >> # episodes completed so    run_libero_eval.py:238
                          far: 58                                               
                 INFO     | >> # successes: 55 (94.8%)    run_libero_eval.py:238

 25%|██▌       | 2/8 [00:21<01:03, 10.61s/it][A                 INFO     | >>                            run_libero_eval.py:238
                          Task: pick up the black bowl on                       
                          the stove and place it on the                         
                          plate                                                 
                 INFO     | >> Starting episode 3...      run_libero_eval.py:238
                 INFO     | >> EPISODE_MANIFEST           run_libero_eval.py:238
                          {"env_seed": 3283161463,                              
                          "init_state_dtype": "float64",                        
                          "init_state_index": 29,                               
                          "init_state_sha256":                                  
                          "5737e0e0049de05b3e65796bd74c4a                       
                          12d3778341f4186ba5bd307675e61d0                       
                          ad2", "init_state_shape": [92],                       
                          "model_seed": 2230086718,                             
                          "protocol": "paired",                                 
                          "task_id": 7}                                         
huggingface/tokenizers: The current process just got forked, after parallelism has already been used. Disabling parallelism to avoid deadlocks...
To disable this warning, you can either:
	- Avoid using `tokenizers` before the fork if possible
	- Explicitly set the environment variable TOKENIZERS_PARALLELISM=(true | false)
Saved rollout MP4 at path ./rollouts/2026_09_17/2026_09_17-18_41_13--openvla_oft--episode=59--success=True--task=pick_up_the_black_bowl_on_the_stove_and_place_it_o.mp4
09/17 [18:51:32] INFO     | >> Success: True              run_libero_eval.py:238
                 INFO     | >> # episodes completed so    run_libero_eval.py:238
                          far: 59                                               
                 INFO     | >> # successes: 56 (94.9%)    run_libero_eval.py:238

 38%|███▊      | 3/8 [00:32<00:54, 10.84s/it][A                 INFO     | >>                            run_libero_eval.py:238
                          Task: pick up the black bowl on                       
                          the stove and place it on the                         
                          plate                                                 
                 INFO     | >> Starting episode 4...      run_libero_eval.py:238
                 INFO     | >> EPISODE_MANIFEST           run_libero_eval.py:238
                          {"env_seed": 1069137249,                              
                          "init_state_dtype": "float64",                        
                          "init_state_index": 30,                               
                          "init_state_sha256":                                  
                          "cb1e0ed994fc5215b4deeb46c49859                       
                          7a5b0f09f2d4a8091bc8ddc616260e3                       
                          98b", "init_state_shape": [92],                       
                          "model_seed": 702203286,                              
                          "protocol": "paired",                                 
                          "task_id": 7}                                         
huggingface/tokenizers: The current process just got forked, after parallelism has already been used. Disabling parallelism to avoid deadlocks...
To disable this warning, you can either:
	- Avoid using `tokenizers` before the fork if possible
	- Explicitly set the environment variable TOKENIZERS_PARALLELISM=(true | false)
Saved rollout MP4 at path ./rollouts/2026_09_17/2026_09_17-18_41_13--openvla_oft--episode=60--success=True--task=pick_up_the_black_bowl_on_the_stove_and_place_it_o.mp4
09/17 [18:51:42] INFO     | >> Success: True              run_libero_eval.py:238
                 INFO     | >> # episodes completed so    run_libero_eval.py:238
                          far: 60                                               
                 INFO     | >> # successes: 57 (95.0%)    run_libero_eval.py:238

 50%|█████     | 4/8 [00:42<00:42, 10.61s/it][A                 INFO     | >>                            run_libero_eval.py:238
                          Task: pick up the black bowl on                       
                          the stove and place it on the                         
                          plate                                                 
                 INFO     | >> Starting episode 5...      run_libero_eval.py:238
                 INFO     | >> EPISODE_MANIFEST           run_libero_eval.py:238
                          {"env_seed": 1465182765,                              
                          "init_state_dtype": "float64",                        
                          "init_state_index": 31,                               
                          "init_state_sha256":                                  
                          "05312e1d2a8dd073d6660d60daee7b                       
                          e86b40a4bb5c3af0db76f95818420ab                       
                          827", "init_state_shape": [92],                       
                          "model_seed": 1214176192,                             
                          "protocol": "paired",                                 
                          "task_id": 7}                                         
huggingface/tokenizers: The current process just got forked, after parallelism has already been used. Disabling parallelism to avoid deadlocks...
To disable this warning, you can either:
	- Avoid using `tokenizers` before the fork if possible
	- Explicitly set the environment variable TOKENIZERS_PARALLELISM=(true | false)
Saved rollout MP4 at path ./rollouts/2026_09_17/2026_09_17-18_41_13--openvla_oft--episode=61--success=True--task=pick_up_the_black_bowl_on_the_stove_and_place_it_o.mp4
09/17 [18:51:53] INFO     | >> Success: True              run_libero_eval.py:238
                 INFO     | >> # episodes completed so    run_libero_eval.py:238
                          far: 61                                               
                 INFO     | >> # successes: 58 (95.1%)    run_libero_eval.py:238

 62%|██████▎   | 5/8 [00:53<00:31, 10.65s/it][A                 INFO     | >>                            run_libero_eval.py:238
                          Task: pick up the black bowl on                       
                          the stove and place it on the                         
                          plate                                                 
                 INFO     | >> Starting episode 6...      run_libero_eval.py:238
                 INFO     | >> EPISODE_MANIFEST           run_libero_eval.py:238
                          {"env_seed": 1718757011,                              
                          "init_state_dtype": "float64",                        
                          "init_state_index": 32,                               
                          "init_state_sha256":                                  
                          "282efe30f2a0cdc80c4b697aa69911                       
                          55e489aced3c4e14a4e6dcc875fafba                       
                          610", "init_state_shape": [92],                       
                          "model_seed": 3342811240,                             
                          "protocol": "paired",                                 
                          "task_id": 7}                                         
huggingface/tokenizers: The current process just got forked, after parallelism has already been used. Disabling parallelism to avoid deadlocks...
To disable this warning, you can either:
	- Avoid using `tokenizers` before the fork if possible
	- Explicitly set the environment variable TOKENIZERS_PARALLELISM=(true | false)
Saved rollout MP4 at path ./rollouts/2026_09_17/2026_09_17-18_41_13--openvla_oft--episode=62--success=True--task=pick_up_the_black_bowl_on_the_stove_and_place_it_o.mp4
09/17 [18:52:03] INFO     | >> Success: True              run_libero_eval.py:238
                 INFO     | >> # episodes completed so    run_libero_eval.py:238
                          far: 62                                               
                 INFO     | >> # successes: 59 (95.2%)    run_libero_eval.py:238

 75%|███████▌  | 6/8 [01:03<00:21, 10.60s/it][A                 INFO     | >>                            run_libero_eval.py:238
                          Task: pick up the black bowl on                       
                          the stove and place it on the                         
                          plate                                                 
                 INFO     | >> Starting episode 7...      run_libero_eval.py:238
                 INFO     | >> EPISODE_MANIFEST           run_libero_eval.py:238
                          {"env_seed": 2716226899,                              
                          "init_state_dtype": "float64",                        
                          "init_state_index": 33,                               
                          "init_state_sha256":                                  
                          "925a077ab488c5c4b235e137d519bd                       
                          aceef419970082094947d834d4c9031                       
                          e02", "init_state_shape": [92],                       
                          "model_seed": 3779348431,                             
                          "protocol": "paired",                                 
                          "task_id": 7}                                         
huggingface/tokenizers: The current process just got forked, after parallelism has already been used. Disabling parallelism to avoid deadlocks...
To disable this warning, you can either:
	- Avoid using `tokenizers` before the fork if possible
	- Explicitly set the environment variable TOKENIZERS_PARALLELISM=(true | false)
Saved rollout MP4 at path ./rollouts/2026_09_17/2026_09_17-18_41_13--openvla_oft--episode=63--success=True--task=pick_up_the_black_bowl_on_the_stove_and_place_it_o.mp4
09/17 [18:52:13] INFO     | >> Success: True              run_libero_eval.py:238
                 INFO     | >> # episodes completed so    run_libero_eval.py:238
                          far: 63                                               
                 INFO     | >> # successes: 60 (95.2%)    run_libero_eval.py:238

 88%|████████▊ | 7/8 [01:13<00:10, 10.43s/it][A                 INFO     | >>                            run_libero_eval.py:238
                          Task: pick up the black bowl on                       
                          the stove and place it on the                         
                          plate                                                 
                 INFO     | >> Starting episode 8...      run_libero_eval.py:238
                 INFO     | >> EPISODE_MANIFEST           run_libero_eval.py:238
                          {"env_seed": 337339622,                               
                          "init_state_dtype": "float64",                        
                          "init_state_index": 34,                               
                          "init_state_sha256":                                  
                          "c33b45a5c854cd93c78a0b0072fab8                       
                          2040f099649fa1a8560c7a062d12075                       
                          556", "init_state_shape": [92],                       
                          "model_seed": 2543448603,                             
                          "protocol": "paired",                                 
                          "task_id": 7}                                         
huggingface/tokenizers: The current process just got forked, after parallelism has already been used. Disabling parallelism to avoid deadlocks...
To disable this warning, you can either:
	- Avoid using `tokenizers` before the fork if possible
	- Explicitly set the environment variable TOKENIZERS_PARALLELISM=(true | false)
Saved rollout MP4 at path ./rollouts/2026_09_17/2026_09_17-18_41_13--openvla_oft--episode=64--success=True--task=pick_up_the_black_bowl_on_the_stove_and_place_it_o.mp4
09/17 [18:52:24] INFO     | >> Success: True              run_libero_eval.py:238
                 INFO     | >> # episodes completed so    run_libero_eval.py:238
                          far: 64                                               
                 INFO     | >> # successes: 61 (95.3%)    run_libero_eval.py:238

100%|██████████| 8/8 [01:24<00:00, 10.47s/it][A100%|██████████| 8/8 [01:24<00:00, 10.55s/it]
                 INFO     | >> Current task success rate: run_libero_eval.py:238
                          1.0                                                   
                 INFO     | >> Current total success      run_libero_eval.py:238
                          rate: 0.953125                                        
 80%|████████  | 8/10 [10:43<02:45, 82.97s/it]                 INFO     | >> Using default initial      run_libero_eval.py:238
                          states                                                

  0%|          | 0/8 [00:00<?, ?it/s][A09/17 [18:52:27] INFO     | >>                            run_libero_eval.py:238
                          Task: pick up the black bowl                          
                          next to the plate and place it                        
                          on the plate                                          
                 INFO     | >> Starting episode 1...      run_libero_eval.py:238
                 INFO     | >> EPISODE_MANIFEST           run_libero_eval.py:238
                          {"env_seed": 35336634,                                
                          "init_state_dtype": "float64",                        
                          "init_state_index": 27,                               
                          "init_state_sha256":                                  
                          "5cdd063f39f2b0a3641ac13fe7b918                       
                          1345357a38fede67d9bf84cd452d2ac                       
                          4d9", "init_state_shape": [92],                       
                          "model_seed": 2498498988,                             
                          "protocol": "paired",                                 
                          "task_id": 8}                                         
huggingface/tokenizers: The current process just got forked, after parallelism has already been used. Disabling parallelism to avoid deadlocks...
To disable this warning, you can either:
	- Avoid using `tokenizers` before the fork if possible
	- Explicitly set the environment variable TOKENIZERS_PARALLELISM=(true | false)
Saved rollout MP4 at path ./rollouts/2026_09_17/2026_09_17-18_41_13--openvla_oft--episode=65--success=True--task=pick_up_the_black_bowl_next_to_the_plate_and_place.mp4
09/17 [18:52:35] INFO     | >> Success: True              run_libero_eval.py:238
                 INFO     | >> # episodes completed so    run_libero_eval.py:238
                          far: 65                                               
                 INFO     | >> # successes: 62 (95.4%)    run_libero_eval.py:238

 12%|█▎        | 1/8 [00:08<00:58,  8.40s/it][A                 INFO     | >>                            run_libero_eval.py:238
                          Task: pick up the black bowl                          
                          next to the plate and place it                        
                          on the plate                                          
                 INFO     | >> Starting episode 2...      run_libero_eval.py:238
                 INFO     | >> EPISODE_MANIFEST           run_libero_eval.py:238
                          {"env_seed": 225942135,                               
                          "init_state_dtype": "float64",                        
                          "init_state_index": 28,                               
                          "init_state_sha256":                                  
                          "b195c46e607629663606165e5878fa                       
                          2945831f991267c2c2bfd67ca02490e                       
                          3bc", "init_state_shape": [92],                       
                          "model_seed": 339821326,                              
                          "protocol": "paired",                                 
                          "task_id": 8}                                         
huggingface/tokenizers: The current process just got forked, after parallelism has already been used. Disabling parallelism to avoid deadlocks...
To disable this warning, you can either:
	- Avoid using `tokenizers` before the fork if possible
	- Explicitly set the environment variable TOKENIZERS_PARALLELISM=(true | false)
Saved rollout MP4 at path ./rollouts/2026_09_17/2026_09_17-18_41_13--openvla_oft--episode=66--success=True--task=pick_up_the_black_bowl_next_to_the_plate_and_place.mp4
09/17 [18:52:44] INFO     | >> Success: True              run_libero_eval.py:238
                 INFO     | >> # episodes completed so    run_libero_eval.py:238
                          far: 66                                               
                 INFO     | >> # successes: 63 (95.5%)    run_libero_eval.py:238

 25%|██▌       | 2/8 [00:17<00:51,  8.66s/it][A                 INFO     | >>                            run_libero_eval.py:238
                          Task: pick up the black bowl                          
                          next to the plate and place it                        
                          on the plate                                          
                 INFO     | >> Starting episode 3...      run_libero_eval.py:238
                 INFO     | >> EPISODE_MANIFEST           run_libero_eval.py:238
                          {"env_seed": 1350493848,                              
                          "init_state_dtype": "float64",                        
                          "init_state_index": 29,                               
                          "init_state_sha256":                                  
                          "05b63859ca7284a002ebbd606266d6                       
                          8c1108336c531b270007f3f6f863e93                       
                          c0c", "init_state_shape": [92],                       
                          "model_seed": 1457373977,                             
                          "protocol": "paired",                                 
                          "task_id": 8}                                         
huggingface/tokenizers: The current process just got forked, after parallelism has already been used. Disabling parallelism to avoid deadlocks...
To disable this warning, you can either:
	- Avoid using `tokenizers` before the fork if possible
	- Explicitly set the environment variable TOKENIZERS_PARALLELISM=(true | false)
Saved rollout MP4 at path ./rollouts/2026_09_17/2026_09_17-18_41_13--openvla_oft--episode=67--success=True--task=pick_up_the_black_bowl_next_to_the_plate_and_place.mp4
09/17 [18:52:53] INFO     | >> Success: True              run_libero_eval.py:238
                 INFO     | >> # episodes completed so    run_libero_eval.py:238
                          far: 67                                               
                 INFO     | >> # successes: 64 (95.5%)    run_libero_eval.py:238

 38%|███▊      | 3/8 [00:26<00:43,  8.76s/it][A                 INFO     | >>                            run_libero_eval.py:238
                          Task: pick up the black bowl                          
                          next to the plate and place it                        
                          on the plate                                          
                 INFO     | >> Starting episode 4...      run_libero_eval.py:238
                 INFO     | >> EPISODE_MANIFEST           run_libero_eval.py:238
                          {"env_seed": 832645811,                               
                          "init_state_dtype": "float64",                        
                          "init_state_index": 30,                               
                          "init_state_sha256":                                  
                          "69f3c2ff71929c95b05c8a0b1c34f1                       
                          60ee4658e562d2efc70380f468cb4ee                       
                          73e", "init_state_shape": [92],                       
                          "model_seed": 2661172173,                             
                          "protocol": "paired",                                 
                          "task_id": 8}                                         
huggingface/tokenizers: The current process just got forked, after parallelism has already been used. Disabling parallelism to avoid deadlocks...
To disable this warning, you can either:
	- Avoid using `tokenizers` before the fork if possible
	- Explicitly set the environment variable TOKENIZERS_PARALLELISM=(true | false)
Saved rollout MP4 at path ./rollouts/2026_09_17/2026_09_17-18_41_13--openvla_oft--episode=68--success=True--task=pick_up_the_black_bowl_next_to_the_plate_and_place.mp4
09/17 [18:53:02] INFO     | >> Success: True              run_libero_eval.py:238
                 INFO     | >> # episodes completed so    run_libero_eval.py:238
                          far: 68                                               
                 INFO     | >> # successes: 65 (95.6%)    run_libero_eval.py:238

 50%|█████     | 4/8 [00:34<00:35,  8.77s/it][A                 INFO     | >>                            run_libero_eval.py:238
                          Task: pick up the black bowl                          
                          next to the plate and place it                        
                          on the plate                                          
                 INFO     | >> Starting episode 5...      run_libero_eval.py:238
                 INFO     | >> EPISODE_MANIFEST           run_libero_eval.py:238
                          {"env_seed": 2824990749,                              
                          "init_state_dtype": "float64",                        
                          "init_state_index": 31,                               
                          "init_state_sha256":                                  
                          "6c1626b5e168565c0f5d999e66e5fa                       
                          e66c8a2ded61c17031e6b49fa63f47c                       
                          1c9", "init_state_shape": [92],                       
                          "model_seed": 1046144879,                             
                          "protocol": "paired",                                 
                          "task_id": 8}                                         
huggingface/tokenizers: The current process just got forked, after parallelism has already been used. Disabling parallelism to avoid deadlocks...
To disable this warning, you can either:
	- Avoid using `tokenizers` before the fork if possible
	- Explicitly set the environment variable TOKENIZERS_PARALLELISM=(true | false)
Saved rollout MP4 at path ./rollouts/2026_09_17/2026_09_17-18_41_13--openvla_oft--episode=69--success=True--task=pick_up_the_black_bowl_next_to_the_plate_and_place.mp4
09/17 [18:53:11] INFO     | >> Success: True              run_libero_eval.py:238
                 INFO     | >> # episodes completed so    run_libero_eval.py:238
                          far: 69                                               
                 INFO     | >> # successes: 66 (95.7%)    run_libero_eval.py:238

 62%|██████▎   | 5/8 [00:43<00:26,  8.82s/it][A                 INFO     | >>                            run_libero_eval.py:238
                          Task: pick up the black bowl                          
                          next to the plate and place it                        
                          on the plate                                          
                 INFO     | >> Starting episode 6...      run_libero_eval.py:238
                 INFO     | >> EPISODE_MANIFEST           run_libero_eval.py:238
                          {"env_seed": 3882477947,                              
                          "init_state_dtype": "float64",                        
                          "init_state_index": 32,                               
                          "init_state_sha256":                                  
                          "834df855735fd4eaa87c11c8f5899f                       
                          9dfc795a74bcefc8f6c1bb1411a05fa                       
                          8c9", "init_state_shape": [92],                       
                          "model_seed": 1812310846,                             
                          "protocol": "paired",                                 
                          "task_id": 8}                                         
huggingface/tokenizers: The current process just got forked, after parallelism has already been used. Disabling parallelism to avoid deadlocks...
To disable this warning, you can either:
	- Avoid using `tokenizers` before the fork if possible
	- Explicitly set the environment variable TOKENIZERS_PARALLELISM=(true | false)
Saved rollout MP4 at path ./rollouts/2026_09_17/2026_09_17-18_41_13--openvla_oft--episode=70--success=True--task=pick_up_the_black_bowl_next_to_the_plate_and_place.mp4
09/17 [18:53:20] INFO     | >> Success: True              run_libero_eval.py:238
                 INFO     | >> # episodes completed so    run_libero_eval.py:238
                          far: 70                                               
                 INFO     | >> # successes: 67 (95.7%)    run_libero_eval.py:238

 75%|███████▌  | 6/8 [00:52<00:17,  8.90s/it][A                 INFO     | >>                            run_libero_eval.py:238
                          Task: pick up the black bowl                          
                          next to the plate and place it                        
                          on the plate                                          
                 INFO     | >> Starting episode 7...      run_libero_eval.py:238
                 INFO     | >> EPISODE_MANIFEST           run_libero_eval.py:238
                          {"env_seed": 2568509942,                              
                          "init_state_dtype": "float64",                        
                          "init_state_index": 33,                               
                          "init_state_sha256":                                  
                          "6a2b2180b68de784a078cef544e82c                       
                          e974744d1b54867a918e8b06e5777d1                       
                          829", "init_state_shape": [92],                       
                          "model_seed": 1688937136,                             
                          "protocol": "paired",                                 
                          "task_id": 8}                                         
huggingface/tokenizers: The current process just got forked, after parallelism has already been used. Disabling parallelism to avoid deadlocks...
To disable this warning, you can either:
	- Avoid using `tokenizers` before the fork if possible
	- Explicitly set the environment variable TOKENIZERS_PARALLELISM=(true | false)
Saved rollout MP4 at path ./rollouts/2026_09_17/2026_09_17-18_41_13--openvla_oft--episode=71--success=True--task=pick_up_the_black_bowl_next_to_the_plate_and_place.mp4
09/17 [18:53:29] INFO     | >> Success: True              run_libero_eval.py:238
                 INFO     | >> # episodes completed so    run_libero_eval.py:238
                          far: 71                                               
                 INFO     | >> # successes: 68 (95.8%)    run_libero_eval.py:238

 88%|████████▊ | 7/8 [01:01<00:08,  8.89s/it][A                 INFO     | >>                            run_libero_eval.py:238
                          Task: pick up the black bowl                          
                          next to the plate and place it                        
                          on the plate                                          
                 INFO     | >> Starting episode 8...      run_libero_eval.py:238
                 INFO     | >> EPISODE_MANIFEST           run_libero_eval.py:238
                          {"env_seed": 1191567904,                              
                          "init_state_dtype": "float64",                        
                          "init_state_index": 34,                               
                          "init_state_sha256":                                  
                          "0c3e9ed985b376b83b939b8b84d73a                       
                          9ca8de8090e325bc44204bb11cccb99                       
                          ba3", "init_state_shape": [92],                       
                          "model_seed": 979892435,                              
                          "protocol": "paired",                                 
                          "task_id": 8}                                         
huggingface/tokenizers: The current process just got forked, after parallelism has already been used. Disabling parallelism to avoid deadlocks...
To disable this warning, you can either:
	- Avoid using `tokenizers` before the fork if possible
	- Explicitly set the environment variable TOKENIZERS_PARALLELISM=(true | false)
Saved rollout MP4 at path ./rollouts/2026_09_17/2026_09_17-18_41_13--openvla_oft--episode=72--success=True--task=pick_up_the_black_bowl_next_to_the_plate_and_place.mp4
09/17 [18:53:38] INFO     | >> Success: True              run_libero_eval.py:238
                 INFO     | >> # episodes completed so    run_libero_eval.py:238
                          far: 72                                               
                 INFO     | >> # successes: 69 (95.8%)    run_libero_eval.py:238

100%|██████████| 8/8 [01:10<00:00,  9.00s/it][A100%|██████████| 8/8 [01:10<00:00,  8.87s/it]
                 INFO     | >> Current task success rate: run_libero_eval.py:238
                          1.0                                                   
                 INFO     | >> Current total success      run_libero_eval.py:238
                          rate: 0.9583333333333334                              
 90%|█████████ | 9/10 [11:57<01:20, 80.26s/it]                 INFO     | >> Using default initial      run_libero_eval.py:238
                          states                                                

  0%|          | 0/8 [00:00<?, ?it/s][A09/17 [18:53:41] INFO     | >>                            run_libero_eval.py:238
                          Task: pick up the black bowl on                       
                          the wooden cabinet and place it                       
                          on the plate                                          
                 INFO     | >> Starting episode 1...      run_libero_eval.py:238
                 INFO     | >> EPISODE_MANIFEST           run_libero_eval.py:238
                          {"env_seed": 2546779847,                              
                          "init_state_dtype": "float64",                        
                          "init_state_index": 27,                               
                          "init_state_sha256":                                  
                          "c357e9dbdc7c0f9debda428f808cb4                       
                          c0a4d587eabc5afb3f49d5cb7e0b60d                       
                          044", "init_state_shape": [92],                       
                          "model_seed": 2161745626,                             
                          "protocol": "paired",                                 
                          "task_id": 9}                                         
huggingface/tokenizers: The current process just got forked, after parallelism has already been used. Disabling parallelism to avoid deadlocks...
To disable this warning, you can either:
	- Avoid using `tokenizers` before the fork if possible
	- Explicitly set the environment variable TOKENIZERS_PARALLELISM=(true | false)
Saved rollout MP4 at path ./rollouts/2026_09_17/2026_09_17-18_41_13--openvla_oft--episode=73--success=True--task=pick_up_the_black_bowl_on_the_wooden_cabinet_and_p.mp4
09/17 [18:53:52] INFO     | >> Success: True              run_libero_eval.py:238
                 INFO     | >> # episodes completed so    run_libero_eval.py:238
                          far: 73                                               
                 INFO     | >> # successes: 70 (95.9%)    run_libero_eval.py:238

 12%|█▎        | 1/8 [00:10<01:12, 10.29s/it][A                 INFO     | >>                            run_libero_eval.py:238
                          Task: pick up the black bowl on                       
                          the wooden cabinet and place it                       
                          on the plate                                          
                 INFO     | >> Starting episode 2...      run_libero_eval.py:238
                 INFO     | >> EPISODE_MANIFEST           run_libero_eval.py:238
                          {"env_seed": 480507038,                               
                          "init_state_dtype": "float64",                        
                          "init_state_index": 28,                               
                          "init_state_sha256":                                  
                          "74ed16befad96e7807b7467c9d4b32                       
                          7c35b72a70e7ceeff2e83a7f1096b0f                       
                          f09", "init_state_shape": [92],                       
                          "model_seed": 393126214,                              
                          "protocol": "paired",                                 
                          "task_id": 9}                                         
huggingface/tokenizers: The current process just got forked, after parallelism has already been used. Disabling parallelism to avoid deadlocks...
To disable this warning, you can either:
	- Avoid using `tokenizers` before the fork if possible
	- Explicitly set the environment variable TOKENIZERS_PARALLELISM=(true | false)
Saved rollout MP4 at path ./rollouts/2026_09_17/2026_09_17-18_41_13--openvla_oft--episode=74--success=True--task=pick_up_the_black_bowl_on_the_wooden_cabinet_and_p.mp4
09/17 [18:54:02] INFO     | >> Success: True              run_libero_eval.py:238
                 INFO     | >> # episodes completed so    run_libero_eval.py:238
                          far: 74                                               
                 INFO     | >> # successes: 71 (95.9%)    run_libero_eval.py:238

 25%|██▌       | 2/8 [00:20<01:02, 10.34s/it][A                 INFO     | >>                            run_libero_eval.py:238
                          Task: pick up the black bowl on                       
                          the wooden cabinet and place it                       
                          on the plate                                          
                 INFO     | >> Starting episode 3...      run_libero_eval.py:238
                 INFO     | >> EPISODE_MANIFEST           run_libero_eval.py:238
                          {"env_seed": 2281636085,                              
                          "init_state_dtype": "float64",                        
                          "init_state_index": 29,                               
                          "init_state_sha256":                                  
                          "aedb0a9ed60362ed678799a1d541ff                       
                          0656fa2d643deab83750810344d0039                       
                          aaf", "init_state_shape": [92],                       
                          "model_seed": 1568937167,                             
                          "protocol": "paired",                                 
                          "task_id": 9}                                         
huggingface/tokenizers: The current process just got forked, after parallelism has already been used. Disabling parallelism to avoid deadlocks...
To disable this warning, you can either:
	- Avoid using `tokenizers` before the fork if possible
	- Explicitly set the environment variable TOKENIZERS_PARALLELISM=(true | false)
Saved rollout MP4 at path ./rollouts/2026_09_17/2026_09_17-18_41_13--openvla_oft--episode=75--success=True--task=pick_up_the_black_bowl_on_the_wooden_cabinet_and_p.mp4
09/17 [18:54:12] INFO     | >> Success: True              run_libero_eval.py:238
09/17 [18:54:13] INFO     | >> # episodes completed so    run_libero_eval.py:238
                          far: 75                                               
                 INFO     | >> # successes: 72 (96.0%)    run_libero_eval.py:238

 38%|███▊      | 3/8 [00:31<00:51, 10.37s/it][A                 INFO     | >>                            run_libero_eval.py:238
                          Task: pick up the black bowl on                       
                          the wooden cabinet and place it                       
                          on the plate                                          
                 INFO     | >> Starting episode 4...      run_libero_eval.py:238
                 INFO     | >> EPISODE_MANIFEST           run_libero_eval.py:238
                          {"env_seed": 3219327983,                              
                          "init_state_dtype": "float64",                        
                          "init_state_index": 30,                               
                          "init_state_sha256":                                  
                          "b355b821bd2820810eaefbcd9be254                       
                          a4673e6bd73904d716e05c635e46756                       
                          14c", "init_state_shape": [92],                       
                          "model_seed": 3958497019,                             
                          "protocol": "paired",                                 
                          "task_id": 9}                                         
huggingface/tokenizers: The current process just got forked, after parallelism has already been used. Disabling parallelism to avoid deadlocks...
To disable this warning, you can either:
	- Avoid using `tokenizers` before the fork if possible
	- Explicitly set the environment variable TOKENIZERS_PARALLELISM=(true | false)
Saved rollout MP4 at path ./rollouts/2026_09_17/2026_09_17-18_41_13--openvla_oft--episode=76--success=True--task=pick_up_the_black_bowl_on_the_wooden_cabinet_and_p.mp4
09/17 [18:54:23] INFO     | >> Success: True              run_libero_eval.py:238
                 INFO     | >> # episodes completed so    run_libero_eval.py:238
                          far: 76                                               
                 INFO     | >> # successes: 73 (96.1%)    run_libero_eval.py:238

 50%|█████     | 4/8 [00:41<00:41, 10.26s/it][A                 INFO     | >>                            run_libero_eval.py:238
                          Task: pick up the black bowl on                       
                          the wooden cabinet and place it                       
                          on the plate                                          
                 INFO     | >> Starting episode 5...      run_libero_eval.py:238
                 INFO     | >> EPISODE_MANIFEST           run_libero_eval.py:238
                          {"env_seed": 1175233681,                              
                          "init_state_dtype": "float64",                        
                          "init_state_index": 31,                               
                          "init_state_sha256":                                  
                          "64496d1b371573196c4ff47fe95115                       
                          94f26be263c9bb9a1de435f3fcd6741                       
                          9c2", "init_state_shape": [92],                       
                          "model_seed": 3759713427,                             
                          "protocol": "paired",                                 
                          "task_id": 9}                                         
huggingface/tokenizers: The current process just got forked, after parallelism has already been used. Disabling parallelism to avoid deadlocks...
To disable this warning, you can either:
	- Avoid using `tokenizers` before the fork if possible
	- Explicitly set the environment variable TOKENIZERS_PARALLELISM=(true | false)
Saved rollout MP4 at path ./rollouts/2026_09_17/2026_09_17-18_41_13--openvla_oft--episode=77--success=True--task=pick_up_the_black_bowl_on_the_wooden_cabinet_and_p.mp4
09/17 [18:54:33] INFO     | >> Success: True              run_libero_eval.py:238
                 INFO     | >> # episodes completed so    run_libero_eval.py:238
                          far: 77                                               
                 INFO     | >> # successes: 74 (96.1%)    run_libero_eval.py:238

 62%|██████▎   | 5/8 [00:51<00:30, 10.14s/it][A                 INFO     | >>                            run_libero_eval.py:238
                          Task: pick up the black bowl on                       
                          the wooden cabinet and place it                       
                          on the plate                                          
                 INFO     | >> Starting episode 6...      run_libero_eval.py:238
                 INFO     | >> EPISODE_MANIFEST           run_libero_eval.py:238
                          {"env_seed": 1586970223,                              
                          "init_state_dtype": "float64",                        
                          "init_state_index": 32,                               
                          "init_state_sha256":                                  
                          "b9c27568a6cda670f94c9baafe8edc                       
                          96c57eb95a72fabd80919f6303e5bd9                       
                          c37", "init_state_shape": [92],                       
                          "model_seed": 136419749,                              
                          "protocol": "paired",                                 
                          "task_id": 9}                                         
huggingface/tokenizers: The current process just got forked, after parallelism has already been used. Disabling parallelism to avoid deadlocks...
To disable this warning, you can either:
	- Avoid using `tokenizers` before the fork if possible
	- Explicitly set the environment variable TOKENIZERS_PARALLELISM=(true | false)
Saved rollout MP4 at path ./rollouts/2026_09_17/2026_09_17-18_41_13--openvla_oft--episode=78--success=True--task=pick_up_the_black_bowl_on_the_wooden_cabinet_and_p.mp4
09/17 [18:54:42] INFO     | >> Success: True              run_libero_eval.py:238
                 INFO     | >> # episodes completed so    run_libero_eval.py:238
                          far: 78                                               
                 INFO     | >> # successes: 75 (96.2%)    run_libero_eval.py:238

 75%|███████▌  | 6/8 [01:00<00:19,  9.92s/it][A                 INFO     | >>                            run_libero_eval.py:238
                          Task: pick up the black bowl on                       
                          the wooden cabinet and place it                       
                          on the plate                                          
                 INFO     | >> Starting episode 7...      run_libero_eval.py:238
                 INFO     | >> EPISODE_MANIFEST           run_libero_eval.py:238
                          {"env_seed": 206231557,                               
                          "init_state_dtype": "float64",                        
                          "init_state_index": 33,                               
                          "init_state_sha256":                                  
                          "f983471e8db60ffd0669f4f86089ee                       
                          5cf4bf24287d471b6a9c7f05da81477                       
                          d1f", "init_state_shape": [92],                       
                          "model_seed": 3121327144,                             
                          "protocol": "paired",                                 
                          "task_id": 9}                                         
huggingface/tokenizers: The current process just got forked, after parallelism has already been used. Disabling parallelism to avoid deadlocks...
To disable this warning, you can either:
	- Avoid using `tokenizers` before the fork if possible
	- Explicitly set the environment variable TOKENIZERS_PARALLELISM=(true | false)
Saved rollout MP4 at path ./rollouts/2026_09_17/2026_09_17-18_41_13--openvla_oft--episode=79--success=False--task=pick_up_the_black_bowl_on_the_wooden_cabinet_and_p.mp4
09/17 [18:54:57] INFO     | >> Success: False             run_libero_eval.py:238
                 INFO     | >> # episodes completed so    run_libero_eval.py:238
                          far: 79                                               
                 INFO     | >> # successes: 75 (94.9%)    run_libero_eval.py:238

 88%|████████▊ | 7/8 [01:15<00:11, 11.61s/it][A                 INFO     | >>                            run_libero_eval.py:238
                          Task: pick up the black bowl on                       
                          the wooden cabinet and place it                       
                          on the plate                                          
                 INFO     | >> Starting episode 8...      run_libero_eval.py:238
                 INFO     | >> EPISODE_MANIFEST           run_libero_eval.py:238
                          {"env_seed": 3497825711,                              
                          "init_state_dtype": "float64",                        
                          "init_state_index": 34,                               
                          "init_state_sha256":                                  
                          "ece4fbd9a0f3d3b302617ca973866b                       
                          f91f065b04eed243b655337230b84e6                       
                          033", "init_state_shape": [92],                       
                          "model_seed": 1550284034,                             
                          "protocol": "paired",                                 
                          "task_id": 9}                                         
huggingface/tokenizers: The current process just got forked, after parallelism has already been used. Disabling parallelism to avoid deadlocks...
To disable this warning, you can either:
	- Avoid using `tokenizers` before the fork if possible
	- Explicitly set the environment variable TOKENIZERS_PARALLELISM=(true | false)
Saved rollout MP4 at path ./rollouts/2026_09_17/2026_09_17-18_41_13--openvla_oft--episode=80--success=True--task=pick_up_the_black_bowl_on_the_wooden_cabinet_and_p.mp4
09/17 [18:55:07] INFO     | >> Success: True              run_libero_eval.py:238
                 INFO     | >> # episodes completed so    run_libero_eval.py:238
                          far: 80                                               
                 INFO     | >> # successes: 76 (95.0%)    run_libero_eval.py:238

100%|██████████| 8/8 [01:25<00:00, 11.03s/it][A100%|██████████| 8/8 [01:25<00:00, 10.68s/it]
                 INFO     | >> Current task success rate: run_libero_eval.py:238
                          0.875                                                 
                 INFO     | >> Current total success      run_libero_eval.py:238
                          rate: 0.95                                            
100%|██████████| 10/10 [13:26<00:00, 82.92s/it]100%|██████████| 10/10 [13:26<00:00, 80.68s/it]
                 INFO     | >> Final results:             run_libero_eval.py:238
                 INFO     | >> Total episodes: 80         run_libero_eval.py:238
                 INFO     | >> Total successes: 76        run_libero_eval.py:238
                 INFO     | >> Overall success rate:      run_libero_eval.py:238
                          0.9500 (95.0%)                                        
