2026-09-17 19:17:45.674371: I tensorflow/core/util/port.cc:113] oneDNN custom operations are on. You may see slightly different numerical results due to floating-point round-off errors from different computation orders. To turn them off, set the environment variable `TF_ENABLE_ONEDNN_OPTS=0`.
2026-09-17 19:17:45.712529: E external/local_xla/xla/stream_executor/cuda/cuda_dnn.cc:9261] Unable to register cuDNN factory: Attempting to register factory for plugin cuDNN when one has already been registered
2026-09-17 19:17:45.712554: E external/local_xla/xla/stream_executor/cuda/cuda_fft.cc:607] Unable to register cuFFT factory: Attempting to register factory for plugin cuFFT when one has already been registered
2026-09-17 19:17:45.713758: E external/local_xla/xla/stream_executor/cuda/cuda_blas.cc:1515] Unable to register cuBLAS factory: Attempting to register factory for plugin cuBLAS when one has already been registered
2026-09-17 19:17:45.720018: I tensorflow/core/platform/cpu_feature_guard.cc:182] This TensorFlow binary is optimized to use available CPU instructions in performance-critical operations.
To enable the following instructions: AVX2 AVX512F AVX512_VNNI FMA, in other operations, rebuild TensorFlow with the appropriate compiler flags.
2026-09-17 19:17:46.596731: W tensorflow/compiler/tf2tensorrt/utils/py_utils.cc:38] TF-TRT Warning: Could not find TensorRT
[robosuite WARNING] No private macro file found! (__init__.py:7)
[robosuite WARNING] It is recommended to use a private macro file (__init__.py:8)
[robosuite WARNING] To setup, run: python /root/miniconda3/envs/qvla-oft/lib/python3.10/site-packages/robosuite/scripts/setup_macros.py (__init__.py:9)
Gym has been unmaintained since 2022 and does not support NumPy 2.0 amongst other critical functionality.
Please upgrade to Gymnasium, the maintained drop-in replacement of Gym, or contact the authors of your software and request that they upgrade.
Users of this version of Gym should be able to simply replace 'import gym' with 'import gymnasium as gym' in the vast majority of cases.
See the migration guide at https://gymnasium.farama.org/introduction/migration_guide/ for additional information.
Using LIBERO constants:
  NUM_ACTIONS_CHUNK = 8
  ACTION_DIM = 7
  PROPRIO_DIM = 8
  ACTION_PROPRIO_NORMALIZATION_TYPE = bounds_q99
If needed, manually set the correct constants in `prismatic/vla/constants.py`!
VILA is not installed. Multimodal features will not be available. To activate, please install VILA at https://github.com/NVlabs/VILA.
[official-quant] scope={"fused_vision": 105, "language": 224, "primary_vision": 93, "total": 422, "unexpected": 0, "vision": 198}
Loading checkpoint shards:   0%|          | 0/4 [00:00<?, ?it/s]Loading checkpoint shards:  25%|██▌       | 1/4 [00:00<00:00,  4.26it/s]Loading checkpoint shards:  50%|█████     | 2/4 [00:00<00:00,  4.87it/s]Loading checkpoint shards:  75%|███████▌  | 3/4 [00:00<00:00,  5.08it/s]Loading checkpoint shards: 100%|██████████| 4/4 [00:00<00:00,  5.35it/s]Loading checkpoint shards: 100%|██████████| 4/4 [00:00<00:00,  5.14it/s]
[official-awq] 1/422 vision_backbone.featurizer.patch_embed.proj
[official-awq] 2/422 vision_backbone.featurizer.blocks.0.attn.qkv
[official-awq] 3/422 vision_backbone.featurizer.blocks.0.attn.proj
[official-awq] 4/422 vision_backbone.featurizer.blocks.0.mlp.fc1
[official-awq] 5/422 vision_backbone.featurizer.blocks.0.mlp.fc2
[official-awq] 6/422 vision_backbone.featurizer.blocks.1.attn.qkv
[official-awq] 7/422 vision_backbone.featurizer.blocks.1.attn.proj
[official-awq] 8/422 vision_backbone.featurizer.blocks.1.mlp.fc1
[official-awq] 9/422 vision_backbone.featurizer.blocks.1.mlp.fc2
[official-awq] 10/422 vision_backbone.featurizer.blocks.2.attn.qkv
[official-awq] 11/422 vision_backbone.featurizer.blocks.2.attn.proj
[official-awq] 12/422 vision_backbone.featurizer.blocks.2.mlp.fc1
[official-awq] 13/422 vision_backbone.featurizer.blocks.2.mlp.fc2
[official-awq] 14/422 vision_backbone.featurizer.blocks.3.attn.qkv
[official-awq] 15/422 vision_backbone.featurizer.blocks.3.attn.proj
[official-awq] 16/422 vision_backbone.featurizer.blocks.3.mlp.fc1
[official-awq] 17/422 vision_backbone.featurizer.blocks.3.mlp.fc2
[official-awq] 18/422 vision_backbone.featurizer.blocks.4.attn.qkv
[official-awq] 19/422 vision_backbone.featurizer.blocks.4.attn.proj
[official-awq] 20/422 vision_backbone.featurizer.blocks.4.mlp.fc1
[official-awq] 21/422 vision_backbone.featurizer.blocks.4.mlp.fc2
[official-awq] 22/422 vision_backbone.featurizer.blocks.5.attn.qkv
[official-awq] 23/422 vision_backbone.featurizer.blocks.5.attn.proj
[official-awq] 24/422 vision_backbone.featurizer.blocks.5.mlp.fc1
[official-awq] 25/422 vision_backbone.featurizer.blocks.5.mlp.fc2
[official-awq] 26/422 vision_backbone.featurizer.blocks.6.attn.qkv
[official-awq] 27/422 vision_backbone.featurizer.blocks.6.attn.proj
[official-awq] 28/422 vision_backbone.featurizer.blocks.6.mlp.fc1
[official-awq] 29/422 vision_backbone.featurizer.blocks.6.mlp.fc2
[official-awq] 30/422 vision_backbone.featurizer.blocks.7.attn.qkv
[official-awq] 31/422 vision_backbone.featurizer.blocks.7.attn.proj
[official-awq] 32/422 vision_backbone.featurizer.blocks.7.mlp.fc1
[official-awq] 33/422 vision_backbone.featurizer.blocks.7.mlp.fc2
[official-awq] 34/422 vision_backbone.featurizer.blocks.8.attn.qkv
[official-awq] 35/422 vision_backbone.featurizer.blocks.8.attn.proj
[official-awq] 36/422 vision_backbone.featurizer.blocks.8.mlp.fc1
[official-awq] 37/422 vision_backbone.featurizer.blocks.8.mlp.fc2
[official-awq] 38/422 vision_backbone.featurizer.blocks.9.attn.qkv
[official-awq] 39/422 vision_backbone.featurizer.blocks.9.attn.proj
[official-awq] 40/422 vision_backbone.featurizer.blocks.9.mlp.fc1
[official-awq] 41/422 vision_backbone.featurizer.blocks.9.mlp.fc2
[official-awq] 42/422 vision_backbone.featurizer.blocks.10.attn.qkv
[official-awq] 43/422 vision_backbone.featurizer.blocks.10.attn.proj
[official-awq] 44/422 vision_backbone.featurizer.blocks.10.mlp.fc1
[official-awq] 45/422 vision_backbone.featurizer.blocks.10.mlp.fc2
[official-awq] 46/422 vision_backbone.featurizer.blocks.11.attn.qkv
[official-awq] 47/422 vision_backbone.featurizer.blocks.11.attn.proj
[official-awq] 48/422 vision_backbone.featurizer.blocks.11.mlp.fc1
[official-awq] 49/422 vision_backbone.featurizer.blocks.11.mlp.fc2
[official-awq] 50/422 vision_backbone.featurizer.blocks.12.attn.qkv
[official-awq] 51/422 vision_backbone.featurizer.blocks.12.attn.proj
[official-awq] 52/422 vision_backbone.featurizer.blocks.12.mlp.fc1
[official-awq] 53/422 vision_backbone.featurizer.blocks.12.mlp.fc2
[official-awq] 54/422 vision_backbone.featurizer.blocks.13.attn.qkv
[official-awq] 55/422 vision_backbone.featurizer.blocks.13.attn.proj
[official-awq] 56/422 vision_backbone.featurizer.blocks.13.mlp.fc1
[official-awq] 57/422 vision_backbone.featurizer.blocks.13.mlp.fc2
[official-awq] 58/422 vision_backbone.featurizer.blocks.14.attn.qkv
[official-awq] 59/422 vision_backbone.featurizer.blocks.14.attn.proj
[official-awq] 60/422 vision_backbone.featurizer.blocks.14.mlp.fc1
[official-awq] 61/422 vision_backbone.featurizer.blocks.14.mlp.fc2
[official-awq] 62/422 vision_backbone.featurizer.blocks.15.attn.qkv
[official-awq] 63/422 vision_backbone.featurizer.blocks.15.attn.proj
[official-awq] 64/422 vision_backbone.featurizer.blocks.15.mlp.fc1
[official-awq] 65/422 vision_backbone.featurizer.blocks.15.mlp.fc2
[official-awq] 66/422 vision_backbone.featurizer.blocks.16.attn.qkv
[official-awq] 67/422 vision_backbone.featurizer.blocks.16.attn.proj
[official-awq] 68/422 vision_backbone.featurizer.blocks.16.mlp.fc1
[official-awq] 69/422 vision_backbone.featurizer.blocks.16.mlp.fc2
[official-awq] 70/422 vision_backbone.featurizer.blocks.17.attn.qkv
[official-awq] 71/422 vision_backbone.featurizer.blocks.17.attn.proj
[official-awq] 72/422 vision_backbone.featurizer.blocks.17.mlp.fc1
[official-awq] 73/422 vision_backbone.featurizer.blocks.17.mlp.fc2
[official-awq] 74/422 vision_backbone.featurizer.blocks.18.attn.qkv
[official-awq] 75/422 vision_backbone.featurizer.blocks.18.attn.proj
[official-awq] 76/422 vision_backbone.featurizer.blocks.18.mlp.fc1
[official-awq] 77/422 vision_backbone.featurizer.blocks.18.mlp.fc2
[official-awq] 78/422 vision_backbone.featurizer.blocks.19.attn.qkv
[official-awq] 79/422 vision_backbone.featurizer.blocks.19.attn.proj
[official-awq] 80/422 vision_backbone.featurizer.blocks.19.mlp.fc1
[official-awq] 81/422 vision_backbone.featurizer.blocks.19.mlp.fc2
[official-awq] 82/422 vision_backbone.featurizer.blocks.20.attn.qkv
[official-awq] 83/422 vision_backbone.featurizer.blocks.20.attn.proj
[official-awq] 84/422 vision_backbone.featurizer.blocks.20.mlp.fc1
[official-awq] 85/422 vision_backbone.featurizer.blocks.20.mlp.fc2
[official-awq] 86/422 vision_backbone.featurizer.blocks.21.attn.qkv
[official-awq] 87/422 vision_backbone.featurizer.blocks.21.attn.proj
[official-awq] 88/422 vision_backbone.featurizer.blocks.21.mlp.fc1
[official-awq] 89/422 vision_backbone.featurizer.blocks.21.mlp.fc2
[official-awq] 90/422 vision_backbone.featurizer.blocks.22.attn.qkv
[official-awq] 91/422 vision_backbone.featurizer.blocks.22.attn.proj
[official-awq] 92/422 vision_backbone.featurizer.blocks.22.mlp.fc1
[official-awq] 93/422 vision_backbone.featurizer.blocks.22.mlp.fc2
[official-awq] 94/422 vision_backbone.fused_featurizer.patch_embed.proj
[official-awq] 95/422 vision_backbone.fused_featurizer.blocks.0.attn.qkv
[official-awq] 96/422 vision_backbone.fused_featurizer.blocks.0.attn.proj
[official-awq] 97/422 vision_backbone.fused_featurizer.blocks.0.mlp.fc1
[official-awq] 98/422 vision_backbone.fused_featurizer.blocks.0.mlp.fc2
[official-awq] 99/422 vision_backbone.fused_featurizer.blocks.1.attn.qkv
[official-awq] 100/422 vision_backbone.fused_featurizer.blocks.1.attn.proj
[official-awq] 101/422 vision_backbone.fused_featurizer.blocks.1.mlp.fc1
[official-awq] 102/422 vision_backbone.fused_featurizer.blocks.1.mlp.fc2
[official-awq] 103/422 vision_backbone.fused_featurizer.blocks.2.attn.qkv
[official-awq] 104/422 vision_backbone.fused_featurizer.blocks.2.attn.proj
[official-awq] 105/422 vision_backbone.fused_featurizer.blocks.2.mlp.fc1
[official-awq] 106/422 vision_backbone.fused_featurizer.blocks.2.mlp.fc2
[official-awq] 107/422 vision_backbone.fused_featurizer.blocks.3.attn.qkv
[official-awq] 108/422 vision_backbone.fused_featurizer.blocks.3.attn.proj
[official-awq] 109/422 vision_backbone.fused_featurizer.blocks.3.mlp.fc1
[official-awq] 110/422 vision_backbone.fused_featurizer.blocks.3.mlp.fc2
[official-awq] 111/422 vision_backbone.fused_featurizer.blocks.4.attn.qkv
[official-awq] 112/422 vision_backbone.fused_featurizer.blocks.4.attn.proj
[official-awq] 113/422 vision_backbone.fused_featurizer.blocks.4.mlp.fc1
[official-awq] 114/422 vision_backbone.fused_featurizer.blocks.4.mlp.fc2
[official-awq] 115/422 vision_backbone.fused_featurizer.blocks.5.attn.qkv
[official-awq] 116/422 vision_backbone.fused_featurizer.blocks.5.attn.proj
[official-awq] 117/422 vision_backbone.fused_featurizer.blocks.5.mlp.fc1
[official-awq] 118/422 vision_backbone.fused_featurizer.blocks.5.mlp.fc2
[official-awq] 119/422 vision_backbone.fused_featurizer.blocks.6.attn.qkv
[official-awq] 120/422 vision_backbone.fused_featurizer.blocks.6.attn.proj
[official-awq] 121/422 vision_backbone.fused_featurizer.blocks.6.mlp.fc1
[official-awq] 122/422 vision_backbone.fused_featurizer.blocks.6.mlp.fc2
[official-awq] 123/422 vision_backbone.fused_featurizer.blocks.7.attn.qkv
[official-awq] 124/422 vision_backbone.fused_featurizer.blocks.7.attn.proj
[official-awq] 125/422 vision_backbone.fused_featurizer.blocks.7.mlp.fc1
[official-awq] 126/422 vision_backbone.fused_featurizer.blocks.7.mlp.fc2
[official-awq] 127/422 vision_backbone.fused_featurizer.blocks.8.attn.qkv
[official-awq] 128/422 vision_backbone.fused_featurizer.blocks.8.attn.proj
[official-awq] 129/422 vision_backbone.fused_featurizer.blocks.8.mlp.fc1
[official-awq] 130/422 vision_backbone.fused_featurizer.blocks.8.mlp.fc2
[official-awq] 131/422 vision_backbone.fused_featurizer.blocks.9.attn.qkv
[official-awq] 132/422 vision_backbone.fused_featurizer.blocks.9.attn.proj
[official-awq] 133/422 vision_backbone.fused_featurizer.blocks.9.mlp.fc1
[official-awq] 134/422 vision_backbone.fused_featurizer.blocks.9.mlp.fc2
[official-awq] 135/422 vision_backbone.fused_featurizer.blocks.10.attn.qkv
[official-awq] 136/422 vision_backbone.fused_featurizer.blocks.10.attn.proj
[official-awq] 137/422 vision_backbone.fused_featurizer.blocks.10.mlp.fc1
[official-awq] 138/422 vision_backbone.fused_featurizer.blocks.10.mlp.fc2
[official-awq] 139/422 vision_backbone.fused_featurizer.blocks.11.attn.qkv
[official-awq] 140/422 vision_backbone.fused_featurizer.blocks.11.attn.proj
[official-awq] 141/422 vision_backbone.fused_featurizer.blocks.11.mlp.fc1
[official-awq] 142/422 vision_backbone.fused_featurizer.blocks.11.mlp.fc2
[official-awq] 143/422 vision_backbone.fused_featurizer.blocks.12.attn.qkv
[official-awq] 144/422 vision_backbone.fused_featurizer.blocks.12.attn.proj
[official-awq] 145/422 vision_backbone.fused_featurizer.blocks.12.mlp.fc1
[official-awq] 146/422 vision_backbone.fused_featurizer.blocks.12.mlp.fc2
[official-awq] 147/422 vision_backbone.fused_featurizer.blocks.13.attn.qkv
[official-awq] 148/422 vision_backbone.fused_featurizer.blocks.13.attn.proj
[official-awq] 149/422 vision_backbone.fused_featurizer.blocks.13.mlp.fc1
[official-awq] 150/422 vision_backbone.fused_featurizer.blocks.13.mlp.fc2
[official-awq] 151/422 vision_backbone.fused_featurizer.blocks.14.attn.qkv
[official-awq] 152/422 vision_backbone.fused_featurizer.blocks.14.attn.proj
[official-awq] 153/422 vision_backbone.fused_featurizer.blocks.14.mlp.fc1
[official-awq] 154/422 vision_backbone.fused_featurizer.blocks.14.mlp.fc2
[official-awq] 155/422 vision_backbone.fused_featurizer.blocks.15.attn.qkv
[official-awq] 156/422 vision_backbone.fused_featurizer.blocks.15.attn.proj
[official-awq] 157/422 vision_backbone.fused_featurizer.blocks.15.mlp.fc1
[official-awq] 158/422 vision_backbone.fused_featurizer.blocks.15.mlp.fc2
[official-awq] 159/422 vision_backbone.fused_featurizer.blocks.16.attn.qkv
[official-awq] 160/422 vision_backbone.fused_featurizer.blocks.16.attn.proj
[official-awq] 161/422 vision_backbone.fused_featurizer.blocks.16.mlp.fc1
[official-awq] 162/422 vision_backbone.fused_featurizer.blocks.16.mlp.fc2
[official-awq] 163/422 vision_backbone.fused_featurizer.blocks.17.attn.qkv
[official-awq] 164/422 vision_backbone.fused_featurizer.blocks.17.attn.proj
[official-awq] 165/422 vision_backbone.fused_featurizer.blocks.17.mlp.fc1
[official-awq] 166/422 vision_backbone.fused_featurizer.blocks.17.mlp.fc2
[official-awq] 167/422 vision_backbone.fused_featurizer.blocks.18.attn.qkv
[official-awq] 168/422 vision_backbone.fused_featurizer.blocks.18.attn.proj
[official-awq] 169/422 vision_backbone.fused_featurizer.blocks.18.mlp.fc1
[official-awq] 170/422 vision_backbone.fused_featurizer.blocks.18.mlp.fc2
[official-awq] 171/422 vision_backbone.fused_featurizer.blocks.19.attn.qkv
[official-awq] 172/422 vision_backbone.fused_featurizer.blocks.19.attn.proj
[official-awq] 173/422 vision_backbone.fused_featurizer.blocks.19.mlp.fc1
[official-awq] 174/422 vision_backbone.fused_featurizer.blocks.19.mlp.fc2
[official-awq] 175/422 vision_backbone.fused_featurizer.blocks.20.attn.qkv
[official-awq] 176/422 vision_backbone.fused_featurizer.blocks.20.attn.proj
[official-awq] 177/422 vision_backbone.fused_featurizer.blocks.20.mlp.fc1
[official-awq] 178/422 vision_backbone.fused_featurizer.blocks.20.mlp.fc2
[official-awq] 179/422 vision_backbone.fused_featurizer.blocks.21.attn.qkv
[official-awq] 180/422 vision_backbone.fused_featurizer.blocks.21.attn.proj
[official-awq] 181/422 vision_backbone.fused_featurizer.blocks.21.mlp.fc1
[official-awq] 182/422 vision_backbone.fused_featurizer.blocks.21.mlp.fc2
[official-awq] 183/422 vision_backbone.fused_featurizer.blocks.22.attn.qkv
[official-awq] 184/422 vision_backbone.fused_featurizer.blocks.22.attn.proj
[official-awq] 185/422 vision_backbone.fused_featurizer.blocks.22.mlp.fc1
[official-awq] 186/422 vision_backbone.fused_featurizer.blocks.22.mlp.fc2
[official-awq] 187/422 vision_backbone.fused_featurizer.blocks.23.attn.qkv
[official-awq] 188/422 vision_backbone.fused_featurizer.blocks.23.attn.proj
[official-awq] 189/422 vision_backbone.fused_featurizer.blocks.23.mlp.fc1
[official-awq] 190/422 vision_backbone.fused_featurizer.blocks.23.mlp.fc2
[official-awq] 191/422 vision_backbone.fused_featurizer.blocks.24.attn.qkv
[official-awq] 192/422 vision_backbone.fused_featurizer.blocks.24.attn.proj
[official-awq] 193/422 vision_backbone.fused_featurizer.blocks.24.mlp.fc1
[official-awq] 194/422 vision_backbone.fused_featurizer.blocks.24.mlp.fc2
[official-awq] 195/422 vision_backbone.fused_featurizer.blocks.25.attn.qkv
[official-awq] 196/422 vision_backbone.fused_featurizer.blocks.25.attn.proj
[official-awq] 197/422 vision_backbone.fused_featurizer.blocks.25.mlp.fc1
[official-awq] 198/422 vision_backbone.fused_featurizer.blocks.25.mlp.fc2
[official-awq] 199/422 language_model.model.layers.0.self_attn.q_proj
[official-awq] 200/422 language_model.model.layers.0.self_attn.k_proj
[official-awq] 201/422 language_model.model.layers.0.self_attn.v_proj
[official-awq] 202/422 language_model.model.layers.0.self_attn.o_proj
[official-awq] 203/422 language_model.model.layers.0.mlp.gate_proj
[official-awq] 204/422 language_model.model.layers.0.mlp.up_proj
[official-awq] 205/422 language_model.model.layers.0.mlp.down_proj
[official-awq] 206/422 language_model.model.layers.1.self_attn.q_proj
[official-awq] 207/422 language_model.model.layers.1.self_attn.k_proj
[official-awq] 208/422 language_model.model.layers.1.self_attn.v_proj
[official-awq] 209/422 language_model.model.layers.1.self_attn.o_proj
[official-awq] 210/422 language_model.model.layers.1.mlp.gate_proj
[official-awq] 211/422 language_model.model.layers.1.mlp.up_proj
[official-awq] 212/422 language_model.model.layers.1.mlp.down_proj
[official-awq] 213/422 language_model.model.layers.2.self_attn.q_proj
[official-awq] 214/422 language_model.model.layers.2.self_attn.k_proj
[official-awq] 215/422 language_model.model.layers.2.self_attn.v_proj
[official-awq] 216/422 language_model.model.layers.2.self_attn.o_proj
[official-awq] 217/422 language_model.model.layers.2.mlp.gate_proj
[official-awq] 218/422 language_model.model.layers.2.mlp.up_proj
[official-awq] 219/422 language_model.model.layers.2.mlp.down_proj
[official-awq] 220/422 language_model.model.layers.3.self_attn.q_proj
[official-awq] 221/422 language_model.model.layers.3.self_attn.k_proj
[official-awq] 222/422 language_model.model.layers.3.self_attn.v_proj
[official-awq] 223/422 language_model.model.layers.3.self_attn.o_proj
[official-awq] 224/422 language_model.model.layers.3.mlp.gate_proj
[official-awq] 225/422 language_model.model.layers.3.mlp.up_proj
[official-awq] 226/422 language_model.model.layers.3.mlp.down_proj
[official-awq] 227/422 language_model.model.layers.4.self_attn.q_proj
[official-awq] 228/422 language_model.model.layers.4.self_attn.k_proj
[official-awq] 229/422 language_model.model.layers.4.self_attn.v_proj
[official-awq] 230/422 language_model.model.layers.4.self_attn.o_proj
[official-awq] 231/422 language_model.model.layers.4.mlp.gate_proj
[official-awq] 232/422 language_model.model.layers.4.mlp.up_proj
[official-awq] 233/422 language_model.model.layers.4.mlp.down_proj
[official-awq] 234/422 language_model.model.layers.5.self_attn.q_proj
[official-awq] 235/422 language_model.model.layers.5.self_attn.k_proj
[official-awq] 236/422 language_model.model.layers.5.self_attn.v_proj
[official-awq] 237/422 language_model.model.layers.5.self_attn.o_proj
[official-awq] 238/422 language_model.model.layers.5.mlp.gate_proj
[official-awq] 239/422 language_model.model.layers.5.mlp.up_proj
[official-awq] 240/422 language_model.model.layers.5.mlp.down_proj
[official-awq] 241/422 language_model.model.layers.6.self_attn.q_proj
[official-awq] 242/422 language_model.model.layers.6.self_attn.k_proj
[official-awq] 243/422 language_model.model.layers.6.self_attn.v_proj
[official-awq] 244/422 language_model.model.layers.6.self_attn.o_proj
[official-awq] 245/422 language_model.model.layers.6.mlp.gate_proj
[official-awq] 246/422 language_model.model.layers.6.mlp.up_proj
[official-awq] 247/422 language_model.model.layers.6.mlp.down_proj
[official-awq] 248/422 language_model.model.layers.7.self_attn.q_proj
[official-awq] 249/422 language_model.model.layers.7.self_attn.k_proj
[official-awq] 250/422 language_model.model.layers.7.self_attn.v_proj
[official-awq] 251/422 language_model.model.layers.7.self_attn.o_proj
[official-awq] 252/422 language_model.model.layers.7.mlp.gate_proj
[official-awq] 253/422 language_model.model.layers.7.mlp.up_proj
[official-awq] 254/422 language_model.model.layers.7.mlp.down_proj
[official-awq] 255/422 language_model.model.layers.8.self_attn.q_proj
[official-awq] 256/422 language_model.model.layers.8.self_attn.k_proj
[official-awq] 257/422 language_model.model.layers.8.self_attn.v_proj
[official-awq] 258/422 language_model.model.layers.8.self_attn.o_proj
[official-awq] 259/422 language_model.model.layers.8.mlp.gate_proj
[official-awq] 260/422 language_model.model.layers.8.mlp.up_proj
[official-awq] 261/422 language_model.model.layers.8.mlp.down_proj
[official-awq] 262/422 language_model.model.layers.9.self_attn.q_proj
[official-awq] 263/422 language_model.model.layers.9.self_attn.k_proj
[official-awq] 264/422 language_model.model.layers.9.self_attn.v_proj
[official-awq] 265/422 language_model.model.layers.9.self_attn.o_proj
[official-awq] 266/422 language_model.model.layers.9.mlp.gate_proj
[official-awq] 267/422 language_model.model.layers.9.mlp.up_proj
[official-awq] 268/422 language_model.model.layers.9.mlp.down_proj
[official-awq] 269/422 language_model.model.layers.10.self_attn.q_proj
[official-awq] 270/422 language_model.model.layers.10.self_attn.k_proj
[official-awq] 271/422 language_model.model.layers.10.self_attn.v_proj
[official-awq] 272/422 language_model.model.layers.10.self_attn.o_proj
[official-awq] 273/422 language_model.model.layers.10.mlp.gate_proj
[official-awq] 274/422 language_model.model.layers.10.mlp.up_proj
[official-awq] 275/422 language_model.model.layers.10.mlp.down_proj
[official-awq] 276/422 language_model.model.layers.11.self_attn.q_proj
[official-awq] 277/422 language_model.model.layers.11.self_attn.k_proj
[official-awq] 278/422 language_model.model.layers.11.self_attn.v_proj
[official-awq] 279/422 language_model.model.layers.11.self_attn.o_proj
[official-awq] 280/422 language_model.model.layers.11.mlp.gate_proj
[official-awq] 281/422 language_model.model.layers.11.mlp.up_proj
[official-awq] 282/422 language_model.model.layers.11.mlp.down_proj
[official-awq] 283/422 language_model.model.layers.12.self_attn.q_proj
[official-awq] 284/422 language_model.model.layers.12.self_attn.k_proj
[official-awq] 285/422 language_model.model.layers.12.self_attn.v_proj
[official-awq] 286/422 language_model.model.layers.12.self_attn.o_proj
[official-awq] 287/422 language_model.model.layers.12.mlp.gate_proj
[official-awq] 288/422 language_model.model.layers.12.mlp.up_proj
[official-awq] 289/422 language_model.model.layers.12.mlp.down_proj
[official-awq] 290/422 language_model.model.layers.13.self_attn.q_proj
[official-awq] 291/422 language_model.model.layers.13.self_attn.k_proj
[official-awq] 292/422 language_model.model.layers.13.self_attn.v_proj
[official-awq] 293/422 language_model.model.layers.13.self_attn.o_proj
[official-awq] 294/422 language_model.model.layers.13.mlp.gate_proj
[official-awq] 295/422 language_model.model.layers.13.mlp.up_proj
[official-awq] 296/422 language_model.model.layers.13.mlp.down_proj
[official-awq] 297/422 language_model.model.layers.14.self_attn.q_proj
[official-awq] 298/422 language_model.model.layers.14.self_attn.k_proj
[official-awq] 299/422 language_model.model.layers.14.self_attn.v_proj
[official-awq] 300/422 language_model.model.layers.14.self_attn.o_proj
[official-awq] 301/422 language_model.model.layers.14.mlp.gate_proj
[official-awq] 302/422 language_model.model.layers.14.mlp.up_proj
[official-awq] 303/422 language_model.model.layers.14.mlp.down_proj
[official-awq] 304/422 language_model.model.layers.15.self_attn.q_proj
[official-awq] 305/422 language_model.model.layers.15.self_attn.k_proj
[official-awq] 306/422 language_model.model.layers.15.self_attn.v_proj
[official-awq] 307/422 language_model.model.layers.15.self_attn.o_proj
[official-awq] 308/422 language_model.model.layers.15.mlp.gate_proj
[official-awq] 309/422 language_model.model.layers.15.mlp.up_proj
[official-awq] 310/422 language_model.model.layers.15.mlp.down_proj
[official-awq] 311/422 language_model.model.layers.16.self_attn.q_proj
[official-awq] 312/422 language_model.model.layers.16.self_attn.k_proj
[official-awq] 313/422 language_model.model.layers.16.self_attn.v_proj
[official-awq] 314/422 language_model.model.layers.16.self_attn.o_proj
[official-awq] 315/422 language_model.model.layers.16.mlp.gate_proj
[official-awq] 316/422 language_model.model.layers.16.mlp.up_proj
[official-awq] 317/422 language_model.model.layers.16.mlp.down_proj
[official-awq] 318/422 language_model.model.layers.17.self_attn.q_proj
[official-awq] 319/422 language_model.model.layers.17.self_attn.k_proj
[official-awq] 320/422 language_model.model.layers.17.self_attn.v_proj
[official-awq] 321/422 language_model.model.layers.17.self_attn.o_proj
[official-awq] 322/422 language_model.model.layers.17.mlp.gate_proj
[official-awq] 323/422 language_model.model.layers.17.mlp.up_proj
[official-awq] 324/422 language_model.model.layers.17.mlp.down_proj
[official-awq] 325/422 language_model.model.layers.18.self_attn.q_proj
[official-awq] 326/422 language_model.model.layers.18.self_attn.k_proj
[official-awq] 327/422 language_model.model.layers.18.self_attn.v_proj
[official-awq] 328/422 language_model.model.layers.18.self_attn.o_proj
[official-awq] 329/422 language_model.model.layers.18.mlp.gate_proj
[official-awq] 330/422 language_model.model.layers.18.mlp.up_proj
[official-awq] 331/422 language_model.model.layers.18.mlp.down_proj
[official-awq] 332/422 language_model.model.layers.19.self_attn.q_proj
[official-awq] 333/422 language_model.model.layers.19.self_attn.k_proj
[official-awq] 334/422 language_model.model.layers.19.self_attn.v_proj
[official-awq] 335/422 language_model.model.layers.19.self_attn.o_proj
[official-awq] 336/422 language_model.model.layers.19.mlp.gate_proj
[official-awq] 337/422 language_model.model.layers.19.mlp.up_proj
[official-awq] 338/422 language_model.model.layers.19.mlp.down_proj
[official-awq] 339/422 language_model.model.layers.20.self_attn.q_proj
[official-awq] 340/422 language_model.model.layers.20.self_attn.k_proj
[official-awq] 341/422 language_model.model.layers.20.self_attn.v_proj
[official-awq] 342/422 language_model.model.layers.20.self_attn.o_proj
[official-awq] 343/422 language_model.model.layers.20.mlp.gate_proj
[official-awq] 344/422 language_model.model.layers.20.mlp.up_proj
[official-awq] 345/422 language_model.model.layers.20.mlp.down_proj
[official-awq] 346/422 language_model.model.layers.21.self_attn.q_proj
[official-awq] 347/422 language_model.model.layers.21.self_attn.k_proj
[official-awq] 348/422 language_model.model.layers.21.self_attn.v_proj
[official-awq] 349/422 language_model.model.layers.21.self_attn.o_proj
<frozen importlib._bootstrap>:283: DeprecationWarning: the load_module() method is deprecated and slated for removal in Python 3.12; use exec_module() instead
[official-awq] 350/422 language_model.model.layers.21.mlp.gate_proj
[official-awq] 351/422 language_model.model.layers.21.mlp.up_proj
[official-awq] 352/422 language_model.model.layers.21.mlp.down_proj
[official-awq] 353/422 language_model.model.layers.22.self_attn.q_proj
[official-awq] 354/422 language_model.model.layers.22.self_attn.k_proj
[official-awq] 355/422 language_model.model.layers.22.self_attn.v_proj
[official-awq] 356/422 language_model.model.layers.22.self_attn.o_proj
[official-awq] 357/422 language_model.model.layers.22.mlp.gate_proj
[official-awq] 358/422 language_model.model.layers.22.mlp.up_proj
[official-awq] 359/422 language_model.model.layers.22.mlp.down_proj
[official-awq] 360/422 language_model.model.layers.23.self_attn.q_proj
[official-awq] 361/422 language_model.model.layers.23.self_attn.k_proj
[official-awq] 362/422 language_model.model.layers.23.self_attn.v_proj
[official-awq] 363/422 language_model.model.layers.23.self_attn.o_proj
[official-awq] 364/422 language_model.model.layers.23.mlp.gate_proj
[official-awq] 365/422 language_model.model.layers.23.mlp.up_proj
[official-awq] 366/422 language_model.model.layers.23.mlp.down_proj
[official-awq] 367/422 language_model.model.layers.24.self_attn.q_proj
[official-awq] 368/422 language_model.model.layers.24.self_attn.k_proj
[official-awq] 369/422 language_model.model.layers.24.self_attn.v_proj
[official-awq] 370/422 language_model.model.layers.24.self_attn.o_proj
[official-awq] 371/422 language_model.model.layers.24.mlp.gate_proj
[official-awq] 372/422 language_model.model.layers.24.mlp.up_proj
[official-awq] 373/422 language_model.model.layers.24.mlp.down_proj
[official-awq] 374/422 language_model.model.layers.25.self_attn.q_proj
[official-awq] 375/422 language_model.model.layers.25.self_attn.k_proj
[official-awq] 376/422 language_model.model.layers.25.self_attn.v_proj
[official-awq] 377/422 language_model.model.layers.25.self_attn.o_proj
[official-awq] 378/422 language_model.model.layers.25.mlp.gate_proj
[official-awq] 379/422 language_model.model.layers.25.mlp.up_proj
[official-awq] 380/422 language_model.model.layers.25.mlp.down_proj
[official-awq] 381/422 language_model.model.layers.26.self_attn.q_proj
[official-awq] 382/422 language_model.model.layers.26.self_attn.k_proj
[official-awq] 383/422 language_model.model.layers.26.self_attn.v_proj
[official-awq] 384/422 language_model.model.layers.26.self_attn.o_proj
[official-awq] 385/422 language_model.model.layers.26.mlp.gate_proj
[official-awq] 386/422 language_model.model.layers.26.mlp.up_proj
[official-awq] 387/422 language_model.model.layers.26.mlp.down_proj
[official-awq] 388/422 language_model.model.layers.27.self_attn.q_proj
[official-awq] 389/422 language_model.model.layers.27.self_attn.k_proj
[official-awq] 390/422 language_model.model.layers.27.self_attn.v_proj
[official-awq] 391/422 language_model.model.layers.27.self_attn.o_proj
[official-awq] 392/422 language_model.model.layers.27.mlp.gate_proj
[official-awq] 393/422 language_model.model.layers.27.mlp.up_proj
[official-awq] 394/422 language_model.model.layers.27.mlp.down_proj
[official-awq] 395/422 language_model.model.layers.28.self_attn.q_proj
[official-awq] 396/422 language_model.model.layers.28.self_attn.k_proj
[official-awq] 397/422 language_model.model.layers.28.self_attn.v_proj
[official-awq] 398/422 language_model.model.layers.28.self_attn.o_proj
[official-awq] 399/422 language_model.model.layers.28.mlp.gate_proj
[official-awq] 400/422 language_model.model.layers.28.mlp.up_proj
[official-awq] 401/422 language_model.model.layers.28.mlp.down_proj
[official-awq] 402/422 language_model.model.layers.29.self_attn.q_proj
[official-awq] 403/422 language_model.model.layers.29.self_attn.k_proj
[official-awq] 404/422 language_model.model.layers.29.self_attn.v_proj
[official-awq] 405/422 language_model.model.layers.29.self_attn.o_proj
[official-awq] 406/422 language_model.model.layers.29.mlp.gate_proj
[official-awq] 407/422 language_model.model.layers.29.mlp.up_proj
[official-awq] 408/422 language_model.model.layers.29.mlp.down_proj
[official-awq] 409/422 language_model.model.layers.30.self_attn.q_proj
[official-awq] 410/422 language_model.model.layers.30.self_attn.k_proj
[official-awq] 411/422 language_model.model.layers.30.self_attn.v_proj
[official-awq] 412/422 language_model.model.layers.30.self_attn.o_proj
[official-awq] 413/422 language_model.model.layers.30.mlp.gate_proj
[official-awq] 414/422 language_model.model.layers.30.mlp.up_proj
[official-awq] 415/422 language_model.model.layers.30.mlp.down_proj
[official-awq] 416/422 language_model.model.layers.31.self_attn.q_proj
[official-awq] 417/422 language_model.model.layers.31.self_attn.k_proj
[official-awq] 418/422 language_model.model.layers.31.self_attn.v_proj
[official-awq] 419/422 language_model.model.layers.31.self_attn.o_proj
[official-awq] 420/422 language_model.model.layers.31.mlp.gate_proj
[official-awq] 421/422 language_model.model.layers.31.mlp.up_proj
[official-awq] 422/422 language_model.model.layers.31.mlp.down_proj
[official-quant] method=awq weight_bits=4 activation_bits=16 profile_targets=422 scope=all
[official-quant] BF16 exclusions=projector,proprio_projector,action_head,embeddings,norms
[official-quant] candidate={"applied_target_bits": {"4": 422}, "applied_targets": 422, "name": "profile", "profiles": [{"path": "/root/autodl-tmp/qvla-repro/artifacts/awq-spatial-20260912-163735-1136/profiles/w4.pt", "sha256": "ea3faca6130c88bd38fbe20be28eafc742d66605d339f8d9acfedb8da4703ea4"}], "removed_language_clips": 0, "scope": "all", "target_group_counts": {"128": 422}, "w4_layers": ""}
[official-quant] using preloaded model
09/17 [19:18:32] INFO     | >> Logging to local log file: run_libero_eval.py:223
                          /root/autodl-tmp/qvla-repro/eva                       
                          l/awq-baseline-shard-35-44-2026                       
                          0917-190101-10039/w4/EVAL-liber                       
                          o_spatial-openvla-2026_09_17-19                       
                          _18_04.txt                                            
                 INFO     | >> SEED_PROTOCOL {"env_seed": run_libero_eval.py:238
                          0, "model_seed": 0, "protocol":                       
                          "paired",                                             
                          "pythonhashseed_at_launch":                           
                          "0", "runner_sha256":                                 
                          "fe37e8097c286e1946e5194a1f817a                       
                          2b2362d167a6a5a49443c5aa20314d8                       
                          873", "strict": false}                                
[info] using task orders [0, 1, 2, 3, 4, 5, 6, 7, 8, 9]
                 INFO     | >> Task suite: libero_spatial run_libero_eval.py:238
  0%|          | 0/10 [00:00<?, ?it/s]                 INFO     | >> Using default initial      run_libero_eval.py:238
                          states                                                

  0%|          | 0/10 [00:00<?, ?it/s][A09/17 [19:18:35] INFO     | >>                            run_libero_eval.py:238
                          Task: pick up the black bowl                          
                          between the plate and the                             
                          ramekin and place it on the                           
                          plate                                                 
                 INFO     | >> Starting episode 1...      run_libero_eval.py:238
                 INFO     | >> EPISODE_MANIFEST           run_libero_eval.py:238
                          {"env_seed": 652271313,                               
                          "init_state_dtype": "float64",                        
                          "init_state_index": 35,                               
                          "init_state_sha256":                                  
                          "da423a72804324ba67dd5ae2aa9cb7                       
                          e5142796aba92c25c0276ecac12d40f                       
                          41d", "init_state_shape": [92],                       
                          "model_seed": 3388046208,                             
                          "protocol": "paired",                                 
                          "task_id": 0}                                         
huggingface/tokenizers: The current process just got forked, after parallelism has already been used. Disabling parallelism to avoid deadlocks...
To disable this warning, you can either:
	- Avoid using `tokenizers` before the fork if possible
	- Explicitly set the environment variable TOKENIZERS_PARALLELISM=(true | false)
Saved rollout MP4 at path ./rollouts/2026_09_17/2026_09_17-19_18_04--openvla_oft--episode=1--success=True--task=pick_up_the_black_bowl_between_the_plate_and_the_r.mp4
09/17 [19:18:43] INFO     | >> Success: True              run_libero_eval.py:238
                 INFO     | >> # episodes completed so    run_libero_eval.py:238
                          far: 1                                                
                 INFO     | >> # successes: 1 (100.0%)    run_libero_eval.py:238

 10%|█         | 1/10 [00:08<01:13,  8.17s/it][A                 INFO     | >>                            run_libero_eval.py:238
                          Task: pick up the black bowl                          
                          between the plate and the                             
                          ramekin and place it on the                           
                          plate                                                 
                 INFO     | >> Starting episode 2...      run_libero_eval.py:238
                 INFO     | >> EPISODE_MANIFEST           run_libero_eval.py:238
                          {"env_seed": 726642919,                               
                          "init_state_dtype": "float64",                        
                          "init_state_index": 36,                               
                          "init_state_sha256":                                  
                          "fe0d28c5f781190e1a52e36fa525ac                       
                          2eeac39b7ccb9b5baf618c9215bc3e6                       
                          8ed", "init_state_shape": [92],                       
                          "model_seed": 3906460454,                             
                          "protocol": "paired",                                 
                          "task_id": 0}                                         
huggingface/tokenizers: The current process just got forked, after parallelism has already been used. Disabling parallelism to avoid deadlocks...
To disable this warning, you can either:
	- Avoid using `tokenizers` before the fork if possible
	- Explicitly set the environment variable TOKENIZERS_PARALLELISM=(true | false)
Saved rollout MP4 at path ./rollouts/2026_09_17/2026_09_17-19_18_04--openvla_oft--episode=2--success=True--task=pick_up_the_black_bowl_between_the_plate_and_the_r.mp4
09/17 [19:18:50] INFO     | >> Success: True              run_libero_eval.py:238
                 INFO     | >> # episodes completed so    run_libero_eval.py:238
                          far: 2                                                
                 INFO     | >> # successes: 2 (100.0%)    run_libero_eval.py:238

 20%|██        | 2/10 [00:15<01:01,  7.73s/it][A                 INFO     | >>                            run_libero_eval.py:238
                          Task: pick up the black bowl                          
                          between the plate and the                             
                          ramekin and place it on the                           
                          plate                                                 
                 INFO     | >> Starting episode 3...      run_libero_eval.py:238
                 INFO     | >> EPISODE_MANIFEST           run_libero_eval.py:238
                          {"env_seed": 1727413167,                              
                          "init_state_dtype": "float64",                        
                          "init_state_index": 37,                               
                          "init_state_sha256":                                  
                          "8592d46aef5af2e7a2b3b3eefa2116                       
                          104f427465cf06e6408a4f0b61392ea                       
                          283", "init_state_shape": [92],                       
                          "model_seed": 3989587465,                             
                          "protocol": "paired",                                 
                          "task_id": 0}                                         
huggingface/tokenizers: The current process just got forked, after parallelism has already been used. Disabling parallelism to avoid deadlocks...
To disable this warning, you can either:
	- Avoid using `tokenizers` before the fork if possible
	- Explicitly set the environment variable TOKENIZERS_PARALLELISM=(true | false)
Saved rollout MP4 at path ./rollouts/2026_09_17/2026_09_17-19_18_04--openvla_oft--episode=3--success=True--task=pick_up_the_black_bowl_between_the_plate_and_the_r.mp4
09/17 [19:18:58] INFO     | >> Success: True              run_libero_eval.py:238
                 INFO     | >> # episodes completed so    run_libero_eval.py:238
                          far: 3                                                
                 INFO     | >> # successes: 3 (100.0%)    run_libero_eval.py:238

 30%|███       | 3/10 [00:22<00:52,  7.55s/it][A                 INFO     | >>                            run_libero_eval.py:238
                          Task: pick up the black bowl                          
                          between the plate and the                             
                          ramekin and place it on the                           
                          plate                                                 
                 INFO     | >> Starting episode 4...      run_libero_eval.py:238
                 INFO     | >> EPISODE_MANIFEST           run_libero_eval.py:238
                          {"env_seed": 360984327,                               
                          "init_state_dtype": "float64",                        
                          "init_state_index": 38,                               
                          "init_state_sha256":                                  
                          "b9b135d04e69e25d777b4b97c5adc7                       
                          68214d09d4c7752f86468896170603f                       
                          859", "init_state_shape": [92],                       
                          "model_seed": 1388213477,                             
                          "protocol": "paired",                                 
                          "task_id": 0}                                         
huggingface/tokenizers: The current process just got forked, after parallelism has already been used. Disabling parallelism to avoid deadlocks...
To disable this warning, you can either:
	- Avoid using `tokenizers` before the fork if possible
	- Explicitly set the environment variable TOKENIZERS_PARALLELISM=(true | false)
Saved rollout MP4 at path ./rollouts/2026_09_17/2026_09_17-19_18_04--openvla_oft--episode=4--success=True--task=pick_up_the_black_bowl_between_the_plate_and_the_r.mp4
09/17 [19:19:05] INFO     | >> Success: True              run_libero_eval.py:238
                 INFO     | >> # episodes completed so    run_libero_eval.py:238
                          far: 4                                                
                 INFO     | >> # successes: 4 (100.0%)    run_libero_eval.py:238

 40%|████      | 4/10 [00:30<00:44,  7.48s/it][A                 INFO     | >>                            run_libero_eval.py:238
                          Task: pick up the black bowl                          
                          between the plate and the                             
                          ramekin and place it on the                           
                          plate                                                 
                 INFO     | >> Starting episode 5...      run_libero_eval.py:238
                 INFO     | >> EPISODE_MANIFEST           run_libero_eval.py:238
                          {"env_seed": 667970749,                               
                          "init_state_dtype": "float64",                        
                          "init_state_index": 39,                               
                          "init_state_sha256":                                  
                          "efff0c45548163d49a2f35590a4a24                       
                          d26115f4dd8a76ba412dc8e60ba738c                       
                          e7a", "init_state_shape": [92],                       
                          "model_seed": 1547667213,                             
                          "protocol": "paired",                                 
                          "task_id": 0}                                         
huggingface/tokenizers: The current process just got forked, after parallelism has already been used. Disabling parallelism to avoid deadlocks...
To disable this warning, you can either:
	- Avoid using `tokenizers` before the fork if possible
	- Explicitly set the environment variable TOKENIZERS_PARALLELISM=(true | false)
Saved rollout MP4 at path ./rollouts/2026_09_17/2026_09_17-19_18_04--openvla_oft--episode=5--success=True--task=pick_up_the_black_bowl_between_the_plate_and_the_r.mp4
09/17 [19:19:12] INFO     | >> Success: True              run_libero_eval.py:238
                 INFO     | >> # episodes completed so    run_libero_eval.py:238
                          far: 5                                                
                 INFO     | >> # successes: 5 (100.0%)    run_libero_eval.py:238

 50%|█████     | 5/10 [00:37<00:36,  7.36s/it][A                 INFO     | >>                            run_libero_eval.py:238
                          Task: pick up the black bowl                          
                          between the plate and the                             
                          ramekin and place it on the                           
                          plate                                                 
                 INFO     | >> Starting episode 6...      run_libero_eval.py:238
                 INFO     | >> EPISODE_MANIFEST           run_libero_eval.py:238
                          {"env_seed": 2548554968,                              
                          "init_state_dtype": "float64",                        
                          "init_state_index": 40,                               
                          "init_state_sha256":                                  
                          "bc6923b7fe71c729548dee27861427                       
                          01ea693c2393518b193fe72736fe21e                       
                          3ad", "init_state_shape": [92],                       
                          "model_seed": 2394677759,                             
                          "protocol": "paired",                                 
                          "task_id": 0}                                         
huggingface/tokenizers: The current process just got forked, after parallelism has already been used. Disabling parallelism to avoid deadlocks...
To disable this warning, you can either:
	- Avoid using `tokenizers` before the fork if possible
	- Explicitly set the environment variable TOKENIZERS_PARALLELISM=(true | false)
Saved rollout MP4 at path ./rollouts/2026_09_17/2026_09_17-19_18_04--openvla_oft--episode=6--success=True--task=pick_up_the_black_bowl_between_the_plate_and_the_r.mp4
09/17 [19:19:20] INFO     | >> Success: True              run_libero_eval.py:238
                 INFO     | >> # episodes completed so    run_libero_eval.py:238
                          far: 6                                                
                 INFO     | >> # successes: 6 (100.0%)    run_libero_eval.py:238

 60%|██████    | 6/10 [00:44<00:29,  7.36s/it][A                 INFO     | >>                            run_libero_eval.py:238
                          Task: pick up the black bowl                          
                          between the plate and the                             
                          ramekin and place it on the                           
                          plate                                                 
                 INFO     | >> Starting episode 7...      run_libero_eval.py:238
                 INFO     | >> EPISODE_MANIFEST           run_libero_eval.py:238
                          {"env_seed": 229560242,                               
                          "init_state_dtype": "float64",                        
                          "init_state_index": 41,                               
                          "init_state_sha256":                                  
                          "cbb7e020f73c995a89981cf99c92ca                       
                          59344493183d4ffe6ee75840444eeff                       
                          19f", "init_state_shape": [92],                       
                          "model_seed": 4246475949,                             
                          "protocol": "paired",                                 
                          "task_id": 0}                                         
huggingface/tokenizers: The current process just got forked, after parallelism has already been used. Disabling parallelism to avoid deadlocks...
To disable this warning, you can either:
	- Avoid using `tokenizers` before the fork if possible
	- Explicitly set the environment variable TOKENIZERS_PARALLELISM=(true | false)
Saved rollout MP4 at path ./rollouts/2026_09_17/2026_09_17-19_18_04--openvla_oft--episode=7--success=True--task=pick_up_the_black_bowl_between_the_plate_and_the_r.mp4
09/17 [19:19:27] INFO     | >> Success: True              run_libero_eval.py:238
                 INFO     | >> # episodes completed so    run_libero_eval.py:238
                          far: 7                                                
                 INFO     | >> # successes: 7 (100.0%)    run_libero_eval.py:238

 70%|███████   | 7/10 [00:52<00:22,  7.38s/it][A                 INFO     | >>                            run_libero_eval.py:238
                          Task: pick up the black bowl                          
                          between the plate and the                             
                          ramekin and place it on the                           
                          plate                                                 
                 INFO     | >> Starting episode 8...      run_libero_eval.py:238
                 INFO     | >> EPISODE_MANIFEST           run_libero_eval.py:238
                          {"env_seed": 3441278823,                              
                          "init_state_dtype": "float64",                        
                          "init_state_index": 42,                               
                          "init_state_sha256":                                  
                          "82a2bae1656cc86cddc631b84746c5                       
                          baa9eac8d87f1168ed5b813ccbbb7b8                       
                          605", "init_state_shape": [92],                       
                          "model_seed": 1322631691,                             
                          "protocol": "paired",                                 
                          "task_id": 0}                                         
huggingface/tokenizers: The current process just got forked, after parallelism has already been used. Disabling parallelism to avoid deadlocks...
To disable this warning, you can either:
	- Avoid using `tokenizers` before the fork if possible
	- Explicitly set the environment variable TOKENIZERS_PARALLELISM=(true | false)
Saved rollout MP4 at path ./rollouts/2026_09_17/2026_09_17-19_18_04--openvla_oft--episode=8--success=True--task=pick_up_the_black_bowl_between_the_plate_and_the_r.mp4
09/17 [19:19:35] INFO     | >> Success: True              run_libero_eval.py:238
                 INFO     | >> # episodes completed so    run_libero_eval.py:238
                          far: 8                                                
                 INFO     | >> # successes: 8 (100.0%)    run_libero_eval.py:238

 80%|████████  | 8/10 [00:59<00:14,  7.49s/it][A                 INFO     | >>                            run_libero_eval.py:238
                          Task: pick up the black bowl                          
                          between the plate and the                             
                          ramekin and place it on the                           
                          plate                                                 
                 INFO     | >> Starting episode 9...      run_libero_eval.py:238
                 INFO     | >> EPISODE_MANIFEST           run_libero_eval.py:238
                          {"env_seed": 2773030168,                              
                          "init_state_dtype": "float64",                        
                          "init_state_index": 43,                               
                          "init_state_sha256":                                  
                          "73edd1cd3c0667f1be358d67fcdfc4                       
                          b560825472796bf6aee53a762ba26a4                       
                          c66", "init_state_shape": [92],                       
                          "model_seed": 1147093789,                             
                          "protocol": "paired",                                 
                          "task_id": 0}                                         
huggingface/tokenizers: The current process just got forked, after parallelism has already been used. Disabling parallelism to avoid deadlocks...
To disable this warning, you can either:
	- Avoid using `tokenizers` before the fork if possible
	- Explicitly set the environment variable TOKENIZERS_PARALLELISM=(true | false)
Saved rollout MP4 at path ./rollouts/2026_09_17/2026_09_17-19_18_04--openvla_oft--episode=9--success=True--task=pick_up_the_black_bowl_between_the_plate_and_the_r.mp4
09/17 [19:19:42] INFO     | >> Success: True              run_libero_eval.py:238
                 INFO     | >> # episodes completed so    run_libero_eval.py:238
                          far: 9                                                
                 INFO     | >> # successes: 9 (100.0%)    run_libero_eval.py:238

 90%|█████████ | 9/10 [01:07<00:07,  7.43s/it][A                 INFO     | >>                            run_libero_eval.py:238
                          Task: pick up the black bowl                          
                          between the plate and the                             
                          ramekin and place it on the                           
                          plate                                                 
                 INFO     | >> Starting episode 10...     run_libero_eval.py:238
                 INFO     | >> EPISODE_MANIFEST           run_libero_eval.py:238
                          {"env_seed": 599105653,                               
                          "init_state_dtype": "float64",                        
                          "init_state_index": 44,                               
                          "init_state_sha256":                                  
                          "e5e5740072f7787db30d3b6108e23c                       
                          17b2ae6e372c2bd441579d8674e4cc2                       
                          b2a", "init_state_shape": [92],                       
                          "model_seed": 1507175424,                             
                          "protocol": "paired",                                 
                          "task_id": 0}                                         
huggingface/tokenizers: The current process just got forked, after parallelism has already been used. Disabling parallelism to avoid deadlocks...
To disable this warning, you can either:
	- Avoid using `tokenizers` before the fork if possible
	- Explicitly set the environment variable TOKENIZERS_PARALLELISM=(true | false)
Saved rollout MP4 at path ./rollouts/2026_09_17/2026_09_17-19_18_04--openvla_oft--episode=10--success=True--task=pick_up_the_black_bowl_between_the_plate_and_the_r.mp4
09/17 [19:19:49] INFO     | >> Success: True              run_libero_eval.py:238
                 INFO     | >> # episodes completed so    run_libero_eval.py:238
                          far: 10                                               
                 INFO     | >> # successes: 10 (100.0%)   run_libero_eval.py:238

100%|██████████| 10/10 [01:14<00:00,  7.43s/it][A100%|██████████| 10/10 [01:14<00:00,  7.47s/it]
09/17 [19:19:50] INFO     | >> Current task success rate: run_libero_eval.py:238
                          1.0                                                   
                 INFO     | >> Current total success      run_libero_eval.py:238
                          rate: 1.0                                             
 10%|█         | 1/10 [01:18<11:42, 78.09s/it]                 INFO     | >> Using default initial      run_libero_eval.py:238
                          states                                                

  0%|          | 0/10 [00:00<?, ?it/s][A09/17 [19:19:53] INFO     | >>                            run_libero_eval.py:238
                          Task: pick up the black bowl                          
                          next to the ramekin and place                         
                          it on the plate                                       
                 INFO     | >> Starting episode 1...      run_libero_eval.py:238
                 INFO     | >> EPISODE_MANIFEST           run_libero_eval.py:238
                          {"env_seed": 1028728328,                              
                          "init_state_dtype": "float64",                        
                          "init_state_index": 35,                               
                          "init_state_sha256":                                  
                          "70c13ed9b72e4a50a457aa54611443                       
                          5b5a37cf32ed8343de02d45226f5553                       
                          387", "init_state_shape": [92],                       
                          "model_seed": 3208143311,                             
                          "protocol": "paired",                                 
                          "task_id": 1}                                         
huggingface/tokenizers: The current process just got forked, after parallelism has already been used. Disabling parallelism to avoid deadlocks...
To disable this warning, you can either:
	- Avoid using `tokenizers` before the fork if possible
	- Explicitly set the environment variable TOKENIZERS_PARALLELISM=(true | false)
Saved rollout MP4 at path ./rollouts/2026_09_17/2026_09_17-19_18_04--openvla_oft--episode=11--success=True--task=pick_up_the_black_bowl_next_to_the_ramekin_and_pla.mp4
09/17 [19:20:02] INFO     | >> Success: True              run_libero_eval.py:238
                 INFO     | >> # episodes completed so    run_libero_eval.py:238
                          far: 11                                               
                 INFO     | >> # successes: 11 (100.0%)   run_libero_eval.py:238

 10%|█         | 1/10 [00:09<01:23,  9.28s/it][A                 INFO     | >>                            run_libero_eval.py:238
                          Task: pick up the black bowl                          
                          next to the ramekin and place                         
                          it on the plate                                       
                 INFO     | >> Starting episode 2...      run_libero_eval.py:238
                 INFO     | >> EPISODE_MANIFEST           run_libero_eval.py:238
                          {"env_seed": 2923715753,                              
                          "init_state_dtype": "float64",                        
                          "init_state_index": 36,                               
                          "init_state_sha256":                                  
                          "2d46859e597481982403d4c61db844                       
                          c29c05f16c25cb9d79197100b37fb90                       
                          831", "init_state_shape": [92],                       
                          "model_seed": 76383673,                               
                          "protocol": "paired",                                 
                          "task_id": 1}                                         
huggingface/tokenizers: The current process just got forked, after parallelism has already been used. Disabling parallelism to avoid deadlocks...
To disable this warning, you can either:
	- Avoid using `tokenizers` before the fork if possible
	- Explicitly set the environment variable TOKENIZERS_PARALLELISM=(true | false)
Saved rollout MP4 at path ./rollouts/2026_09_17/2026_09_17-19_18_04--openvla_oft--episode=12--success=True--task=pick_up_the_black_bowl_next_to_the_ramekin_and_pla.mp4
09/17 [19:20:12] INFO     | >> Success: True              run_libero_eval.py:238
                 INFO     | >> # episodes completed so    run_libero_eval.py:238
                          far: 12                                               
                 INFO     | >> # successes: 12 (100.0%)   run_libero_eval.py:238

 20%|██        | 2/10 [00:18<01:15,  9.42s/it][A                 INFO     | >>                            run_libero_eval.py:238
                          Task: pick up the black bowl                          
                          next to the ramekin and place                         
                          it on the plate                                       
                 INFO     | >> Starting episode 3...      run_libero_eval.py:238
                 INFO     | >> EPISODE_MANIFEST           run_libero_eval.py:238
                          {"env_seed": 3383354875,                              
                          "init_state_dtype": "float64",                        
                          "init_state_index": 37,                               
                          "init_state_sha256":                                  
                          "f968e145d8a87892b639b752d6d848                       
                          3e6b81e0fe7e110ef823a2432bd8c56                       
                          554", "init_state_shape": [92],                       
                          "model_seed": 620524098,                              
                          "protocol": "paired",                                 
                          "task_id": 1}                                         
huggingface/tokenizers: The current process just got forked, after parallelism has already been used. Disabling parallelism to avoid deadlocks...
To disable this warning, you can either:
	- Avoid using `tokenizers` before the fork if possible
	- Explicitly set the environment variable TOKENIZERS_PARALLELISM=(true | false)
Saved rollout MP4 at path ./rollouts/2026_09_17/2026_09_17-19_18_04--openvla_oft--episode=13--success=True--task=pick_up_the_black_bowl_next_to_the_ramekin_and_pla.mp4
09/17 [19:20:21] INFO     | >> Success: True              run_libero_eval.py:238
                 INFO     | >> # episodes completed so    run_libero_eval.py:238
                          far: 13                                               
                 INFO     | >> # successes: 13 (100.0%)   run_libero_eval.py:238

 30%|███       | 3/10 [00:28<01:06,  9.53s/it][A                 INFO     | >>                            run_libero_eval.py:238
                          Task: pick up the black bowl                          
                          next to the ramekin and place                         
                          it on the plate                                       
                 INFO     | >> Starting episode 4...      run_libero_eval.py:238
                 INFO     | >> EPISODE_MANIFEST           run_libero_eval.py:238
                          {"env_seed": 226304449,                               
                          "init_state_dtype": "float64",                        
                          "init_state_index": 38,                               
                          "init_state_sha256":                                  
                          "6c1c5cde9ed5f8c2af0fa723c42b0e                       
                          a72196d0a9e0bdac692d95f4f1cca81                       
                          4ca", "init_state_shape": [92],                       
                          "model_seed": 240695310,                              
                          "protocol": "paired",                                 
                          "task_id": 1}                                         
huggingface/tokenizers: The current process just got forked, after parallelism has already been used. Disabling parallelism to avoid deadlocks...
To disable this warning, you can either:
	- Avoid using `tokenizers` before the fork if possible
	- Explicitly set the environment variable TOKENIZERS_PARALLELISM=(true | false)
Saved rollout MP4 at path ./rollouts/2026_09_17/2026_09_17-19_18_04--openvla_oft--episode=14--success=True--task=pick_up_the_black_bowl_next_to_the_ramekin_and_pla.mp4
09/17 [19:20:31] INFO     | >> Success: True              run_libero_eval.py:238
                 INFO     | >> # episodes completed so    run_libero_eval.py:238
                          far: 14                                               
                 INFO     | >> # successes: 14 (100.0%)   run_libero_eval.py:238

 40%|████      | 4/10 [00:38<00:57,  9.57s/it][A                 INFO     | >>                            run_libero_eval.py:238
                          Task: pick up the black bowl                          
                          next to the ramekin and place                         
                          it on the plate                                       
                 INFO     | >> Starting episode 5...      run_libero_eval.py:238
                 INFO     | >> EPISODE_MANIFEST           run_libero_eval.py:238
                          {"env_seed": 2099679649,                              
                          "init_state_dtype": "float64",                        
                          "init_state_index": 39,                               
                          "init_state_sha256":                                  
                          "0a95a68f036442d14f81a27c286dce                       
                          0f5a9345a1977f2ad5d225cb1184d26                       
                          411", "init_state_shape": [92],                       
                          "model_seed": 3100577966,                             
                          "protocol": "paired",                                 
                          "task_id": 1}                                         
huggingface/tokenizers: The current process just got forked, after parallelism has already been used. Disabling parallelism to avoid deadlocks...
To disable this warning, you can either:
	- Avoid using `tokenizers` before the fork if possible
	- Explicitly set the environment variable TOKENIZERS_PARALLELISM=(true | false)
Saved rollout MP4 at path ./rollouts/2026_09_17/2026_09_17-19_18_04--openvla_oft--episode=15--success=True--task=pick_up_the_black_bowl_next_to_the_ramekin_and_pla.mp4
09/17 [19:20:40] INFO     | >> Success: True              run_libero_eval.py:238
                 INFO     | >> # episodes completed so    run_libero_eval.py:238
                          far: 15                                               
                 INFO     | >> # successes: 15 (100.0%)   run_libero_eval.py:238

 50%|█████     | 5/10 [00:47<00:46,  9.37s/it][A                 INFO     | >>                            run_libero_eval.py:238
                          Task: pick up the black bowl                          
                          next to the ramekin and place                         
                          it on the plate                                       
                 INFO     | >> Starting episode 6...      run_libero_eval.py:238
                 INFO     | >> EPISODE_MANIFEST           run_libero_eval.py:238
                          {"env_seed": 2806436868,                              
                          "init_state_dtype": "float64",                        
                          "init_state_index": 40,                               
                          "init_state_sha256":                                  
                          "670623563d5211c7992f4e27249a22                       
                          3da74ea355a474318bc68e0781804a2                       
                          43c", "init_state_shape": [92],                       
                          "model_seed": 2127363018,                             
                          "protocol": "paired",                                 
                          "task_id": 1}                                         
huggingface/tokenizers: The current process just got forked, after parallelism has already been used. Disabling parallelism to avoid deadlocks...
To disable this warning, you can either:
	- Avoid using `tokenizers` before the fork if possible
	- Explicitly set the environment variable TOKENIZERS_PARALLELISM=(true | false)
Saved rollout MP4 at path ./rollouts/2026_09_17/2026_09_17-19_18_04--openvla_oft--episode=16--success=True--task=pick_up_the_black_bowl_next_to_the_ramekin_and_pla.mp4
09/17 [19:20:49] INFO     | >> Success: True              run_libero_eval.py:238
                 INFO     | >> # episodes completed so    run_libero_eval.py:238
                          far: 16                                               
                 INFO     | >> # successes: 16 (100.0%)   run_libero_eval.py:238

 60%|██████    | 6/10 [00:55<00:36,  9.19s/it][A                 INFO     | >>                            run_libero_eval.py:238
                          Task: pick up the black bowl                          
                          next to the ramekin and place                         
                          it on the plate                                       
                 INFO     | >> Starting episode 7...      run_libero_eval.py:238
                 INFO     | >> EPISODE_MANIFEST           run_libero_eval.py:238
                          {"env_seed": 4089571247,                              
                          "init_state_dtype": "float64",                        
                          "init_state_index": 41,                               
                          "init_state_sha256":                                  
                          "3f434992f45fc6db5024222cb297fc                       
                          fe4fc616be7e693e2f5874bbc225998                       
                          0f4", "init_state_shape": [92],                       
                          "model_seed": 1408277139,                             
                          "protocol": "paired",                                 
                          "task_id": 1}                                         
huggingface/tokenizers: The current process just got forked, after parallelism has already been used. Disabling parallelism to avoid deadlocks...
To disable this warning, you can either:
	- Avoid using `tokenizers` before the fork if possible
	- Explicitly set the environment variable TOKENIZERS_PARALLELISM=(true | false)
Saved rollout MP4 at path ./rollouts/2026_09_17/2026_09_17-19_18_04--openvla_oft--episode=17--success=True--task=pick_up_the_black_bowl_next_to_the_ramekin_and_pla.mp4
09/17 [19:20:58] INFO     | >> Success: True              run_libero_eval.py:238
                 INFO     | >> # episodes completed so    run_libero_eval.py:238
                          far: 17                                               
                 INFO     | >> # successes: 17 (100.0%)   run_libero_eval.py:238

 70%|███████   | 7/10 [01:04<00:27,  9.08s/it][A                 INFO     | >>                            run_libero_eval.py:238
                          Task: pick up the black bowl                          
                          next to the ramekin and place                         
                          it on the plate                                       
                 INFO     | >> Starting episode 8...      run_libero_eval.py:238
                 INFO     | >> EPISODE_MANIFEST           run_libero_eval.py:238
                          {"env_seed": 982869153,                               
                          "init_state_dtype": "float64",                        
                          "init_state_index": 42,                               
                          "init_state_sha256":                                  
                          "641fa7949fc2b6515971870f3b6143                       
                          fc51ee8028556bc57c69236ed3a7634                       
                          126", "init_state_shape": [92],                       
                          "model_seed": 2474327722,                             
                          "protocol": "paired",                                 
                          "task_id": 1}                                         
huggingface/tokenizers: The current process just got forked, after parallelism has already been used. Disabling parallelism to avoid deadlocks...
To disable this warning, you can either:
	- Avoid using `tokenizers` before the fork if possible
	- Explicitly set the environment variable TOKENIZERS_PARALLELISM=(true | false)
Saved rollout MP4 at path ./rollouts/2026_09_17/2026_09_17-19_18_04--openvla_oft--episode=18--success=True--task=pick_up_the_black_bowl_next_to_the_ramekin_and_pla.mp4
09/17 [19:21:08] INFO     | >> Success: True              run_libero_eval.py:238
                 INFO     | >> # episodes completed so    run_libero_eval.py:238
                          far: 18                                               
                 INFO     | >> # successes: 18 (100.0%)   run_libero_eval.py:238

 80%|████████  | 8/10 [01:15<00:18,  9.44s/it][A                 INFO     | >>                            run_libero_eval.py:238
                          Task: pick up the black bowl                          
                          next to the ramekin and place                         
                          it on the plate                                       
                 INFO     | >> Starting episode 9...      run_libero_eval.py:238
                 INFO     | >> EPISODE_MANIFEST           run_libero_eval.py:238
                          {"env_seed": 2144334309,                              
                          "init_state_dtype": "float64",                        
                          "init_state_index": 43,                               
                          "init_state_sha256":                                  
                          "2fc5db2ab789cc349a32c9c42c0f2e                       
                          a45d3cc27c6019588cadb68ba540ac1                       
                          e0b", "init_state_shape": [92],                       
                          "model_seed": 2114291554,                             
                          "protocol": "paired",                                 
                          "task_id": 1}                                         
huggingface/tokenizers: The current process just got forked, after parallelism has already been used. Disabling parallelism to avoid deadlocks...
To disable this warning, you can either:
	- Avoid using `tokenizers` before the fork if possible
	- Explicitly set the environment variable TOKENIZERS_PARALLELISM=(true | false)
Saved rollout MP4 at path ./rollouts/2026_09_17/2026_09_17-19_18_04--openvla_oft--episode=19--success=True--task=pick_up_the_black_bowl_next_to_the_ramekin_and_pla.mp4
09/17 [19:21:17] INFO     | >> Success: True              run_libero_eval.py:238
                 INFO     | >> # episodes completed so    run_libero_eval.py:238
                          far: 19                                               
                 INFO     | >> # successes: 19 (100.0%)   run_libero_eval.py:238

 90%|█████████ | 9/10 [01:24<00:09,  9.33s/it][A                 INFO     | >>                            run_libero_eval.py:238
                          Task: pick up the black bowl                          
                          next to the ramekin and place                         
                          it on the plate                                       
                 INFO     | >> Starting episode 10...     run_libero_eval.py:238
                 INFO     | >> EPISODE_MANIFEST           run_libero_eval.py:238
                          {"env_seed": 2624970628,                              
                          "init_state_dtype": "float64",                        
                          "init_state_index": 44,                               
                          "init_state_sha256":                                  
                          "5ab6edffd41b7a7e81423febceb824                       
                          9359fa8f4ab3fcda862d11607b13ed0                       
                          700", "init_state_shape": [92],                       
                          "model_seed": 4119263672,                             
                          "protocol": "paired",                                 
                          "task_id": 1}                                         
huggingface/tokenizers: The current process just got forked, after parallelism has already been used. Disabling parallelism to avoid deadlocks...
To disable this warning, you can either:
	- Avoid using `tokenizers` before the fork if possible
	- Explicitly set the environment variable TOKENIZERS_PARALLELISM=(true | false)
Saved rollout MP4 at path ./rollouts/2026_09_17/2026_09_17-19_18_04--openvla_oft--episode=20--success=True--task=pick_up_the_black_bowl_next_to_the_ramekin_and_pla.mp4
09/17 [19:21:26] INFO     | >> Success: True              run_libero_eval.py:238
                 INFO     | >> # episodes completed so    run_libero_eval.py:238
                          far: 20                                               
                 INFO     | >> # successes: 20 (100.0%)   run_libero_eval.py:238

100%|██████████| 10/10 [01:33<00:00,  9.29s/it][A100%|██████████| 10/10 [01:33<00:00,  9.33s/it]
                 INFO     | >> Current task success rate: run_libero_eval.py:238
                          1.0                                                   
                 INFO     | >> Current total success      run_libero_eval.py:238
                          rate: 1.0                                             
 20%|██        | 2/10 [02:54<11:51, 88.98s/it]                 INFO     | >> Using default initial      run_libero_eval.py:238
                          states                                                

  0%|          | 0/10 [00:00<?, ?it/s][A09/17 [19:21:29] INFO     | >>                            run_libero_eval.py:238
                          Task: pick up the black bowl                          
                          from table center and place it                        
                          on the plate                                          
                 INFO     | >> Starting episode 1...      run_libero_eval.py:238
                 INFO     | >> EPISODE_MANIFEST           run_libero_eval.py:238
                          {"env_seed": 860652690,                               
                          "init_state_dtype": "float64",                        
                          "init_state_index": 35,                               
                          "init_state_sha256":                                  
                          "2ada1866e53646f8f275b5a1559704                       
                          d46a2044c63cbd6632d2649341a94ec                       
                          593", "init_state_shape": [92],                       
                          "model_seed": 3078748672,                             
                          "protocol": "paired",                                 
                          "task_id": 2}                                         
huggingface/tokenizers: The current process just got forked, after parallelism has already been used. Disabling parallelism to avoid deadlocks...
To disable this warning, you can either:
	- Avoid using `tokenizers` before the fork if possible
	- Explicitly set the environment variable TOKENIZERS_PARALLELISM=(true | false)
Saved rollout MP4 at path ./rollouts/2026_09_17/2026_09_17-19_18_04--openvla_oft--episode=21--success=True--task=pick_up_the_black_bowl_from_table_center_and_place.mp4
09/17 [19:21:37] INFO     | >> Success: True              run_libero_eval.py:238
                 INFO     | >> # episodes completed so    run_libero_eval.py:238
                          far: 21                                               
                 INFO     | >> # successes: 21 (100.0%)   run_libero_eval.py:238

 10%|█         | 1/10 [00:07<01:11,  7.99s/it][A                 INFO     | >>                            run_libero_eval.py:238
                          Task: pick up the black bowl                          
                          from table center and place it                        
                          on the plate                                          
                 INFO     | >> Starting episode 2...      run_libero_eval.py:238
                 INFO     | >> EPISODE_MANIFEST           run_libero_eval.py:238
                          {"env_seed": 3632069095,                              
                          "init_state_dtype": "float64",                        
                          "init_state_index": 36,                               
                          "init_state_sha256":                                  
                          "2f82f1f21c3698a59e4e57101c16da                       
                          738dc169941e3b9026f0795cb1f1de1                       
                          a90", "init_state_shape": [92],                       
                          "model_seed": 1178715452,                             
                          "protocol": "paired",                                 
                          "task_id": 2}                                         
huggingface/tokenizers: The current process just got forked, after parallelism has already been used. Disabling parallelism to avoid deadlocks...
To disable this warning, you can either:
	- Avoid using `tokenizers` before the fork if possible
	- Explicitly set the environment variable TOKENIZERS_PARALLELISM=(true | false)
Saved rollout MP4 at path ./rollouts/2026_09_17/2026_09_17-19_18_04--openvla_oft--episode=22--success=True--task=pick_up_the_black_bowl_from_table_center_and_place.mp4
09/17 [19:21:46] INFO     | >> Success: True              run_libero_eval.py:238
                 INFO     | >> # episodes completed so    run_libero_eval.py:238
                          far: 22                                               
                 INFO     | >> # successes: 22 (100.0%)   run_libero_eval.py:238

 20%|██        | 2/10 [00:16<01:07,  8.42s/it][A                 INFO     | >>                            run_libero_eval.py:238
                          Task: pick up the black bowl                          
                          from table center and place it                        
                          on the plate                                          
                 INFO     | >> Starting episode 3...      run_libero_eval.py:238
                 INFO     | >> EPISODE_MANIFEST           run_libero_eval.py:238
                          {"env_seed": 698881353,                               
                          "init_state_dtype": "float64",                        
                          "init_state_index": 37,                               
                          "init_state_sha256":                                  
                          "72800350719936fe650c42cd38f541                       
                          5a156b2bedc4903660bf0912d850434                       
                          a61", "init_state_shape": [92],                       
                          "model_seed": 2546164076,                             
                          "protocol": "paired",                                 
                          "task_id": 2}                                         
huggingface/tokenizers: The current process just got forked, after parallelism has already been used. Disabling parallelism to avoid deadlocks...
To disable this warning, you can either:
	- Avoid using `tokenizers` before the fork if possible
	- Explicitly set the environment variable TOKENIZERS_PARALLELISM=(true | false)
Saved rollout MP4 at path ./rollouts/2026_09_17/2026_09_17-19_18_04--openvla_oft--episode=23--success=True--task=pick_up_the_black_bowl_from_table_center_and_place.mp4
09/17 [19:21:55] INFO     | >> Success: True              run_libero_eval.py:238
                 INFO     | >> # episodes completed so    run_libero_eval.py:238
                          far: 23                                               
                 INFO     | >> # successes: 23 (100.0%)   run_libero_eval.py:238

 30%|███       | 3/10 [00:25<00:59,  8.51s/it][A                 INFO     | >>                            run_libero_eval.py:238
                          Task: pick up the black bowl                          
                          from table center and place it                        
                          on the plate                                          
                 INFO     | >> Starting episode 4...      run_libero_eval.py:238
                 INFO     | >> EPISODE_MANIFEST           run_libero_eval.py:238
                          {"env_seed": 1955217777,                              
                          "init_state_dtype": "float64",                        
                          "init_state_index": 38,                               
                          "init_state_sha256":                                  
                          "7954755ba559e17078dbc53baa9ed0                       
                          7f4dda0dd3e75d7278f831ba8f2c6b8                       
                          ac2", "init_state_shape": [92],                       
                          "model_seed": 4037299804,                             
                          "protocol": "paired",                                 
                          "task_id": 2}                                         
huggingface/tokenizers: The current process just got forked, after parallelism has already been used. Disabling parallelism to avoid deadlocks...
To disable this warning, you can either:
	- Avoid using `tokenizers` before the fork if possible
	- Explicitly set the environment variable TOKENIZERS_PARALLELISM=(true | false)
Saved rollout MP4 at path ./rollouts/2026_09_17/2026_09_17-19_18_04--openvla_oft--episode=24--success=True--task=pick_up_the_black_bowl_from_table_center_and_place.mp4
09/17 [19:22:03] INFO     | >> Success: True              run_libero_eval.py:238
                 INFO     | >> # episodes completed so    run_libero_eval.py:238
                          far: 24                                               
                 INFO     | >> # successes: 24 (100.0%)   run_libero_eval.py:238

 40%|████      | 4/10 [00:33<00:50,  8.49s/it][A                 INFO     | >>                            run_libero_eval.py:238
                          Task: pick up the black bowl                          
                          from table center and place it                        
                          on the plate                                          
                 INFO     | >> Starting episode 5...      run_libero_eval.py:238
                 INFO     | >> EPISODE_MANIFEST           run_libero_eval.py:238
                          {"env_seed": 3163046273,                              
                          "init_state_dtype": "float64",                        
                          "init_state_index": 39,                               
                          "init_state_sha256":                                  
                          "43da41f66bda661223e66438d0d71d                       
                          0f450c5058d1f206a7c98f4ad1f0da2                       
                          b15", "init_state_shape": [92],                       
                          "model_seed": 3461130254,                             
                          "protocol": "paired",                                 
                          "task_id": 2}                                         
huggingface/tokenizers: The current process just got forked, after parallelism has already been used. Disabling parallelism to avoid deadlocks...
To disable this warning, you can either:
	- Avoid using `tokenizers` before the fork if possible
	- Explicitly set the environment variable TOKENIZERS_PARALLELISM=(true | false)
Saved rollout MP4 at path ./rollouts/2026_09_17/2026_09_17-19_18_04--openvla_oft--episode=25--success=True--task=pick_up_the_black_bowl_from_table_center_and_place.mp4
09/17 [19:22:11] INFO     | >> Success: True              run_libero_eval.py:238
                 INFO     | >> # episodes completed so    run_libero_eval.py:238
                          far: 25                                               
                 INFO     | >> # successes: 25 (100.0%)   run_libero_eval.py:238

 50%|█████     | 5/10 [00:42<00:42,  8.44s/it][A                 INFO     | >>                            run_libero_eval.py:238
                          Task: pick up the black bowl                          
                          from table center and place it                        
                          on the plate                                          
09/17 [19:22:12] INFO     | >> Starting episode 6...      run_libero_eval.py:238
                 INFO     | >> EPISODE_MANIFEST           run_libero_eval.py:238
                          {"env_seed": 498767105,                               
                          "init_state_dtype": "float64",                        
                          "init_state_index": 40,                               
                          "init_state_sha256":                                  
                          "331aade7c83ff9afadeefe292e6ae5                       
                          024c222c81908b2887fc74d51d40f4b                       
                          147", "init_state_shape": [92],                       
                          "model_seed": 2760126984,                             
                          "protocol": "paired",                                 
                          "task_id": 2}                                         
huggingface/tokenizers: The current process just got forked, after parallelism has already been used. Disabling parallelism to avoid deadlocks...
To disable this warning, you can either:
	- Avoid using `tokenizers` before the fork if possible
	- Explicitly set the environment variable TOKENIZERS_PARALLELISM=(true | false)
Saved rollout MP4 at path ./rollouts/2026_09_17/2026_09_17-19_18_04--openvla_oft--episode=26--success=True--task=pick_up_the_black_bowl_from_table_center_and_place.mp4
09/17 [19:22:21] INFO     | >> Success: True              run_libero_eval.py:238
                 INFO     | >> # episodes completed so    run_libero_eval.py:238
                          far: 26                                               
                 INFO     | >> # successes: 26 (100.0%)   run_libero_eval.py:238

 60%|██████    | 6/10 [00:51<00:34,  8.64s/it][A                 INFO     | >>                            run_libero_eval.py:238
                          Task: pick up the black bowl                          
                          from table center and place it                        
                          on the plate                                          
                 INFO     | >> Starting episode 7...      run_libero_eval.py:238
                 INFO     | >> EPISODE_MANIFEST           run_libero_eval.py:238
                          {"env_seed": 4092670113,                              
                          "init_state_dtype": "float64",                        
                          "init_state_index": 41,                               
                          "init_state_sha256":                                  
                          "42be1ba84bc8aefda6cc515e767d66                       
                          7cb5edc84a3fc1cabc6fc5c16f34452                       
                          802", "init_state_shape": [92],                       
                          "model_seed": 1049218456,                             
                          "protocol": "paired",                                 
                          "task_id": 2}                                         
huggingface/tokenizers: The current process just got forked, after parallelism has already been used. Disabling parallelism to avoid deadlocks...
To disable this warning, you can either:
	- Avoid using `tokenizers` before the fork if possible
	- Explicitly set the environment variable TOKENIZERS_PARALLELISM=(true | false)
Saved rollout MP4 at path ./rollouts/2026_09_17/2026_09_17-19_18_04--openvla_oft--episode=27--success=True--task=pick_up_the_black_bowl_from_table_center_and_place.mp4
09/17 [19:22:29] INFO     | >> Success: True              run_libero_eval.py:238
                 INFO     | >> # episodes completed so    run_libero_eval.py:238
                          far: 27                                               
                 INFO     | >> # successes: 27 (100.0%)   run_libero_eval.py:238

 70%|███████   | 7/10 [00:59<00:25,  8.62s/it][A                 INFO     | >>                            run_libero_eval.py:238
                          Task: pick up the black bowl                          
                          from table center and place it                        
                          on the plate                                          
                 INFO     | >> Starting episode 8...      run_libero_eval.py:238
                 INFO     | >> EPISODE_MANIFEST           run_libero_eval.py:238
                          {"env_seed": 3696263769,                              
                          "init_state_dtype": "float64",                        
                          "init_state_index": 42,                               
                          "init_state_sha256":                                  
                          "e163c8a989a23ad63861f9ce95b7c3                       
                          2daa2dbf6a778c45341b89b8811a8e4                       
                          1d0", "init_state_shape": [92],                       
                          "model_seed": 4070546608,                             
                          "protocol": "paired",                                 
                          "task_id": 2}                                         
huggingface/tokenizers: The current process just got forked, after parallelism has already been used. Disabling parallelism to avoid deadlocks...
To disable this warning, you can either:
	- Avoid using `tokenizers` before the fork if possible
	- Explicitly set the environment variable TOKENIZERS_PARALLELISM=(true | false)
Saved rollout MP4 at path ./rollouts/2026_09_17/2026_09_17-19_18_04--openvla_oft--episode=28--success=True--task=pick_up_the_black_bowl_from_table_center_and_place.mp4
09/17 [19:22:38] INFO     | >> Success: True              run_libero_eval.py:238
                 INFO     | >> # episodes completed so    run_libero_eval.py:238
                          far: 28                                               
                 INFO     | >> # successes: 28 (100.0%)   run_libero_eval.py:238

 80%|████████  | 8/10 [01:08<00:17,  8.64s/it][A                 INFO     | >>                            run_libero_eval.py:238
                          Task: pick up the black bowl                          
                          from table center and place it                        
                          on the plate                                          
                 INFO     | >> Starting episode 9...      run_libero_eval.py:238
                 INFO     | >> EPISODE_MANIFEST           run_libero_eval.py:238
                          {"env_seed": 2706133589,                              
                          "init_state_dtype": "float64",                        
                          "init_state_index": 43,                               
                          "init_state_sha256":                                  
                          "49e8f18c75d2c5a118b7eb1eb8b00d                       
                          65e0c31dca64b66e83ac3a21bf4f32c                       
                          b97", "init_state_shape": [92],                       
                          "model_seed": 1827267706,                             
                          "protocol": "paired",                                 
                          "task_id": 2}                                         
huggingface/tokenizers: The current process just got forked, after parallelism has already been used. Disabling parallelism to avoid deadlocks...
To disable this warning, you can either:
	- Avoid using `tokenizers` before the fork if possible
	- Explicitly set the environment variable TOKENIZERS_PARALLELISM=(true | false)
Saved rollout MP4 at path ./rollouts/2026_09_17/2026_09_17-19_18_04--openvla_oft--episode=29--success=True--task=pick_up_the_black_bowl_from_table_center_and_place.mp4
09/17 [19:22:47] INFO     | >> Success: True              run_libero_eval.py:238
                 INFO     | >> # episodes completed so    run_libero_eval.py:238
                          far: 29                                               
                 INFO     | >> # successes: 29 (100.0%)   run_libero_eval.py:238

 90%|█████████ | 9/10 [01:17<00:08,  8.76s/it][A                 INFO     | >>                            run_libero_eval.py:238
                          Task: pick up the black bowl                          
                          from table center and place it                        
                          on the plate                                          
                 INFO     | >> Starting episode 10...     run_libero_eval.py:238
                 INFO     | >> EPISODE_MANIFEST           run_libero_eval.py:238
                          {"env_seed": 442371259,                               
                          "init_state_dtype": "float64",                        
                          "init_state_index": 44,                               
                          "init_state_sha256":                                  
                          "1a28afe01b6fcc720bb64f8f8632fb                       
                          32b1124d71e4c809ce4ec116ef8e513                       
                          a58", "init_state_shape": [92],                       
                          "model_seed": 2903259647,                             
                          "protocol": "paired",                                 
                          "task_id": 2}                                         
huggingface/tokenizers: The current process just got forked, after parallelism has already been used. Disabling parallelism to avoid deadlocks...
To disable this warning, you can either:
	- Avoid using `tokenizers` before the fork if possible
	- Explicitly set the environment variable TOKENIZERS_PARALLELISM=(true | false)
Saved rollout MP4 at path ./rollouts/2026_09_17/2026_09_17-19_18_04--openvla_oft--episode=30--success=True--task=pick_up_the_black_bowl_from_table_center_and_place.mp4
09/17 [19:22:56] INFO     | >> Success: True              run_libero_eval.py:238
                 INFO     | >> # episodes completed so    run_libero_eval.py:238
                          far: 30                                               
                 INFO     | >> # successes: 30 (100.0%)   run_libero_eval.py:238

100%|██████████| 10/10 [01:26<00:00,  8.74s/it][A100%|██████████| 10/10 [01:26<00:00,  8.62s/it]
                 INFO     | >> Current task success rate: run_libero_eval.py:238
                          1.0                                                   
                 INFO     | >> Current total success      run_libero_eval.py:238
                          rate: 1.0                                             
 30%|███       | 3/10 [04:24<10:24, 89.19s/it]                 INFO     | >> Using default initial      run_libero_eval.py:238
                          states                                                

  0%|          | 0/10 [00:00<?, ?it/s][A09/17 [19:22:59] INFO     | >>                            run_libero_eval.py:238
                          Task: pick up the black bowl on                       
                          the cookie box and place it on                        
                          the plate                                             
                 INFO     | >> Starting episode 1...      run_libero_eval.py:238
                 INFO     | >> EPISODE_MANIFEST           run_libero_eval.py:238
                          {"env_seed": 152544043,                               
                          "init_state_dtype": "float64",                        
                          "init_state_index": 35,                               
                          "init_state_sha256":                                  
                          "f55c5e51f01ca6bf7559c299c7e3fb                       
                          27d3cf29cf399cae771e087cfcaec9b                       
                          a46", "init_state_shape": [92],                       
                          "model_seed": 3733495461,                             
                          "protocol": "paired",                                 
                          "task_id": 3}                                         
huggingface/tokenizers: The current process just got forked, after parallelism has already been used. Disabling parallelism to avoid deadlocks...
To disable this warning, you can either:
	- Avoid using `tokenizers` before the fork if possible
	- Explicitly set the environment variable TOKENIZERS_PARALLELISM=(true | false)
Saved rollout MP4 at path ./rollouts/2026_09_17/2026_09_17-19_18_04--openvla_oft--episode=31--success=True--task=pick_up_the_black_bowl_on_the_cookie_box_and_place.mp4
09/17 [19:23:07] INFO     | >> Success: True              run_libero_eval.py:238
                 INFO     | >> # episodes completed so    run_libero_eval.py:238
                          far: 31                                               
                 INFO     | >> # successes: 31 (100.0%)   run_libero_eval.py:238

 10%|█         | 1/10 [00:08<01:12,  8.05s/it][A                 INFO     | >>                            run_libero_eval.py:238
                          Task: pick up the black bowl on                       
                          the cookie box and place it on                        
                          the plate                                             
                 INFO     | >> Starting episode 2...      run_libero_eval.py:238
                 INFO     | >> EPISODE_MANIFEST           run_libero_eval.py:238
                          {"env_seed": 2398199674,                              
                          "init_state_dtype": "float64",                        
                          "init_state_index": 36,                               
                          "init_state_sha256":                                  
                          "dde1535e84d97fd635b176fe806239                       
                          7324afe0a7990008eadf466459bce4f                       
                          4a4", "init_state_shape": [92],                       
                          "model_seed": 3793126638,                             
                          "protocol": "paired",                                 
                          "task_id": 3}                                         
huggingface/tokenizers: The current process just got forked, after parallelism has already been used. Disabling parallelism to avoid deadlocks...
To disable this warning, you can either:
	- Avoid using `tokenizers` before the fork if possible
	- Explicitly set the environment variable TOKENIZERS_PARALLELISM=(true | false)
Saved rollout MP4 at path ./rollouts/2026_09_17/2026_09_17-19_18_04--openvla_oft--episode=32--success=True--task=pick_up_the_black_bowl_on_the_cookie_box_and_place.mp4
09/17 [19:23:15] INFO     | >> Success: True              run_libero_eval.py:238
                 INFO     | >> # episodes completed so    run_libero_eval.py:238
                          far: 32                                               
                 INFO     | >> # successes: 32 (100.0%)   run_libero_eval.py:238

 20%|██        | 2/10 [00:16<01:05,  8.18s/it][A                 INFO     | >>                            run_libero_eval.py:238
                          Task: pick up the black bowl on                       
                          the cookie box and place it on                        
                          the plate                                             
                 INFO     | >> Starting episode 3...      run_libero_eval.py:238
                 INFO     | >> EPISODE_MANIFEST           run_libero_eval.py:238
                          {"env_seed": 2739358420,                              
                          "init_state_dtype": "float64",                        
                          "init_state_index": 37,                               
                          "init_state_sha256":                                  
                          "f8c0209fed2dc87f2c6546ec96e519                       
                          7747ff61017256b7db4856b91c95566                       
                          5e9", "init_state_shape": [92],                       
                          "model_seed": 2428382250,                             
                          "protocol": "paired",                                 
                          "task_id": 3}                                         
huggingface/tokenizers: The current process just got forked, after parallelism has already been used. Disabling parallelism to avoid deadlocks...
To disable this warning, you can either:
	- Avoid using `tokenizers` before the fork if possible
	- Explicitly set the environment variable TOKENIZERS_PARALLELISM=(true | false)
Saved rollout MP4 at path ./rollouts/2026_09_17/2026_09_17-19_18_04--openvla_oft--episode=33--success=True--task=pick_up_the_black_bowl_on_the_cookie_box_and_place.mp4
09/17 [19:23:23] INFO     | >> Success: True              run_libero_eval.py:238
                 INFO     | >> # episodes completed so    run_libero_eval.py:238
                          far: 33                                               
                 INFO     | >> # successes: 33 (100.0%)   run_libero_eval.py:238

 30%|███       | 3/10 [00:24<00:57,  8.17s/it][A                 INFO     | >>                            run_libero_eval.py:238
                          Task: pick up the black bowl on                       
                          the cookie box and place it on                        
                          the plate                                             
                 INFO     | >> Starting episode 4...      run_libero_eval.py:238
                 INFO     | >> EPISODE_MANIFEST           run_libero_eval.py:238
                          {"env_seed": 1476866025,                              
                          "init_state_dtype": "float64",                        
                          "init_state_index": 38,                               
                          "init_state_sha256":                                  
                          "517a0f9e30018b2db8e22f646bd57c                       
                          793cad27c16014e99d5e607d80936b8                       
                          cc7", "init_state_shape": [92],                       
                          "model_seed": 1273295247,                             
                          "protocol": "paired",                                 
                          "task_id": 3}                                         
huggingface/tokenizers: The current process just got forked, after parallelism has already been used. Disabling parallelism to avoid deadlocks...
To disable this warning, you can either:
	- Avoid using `tokenizers` before the fork if possible
	- Explicitly set the environment variable TOKENIZERS_PARALLELISM=(true | false)
Saved rollout MP4 at path ./rollouts/2026_09_17/2026_09_17-19_18_04--openvla_oft--episode=34--success=True--task=pick_up_the_black_bowl_on_the_cookie_box_and_place.mp4
09/17 [19:23:32] INFO     | >> Success: True              run_libero_eval.py:238
                 INFO     | >> # episodes completed so    run_libero_eval.py:238
                          far: 34                                               
                 INFO     | >> # successes: 34 (100.0%)   run_libero_eval.py:238

 40%|████      | 4/10 [00:32<00:49,  8.25s/it][A                 INFO     | >>                            run_libero_eval.py:238
                          Task: pick up the black bowl on                       
                          the cookie box and place it on                        
                          the plate                                             
                 INFO     | >> Starting episode 5...      run_libero_eval.py:238
                 INFO     | >> EPISODE_MANIFEST           run_libero_eval.py:238
                          {"env_seed": 441971390,                               
                          "init_state_dtype": "float64",                        
                          "init_state_index": 39,                               
                          "init_state_sha256":                                  
                          "ff6b0a3ad81c4e46e134af6492095e                       
                          c05f0570215218f195768ca2640aed1                       
                          f01", "init_state_shape": [92],                       
                          "model_seed": 3459646538,                             
                          "protocol": "paired",                                 
                          "task_id": 3}                                         
huggingface/tokenizers: The current process just got forked, after parallelism has already been used. Disabling parallelism to avoid deadlocks...
To disable this warning, you can either:
	- Avoid using `tokenizers` before the fork if possible
	- Explicitly set the environment variable TOKENIZERS_PARALLELISM=(true | false)
Saved rollout MP4 at path ./rollouts/2026_09_17/2026_09_17-19_18_04--openvla_oft--episode=35--success=True--task=pick_up_the_black_bowl_on_the_cookie_box_and_place.mp4
09/17 [19:23:40] INFO     | >> Success: True              run_libero_eval.py:238
                 INFO     | >> # episodes completed so    run_libero_eval.py:238
                          far: 35                                               
                 INFO     | >> # successes: 35 (100.0%)   run_libero_eval.py:238

 50%|█████     | 5/10 [00:40<00:40,  8.19s/it][A                 INFO     | >>                            run_libero_eval.py:238
                          Task: pick up the black bowl on                       
                          the cookie box and place it on                        
                          the plate                                             
                 INFO     | >> Starting episode 6...      run_libero_eval.py:238
                 INFO     | >> EPISODE_MANIFEST           run_libero_eval.py:238
                          {"env_seed": 1610377573,                              
                          "init_state_dtype": "float64",                        
                          "init_state_index": 40,                               
                          "init_state_sha256":                                  
                          "b3e627d26f03251ec85c9bde01e7c4                       
                          201299ce29398710422b2d590d08b18                       
                          fb4", "init_state_shape": [92],                       
                          "model_seed": 3549543789,                             
                          "protocol": "paired",                                 
                          "task_id": 3}                                         
huggingface/tokenizers: The current process just got forked, after parallelism has already been used. Disabling parallelism to avoid deadlocks...
To disable this warning, you can either:
	- Avoid using `tokenizers` before the fork if possible
	- Explicitly set the environment variable TOKENIZERS_PARALLELISM=(true | false)
Saved rollout MP4 at path ./rollouts/2026_09_17/2026_09_17-19_18_04--openvla_oft--episode=36--success=True--task=pick_up_the_black_bowl_on_the_cookie_box_and_place.mp4
09/17 [19:23:48] INFO     | >> Success: True              run_libero_eval.py:238
                 INFO     | >> # episodes completed so    run_libero_eval.py:238
                          far: 36                                               
                 INFO     | >> # successes: 36 (100.0%)   run_libero_eval.py:238

 60%|██████    | 6/10 [00:48<00:32,  8.15s/it][A                 INFO     | >>                            run_libero_eval.py:238
                          Task: pick up the black bowl on                       
                          the cookie box and place it on                        
                          the plate                                             
                 INFO     | >> Starting episode 7...      run_libero_eval.py:238
                 INFO     | >> EPISODE_MANIFEST           run_libero_eval.py:238
                          {"env_seed": 3210704787,                              
                          "init_state_dtype": "float64",                        
                          "init_state_index": 41,                               
                          "init_state_sha256":                                  
                          "0e02cbdee0437e61c30dc14f1282a7                       
                          9e5654cbc127cc4182f388123cec761                       
                          88f", "init_state_shape": [92],                       
                          "model_seed": 2129717691,                             
                          "protocol": "paired",                                 
                          "task_id": 3}                                         
huggingface/tokenizers: The current process just got forked, after parallelism has already been used. Disabling parallelism to avoid deadlocks...
To disable this warning, you can either:
	- Avoid using `tokenizers` before the fork if possible
	- Explicitly set the environment variable TOKENIZERS_PARALLELISM=(true | false)
Saved rollout MP4 at path ./rollouts/2026_09_17/2026_09_17-19_18_04--openvla_oft--episode=37--success=True--task=pick_up_the_black_bowl_on_the_cookie_box_and_place.mp4
09/17 [19:23:56] INFO     | >> Success: True              run_libero_eval.py:238
                 INFO     | >> # episodes completed so    run_libero_eval.py:238
                          far: 37                                               
                 INFO     | >> # successes: 37 (100.0%)   run_libero_eval.py:238

 70%|███████   | 7/10 [00:56<00:24,  8.08s/it][A                 INFO     | >>                            run_libero_eval.py:238
                          Task: pick up the black bowl on                       
                          the cookie box and place it on                        
                          the plate                                             
                 INFO     | >> Starting episode 8...      run_libero_eval.py:238
                 INFO     | >> EPISODE_MANIFEST           run_libero_eval.py:238
                          {"env_seed": 3865796345,                              
                          "init_state_dtype": "float64",                        
                          "init_state_index": 42,                               
                          "init_state_sha256":                                  
                          "76baab81ad3a52f8f53427b392fe39                       
                          763a7f2b85a9445ea84f30d25affd10                       
                          b86", "init_state_shape": [92],                       
                          "model_seed": 1731147995,                             
                          "protocol": "paired",                                 
                          "task_id": 3}                                         
huggingface/tokenizers: The current process just got forked, after parallelism has already been used. Disabling parallelism to avoid deadlocks...
To disable this warning, you can either:
	- Avoid using `tokenizers` before the fork if possible
	- Explicitly set the environment variable TOKENIZERS_PARALLELISM=(true | false)
Saved rollout MP4 at path ./rollouts/2026_09_17/2026_09_17-19_18_04--openvla_oft--episode=38--success=True--task=pick_up_the_black_bowl_on_the_cookie_box_and_place.mp4
09/17 [19:24:04] INFO     | >> Success: True              run_libero_eval.py:238
                 INFO     | >> # episodes completed so    run_libero_eval.py:238
                          far: 38                                               
                 INFO     | >> # successes: 38 (100.0%)   run_libero_eval.py:238

 80%|████████  | 8/10 [01:04<00:16,  8.07s/it][A                 INFO     | >>                            run_libero_eval.py:238
                          Task: pick up the black bowl on                       
                          the cookie box and place it on                        
                          the plate                                             
                 INFO     | >> Starting episode 9...      run_libero_eval.py:238
                 INFO     | >> EPISODE_MANIFEST           run_libero_eval.py:238
                          {"env_seed": 1568532716,                              
                          "init_state_dtype": "float64",                        
                          "init_state_index": 43,                               
                          "init_state_sha256":                                  
                          "161886d30f365a4e7835f969728471                       
                          83b8566b40bb2dccbab3691ea523177                       
                          23b", "init_state_shape": [92],                       
                          "model_seed": 1108243006,                             
                          "protocol": "paired",                                 
                          "task_id": 3}                                         
huggingface/tokenizers: The current process just got forked, after parallelism has already been used. Disabling parallelism to avoid deadlocks...
To disable this warning, you can either:
	- Avoid using `tokenizers` before the fork if possible
	- Explicitly set the environment variable TOKENIZERS_PARALLELISM=(true | false)
Saved rollout MP4 at path ./rollouts/2026_09_17/2026_09_17-19_18_04--openvla_oft--episode=39--success=True--task=pick_up_the_black_bowl_on_the_cookie_box_and_place.mp4
09/17 [19:24:12] INFO     | >> Success: True              run_libero_eval.py:238
                 INFO     | >> # episodes completed so    run_libero_eval.py:238
                          far: 39                                               
                 INFO     | >> # successes: 39 (100.0%)   run_libero_eval.py:238

 90%|█████████ | 9/10 [01:13<00:08,  8.07s/it][A                 INFO     | >>                            run_libero_eval.py:238
                          Task: pick up the black bowl on                       
                          the cookie box and place it on                        
                          the plate                                             
                 INFO     | >> Starting episode 10...     run_libero_eval.py:238
                 INFO     | >> EPISODE_MANIFEST           run_libero_eval.py:238
                          {"env_seed": 1592047138,                              
                          "init_state_dtype": "float64",                        
                          "init_state_index": 44,                               
                          "init_state_sha256":                                  
                          "1aee406422e3a6836f0fa274fcb72b                       
                          489f2038ee56c0aeb335e88d14fef8d                       
                          6ed", "init_state_shape": [92],                       
                          "model_seed": 3182607692,                             
                          "protocol": "paired",                                 
                          "task_id": 3}                                         
huggingface/tokenizers: The current process just got forked, after parallelism has already been used. Disabling parallelism to avoid deadlocks...
To disable this warning, you can either:
	- Avoid using `tokenizers` before the fork if possible
	- Explicitly set the environment variable TOKENIZERS_PARALLELISM=(true | false)
Saved rollout MP4 at path ./rollouts/2026_09_17/2026_09_17-19_18_04--openvla_oft--episode=40--success=True--task=pick_up_the_black_bowl_on_the_cookie_box_and_place.mp4
09/17 [19:24:20] INFO     | >> Success: True              run_libero_eval.py:238
                 INFO     | >> # episodes completed so    run_libero_eval.py:238
                          far: 40                                               
                 INFO     | >> # successes: 40 (100.0%)   run_libero_eval.py:238

100%|██████████| 10/10 [01:20<00:00,  8.00s/it][A100%|██████████| 10/10 [01:20<00:00,  8.09s/it]
                 INFO     | >> Current task success rate: run_libero_eval.py:238
                          1.0                                                   
                 INFO     | >> Current total success      run_libero_eval.py:238
                          rate: 1.0                                             
 40%|████      | 4/10 [05:48<08:43, 87.21s/it]                 INFO     | >> Using default initial      run_libero_eval.py:238
                          states                                                

  0%|          | 0/10 [00:00<?, ?it/s][A09/17 [19:24:23] INFO     | >>                            run_libero_eval.py:238
                          Task: pick up the black bowl in                       
                          the top drawer of the wooden                          
                          cabinet and place it on the                           
                          plate                                                 
                 INFO     | >> Starting episode 1...      run_libero_eval.py:238
                 INFO     | >> EPISODE_MANIFEST           run_libero_eval.py:238
                          {"env_seed": 940414008,                               
                          "init_state_dtype": "float64",                        
                          "init_state_index": 35,                               
                          "init_state_sha256":                                  
                          "a7238facfdff29124305c5be4b2979                       
                          e0dd56fb53aa7d2a703904a5b2fee96                       
                          01d", "init_state_shape": [92],                       
                          "model_seed": 1692798383,                             
                          "protocol": "paired",                                 
                          "task_id": 4}                                         
huggingface/tokenizers: The current process just got forked, after parallelism has already been used. Disabling parallelism to avoid deadlocks...
To disable this warning, you can either:
	- Avoid using `tokenizers` before the fork if possible
	- Explicitly set the environment variable TOKENIZERS_PARALLELISM=(true | false)
Saved rollout MP4 at path ./rollouts/2026_09_17/2026_09_17-19_18_04--openvla_oft--episode=41--success=True--task=pick_up_the_black_bowl_in_the_top_drawer_of_the_wo.mp4
09/17 [19:24:33] INFO     | >> Success: True              run_libero_eval.py:238
                 INFO     | >> # episodes completed so    run_libero_eval.py:238
                          far: 41                                               
                 INFO     | >> # successes: 41 (100.0%)   run_libero_eval.py:238

 10%|█         | 1/10 [00:10<01:33, 10.36s/it][A                 INFO     | >>                            run_libero_eval.py:238
                          Task: pick up the black bowl in                       
                          the top drawer of the wooden                          
                          cabinet and place it on the                           
                          plate                                                 
                 INFO     | >> Starting episode 2...      run_libero_eval.py:238
                 INFO     | >> EPISODE_MANIFEST           run_libero_eval.py:238
                          {"env_seed": 3979172501,                              
                          "init_state_dtype": "float64",                        
                          "init_state_index": 36,                               
                          "init_state_sha256":                                  
                          "f24cc47b571058e41d5962625453cb                       
                          0033aa041c9597a7355d27771f4bbb8                       
                          5a6", "init_state_shape": [92],                       
                          "model_seed": 1469026486,                             
                          "protocol": "paired",                                 
                          "task_id": 4}                                         
huggingface/tokenizers: The current process just got forked, after parallelism has already been used. Disabling parallelism to avoid deadlocks...
To disable this warning, you can either:
	- Avoid using `tokenizers` before the fork if possible
	- Explicitly set the environment variable TOKENIZERS_PARALLELISM=(true | false)
Saved rollout MP4 at path ./rollouts/2026_09_17/2026_09_17-19_18_04--openvla_oft--episode=42--success=True--task=pick_up_the_black_bowl_in_the_top_drawer_of_the_wo.mp4
09/17 [19:24:44] INFO     | >> Success: True              run_libero_eval.py:238
                 INFO     | >> # episodes completed so    run_libero_eval.py:238
                          far: 42                                               
                 INFO     | >> # successes: 42 (100.0%)   run_libero_eval.py:238

 20%|██        | 2/10 [00:21<01:24, 10.56s/it][A                 INFO     | >>                            run_libero_eval.py:238
                          Task: pick up the black bowl in                       
                          the top drawer of the wooden                          
                          cabinet and place it on the                           
                          plate                                                 
                 INFO     | >> Starting episode 3...      run_libero_eval.py:238
                 INFO     | >> EPISODE_MANIFEST           run_libero_eval.py:238
                          {"env_seed": 3129685406,                              
                          "init_state_dtype": "float64",                        
                          "init_state_index": 37,                               
                          "init_state_sha256":                                  
                          "83b3459613e796fdcdce97a98cc904                       
                          636b70e983c367b8f6e9d99880167b6                       
                          003", "init_state_shape": [92],                       
                          "model_seed": 3810316480,                             
                          "protocol": "paired",                                 
                          "task_id": 4}                                         
huggingface/tokenizers: The current process just got forked, after parallelism has already been used. Disabling parallelism to avoid deadlocks...
To disable this warning, you can either:
	- Avoid using `tokenizers` before the fork if possible
	- Explicitly set the environment variable TOKENIZERS_PARALLELISM=(true | false)
Saved rollout MP4 at path ./rollouts/2026_09_17/2026_09_17-19_18_04--openvla_oft--episode=43--success=True--task=pick_up_the_black_bowl_in_the_top_drawer_of_the_wo.mp4
09/17 [19:24:54] INFO     | >> Success: True              run_libero_eval.py:238
                 INFO     | >> # episodes completed so    run_libero_eval.py:238
                          far: 43                                               
                 INFO     | >> # successes: 43 (100.0%)   run_libero_eval.py:238

 30%|███       | 3/10 [00:31<01:13, 10.51s/it][A                 INFO     | >>                            run_libero_eval.py:238
                          Task: pick up the black bowl in                       
                          the top drawer of the wooden                          
                          cabinet and place it on the                           
                          plate                                                 
                 INFO     | >> Starting episode 4...      run_libero_eval.py:238
                 INFO     | >> EPISODE_MANIFEST           run_libero_eval.py:238
                          {"env_seed": 2735609240,                              
                          "init_state_dtype": "float64",                        
                          "init_state_index": 38,                               
                          "init_state_sha256":                                  
                          "5b87f8233f2a90f7df82a59b76388e                       
                          dd8178a139b13e282b695b24e7b1998                       
                          948", "init_state_shape": [92],                       
                          "model_seed": 3798477086,                             
                          "protocol": "paired",                                 
                          "task_id": 4}                                         
huggingface/tokenizers: The current process just got forked, after parallelism has already been used. Disabling parallelism to avoid deadlocks...
To disable this warning, you can either:
	- Avoid using `tokenizers` before the fork if possible
	- Explicitly set the environment variable TOKENIZERS_PARALLELISM=(true | false)
Saved rollout MP4 at path ./rollouts/2026_09_17/2026_09_17-19_18_04--openvla_oft--episode=44--success=True--task=pick_up_the_black_bowl_in_the_top_drawer_of_the_wo.mp4
09/17 [19:25:05] INFO     | >> Success: True              run_libero_eval.py:238
                 INFO     | >> # episodes completed so    run_libero_eval.py:238
                          far: 44                                               
                 INFO     | >> # successes: 44 (100.0%)   run_libero_eval.py:238

 40%|████      | 4/10 [00:42<01:03, 10.51s/it][A                 INFO     | >>                            run_libero_eval.py:238
                          Task: pick up the black bowl in                       
                          the top drawer of the wooden                          
                          cabinet and place it on the                           
                          plate                                                 
                 INFO     | >> Starting episode 5...      run_libero_eval.py:238
                 INFO     | >> EPISODE_MANIFEST           run_libero_eval.py:238
                          {"env_seed": 3161749644,                              
                          "init_state_dtype": "float64",                        
                          "init_state_index": 39,                               
                          "init_state_sha256":                                  
                          "20be1f17ff694fcfdb8308ffd11410                       
                          850a57da98cd59df52ed1f499a94e52                       
                          d56", "init_state_shape": [92],                       
                          "model_seed": 2531137840,                             
                          "protocol": "paired",                                 
                          "task_id": 4}                                         
huggingface/tokenizers: The current process just got forked, after parallelism has already been used. Disabling parallelism to avoid deadlocks...
To disable this warning, you can either:
	- Avoid using `tokenizers` before the fork if possible
	- Explicitly set the environment variable TOKENIZERS_PARALLELISM=(true | false)
Saved rollout MP4 at path ./rollouts/2026_09_17/2026_09_17-19_18_04--openvla_oft--episode=45--success=True--task=pick_up_the_black_bowl_in_the_top_drawer_of_the_wo.mp4
09/17 [19:25:16] INFO     | >> Success: True              run_libero_eval.py:238
                 INFO     | >> # episodes completed so    run_libero_eval.py:238
                          far: 45                                               
                 INFO     | >> # successes: 45 (100.0%)   run_libero_eval.py:238

 50%|█████     | 5/10 [00:52<00:53, 10.64s/it][A                 INFO     | >>                            run_libero_eval.py:238
                          Task: pick up the black bowl in                       
                          the top drawer of the wooden                          
                          cabinet and place it on the                           
                          plate                                                 
                 INFO     | >> Starting episode 6...      run_libero_eval.py:238
                 INFO     | >> EPISODE_MANIFEST           run_libero_eval.py:238
                          {"env_seed": 2581674160,                              
                          "init_state_dtype": "float64",                        
                          "init_state_index": 40,                               
                          "init_state_sha256":                                  
                          "493a22fdcd25240861124092d8546a                       
                          d413a25b1ce25ea6fd54ff2a0a84b24                       
                          556", "init_state_shape": [92],                       
                          "model_seed": 1311870730,                             
                          "protocol": "paired",                                 
                          "task_id": 4}                                         
huggingface/tokenizers: The current process just got forked, after parallelism has already been used. Disabling parallelism to avoid deadlocks...
To disable this warning, you can either:
	- Avoid using `tokenizers` before the fork if possible
	- Explicitly set the environment variable TOKENIZERS_PARALLELISM=(true | false)
Saved rollout MP4 at path ./rollouts/2026_09_17/2026_09_17-19_18_04--openvla_oft--episode=46--success=True--task=pick_up_the_black_bowl_in_the_top_drawer_of_the_wo.mp4
09/17 [19:25:26] INFO     | >> Success: True              run_libero_eval.py:238
                 INFO     | >> # episodes completed so    run_libero_eval.py:238
                          far: 46                                               
                 INFO     | >> # successes: 46 (100.0%)   run_libero_eval.py:238

 60%|██████    | 6/10 [01:03<00:41, 10.47s/it][A                 INFO     | >>                            run_libero_eval.py:238
                          Task: pick up the black bowl in                       
                          the top drawer of the wooden                          
                          cabinet and place it on the                           
                          plate                                                 
                 INFO     | >> Starting episode 7...      run_libero_eval.py:238
                 INFO     | >> EPISODE_MANIFEST           run_libero_eval.py:238
                          {"env_seed": 4054696833,                              
                          "init_state_dtype": "float64",                        
                          "init_state_index": 41,                               
                          "init_state_sha256":                                  
                          "9c50f85d3dad92653245505cf96599                       
                          2593d2ee45b897c2ed812c1f8085780                       
                          3bf", "init_state_shape": [92],                       
                          "model_seed": 51635521,                               
                          "protocol": "paired",                                 
                          "task_id": 4}                                         
huggingface/tokenizers: The current process just got forked, after parallelism has already been used. Disabling parallelism to avoid deadlocks...
To disable this warning, you can either:
	- Avoid using `tokenizers` before the fork if possible
	- Explicitly set the environment variable TOKENIZERS_PARALLELISM=(true | false)
Saved rollout MP4 at path ./rollouts/2026_09_17/2026_09_17-19_18_04--openvla_oft--episode=47--success=True--task=pick_up_the_black_bowl_in_the_top_drawer_of_the_wo.mp4
09/17 [19:25:36] INFO     | >> Success: True              run_libero_eval.py:238
                 INFO     | >> # episodes completed so    run_libero_eval.py:238
                          far: 47                                               
                 INFO     | >> # successes: 47 (100.0%)   run_libero_eval.py:238

 70%|███████   | 7/10 [01:13<00:31, 10.49s/it][A                 INFO     | >>                            run_libero_eval.py:238
                          Task: pick up the black bowl in                       
                          the top drawer of the wooden                          
                          cabinet and place it on the                           
                          plate                                                 
09/17 [19:25:37] INFO     | >> Starting episode 8...      run_libero_eval.py:238
                 INFO     | >> EPISODE_MANIFEST           run_libero_eval.py:238
                          {"env_seed": 3856881508,                              
                          "init_state_dtype": "float64",                        
                          "init_state_index": 42,                               
                          "init_state_sha256":                                  
                          "1c752bed5941b93afcc683be399edd                       
                          da2ce8b861685f6d1d849d680d69dcb                       
                          504", "init_state_shape": [92],                       
                          "model_seed": 1316239793,                             
                          "protocol": "paired",                                 
                          "task_id": 4}                                         
huggingface/tokenizers: The current process just got forked, after parallelism has already been used. Disabling parallelism to avoid deadlocks...
To disable this warning, you can either:
	- Avoid using `tokenizers` before the fork if possible
	- Explicitly set the environment variable TOKENIZERS_PARALLELISM=(true | false)
Saved rollout MP4 at path ./rollouts/2026_09_17/2026_09_17-19_18_04--openvla_oft--episode=48--success=True--task=pick_up_the_black_bowl_in_the_top_drawer_of_the_wo.mp4
09/17 [19:25:46] INFO     | >> Success: True              run_libero_eval.py:238
                 INFO     | >> # episodes completed so    run_libero_eval.py:238
                          far: 48                                               
                 INFO     | >> # successes: 48 (100.0%)   run_libero_eval.py:238

 80%|████████  | 8/10 [01:23<00:20, 10.33s/it][A                 INFO     | >>                            run_libero_eval.py:238
                          Task: pick up the black bowl in                       
                          the top drawer of the wooden                          
                          cabinet and place it on the                           
                          plate                                                 
                 INFO     | >> Starting episode 9...      run_libero_eval.py:238
                 INFO     | >> EPISODE_MANIFEST           run_libero_eval.py:238
                          {"env_seed": 3717373089,                              
                          "init_state_dtype": "float64",                        
                          "init_state_index": 43,                               
                          "init_state_sha256":                                  
                          "7159279671f11c14a72b5b529afdbb                       
                          8858120e0ac786ed2ef6482d697bc7c                       
                          cb5", "init_state_shape": [92],                       
                          "model_seed": 1232941513,                             
                          "protocol": "paired",                                 
                          "task_id": 4}                                         
huggingface/tokenizers: The current process just got forked, after parallelism has already been used. Disabling parallelism to avoid deadlocks...
To disable this warning, you can either:
	- Avoid using `tokenizers` before the fork if possible
	- Explicitly set the environment variable TOKENIZERS_PARALLELISM=(true | false)
Saved rollout MP4 at path ./rollouts/2026_09_17/2026_09_17-19_18_04--openvla_oft--episode=49--success=True--task=pick_up_the_black_bowl_in_the_top_drawer_of_the_wo.mp4
09/17 [19:25:56] INFO     | >> Success: True              run_libero_eval.py:238
                 INFO     | >> # episodes completed so    run_libero_eval.py:238
                          far: 49                                               
                 INFO     | >> # successes: 49 (100.0%)   run_libero_eval.py:238

 90%|█████████ | 9/10 [01:33<00:10, 10.13s/it][A                 INFO     | >>                            run_libero_eval.py:238
                          Task: pick up the black bowl in                       
                          the top drawer of the wooden                          
                          cabinet and place it on the                           
                          plate                                                 
                 INFO     | >> Starting episode 10...     run_libero_eval.py:238
                 INFO     | >> EPISODE_MANIFEST           run_libero_eval.py:238
                          {"env_seed": 3174494066,                              
                          "init_state_dtype": "float64",                        
                          "init_state_index": 44,                               
                          "init_state_sha256":                                  
                          "3216aafae2d386eb58eca97b8b51ad                       
                          5d23c963ba84063ed6c0ba68623987b                       
                          371", "init_state_shape": [92],                       
                          "model_seed": 1081531344,                             
                          "protocol": "paired",                                 
                          "task_id": 4}                                         
huggingface/tokenizers: The current process just got forked, after parallelism has already been used. Disabling parallelism to avoid deadlocks...
To disable this warning, you can either:
	- Avoid using `tokenizers` before the fork if possible
	- Explicitly set the environment variable TOKENIZERS_PARALLELISM=(true | false)
Saved rollout MP4 at path ./rollouts/2026_09_17/2026_09_17-19_18_04--openvla_oft--episode=50--success=True--task=pick_up_the_black_bowl_in_the_top_drawer_of_the_wo.mp4
09/17 [19:26:06] INFO     | >> Success: True              run_libero_eval.py:238
                 INFO     | >> # episodes completed so    run_libero_eval.py:238
                          far: 50                                               
                 INFO     | >> # successes: 50 (100.0%)   run_libero_eval.py:238

100%|██████████| 10/10 [01:43<00:00, 10.11s/it][A100%|██████████| 10/10 [01:43<00:00, 10.33s/it]
                 INFO     | >> Current task success rate: run_libero_eval.py:238
                          1.0                                                   
                 INFO     | >> Current total success      run_libero_eval.py:238
                          rate: 1.0                                             
 50%|█████     | 5/10 [07:34<07:50, 94.18s/it]09/17 [19:26:07] INFO     | >> Using default initial      run_libero_eval.py:238
                          states                                                

  0%|          | 0/10 [00:00<?, ?it/s][A09/17 [19:26:10] INFO     | >>                            run_libero_eval.py:238
                          Task: pick up the black bowl on                       
                          the ramekin and place it on the                       
                          plate                                                 
                 INFO     | >> Starting episode 1...      run_libero_eval.py:238
                 INFO     | >> EPISODE_MANIFEST           run_libero_eval.py:238
                          {"env_seed": 116683084,                               
                          "init_state_dtype": "float64",                        
                          "init_state_index": 35,                               
                          "init_state_sha256":                                  
                          "f70104a9c4cc3671c4d82c9d580aaa                       
                          e2523f99eccd4d2c5a16862d554e5c2                       
                          dc9", "init_state_shape": [92],                       
                          "model_seed": 3006664297,                             
                          "protocol": "paired",                                 
                          "task_id": 5}                                         
huggingface/tokenizers: The current process just got forked, after parallelism has already been used. Disabling parallelism to avoid deadlocks...
To disable this warning, you can either:
	- Avoid using `tokenizers` before the fork if possible
	- Explicitly set the environment variable TOKENIZERS_PARALLELISM=(true | false)
Saved rollout MP4 at path ./rollouts/2026_09_17/2026_09_17-19_18_04--openvla_oft--episode=51--success=True--task=pick_up_the_black_bowl_on_the_ramekin_and_place_it.mp4
09/17 [19:26:18] INFO     | >> Success: True              run_libero_eval.py:238
                 INFO     | >> # episodes completed so    run_libero_eval.py:238
                          far: 51                                               
                 INFO     | >> # successes: 51 (100.0%)   run_libero_eval.py:238

 10%|█         | 1/10 [00:08<01:14,  8.26s/it][A                 INFO     | >>                            run_libero_eval.py:238
                          Task: pick up the black bowl on                       
                          the ramekin and place it on the                       
                          plate                                                 
                 INFO     | >> Starting episode 2...      run_libero_eval.py:238
                 INFO     | >> EPISODE_MANIFEST           run_libero_eval.py:238
                          {"env_seed": 3912320306,                              
                          "init_state_dtype": "float64",                        
                          "init_state_index": 36,                               
                          "init_state_sha256":                                  
                          "6751c83b8ee7c3018d678f8e9f0aa2                       
                          64fc34139441b7a5510d6704e48552e                       
                          9f5", "init_state_shape": [92],                       
                          "model_seed": 2621645383,                             
                          "protocol": "paired",                                 
                          "task_id": 5}                                         
huggingface/tokenizers: The current process just got forked, after parallelism has already been used. Disabling parallelism to avoid deadlocks...
To disable this warning, you can either:
	- Avoid using `tokenizers` before the fork if possible
	- Explicitly set the environment variable TOKENIZERS_PARALLELISM=(true | false)
Saved rollout MP4 at path ./rollouts/2026_09_17/2026_09_17-19_18_04--openvla_oft--episode=52--success=True--task=pick_up_the_black_bowl_on_the_ramekin_and_place_it.mp4
09/17 [19:26:26] INFO     | >> Success: True              run_libero_eval.py:238
                 INFO     | >> # episodes completed so    run_libero_eval.py:238
                          far: 52                                               
                 INFO     | >> # successes: 52 (100.0%)   run_libero_eval.py:238

 20%|██        | 2/10 [00:16<01:05,  8.13s/it][A                 INFO     | >>                            run_libero_eval.py:238
                          Task: pick up the black bowl on                       
                          the ramekin and place it on the                       
                          plate                                                 
                 INFO     | >> Starting episode 3...      run_libero_eval.py:238
                 INFO     | >> EPISODE_MANIFEST           run_libero_eval.py:238
                          {"env_seed": 4138406490,                              
                          "init_state_dtype": "float64",                        
                          "init_state_index": 37,                               
                          "init_state_sha256":                                  
                          "a14d4912b8b4fa61d5e73b2e228355                       
                          6e335f03e7cbb03cad3b54625fc931e                       
                          37a", "init_state_shape": [92],                       
                          "model_seed": 927237764,                              
                          "protocol": "paired",                                 
                          "task_id": 5}                                         
huggingface/tokenizers: The current process just got forked, after parallelism has already been used. Disabling parallelism to avoid deadlocks...
To disable this warning, you can either:
	- Avoid using `tokenizers` before the fork if possible
	- Explicitly set the environment variable TOKENIZERS_PARALLELISM=(true | false)
Saved rollout MP4 at path ./rollouts/2026_09_17/2026_09_17-19_18_04--openvla_oft--episode=53--success=True--task=pick_up_the_black_bowl_on_the_ramekin_and_place_it.mp4
09/17 [19:26:34] INFO     | >> Success: True              run_libero_eval.py:238
                 INFO     | >> # episodes completed so    run_libero_eval.py:238
                          far: 53                                               
                 INFO     | >> # successes: 53 (100.0%)   run_libero_eval.py:238

 30%|███       | 3/10 [00:24<00:58,  8.32s/it][A                 INFO     | >>                            run_libero_eval.py:238
                          Task: pick up the black bowl on                       
                          the ramekin and place it on the                       
                          plate                                                 
                 INFO     | >> Starting episode 4...      run_libero_eval.py:238
                 INFO     | >> EPISODE_MANIFEST           run_libero_eval.py:238
                          {"env_seed": 2329984348,                              
                          "init_state_dtype": "float64",                        
                          "init_state_index": 38,                               
                          "init_state_sha256":                                  
                          "31c8df345a5636602d00e3f3b2c307                       
                          ea7be2b8ef9eccea68336b756349565                       
                          1fb", "init_state_shape": [92],                       
                          "model_seed": 417368793,                              
                          "protocol": "paired",                                 
                          "task_id": 5}                                         
huggingface/tokenizers: The current process just got forked, after parallelism has already been used. Disabling parallelism to avoid deadlocks...
To disable this warning, you can either:
	- Avoid using `tokenizers` before the fork if possible
	- Explicitly set the environment variable TOKENIZERS_PARALLELISM=(true | false)
Saved rollout MP4 at path ./rollouts/2026_09_17/2026_09_17-19_18_04--openvla_oft--episode=54--success=True--task=pick_up_the_black_bowl_on_the_ramekin_and_place_it.mp4
09/17 [19:26:43] INFO     | >> Success: True              run_libero_eval.py:238
                 INFO     | >> # episodes completed so    run_libero_eval.py:238
                          far: 54                                               
                 INFO     | >> # successes: 54 (100.0%)   run_libero_eval.py:238

 40%|████      | 4/10 [00:33<00:49,  8.31s/it][A                 INFO     | >>                            run_libero_eval.py:238
                          Task: pick up the black bowl on                       
                          the ramekin and place it on the                       
                          plate                                                 
                 INFO     | >> Starting episode 5...      run_libero_eval.py:238
                 INFO     | >> EPISODE_MANIFEST           run_libero_eval.py:238
                          {"env_seed": 922974428,                               
                          "init_state_dtype": "float64",                        
                          "init_state_index": 39,                               
                          "init_state_sha256":                                  
                          "887a4032d21b66f49f5b80ec84abfa                       
                          f391ea123f1148bb1cbf585661ac122                       
                          e78", "init_state_shape": [92],                       
                          "model_seed": 3219253959,                             
                          "protocol": "paired",                                 
                          "task_id": 5}                                         
huggingface/tokenizers: The current process just got forked, after parallelism has already been used. Disabling parallelism to avoid deadlocks...
To disable this warning, you can either:
	- Avoid using `tokenizers` before the fork if possible
	- Explicitly set the environment variable TOKENIZERS_PARALLELISM=(true | false)
Saved rollout MP4 at path ./rollouts/2026_09_17/2026_09_17-19_18_04--openvla_oft--episode=55--success=True--task=pick_up_the_black_bowl_on_the_ramekin_and_place_it.mp4
09/17 [19:26:51] INFO     | >> Success: True              run_libero_eval.py:238
                 INFO     | >> # episodes completed so    run_libero_eval.py:238
                          far: 55                                               
                 INFO     | >> # successes: 55 (100.0%)   run_libero_eval.py:238

 50%|█████     | 5/10 [00:41<00:41,  8.25s/it][A                 INFO     | >>                            run_libero_eval.py:238
                          Task: pick up the black bowl on                       
                          the ramekin and place it on the                       
                          plate                                                 
                 INFO     | >> Starting episode 6...      run_libero_eval.py:238
                 INFO     | >> EPISODE_MANIFEST           run_libero_eval.py:238
                          {"env_seed": 3174654996,                              
                          "init_state_dtype": "float64",                        
                          "init_state_index": 40,                               
                          "init_state_sha256":                                  
                          "fce301f2427b1a80b3fa2e9024076a                       
                          be5552eb66a87bb1dd097adfd36f2b7                       
                          383", "init_state_shape": [92],                       
                          "model_seed": 2939071606,                             
                          "protocol": "paired",                                 
                          "task_id": 5}                                         
huggingface/tokenizers: The current process just got forked, after parallelism has already been used. Disabling parallelism to avoid deadlocks...
To disable this warning, you can either:
	- Avoid using `tokenizers` before the fork if possible
	- Explicitly set the environment variable TOKENIZERS_PARALLELISM=(true | false)
Saved rollout MP4 at path ./rollouts/2026_09_17/2026_09_17-19_18_04--openvla_oft--episode=56--success=True--task=pick_up_the_black_bowl_on_the_ramekin_and_place_it.mp4
09/17 [19:27:01] INFO     | >> Success: True              run_libero_eval.py:238
                 INFO     | >> # episodes completed so    run_libero_eval.py:238
                          far: 56                                               
                 INFO     | >> # successes: 56 (100.0%)   run_libero_eval.py:238

 60%|██████    | 6/10 [00:51<00:36,  9.01s/it][A                 INFO     | >>                            run_libero_eval.py:238
                          Task: pick up the black bowl on                       
                          the ramekin and place it on the                       
                          plate                                                 
                 INFO     | >> Starting episode 7...      run_libero_eval.py:238
                 INFO     | >> EPISODE_MANIFEST           run_libero_eval.py:238
                          {"env_seed": 3551813349,                              
                          "init_state_dtype": "float64",                        
                          "init_state_index": 41,                               
                          "init_state_sha256":                                  
                          "00a6f816c49d836808e36e55ba2a81                       
                          999288d8c9dd92542b3712debbf58cf                       
                          465", "init_state_shape": [92],                       
                          "model_seed": 3254826698,                             
                          "protocol": "paired",                                 
                          "task_id": 5}                                         
huggingface/tokenizers: The current process just got forked, after parallelism has already been used. Disabling parallelism to avoid deadlocks...
To disable this warning, you can either:
	- Avoid using `tokenizers` before the fork if possible
	- Explicitly set the environment variable TOKENIZERS_PARALLELISM=(true | false)
Saved rollout MP4 at path ./rollouts/2026_09_17/2026_09_17-19_18_04--openvla_oft--episode=57--success=True--task=pick_up_the_black_bowl_on_the_ramekin_and_place_it.mp4
09/17 [19:27:10] INFO     | >> Success: True              run_libero_eval.py:238
                 INFO     | >> # episodes completed so    run_libero_eval.py:238
                          far: 57                                               
                 INFO     | >> # successes: 57 (100.0%)   run_libero_eval.py:238

 70%|███████   | 7/10 [01:00<00:26,  8.85s/it][A                 INFO     | >>                            run_libero_eval.py:238
                          Task: pick up the black bowl on                       
                          the ramekin and place it on the                       
                          plate                                                 
                 INFO     | >> Starting episode 8...      run_libero_eval.py:238
                 INFO     | >> EPISODE_MANIFEST           run_libero_eval.py:238
                          {"env_seed": 3763543662,                              
                          "init_state_dtype": "float64",                        
                          "init_state_index": 42,                               
                          "init_state_sha256":                                  
                          "3b3246e993c93cdffc20a60bd2d13d                       
                          3adaaf4cd403a61c836b079a556af36                       
                          882", "init_state_shape": [92],                       
                          "model_seed": 1918144846,                             
                          "protocol": "paired",                                 
                          "task_id": 5}                                         
huggingface/tokenizers: The current process just got forked, after parallelism has already been used. Disabling parallelism to avoid deadlocks...
To disable this warning, you can either:
	- Avoid using `tokenizers` before the fork if possible
	- Explicitly set the environment variable TOKENIZERS_PARALLELISM=(true | false)
Saved rollout MP4 at path ./rollouts/2026_09_17/2026_09_17-19_18_04--openvla_oft--episode=58--success=True--task=pick_up_the_black_bowl_on_the_ramekin_and_place_it.mp4
09/17 [19:27:21] INFO     | >> Success: True              run_libero_eval.py:238
                 INFO     | >> # episodes completed so    run_libero_eval.py:238
                          far: 58                                               
                 INFO     | >> # successes: 58 (100.0%)   run_libero_eval.py:238

 80%|████████  | 8/10 [01:11<00:19,  9.60s/it][A                 INFO     | >>                            run_libero_eval.py:238
                          Task: pick up the black bowl on                       
                          the ramekin and place it on the                       
                          plate                                                 
                 INFO     | >> Starting episode 9...      run_libero_eval.py:238
                 INFO     | >> EPISODE_MANIFEST           run_libero_eval.py:238
                          {"env_seed": 2627528898,                              
                          "init_state_dtype": "float64",                        
                          "init_state_index": 43,                               
                          "init_state_sha256":                                  
                          "9333835594cdf874264aba8d7a9d4a                       
                          e9a6844a166484ea16b34112106b86c                       
                          163", "init_state_shape": [92],                       
                          "model_seed": 2484370224,                             
                          "protocol": "paired",                                 
                          "task_id": 5}                                         
huggingface/tokenizers: The current process just got forked, after parallelism has already been used. Disabling parallelism to avoid deadlocks...
To disable this warning, you can either:
	- Avoid using `tokenizers` before the fork if possible
	- Explicitly set the environment variable TOKENIZERS_PARALLELISM=(true | false)
Saved rollout MP4 at path ./rollouts/2026_09_17/2026_09_17-19_18_04--openvla_oft--episode=59--success=True--task=pick_up_the_black_bowl_on_the_ramekin_and_place_it.mp4
09/17 [19:27:30] INFO     | >> Success: True              run_libero_eval.py:238
                 INFO     | >> # episodes completed so    run_libero_eval.py:238
                          far: 59                                               
                 INFO     | >> # successes: 59 (100.0%)   run_libero_eval.py:238

 90%|█████████ | 9/10 [01:20<00:09,  9.33s/it][A                 INFO     | >>                            run_libero_eval.py:238
                          Task: pick up the black bowl on                       
                          the ramekin and place it on the                       
                          plate                                                 
                 INFO     | >> Starting episode 10...     run_libero_eval.py:238
                 INFO     | >> EPISODE_MANIFEST           run_libero_eval.py:238
                          {"env_seed": 752257392,                               
                          "init_state_dtype": "float64",                        
                          "init_state_index": 44,                               
                          "init_state_sha256":                                  
                          "84677af495fb719d06a2d6d3522663                       
                          8c380f8f3f5eb0a1a234763bc991322                       
                          087", "init_state_shape": [92],                       
                          "model_seed": 88714582,                               
                          "protocol": "paired",                                 
                          "task_id": 5}                                         
huggingface/tokenizers: The current process just got forked, after parallelism has already been used. Disabling parallelism to avoid deadlocks...
To disable this warning, you can either:
	- Avoid using `tokenizers` before the fork if possible
	- Explicitly set the environment variable TOKENIZERS_PARALLELISM=(true | false)
Saved rollout MP4 at path ./rollouts/2026_09_17/2026_09_17-19_18_04--openvla_oft--episode=60--success=True--task=pick_up_the_black_bowl_on_the_ramekin_and_place_it.mp4
09/17 [19:27:38] INFO     | >> Success: True              run_libero_eval.py:238
                 INFO     | >> # episodes completed so    run_libero_eval.py:238
                          far: 60                                               
                 INFO     | >> # successes: 60 (100.0%)   run_libero_eval.py:238

100%|██████████| 10/10 [01:28<00:00,  9.10s/it][A100%|██████████| 10/10 [01:28<00:00,  8.88s/it]
                 INFO     | >> Current task success rate: run_libero_eval.py:238
                          1.0                                                   
                 INFO     | >> Current total success      run_libero_eval.py:238
                          rate: 1.0                                             
 60%|██████    | 6/10 [09:06<06:13, 93.47s/it]09/17 [19:27:39] INFO     | >> Using default initial      run_libero_eval.py:238
                          states                                                

  0%|          | 0/10 [00:00<?, ?it/s][A09/17 [19:27:42] INFO     | >>                            run_libero_eval.py:238
                          Task: pick up the black bowl                          
                          next to the cookie box and                            
                          place it on the plate                                 
                 INFO     | >> Starting episode 1...      run_libero_eval.py:238
                 INFO     | >> EPISODE_MANIFEST           run_libero_eval.py:238
                          {"env_seed": 3404837074,                              
                          "init_state_dtype": "float64",                        
                          "init_state_index": 35,                               
                          "init_state_sha256":                                  
                          "0d4bb4a3c1075a5d853390878fbb07                       
                          885c89f2a06277de6bdbf80e8301040                       
                          0d6", "init_state_shape": [92],                       
                          "model_seed": 3358964321,                             
                          "protocol": "paired",                                 
                          "task_id": 6}                                         
huggingface/tokenizers: The current process just got forked, after parallelism has already been used. Disabling parallelism to avoid deadlocks...
To disable this warning, you can either:
	- Avoid using `tokenizers` before the fork if possible
	- Explicitly set the environment variable TOKENIZERS_PARALLELISM=(true | false)
Saved rollout MP4 at path ./rollouts/2026_09_17/2026_09_17-19_18_04--openvla_oft--episode=61--success=True--task=pick_up_the_black_bowl_next_to_the_cookie_box_and_.mp4
09/17 [19:27:51] INFO     | >> Success: True              run_libero_eval.py:238
                 INFO     | >> # episodes completed so    run_libero_eval.py:238
                          far: 61                                               
                 INFO     | >> # successes: 61 (100.0%)   run_libero_eval.py:238

 10%|█         | 1/10 [00:09<01:22,  9.14s/it][A                 INFO     | >>                            run_libero_eval.py:238
                          Task: pick up the black bowl                          
                          next to the cookie box and                            
                          place it on the plate                                 
                 INFO     | >> Starting episode 2...      run_libero_eval.py:238
                 INFO     | >> EPISODE_MANIFEST           run_libero_eval.py:238
                          {"env_seed": 3594643770,                              
                          "init_state_dtype": "float64",                        
                          "init_state_index": 36,                               
                          "init_state_sha256":                                  
                          "c9ac368b6f0df99a323ba4fa26c779                       
                          1a4c5998413f01171c7725f436a6292                       
                          897", "init_state_shape": [92],                       
                          "model_seed": 1263304411,                             
                          "protocol": "paired",                                 
                          "task_id": 6}                                         
huggingface/tokenizers: The current process just got forked, after parallelism has already been used. Disabling parallelism to avoid deadlocks...
To disable this warning, you can either:
	- Avoid using `tokenizers` before the fork if possible
	- Explicitly set the environment variable TOKENIZERS_PARALLELISM=(true | false)
Saved rollout MP4 at path ./rollouts/2026_09_17/2026_09_17-19_18_04--openvla_oft--episode=62--success=True--task=pick_up_the_black_bowl_next_to_the_cookie_box_and_.mp4
09/17 [19:28:00] INFO     | >> Success: True              run_libero_eval.py:238
                 INFO     | >> # episodes completed so    run_libero_eval.py:238
                          far: 62                                               
                 INFO     | >> # successes: 62 (100.0%)   run_libero_eval.py:238

 20%|██        | 2/10 [00:18<01:12,  9.09s/it][A                 INFO     | >>                            run_libero_eval.py:238
                          Task: pick up the black bowl                          
                          next to the cookie box and                            
                          place it on the plate                                 
                 INFO     | >> Starting episode 3...      run_libero_eval.py:238
                 INFO     | >> EPISODE_MANIFEST           run_libero_eval.py:238
                          {"env_seed": 1478289664,                              
                          "init_state_dtype": "float64",                        
                          "init_state_index": 37,                               
                          "init_state_sha256":                                  
                          "3f39880e9a2c7a1fb5ab8c5df91675                       
                          362754b7cdba01380c08b4a0c7020f4                       
                          e67", "init_state_shape": [92],                       
                          "model_seed": 2917433197,                             
                          "protocol": "paired",                                 
                          "task_id": 6}                                         
huggingface/tokenizers: The current process just got forked, after parallelism has already been used. Disabling parallelism to avoid deadlocks...
To disable this warning, you can either:
	- Avoid using `tokenizers` before the fork if possible
	- Explicitly set the environment variable TOKENIZERS_PARALLELISM=(true | false)
Saved rollout MP4 at path ./rollouts/2026_09_17/2026_09_17-19_18_04--openvla_oft--episode=63--success=True--task=pick_up_the_black_bowl_next_to_the_cookie_box_and_.mp4
09/17 [19:28:09] INFO     | >> Success: True              run_libero_eval.py:238
                 INFO     | >> # episodes completed so    run_libero_eval.py:238
                          far: 63                                               
                 INFO     | >> # successes: 63 (100.0%)   run_libero_eval.py:238

 30%|███       | 3/10 [00:27<01:03,  9.07s/it][A                 INFO     | >>                            run_libero_eval.py:238
                          Task: pick up the black bowl                          
                          next to the cookie box and                            
                          place it on the plate                                 
                 INFO     | >> Starting episode 4...      run_libero_eval.py:238
                 INFO     | >> EPISODE_MANIFEST           run_libero_eval.py:238
                          {"env_seed": 3475261711,                              
                          "init_state_dtype": "float64",                        
                          "init_state_index": 38,                               
                          "init_state_sha256":                                  
                          "34b2cae54e001a871920420ba5fc17                       
                          ee9a3752786aead9e1354e0d15e91f8                       
                          720", "init_state_shape": [92],                       
                          "model_seed": 988418538,                              
                          "protocol": "paired",                                 
                          "task_id": 6}                                         
huggingface/tokenizers: The current process just got forked, after parallelism has already been used. Disabling parallelism to avoid deadlocks...
To disable this warning, you can either:
	- Avoid using `tokenizers` before the fork if possible
	- Explicitly set the environment variable TOKENIZERS_PARALLELISM=(true | false)
Saved rollout MP4 at path ./rollouts/2026_09_17/2026_09_17-19_18_04--openvla_oft--episode=64--success=True--task=pick_up_the_black_bowl_next_to_the_cookie_box_and_.mp4
09/17 [19:28:18] INFO     | >> Success: True              run_libero_eval.py:238
                 INFO     | >> # episodes completed so    run_libero_eval.py:238
                          far: 64                                               
                 INFO     | >> # successes: 64 (100.0%)   run_libero_eval.py:238

 40%|████      | 4/10 [00:36<00:54,  9.12s/it][A                 INFO     | >>                            run_libero_eval.py:238
                          Task: pick up the black bowl                          
                          next to the cookie box and                            
                          place it on the plate                                 
                 INFO     | >> Starting episode 5...      run_libero_eval.py:238
                 INFO     | >> EPISODE_MANIFEST           run_libero_eval.py:238
                          {"env_seed": 2122378010,                              
                          "init_state_dtype": "float64",                        
                          "init_state_index": 39,                               
                          "init_state_sha256":                                  
                          "e04805de25e13d5031de0fb8dab722                       
                          9412116df7ecfa8ac5b42fd5b6fa5aa                       
                          7d2", "init_state_shape": [92],                       
                          "model_seed": 2478594168,                             
                          "protocol": "paired",                                 
                          "task_id": 6}                                         
huggingface/tokenizers: The current process just got forked, after parallelism has already been used. Disabling parallelism to avoid deadlocks...
To disable this warning, you can either:
	- Avoid using `tokenizers` before the fork if possible
	- Explicitly set the environment variable TOKENIZERS_PARALLELISM=(true | false)
Saved rollout MP4 at path ./rollouts/2026_09_17/2026_09_17-19_18_04--openvla_oft--episode=65--success=True--task=pick_up_the_black_bowl_next_to_the_cookie_box_and_.mp4
09/17 [19:28:27] INFO     | >> Success: True              run_libero_eval.py:238
                 INFO     | >> # episodes completed so    run_libero_eval.py:238
                          far: 65                                               
09/17 [19:28:28] INFO     | >> # successes: 65 (100.0%)   run_libero_eval.py:238

 50%|█████     | 5/10 [00:45<00:46,  9.21s/it][A                 INFO     | >>                            run_libero_eval.py:238
                          Task: pick up the black bowl                          
                          next to the cookie box and                            
                          place it on the plate                                 
                 INFO     | >> Starting episode 6...      run_libero_eval.py:238
                 INFO     | >> EPISODE_MANIFEST           run_libero_eval.py:238
                          {"env_seed": 2698820280,                              
                          "init_state_dtype": "float64",                        
                          "init_state_index": 40,                               
                          "init_state_sha256":                                  
                          "4d8426e49ec428b97007d3aa28e663                       
                          a133b3596c05bc190aa38f858ff9635                       
                          de3", "init_state_shape": [92],                       
                          "model_seed": 2403982409,                             
                          "protocol": "paired",                                 
                          "task_id": 6}                                         
huggingface/tokenizers: The current process just got forked, after parallelism has already been used. Disabling parallelism to avoid deadlocks...
To disable this warning, you can either:
	- Avoid using `tokenizers` before the fork if possible
	- Explicitly set the environment variable TOKENIZERS_PARALLELISM=(true | false)
Saved rollout MP4 at path ./rollouts/2026_09_17/2026_09_17-19_18_04--openvla_oft--episode=66--success=True--task=pick_up_the_black_bowl_next_to_the_cookie_box_and_.mp4
09/17 [19:28:36] INFO     | >> Success: True              run_libero_eval.py:238
                 INFO     | >> # episodes completed so    run_libero_eval.py:238
                          far: 66                                               
                 INFO     | >> # successes: 66 (100.0%)   run_libero_eval.py:238

 60%|██████    | 6/10 [00:54<00:35,  9.00s/it][A                 INFO     | >>                            run_libero_eval.py:238
                          Task: pick up the black bowl                          
                          next to the cookie box and                            
                          place it on the plate                                 
                 INFO     | >> Starting episode 7...      run_libero_eval.py:238
                 INFO     | >> EPISODE_MANIFEST           run_libero_eval.py:238
                          {"env_seed": 2585947622,                              
                          "init_state_dtype": "float64",                        
                          "init_state_index": 41,                               
                          "init_state_sha256":                                  
                          "c4e1d2d630caf91ed514ed222e2278                       
                          d882b2408a892c1d7ec275246849191                       
                          43e", "init_state_shape": [92],                       
                          "model_seed": 643751680,                              
                          "protocol": "paired",                                 
                          "task_id": 6}                                         
huggingface/tokenizers: The current process just got forked, after parallelism has already been used. Disabling parallelism to avoid deadlocks...
To disable this warning, you can either:
	- Avoid using `tokenizers` before the fork if possible
	- Explicitly set the environment variable TOKENIZERS_PARALLELISM=(true | false)
Saved rollout MP4 at path ./rollouts/2026_09_17/2026_09_17-19_18_04--openvla_oft--episode=67--success=True--task=pick_up_the_black_bowl_next_to_the_cookie_box_and_.mp4
09/17 [19:28:46] INFO     | >> Success: True              run_libero_eval.py:238
                 INFO     | >> # episodes completed so    run_libero_eval.py:238
                          far: 67                                               
                 INFO     | >> # successes: 67 (100.0%)   run_libero_eval.py:238

 70%|███████   | 7/10 [01:03<00:27,  9.14s/it][A                 INFO     | >>                            run_libero_eval.py:238
                          Task: pick up the black bowl                          
                          next to the cookie box and                            
                          place it on the plate                                 
                 INFO     | >> Starting episode 8...      run_libero_eval.py:238
                 INFO     | >> EPISODE_MANIFEST           run_libero_eval.py:238
                          {"env_seed": 4108900448,                              
                          "init_state_dtype": "float64",                        
                          "init_state_index": 42,                               
                          "init_state_sha256":                                  
                          "a29feaeb773e6670acd538d81283f5                       
                          9c64b18aec0ff8188abd9a960e160e5                       
                          46f", "init_state_shape": [92],                       
                          "model_seed": 2078231310,                             
                          "protocol": "paired",                                 
                          "task_id": 6}                                         
huggingface/tokenizers: The current process just got forked, after parallelism has already been used. Disabling parallelism to avoid deadlocks...
To disable this warning, you can either:
	- Avoid using `tokenizers` before the fork if possible
	- Explicitly set the environment variable TOKENIZERS_PARALLELISM=(true | false)
Saved rollout MP4 at path ./rollouts/2026_09_17/2026_09_17-19_18_04--openvla_oft--episode=68--success=True--task=pick_up_the_black_bowl_next_to_the_cookie_box_and_.mp4
09/17 [19:28:55] INFO     | >> Success: True              run_libero_eval.py:238
                 INFO     | >> # episodes completed so    run_libero_eval.py:238
                          far: 68                                               
                 INFO     | >> # successes: 68 (100.0%)   run_libero_eval.py:238

 80%|████████  | 8/10 [01:12<00:18,  9.10s/it][A                 INFO     | >>                            run_libero_eval.py:238
                          Task: pick up the black bowl                          
                          next to the cookie box and                            
                          place it on the plate                                 
                 INFO     | >> Starting episode 9...      run_libero_eval.py:238
                 INFO     | >> EPISODE_MANIFEST           run_libero_eval.py:238
                          {"env_seed": 157503332,                               
                          "init_state_dtype": "float64",                        
                          "init_state_index": 43,                               
                          "init_state_sha256":                                  
                          "784d6b7f4af78c93684ec689685c41                       
                          89cb8524c1dd7187a72d9e1f9d8a95c                       
                          a32", "init_state_shape": [92],                       
                          "model_seed": 1177698361,                             
                          "protocol": "paired",                                 
                          "task_id": 6}                                         
huggingface/tokenizers: The current process just got forked, after parallelism has already been used. Disabling parallelism to avoid deadlocks...
To disable this warning, you can either:
	- Avoid using `tokenizers` before the fork if possible
	- Explicitly set the environment variable TOKENIZERS_PARALLELISM=(true | false)
Saved rollout MP4 at path ./rollouts/2026_09_17/2026_09_17-19_18_04--openvla_oft--episode=69--success=True--task=pick_up_the_black_bowl_next_to_the_cookie_box_and_.mp4
09/17 [19:29:03] INFO     | >> Success: True              run_libero_eval.py:238
                 INFO     | >> # episodes completed so    run_libero_eval.py:238
                          far: 69                                               
                 INFO     | >> # successes: 69 (100.0%)   run_libero_eval.py:238

 90%|█████████ | 9/10 [01:21<00:09,  9.05s/it][A                 INFO     | >>                            run_libero_eval.py:238
                          Task: pick up the black bowl                          
                          next to the cookie box and                            
                          place it on the plate                                 
                 INFO     | >> Starting episode 10...     run_libero_eval.py:238
09/17 [19:29:04] INFO     | >> EPISODE_MANIFEST           run_libero_eval.py:238
                          {"env_seed": 3940448934,                              
                          "init_state_dtype": "float64",                        
                          "init_state_index": 44,                               
                          "init_state_sha256":                                  
                          "7e22fff4325587d5faa4fb37fd0329                       
                          9da778594382f3b45374672645ff0ec                       
                          3a9", "init_state_shape": [92],                       
                          "model_seed": 1358655103,                             
                          "protocol": "paired",                                 
                          "task_id": 6}                                         
huggingface/tokenizers: The current process just got forked, after parallelism has already been used. Disabling parallelism to avoid deadlocks...
To disable this warning, you can either:
	- Avoid using `tokenizers` before the fork if possible
	- Explicitly set the environment variable TOKENIZERS_PARALLELISM=(true | false)
Saved rollout MP4 at path ./rollouts/2026_09_17/2026_09_17-19_18_04--openvla_oft--episode=70--success=True--task=pick_up_the_black_bowl_next_to_the_cookie_box_and_.mp4
09/17 [19:29:12] INFO     | >> Success: True              run_libero_eval.py:238
                 INFO     | >> # episodes completed so    run_libero_eval.py:238
                          far: 70                                               
                 INFO     | >> # successes: 70 (100.0%)   run_libero_eval.py:238

100%|██████████| 10/10 [01:30<00:00,  8.96s/it][A100%|██████████| 10/10 [01:30<00:00,  9.05s/it]
                 INFO     | >> Current task success rate: run_libero_eval.py:238
                          1.0                                                   
                 INFO     | >> Current total success      run_libero_eval.py:238
                          rate: 1.0                                             
 70%|███████   | 7/10 [10:40<04:40, 93.60s/it]09/17 [19:29:13] INFO     | >> Using default initial      run_libero_eval.py:238
                          states                                                

  0%|          | 0/10 [00:00<?, ?it/s][A09/17 [19:29:15] INFO     | >>                            run_libero_eval.py:238
                          Task: pick up the black bowl on                       
                          the stove and place it on the                         
                          plate                                                 
                 INFO     | >> Starting episode 1...      run_libero_eval.py:238
                 INFO     | >> EPISODE_MANIFEST           run_libero_eval.py:238
                          {"env_seed": 2791997501,                              
                          "init_state_dtype": "float64",                        
                          "init_state_index": 35,                               
                          "init_state_sha256":                                  
                          "34aa218b2adf0d8a60e6ebca53ffb5                       
                          97b820c35a576587de2c428123d42e8                       
                          2a3", "init_state_shape": [92],                       
                          "model_seed": 1253233029,                             
                          "protocol": "paired",                                 
                          "task_id": 7}                                         
huggingface/tokenizers: The current process just got forked, after parallelism has already been used. Disabling parallelism to avoid deadlocks...
To disable this warning, you can either:
	- Avoid using `tokenizers` before the fork if possible
	- Explicitly set the environment variable TOKENIZERS_PARALLELISM=(true | false)
Saved rollout MP4 at path ./rollouts/2026_09_17/2026_09_17-19_18_04--openvla_oft--episode=71--success=True--task=pick_up_the_black_bowl_on_the_stove_and_place_it_o.mp4
09/17 [19:29:26] INFO     | >> Success: True              run_libero_eval.py:238
                 INFO     | >> # episodes completed so    run_libero_eval.py:238
                          far: 71                                               
                 INFO     | >> # successes: 71 (100.0%)   run_libero_eval.py:238

 10%|█         | 1/10 [00:10<01:34, 10.55s/it][A                 INFO     | >>                            run_libero_eval.py:238
                          Task: pick up the black bowl on                       
                          the stove and place it on the                         
                          plate                                                 
                 INFO     | >> Starting episode 2...      run_libero_eval.py:238
                 INFO     | >> EPISODE_MANIFEST           run_libero_eval.py:238
                          {"env_seed": 3565711174,                              
                          "init_state_dtype": "float64",                        
                          "init_state_index": 36,                               
                          "init_state_sha256":                                  
                          "fa3ae3e218e050b022bf87a1fecaa1                       
                          d5ac408ac8a8a4180a214e2fe827950                       
                          270", "init_state_shape": [92],                       
                          "model_seed": 2136814328,                             
                          "protocol": "paired",                                 
                          "task_id": 7}                                         
huggingface/tokenizers: The current process just got forked, after parallelism has already been used. Disabling parallelism to avoid deadlocks...
To disable this warning, you can either:
	- Avoid using `tokenizers` before the fork if possible
	- Explicitly set the environment variable TOKENIZERS_PARALLELISM=(true | false)
Saved rollout MP4 at path ./rollouts/2026_09_17/2026_09_17-19_18_04--openvla_oft--episode=72--success=True--task=pick_up_the_black_bowl_on_the_stove_and_place_it_o.mp4
09/17 [19:29:36] INFO     | >> Success: True              run_libero_eval.py:238
                 INFO     | >> # episodes completed so    run_libero_eval.py:238
                          far: 72                                               
                 INFO     | >> # successes: 72 (100.0%)   run_libero_eval.py:238

 20%|██        | 2/10 [00:20<01:20, 10.11s/it][A                 INFO     | >>                            run_libero_eval.py:238
                          Task: pick up the black bowl on                       
                          the stove and place it on the                         
                          plate                                                 
                 INFO     | >> Starting episode 3...      run_libero_eval.py:238
                 INFO     | >> EPISODE_MANIFEST           run_libero_eval.py:238
                          {"env_seed": 2448151958,                              
                          "init_state_dtype": "float64",                        
                          "init_state_index": 37,                               
                          "init_state_sha256":                                  
                          "30df6afe03bc0610bde2e7782f44c5                       
                          4d70f1df2791aa3bd0a50135121a455                       
                          ea3", "init_state_shape": [92],                       
                          "model_seed": 3777427635,                             
                          "protocol": "paired",                                 
                          "task_id": 7}                                         
huggingface/tokenizers: The current process just got forked, after parallelism has already been used. Disabling parallelism to avoid deadlocks...
To disable this warning, you can either:
	- Avoid using `tokenizers` before the fork if possible
	- Explicitly set the environment variable TOKENIZERS_PARALLELISM=(true | false)
Saved rollout MP4 at path ./rollouts/2026_09_17/2026_09_17-19_18_04--openvla_oft--episode=73--success=True--task=pick_up_the_black_bowl_on_the_stove_and_place_it_o.mp4
09/17 [19:29:46] INFO     | >> Success: True              run_libero_eval.py:238
                 INFO     | >> # episodes completed so    run_libero_eval.py:238
                          far: 73                                               
                 INFO     | >> # successes: 73 (100.0%)   run_libero_eval.py:238

 30%|███       | 3/10 [00:30<01:10, 10.13s/it][A                 INFO     | >>                            run_libero_eval.py:238
                          Task: pick up the black bowl on                       
                          the stove and place it on the                         
                          plate                                                 
                 INFO     | >> Starting episode 4...      run_libero_eval.py:238
                 INFO     | >> EPISODE_MANIFEST           run_libero_eval.py:238
                          {"env_seed": 3527935534,                              
                          "init_state_dtype": "float64",                        
                          "init_state_index": 38,                               
                          "init_state_sha256":                                  
                          "a15fdabeda6cc7f3e7e821fa080c81                       
                          7cb7b8cf2c277076647c27833a80e4c                       
                          160", "init_state_shape": [92],                       
                          "model_seed": 2092767160,                             
                          "protocol": "paired",                                 
                          "task_id": 7}                                         
huggingface/tokenizers: The current process just got forked, after parallelism has already been used. Disabling parallelism to avoid deadlocks...
To disable this warning, you can either:
	- Avoid using `tokenizers` before the fork if possible
	- Explicitly set the environment variable TOKENIZERS_PARALLELISM=(true | false)
Saved rollout MP4 at path ./rollouts/2026_09_17/2026_09_17-19_18_04--openvla_oft--episode=74--success=True--task=pick_up_the_black_bowl_on_the_stove_and_place_it_o.mp4
09/17 [19:29:55] INFO     | >> Success: True              run_libero_eval.py:238
                 INFO     | >> # episodes completed so    run_libero_eval.py:238
                          far: 74                                               
                 INFO     | >> # successes: 74 (100.0%)   run_libero_eval.py:238

 40%|████      | 4/10 [00:39<00:59,  9.86s/it][A                 INFO     | >>                            run_libero_eval.py:238
                          Task: pick up the black bowl on                       
                          the stove and place it on the                         
                          plate                                                 
                 INFO     | >> Starting episode 5...      run_libero_eval.py:238
                 INFO     | >> EPISODE_MANIFEST           run_libero_eval.py:238
                          {"env_seed": 2209565770,                              
                          "init_state_dtype": "float64",                        
                          "init_state_index": 39,                               
                          "init_state_sha256":                                  
                          "bb4cfacf5861790ae5fc6adf4e5483                       
                          edafa33d92881121b89a63aacaca15d                       
                          96e", "init_state_shape": [92],                       
                          "model_seed": 1781799578,                             
                          "protocol": "paired",                                 
                          "task_id": 7}                                         
huggingface/tokenizers: The current process just got forked, after parallelism has already been used. Disabling parallelism to avoid deadlocks...
To disable this warning, you can either:
	- Avoid using `tokenizers` before the fork if possible
	- Explicitly set the environment variable TOKENIZERS_PARALLELISM=(true | false)
Saved rollout MP4 at path ./rollouts/2026_09_17/2026_09_17-19_18_04--openvla_oft--episode=75--success=True--task=pick_up_the_black_bowl_on_the_stove_and_place_it_o.mp4
09/17 [19:30:05] INFO     | >> Success: True              run_libero_eval.py:238
                 INFO     | >> # episodes completed so    run_libero_eval.py:238
                          far: 75                                               
                 INFO     | >> # successes: 75 (100.0%)   run_libero_eval.py:238

 50%|█████     | 5/10 [00:49<00:49,  9.84s/it][A                 INFO     | >>                            run_libero_eval.py:238
                          Task: pick up the black bowl on                       
                          the stove and place it on the                         
                          plate                                                 
                 INFO     | >> Starting episode 6...      run_libero_eval.py:238
                 INFO     | >> EPISODE_MANIFEST           run_libero_eval.py:238
                          {"env_seed": 2104521888,                              
                          "init_state_dtype": "float64",                        
                          "init_state_index": 40,                               
                          "init_state_sha256":                                  
                          "0f960fd4067c1a2f83622ba7fc4ef5                       
                          e113a40a1e6efa6ce7cb4fe48bfe0f3                       
                          817", "init_state_shape": [92],                       
                          "model_seed": 3570423750,                             
                          "protocol": "paired",                                 
                          "task_id": 7}                                         
huggingface/tokenizers: The current process just got forked, after parallelism has already been used. Disabling parallelism to avoid deadlocks...
To disable this warning, you can either:
	- Avoid using `tokenizers` before the fork if possible
	- Explicitly set the environment variable TOKENIZERS_PARALLELISM=(true | false)
Saved rollout MP4 at path ./rollouts/2026_09_17/2026_09_17-19_18_04--openvla_oft--episode=76--success=True--task=pick_up_the_black_bowl_on_the_stove_and_place_it_o.mp4
09/17 [19:30:15] INFO     | >> Success: True              run_libero_eval.py:238
                 INFO     | >> # episodes completed so    run_libero_eval.py:238
                          far: 76                                               
                 INFO     | >> # successes: 76 (100.0%)   run_libero_eval.py:238

 60%|██████    | 6/10 [00:59<00:39,  9.77s/it][A                 INFO     | >>                            run_libero_eval.py:238
                          Task: pick up the black bowl on                       
                          the stove and place it on the                         
                          plate                                                 
                 INFO     | >> Starting episode 7...      run_libero_eval.py:238
                 INFO     | >> EPISODE_MANIFEST           run_libero_eval.py:238
                          {"env_seed": 738023324,                               
                          "init_state_dtype": "float64",                        
                          "init_state_index": 41,                               
                          "init_state_sha256":                                  
                          "2e659d845fe172789d7f5203ffc231                       
                          ec5ad87a24d27a566df48530a873a86                       
                          118", "init_state_shape": [92],                       
                          "model_seed": 1198636422,                             
                          "protocol": "paired",                                 
                          "task_id": 7}                                         
huggingface/tokenizers: The current process just got forked, after parallelism has already been used. Disabling parallelism to avoid deadlocks...
To disable this warning, you can either:
	- Avoid using `tokenizers` before the fork if possible
	- Explicitly set the environment variable TOKENIZERS_PARALLELISM=(true | false)
Saved rollout MP4 at path ./rollouts/2026_09_17/2026_09_17-19_18_04--openvla_oft--episode=77--success=True--task=pick_up_the_black_bowl_on_the_stove_and_place_it_o.mp4
09/17 [19:30:26] INFO     | >> Success: True              run_libero_eval.py:238
                 INFO     | >> # episodes completed so    run_libero_eval.py:238
                          far: 77                                               
                 INFO     | >> # successes: 77 (100.0%)   run_libero_eval.py:238

 70%|███████   | 7/10 [01:10<00:30, 10.12s/it][A                 INFO     | >>                            run_libero_eval.py:238
                          Task: pick up the black bowl on                       
                          the stove and place it on the                         
                          plate                                                 
                 INFO     | >> Starting episode 8...      run_libero_eval.py:238
                 INFO     | >> EPISODE_MANIFEST           run_libero_eval.py:238
                          {"env_seed": 1873601083,                              
                          "init_state_dtype": "float64",                        
                          "init_state_index": 42,                               
                          "init_state_sha256":                                  
                          "bfc79b8f6dd96665273afd33777eb3                       
                          a9bf8d75e952e841e34679a582a11a9                       
                          510", "init_state_shape": [92],                       
                          "model_seed": 2048526989,                             
                          "protocol": "paired",                                 
                          "task_id": 7}                                         
huggingface/tokenizers: The current process just got forked, after parallelism has already been used. Disabling parallelism to avoid deadlocks...
To disable this warning, you can either:
	- Avoid using `tokenizers` before the fork if possible
	- Explicitly set the environment variable TOKENIZERS_PARALLELISM=(true | false)
Saved rollout MP4 at path ./rollouts/2026_09_17/2026_09_17-19_18_04--openvla_oft--episode=78--success=False--task=pick_up_the_black_bowl_on_the_stove_and_place_it_o.mp4
09/17 [19:30:40] INFO     | >> Success: False             run_libero_eval.py:238
                 INFO     | >> # episodes completed so    run_libero_eval.py:238
                          far: 78                                               
                 INFO     | >> # successes: 77 (98.7%)    run_libero_eval.py:238

 80%|████████  | 8/10 [01:24<00:23, 11.58s/it][A                 INFO     | >>                            run_libero_eval.py:238
                          Task: pick up the black bowl on                       
                          the stove and place it on the                         
                          plate                                                 
                 INFO     | >> Starting episode 9...      run_libero_eval.py:238
                 INFO     | >> EPISODE_MANIFEST           run_libero_eval.py:238
                          {"env_seed": 3887693879,                              
                          "init_state_dtype": "float64",                        
                          "init_state_index": 43,                               
                          "init_state_sha256":                                  
                          "556325182705a8ca40f2226c9b0c46                       
                          ddcbc83d7e7017a24b9a4690feb5926                       
                          539", "init_state_shape": [92],                       
                          "model_seed": 2968814618,                             
                          "protocol": "paired",                                 
                          "task_id": 7}                                         
huggingface/tokenizers: The current process just got forked, after parallelism has already been used. Disabling parallelism to avoid deadlocks...
To disable this warning, you can either:
	- Avoid using `tokenizers` before the fork if possible
	- Explicitly set the environment variable TOKENIZERS_PARALLELISM=(true | false)
Saved rollout MP4 at path ./rollouts/2026_09_17/2026_09_17-19_18_04--openvla_oft--episode=79--success=True--task=pick_up_the_black_bowl_on_the_stove_and_place_it_o.mp4
09/17 [19:30:51] INFO     | >> Success: True              run_libero_eval.py:238
                 INFO     | >> # episodes completed so    run_libero_eval.py:238
                          far: 79                                               
                 INFO     | >> # successes: 78 (98.7%)    run_libero_eval.py:238

 90%|█████████ | 9/10 [01:35<00:11, 11.14s/it][A                 INFO     | >>                            run_libero_eval.py:238
                          Task: pick up the black bowl on                       
                          the stove and place it on the                         
                          plate                                                 
                 INFO     | >> Starting episode 10...     run_libero_eval.py:238
                 INFO     | >> EPISODE_MANIFEST           run_libero_eval.py:238
                          {"env_seed": 1275533594,                              
                          "init_state_dtype": "float64",                        
                          "init_state_index": 44,                               
                          "init_state_sha256":                                  
                          "c45776292c48d3a8dd383cbcf01ceb                       
                          8139867b6010a0056b47ca42fb1180b                       
                          760", "init_state_shape": [92],                       
                          "model_seed": 691339280,                              
                          "protocol": "paired",                                 
                          "task_id": 7}                                         
huggingface/tokenizers: The current process just got forked, after parallelism has already been used. Disabling parallelism to avoid deadlocks...
To disable this warning, you can either:
	- Avoid using `tokenizers` before the fork if possible
	- Explicitly set the environment variable TOKENIZERS_PARALLELISM=(true | false)
Saved rollout MP4 at path ./rollouts/2026_09_17/2026_09_17-19_18_04--openvla_oft--episode=80--success=True--task=pick_up_the_black_bowl_on_the_stove_and_place_it_o.mp4
09/17 [19:31:01] INFO     | >> Success: True              run_libero_eval.py:238
                 INFO     | >> # episodes completed so    run_libero_eval.py:238
                          far: 80                                               
                 INFO     | >> # successes: 79 (98.8%)    run_libero_eval.py:238

100%|██████████| 10/10 [01:45<00:00, 11.04s/it][A100%|██████████| 10/10 [01:45<00:00, 10.59s/it]
                 INFO     | >> Current task success rate: run_libero_eval.py:238
                          0.9                                                   
                 INFO     | >> Current total success      run_libero_eval.py:238
                          rate: 0.9875                                          
 80%|████████  | 8/10 [12:30<03:17, 98.58s/it]09/17 [19:31:02] INFO     | >> Using default initial      run_libero_eval.py:238
                          states                                                

  0%|          | 0/10 [00:00<?, ?it/s][A09/17 [19:31:05] INFO     | >>                            run_libero_eval.py:238
                          Task: pick up the black bowl                          
                          next to the plate and place it                        
                          on the plate                                          
                 INFO     | >> Starting episode 1...      run_libero_eval.py:238
                 INFO     | >> EPISODE_MANIFEST           run_libero_eval.py:238
                          {"env_seed": 3195116118,                              
                          "init_state_dtype": "float64",                        
                          "init_state_index": 35,                               
                          "init_state_sha256":                                  
                          "ce27ff3ffcffaa1d8c82a5e16bb8a3                       
                          31efc6ad494cdb2c55f716988a3786e                       
                          2e6", "init_state_shape": [92],                       
                          "model_seed": 4107914936,                             
                          "protocol": "paired",                                 
                          "task_id": 8}                                         
huggingface/tokenizers: The current process just got forked, after parallelism has already been used. Disabling parallelism to avoid deadlocks...
To disable this warning, you can either:
	- Avoid using `tokenizers` before the fork if possible
	- Explicitly set the environment variable TOKENIZERS_PARALLELISM=(true | false)
Saved rollout MP4 at path ./rollouts/2026_09_17/2026_09_17-19_18_04--openvla_oft--episode=81--success=True--task=pick_up_the_black_bowl_next_to_the_plate_and_place.mp4
09/17 [19:31:13] INFO     | >> Success: True              run_libero_eval.py:238
                 INFO     | >> # episodes completed so    run_libero_eval.py:238
                          far: 81                                               
                 INFO     | >> # successes: 80 (98.8%)    run_libero_eval.py:238

 10%|█         | 1/10 [00:08<01:16,  8.54s/it][A                 INFO     | >>                            run_libero_eval.py:238
                          Task: pick up the black bowl                          
                          next to the plate and place it                        
                          on the plate                                          
                 INFO     | >> Starting episode 2...      run_libero_eval.py:238
                 INFO     | >> EPISODE_MANIFEST           run_libero_eval.py:238
                          {"env_seed": 1819013531,                              
                          "init_state_dtype": "float64",                        
                          "init_state_index": 36,                               
                          "init_state_sha256":                                  
                          "e791e850b22a3795f8ec7df396c23d                       
                          b29e6bc087d320adfc114266dfb2edd                       
                          d98", "init_state_shape": [92],                       
                          "model_seed": 3904961676,                             
                          "protocol": "paired",                                 
                          "task_id": 8}                                         
huggingface/tokenizers: The current process just got forked, after parallelism has already been used. Disabling parallelism to avoid deadlocks...
To disable this warning, you can either:
	- Avoid using `tokenizers` before the fork if possible
	- Explicitly set the environment variable TOKENIZERS_PARALLELISM=(true | false)
Saved rollout MP4 at path ./rollouts/2026_09_17/2026_09_17-19_18_04--openvla_oft--episode=82--success=True--task=pick_up_the_black_bowl_next_to_the_plate_and_place.mp4
09/17 [19:31:22] INFO     | >> Success: True              run_libero_eval.py:238
                 INFO     | >> # episodes completed so    run_libero_eval.py:238
                          far: 82                                               
                 INFO     | >> # successes: 81 (98.8%)    run_libero_eval.py:238

 20%|██        | 2/10 [00:17<01:08,  8.57s/it][A                 INFO     | >>                            run_libero_eval.py:238
                          Task: pick up the black bowl                          
                          next to the plate and place it                        
                          on the plate                                          
                 INFO     | >> Starting episode 3...      run_libero_eval.py:238
                 INFO     | >> EPISODE_MANIFEST           run_libero_eval.py:238
                          {"env_seed": 2075211334,                              
                          "init_state_dtype": "float64",                        
                          "init_state_index": 37,                               
                          "init_state_sha256":                                  
                          "4f179c57d4c901ff1f82c730357d82                       
                          75d68dc9207f36e84339850ac259ec8                       
                          cdb", "init_state_shape": [92],                       
                          "model_seed": 1757586818,                             
                          "protocol": "paired",                                 
                          "task_id": 8}                                         
huggingface/tokenizers: The current process just got forked, after parallelism has already been used. Disabling parallelism to avoid deadlocks...
To disable this warning, you can either:
	- Avoid using `tokenizers` before the fork if possible
	- Explicitly set the environment variable TOKENIZERS_PARALLELISM=(true | false)
Saved rollout MP4 at path ./rollouts/2026_09_17/2026_09_17-19_18_04--openvla_oft--episode=83--success=True--task=pick_up_the_black_bowl_next_to_the_plate_and_place.mp4
09/17 [19:31:30] INFO     | >> Success: True              run_libero_eval.py:238
                 INFO     | >> # episodes completed so    run_libero_eval.py:238
                          far: 83                                               
                 INFO     | >> # successes: 82 (98.8%)    run_libero_eval.py:238

 30%|███       | 3/10 [00:25<00:59,  8.55s/it][A                 INFO     | >>                            run_libero_eval.py:238
                          Task: pick up the black bowl                          
                          next to the plate and place it                        
                          on the plate                                          
                 INFO     | >> Starting episode 4...      run_libero_eval.py:238
                 INFO     | >> EPISODE_MANIFEST           run_libero_eval.py:238
                          {"env_seed": 736765337,                               
                          "init_state_dtype": "float64",                        
                          "init_state_index": 38,                               
                          "init_state_sha256":                                  
                          "c4c6435abb9f0388e51f13ec26c8cf                       
                          51b267cfd917d73892f2e6a8a800691                       
                          03c", "init_state_shape": [92],                       
                          "model_seed": 3888338479,                             
                          "protocol": "paired",                                 
                          "task_id": 8}                                         
huggingface/tokenizers: The current process just got forked, after parallelism has already been used. Disabling parallelism to avoid deadlocks...
To disable this warning, you can either:
	- Avoid using `tokenizers` before the fork if possible
	- Explicitly set the environment variable TOKENIZERS_PARALLELISM=(true | false)
Saved rollout MP4 at path ./rollouts/2026_09_17/2026_09_17-19_18_04--openvla_oft--episode=84--success=True--task=pick_up_the_black_bowl_next_to_the_plate_and_place.mp4
09/17 [19:31:39] INFO     | >> Success: True              run_libero_eval.py:238
                 INFO     | >> # episodes completed so    run_libero_eval.py:238
                          far: 84                                               
                 INFO     | >> # successes: 83 (98.8%)    run_libero_eval.py:238

 40%|████      | 4/10 [00:34<00:51,  8.51s/it][A                 INFO     | >>                            run_libero_eval.py:238
                          Task: pick up the black bowl                          
                          next to the plate and place it                        
                          on the plate                                          
                 INFO     | >> Starting episode 5...      run_libero_eval.py:238
                 INFO     | >> EPISODE_MANIFEST           run_libero_eval.py:238
                          {"env_seed": 3711919986,                              
                          "init_state_dtype": "float64",                        
                          "init_state_index": 39,                               
                          "init_state_sha256":                                  
                          "5a3d2e588c3ffc469e190972bc56a5                       
                          9d6733f399d0a3e16a8166a7f0b0718                       
                          f0a", "init_state_shape": [92],                       
                          "model_seed": 363159328,                              
                          "protocol": "paired",                                 
                          "task_id": 8}                                         
huggingface/tokenizers: The current process just got forked, after parallelism has already been used. Disabling parallelism to avoid deadlocks...
To disable this warning, you can either:
	- Avoid using `tokenizers` before the fork if possible
	- Explicitly set the environment variable TOKENIZERS_PARALLELISM=(true | false)
Saved rollout MP4 at path ./rollouts/2026_09_17/2026_09_17-19_18_04--openvla_oft--episode=85--success=True--task=pick_up_the_black_bowl_next_to_the_plate_and_place.mp4
09/17 [19:31:48] INFO     | >> Success: True              run_libero_eval.py:238
                 INFO     | >> # episodes completed so    run_libero_eval.py:238
                          far: 85                                               
                 INFO     | >> # successes: 84 (98.8%)    run_libero_eval.py:238

 50%|█████     | 5/10 [00:43<00:43,  8.67s/it][A                 INFO     | >>                            run_libero_eval.py:238
                          Task: pick up the black bowl                          
                          next to the plate and place it                        
                          on the plate                                          
                 INFO     | >> Starting episode 6...      run_libero_eval.py:238
                 INFO     | >> EPISODE_MANIFEST           run_libero_eval.py:238
                          {"env_seed": 2738988379,                              
                          "init_state_dtype": "float64",                        
                          "init_state_index": 40,                               
                          "init_state_sha256":                                  
                          "d9d6a60fa49009cd94a9e94c31a0e0                       
                          be97f9e779c63790e949c5467adc113                       
                          104", "init_state_shape": [92],                       
                          "model_seed": 3631523744,                             
                          "protocol": "paired",                                 
                          "task_id": 8}                                         
huggingface/tokenizers: The current process just got forked, after parallelism has already been used. Disabling parallelism to avoid deadlocks...
To disable this warning, you can either:
	- Avoid using `tokenizers` before the fork if possible
	- Explicitly set the environment variable TOKENIZERS_PARALLELISM=(true | false)
Saved rollout MP4 at path ./rollouts/2026_09_17/2026_09_17-19_18_04--openvla_oft--episode=86--success=True--task=pick_up_the_black_bowl_next_to_the_plate_and_place.mp4
09/17 [19:31:57] INFO     | >> Success: True              run_libero_eval.py:238
                 INFO     | >> # episodes completed so    run_libero_eval.py:238
                          far: 86                                               
                 INFO     | >> # successes: 85 (98.8%)    run_libero_eval.py:238

 60%|██████    | 6/10 [00:51<00:34,  8.75s/it][A                 INFO     | >>                            run_libero_eval.py:238
                          Task: pick up the black bowl                          
                          next to the plate and place it                        
                          on the plate                                          
                 INFO     | >> Starting episode 7...      run_libero_eval.py:238
                 INFO     | >> EPISODE_MANIFEST           run_libero_eval.py:238
                          {"env_seed": 1746279148,                              
                          "init_state_dtype": "float64",                        
                          "init_state_index": 41,                               
                          "init_state_sha256":                                  
                          "971b3c143a1181c66654263d2a7626                       
                          35655c74548ed2c53b45434d3f9d7b6                       
                          fbd", "init_state_shape": [92],                       
                          "model_seed": 2806874025,                             
                          "protocol": "paired",                                 
                          "task_id": 8}                                         
huggingface/tokenizers: The current process just got forked, after parallelism has already been used. Disabling parallelism to avoid deadlocks...
To disable this warning, you can either:
	- Avoid using `tokenizers` before the fork if possible
	- Explicitly set the environment variable TOKENIZERS_PARALLELISM=(true | false)
Saved rollout MP4 at path ./rollouts/2026_09_17/2026_09_17-19_18_04--openvla_oft--episode=87--success=True--task=pick_up_the_black_bowl_next_to_the_plate_and_place.mp4
09/17 [19:32:06] INFO     | >> Success: True              run_libero_eval.py:238
                 INFO     | >> # episodes completed so    run_libero_eval.py:238
                          far: 87                                               
                 INFO     | >> # successes: 86 (98.9%)    run_libero_eval.py:238

 70%|███████   | 7/10 [01:00<00:26,  8.84s/it][A                 INFO     | >>                            run_libero_eval.py:238
                          Task: pick up the black bowl                          
                          next to the plate and place it                        
                          on the plate                                          
                 INFO     | >> Starting episode 8...      run_libero_eval.py:238
                 INFO     | >> EPISODE_MANIFEST           run_libero_eval.py:238
                          {"env_seed": 3448385024,                              
                          "init_state_dtype": "float64",                        
                          "init_state_index": 42,                               
                          "init_state_sha256":                                  
                          "71a148ed02b7d1a30edd1a7017aea8                       
                          24a15aa2f35d666667b5117d0c393c2                       
                          0e4", "init_state_shape": [92],                       
                          "model_seed": 1536421897,                             
                          "protocol": "paired",                                 
                          "task_id": 8}                                         
huggingface/tokenizers: The current process just got forked, after parallelism has already been used. Disabling parallelism to avoid deadlocks...
To disable this warning, you can either:
	- Avoid using `tokenizers` before the fork if possible
	- Explicitly set the environment variable TOKENIZERS_PARALLELISM=(true | false)
Saved rollout MP4 at path ./rollouts/2026_09_17/2026_09_17-19_18_04--openvla_oft--episode=88--success=True--task=pick_up_the_black_bowl_next_to_the_plate_and_place.mp4
09/17 [19:32:15] INFO     | >> Success: True              run_libero_eval.py:238
                 INFO     | >> # episodes completed so    run_libero_eval.py:238
                          far: 88                                               
                 INFO     | >> # successes: 87 (98.9%)    run_libero_eval.py:238

 80%|████████  | 8/10 [01:09<00:17,  8.89s/it][A                 INFO     | >>                            run_libero_eval.py:238
                          Task: pick up the black bowl                          
                          next to the plate and place it                        
                          on the plate                                          
                 INFO     | >> Starting episode 9...      run_libero_eval.py:238
                 INFO     | >> EPISODE_MANIFEST           run_libero_eval.py:238
                          {"env_seed": 2753027120,                              
                          "init_state_dtype": "float64",                        
                          "init_state_index": 43,                               
                          "init_state_sha256":                                  
                          "e39a09cba440d5966ac8ad8b1c4041                       
                          90d7eed8d30db48b25ce2d92c68f85b                       
                          9e4", "init_state_shape": [92],                       
                          "model_seed": 4016870129,                             
                          "protocol": "paired",                                 
                          "task_id": 8}                                         
huggingface/tokenizers: The current process just got forked, after parallelism has already been used. Disabling parallelism to avoid deadlocks...
To disable this warning, you can either:
	- Avoid using `tokenizers` before the fork if possible
	- Explicitly set the environment variable TOKENIZERS_PARALLELISM=(true | false)
Saved rollout MP4 at path ./rollouts/2026_09_17/2026_09_17-19_18_04--openvla_oft--episode=89--success=True--task=pick_up_the_black_bowl_next_to_the_plate_and_place.mp4
09/17 [19:32:24] INFO     | >> Success: True              run_libero_eval.py:238
                 INFO     | >> # episodes completed so    run_libero_eval.py:238
                          far: 89                                               
                 INFO     | >> # successes: 88 (98.9%)    run_libero_eval.py:238

 90%|█████████ | 9/10 [01:19<00:09,  9.00s/it][A                 INFO     | >>                            run_libero_eval.py:238
                          Task: pick up the black bowl                          
                          next to the plate and place it                        
                          on the plate                                          
                 INFO     | >> Starting episode 10...     run_libero_eval.py:238
                 INFO     | >> EPISODE_MANIFEST           run_libero_eval.py:238
                          {"env_seed": 1713150280,                              
                          "init_state_dtype": "float64",                        
                          "init_state_index": 44,                               
                          "init_state_sha256":                                  
                          "9f8985d1386b3181771f006bec125c                       
                          44428502fff1a0c7e2c1b5b39b40fd7                       
                          5db", "init_state_shape": [92],                       
                          "model_seed": 1519658192,                             
                          "protocol": "paired",                                 
                          "task_id": 8}                                         
huggingface/tokenizers: The current process just got forked, after parallelism has already been used. Disabling parallelism to avoid deadlocks...
To disable this warning, you can either:
	- Avoid using `tokenizers` before the fork if possible
	- Explicitly set the environment variable TOKENIZERS_PARALLELISM=(true | false)
Saved rollout MP4 at path ./rollouts/2026_09_17/2026_09_17-19_18_04--openvla_oft--episode=90--success=True--task=pick_up_the_black_bowl_next_to_the_plate_and_place.mp4
09/17 [19:32:33] INFO     | >> Success: True              run_libero_eval.py:238
                 INFO     | >> # episodes completed so    run_libero_eval.py:238
                          far: 90                                               
                 INFO     | >> # successes: 89 (98.9%)    run_libero_eval.py:238

100%|██████████| 10/10 [01:28<00:00,  9.00s/it][A100%|██████████| 10/10 [01:28<00:00,  8.82s/it]
                 INFO     | >> Current task success rate: run_libero_eval.py:238
                          1.0                                                   
                 INFO     | >> Current total success      run_libero_eval.py:238
                          rate: 0.9888888888888889                              
 90%|█████████ | 9/10 [14:01<01:36, 96.38s/it]                 INFO     | >> Using default initial      run_libero_eval.py:238
                          states                                                

  0%|          | 0/10 [00:00<?, ?it/s][A09/17 [19:32:36] INFO     | >>                            run_libero_eval.py:238
                          Task: pick up the black bowl on                       
                          the wooden cabinet and place it                       
                          on the plate                                          
                 INFO     | >> Starting episode 1...      run_libero_eval.py:238
                 INFO     | >> EPISODE_MANIFEST           run_libero_eval.py:238
                          {"env_seed": 1273408481,                              
                          "init_state_dtype": "float64",                        
                          "init_state_index": 35,                               
                          "init_state_sha256":                                  
                          "6ca029ce574ce3ebfb81bf3d6836ff                       
                          c6b536a3763b0ee2eea9102efb14ae7                       
                          d71", "init_state_shape": [92],                       
                          "model_seed": 1179271778,                             
                          "protocol": "paired",                                 
                          "task_id": 9}                                         
huggingface/tokenizers: The current process just got forked, after parallelism has already been used. Disabling parallelism to avoid deadlocks...
To disable this warning, you can either:
	- Avoid using `tokenizers` before the fork if possible
	- Explicitly set the environment variable TOKENIZERS_PARALLELISM=(true | false)
Saved rollout MP4 at path ./rollouts/2026_09_17/2026_09_17-19_18_04--openvla_oft--episode=91--success=True--task=pick_up_the_black_bowl_on_the_wooden_cabinet_and_p.mp4
09/17 [19:32:46] INFO     | >> Success: True              run_libero_eval.py:238
                 INFO     | >> # episodes completed so    run_libero_eval.py:238
                          far: 91                                               
                 INFO     | >> # successes: 90 (98.9%)    run_libero_eval.py:238

 10%|█         | 1/10 [00:09<01:28,  9.88s/it][A                 INFO     | >>                            run_libero_eval.py:238
                          Task: pick up the black bowl on                       
                          the wooden cabinet and place it                       
                          on the plate                                          
                 INFO     | >> Starting episode 2...      run_libero_eval.py:238
                 INFO     | >> EPISODE_MANIFEST           run_libero_eval.py:238
                          {"env_seed": 3202690308,                              
                          "init_state_dtype": "float64",                        
                          "init_state_index": 36,                               
                          "init_state_sha256":                                  
                          "0a443b426f850862531c356933ea63                       
                          d95fad70adf8318932beec5f25f35f4                       
                          7f9", "init_state_shape": [92],                       
                          "model_seed": 4089702134,                             
                          "protocol": "paired",                                 
                          "task_id": 9}                                         
huggingface/tokenizers: The current process just got forked, after parallelism has already been used. Disabling parallelism to avoid deadlocks...
To disable this warning, you can either:
	- Avoid using `tokenizers` before the fork if possible
	- Explicitly set the environment variable TOKENIZERS_PARALLELISM=(true | false)
Saved rollout MP4 at path ./rollouts/2026_09_17/2026_09_17-19_18_04--openvla_oft--episode=92--success=True--task=pick_up_the_black_bowl_on_the_wooden_cabinet_and_p.mp4
09/17 [19:32:56] INFO     | >> Success: True              run_libero_eval.py:238
                 INFO     | >> # episodes completed so    run_libero_eval.py:238
                          far: 92                                               
                 INFO     | >> # successes: 91 (98.9%)    run_libero_eval.py:238

 20%|██        | 2/10 [00:19<01:17,  9.71s/it][A                 INFO     | >>                            run_libero_eval.py:238
                          Task: pick up the black bowl on                       
                          the wooden cabinet and place it                       
                          on the plate                                          
                 INFO     | >> Starting episode 3...      run_libero_eval.py:238
                 INFO     | >> EPISODE_MANIFEST           run_libero_eval.py:238
                          {"env_seed": 3479933682,                              
                          "init_state_dtype": "float64",                        
                          "init_state_index": 37,                               
                          "init_state_sha256":                                  
                          "9e65b5cb6f1dc64c8848a2eb214076                       
                          1be6a51f0ff4c7afc469e393da84f67                       
                          5ee", "init_state_shape": [92],                       
                          "model_seed": 1255449329,                             
                          "protocol": "paired",                                 
                          "task_id": 9}                                         
huggingface/tokenizers: The current process just got forked, after parallelism has already been used. Disabling parallelism to avoid deadlocks...
To disable this warning, you can either:
	- Avoid using `tokenizers` before the fork if possible
	- Explicitly set the environment variable TOKENIZERS_PARALLELISM=(true | false)
Saved rollout MP4 at path ./rollouts/2026_09_17/2026_09_17-19_18_04--openvla_oft--episode=93--success=True--task=pick_up_the_black_bowl_on_the_wooden_cabinet_and_p.mp4
09/17 [19:33:06] INFO     | >> Success: True              run_libero_eval.py:238
                 INFO     | >> # episodes completed so    run_libero_eval.py:238
                          far: 93                                               
                 INFO     | >> # successes: 92 (98.9%)    run_libero_eval.py:238

 30%|███       | 3/10 [00:29<01:08,  9.81s/it][A                 INFO     | >>                            run_libero_eval.py:238
                          Task: pick up the black bowl on                       
                          the wooden cabinet and place it                       
                          on the plate                                          
                 INFO     | >> Starting episode 4...      run_libero_eval.py:238
                 INFO     | >> EPISODE_MANIFEST           run_libero_eval.py:238
                          {"env_seed": 313545393,                               
                          "init_state_dtype": "float64",                        
                          "init_state_index": 38,                               
                          "init_state_sha256":                                  
                          "61f09e621f6e633579ffb27eaab5d4                       
                          56e415515ad97e29878032e37239e2d                       
                          7b1", "init_state_shape": [92],                       
                          "model_seed": 3621537563,                             
                          "protocol": "paired",                                 
                          "task_id": 9}                                         
huggingface/tokenizers: The current process just got forked, after parallelism has already been used. Disabling parallelism to avoid deadlocks...
To disable this warning, you can either:
	- Avoid using `tokenizers` before the fork if possible
	- Explicitly set the environment variable TOKENIZERS_PARALLELISM=(true | false)
Saved rollout MP4 at path ./rollouts/2026_09_17/2026_09_17-19_18_04--openvla_oft--episode=94--success=True--task=pick_up_the_black_bowl_on_the_wooden_cabinet_and_p.mp4
09/17 [19:33:15] INFO     | >> Success: True              run_libero_eval.py:238
                 INFO     | >> # episodes completed so    run_libero_eval.py:238
                          far: 94                                               
                 INFO     | >> # successes: 93 (98.9%)    run_libero_eval.py:238

 40%|████      | 4/10 [00:39<00:58,  9.77s/it][A                 INFO     | >>                            run_libero_eval.py:238
                          Task: pick up the black bowl on                       
                          the wooden cabinet and place it                       
                          on the plate                                          
                 INFO     | >> Starting episode 5...      run_libero_eval.py:238
09/17 [19:33:16] INFO     | >> EPISODE_MANIFEST           run_libero_eval.py:238
                          {"env_seed": 450495140,                               
                          "init_state_dtype": "float64",                        
                          "init_state_index": 39,                               
                          "init_state_sha256":                                  
                          "05ade0d8e73b0502f182fe38054ef3                       
                          784c2b7f8be0e1eb46cc54509675202                       
                          e5e", "init_state_shape": [92],                       
                          "model_seed": 969432174,                              
                          "protocol": "paired",                                 
                          "task_id": 9}                                         
huggingface/tokenizers: The current process just got forked, after parallelism has already been used. Disabling parallelism to avoid deadlocks...
To disable this warning, you can either:
	- Avoid using `tokenizers` before the fork if possible
	- Explicitly set the environment variable TOKENIZERS_PARALLELISM=(true | false)
Saved rollout MP4 at path ./rollouts/2026_09_17/2026_09_17-19_18_04--openvla_oft--episode=95--success=True--task=pick_up_the_black_bowl_on_the_wooden_cabinet_and_p.mp4
09/17 [19:33:25] INFO     | >> Success: True              run_libero_eval.py:238
                 INFO     | >> # episodes completed so    run_libero_eval.py:238
                          far: 95                                               
                 INFO     | >> # successes: 94 (98.9%)    run_libero_eval.py:238

 50%|█████     | 5/10 [00:48<00:48,  9.76s/it][A                 INFO     | >>                            run_libero_eval.py:238
                          Task: pick up the black bowl on                       
                          the wooden cabinet and place it                       
                          on the plate                                          
                 INFO     | >> Starting episode 6...      run_libero_eval.py:238
                 INFO     | >> EPISODE_MANIFEST           run_libero_eval.py:238
                          {"env_seed": 389791207,                               
                          "init_state_dtype": "float64",                        
                          "init_state_index": 40,                               
                          "init_state_sha256":                                  
                          "7b8df71d7e03fa43a0f1b56d133b54                       
                          436fca2b4d3f39a97727c7a8012bbbf                       
                          a6e", "init_state_shape": [92],                       
                          "model_seed": 1317138090,                             
                          "protocol": "paired",                                 
                          "task_id": 9}                                         
huggingface/tokenizers: The current process just got forked, after parallelism has already been used. Disabling parallelism to avoid deadlocks...
To disable this warning, you can either:
	- Avoid using `tokenizers` before the fork if possible
	- Explicitly set the environment variable TOKENIZERS_PARALLELISM=(true | false)
Saved rollout MP4 at path ./rollouts/2026_09_17/2026_09_17-19_18_04--openvla_oft--episode=96--success=True--task=pick_up_the_black_bowl_on_the_wooden_cabinet_and_p.mp4
09/17 [19:33:34] INFO     | >> Success: True              run_libero_eval.py:238
                 INFO     | >> # episodes completed so    run_libero_eval.py:238
                          far: 96                                               
                 INFO     | >> # successes: 95 (99.0%)    run_libero_eval.py:238

 60%|██████    | 6/10 [00:58<00:38,  9.59s/it][A                 INFO     | >>                            run_libero_eval.py:238
                          Task: pick up the black bowl on                       
                          the wooden cabinet and place it                       
                          on the plate                                          
09/17 [19:33:35] INFO     | >> Starting episode 7...      run_libero_eval.py:238
                 INFO     | >> EPISODE_MANIFEST           run_libero_eval.py:238
                          {"env_seed": 1183100243,                              
                          "init_state_dtype": "float64",                        
                          "init_state_index": 41,                               
                          "init_state_sha256":                                  
                          "e39a876aedb344b1cb55363d8e0608                       
                          9d59db8a498bb7464c1d1433da797cf                       
                          2e4", "init_state_shape": [92],                       
                          "model_seed": 232999906,                              
                          "protocol": "paired",                                 
                          "task_id": 9}                                         
huggingface/tokenizers: The current process just got forked, after parallelism has already been used. Disabling parallelism to avoid deadlocks...
To disable this warning, you can either:
	- Avoid using `tokenizers` before the fork if possible
	- Explicitly set the environment variable TOKENIZERS_PARALLELISM=(true | false)
Saved rollout MP4 at path ./rollouts/2026_09_17/2026_09_17-19_18_04--openvla_oft--episode=97--success=True--task=pick_up_the_black_bowl_on_the_wooden_cabinet_and_p.mp4
09/17 [19:33:44] INFO     | >> Success: True              run_libero_eval.py:238
                 INFO     | >> # episodes completed so    run_libero_eval.py:238
                          far: 97                                               
                 INFO     | >> # successes: 96 (99.0%)    run_libero_eval.py:238

 70%|███████   | 7/10 [01:07<00:29,  9.68s/it][A                 INFO     | >>                            run_libero_eval.py:238
                          Task: pick up the black bowl on                       
                          the wooden cabinet and place it                       
                          on the plate                                          
                 INFO     | >> Starting episode 8...      run_libero_eval.py:238
                 INFO     | >> EPISODE_MANIFEST           run_libero_eval.py:238
                          {"env_seed": 1904589927,                              
                          "init_state_dtype": "float64",                        
                          "init_state_index": 42,                               
                          "init_state_sha256":                                  
                          "0fe73bbfa1e0f61ac6099f7832b3d8                       
                          82fe5a2065f9a841a631664d1485802                       
                          a89", "init_state_shape": [92],                       
                          "model_seed": 2240493145,                             
                          "protocol": "paired",                                 
                          "task_id": 9}                                         
huggingface/tokenizers: The current process just got forked, after parallelism has already been used. Disabling parallelism to avoid deadlocks...
To disable this warning, you can either:
	- Avoid using `tokenizers` before the fork if possible
	- Explicitly set the environment variable TOKENIZERS_PARALLELISM=(true | false)
Saved rollout MP4 at path ./rollouts/2026_09_17/2026_09_17-19_18_04--openvla_oft--episode=98--success=True--task=pick_up_the_black_bowl_on_the_wooden_cabinet_and_p.mp4
09/17 [19:33:54] INFO     | >> Success: True              run_libero_eval.py:238
                 INFO     | >> # episodes completed so    run_libero_eval.py:238
                          far: 98                                               
                 INFO     | >> # successes: 97 (99.0%)    run_libero_eval.py:238

 80%|████████  | 8/10 [01:17<00:19,  9.62s/it][A                 INFO     | >>                            run_libero_eval.py:238
                          Task: pick up the black bowl on                       
                          the wooden cabinet and place it                       
                          on the plate                                          
                 INFO     | >> Starting episode 9...      run_libero_eval.py:238
                 INFO     | >> EPISODE_MANIFEST           run_libero_eval.py:238
                          {"env_seed": 1562959251,                              
                          "init_state_dtype": "float64",                        
                          "init_state_index": 43,                               
                          "init_state_sha256":                                  
                          "5c72ed25d3085fb0e4bf59fa63fa3d                       
                          0923a35c60d919946147740cf18d2fc                       
                          5f4", "init_state_shape": [92],                       
                          "model_seed": 1906494545,                             
                          "protocol": "paired",                                 
                          "task_id": 9}                                         
huggingface/tokenizers: The current process just got forked, after parallelism has already been used. Disabling parallelism to avoid deadlocks...
To disable this warning, you can either:
	- Avoid using `tokenizers` before the fork if possible
	- Explicitly set the environment variable TOKENIZERS_PARALLELISM=(true | false)
Saved rollout MP4 at path ./rollouts/2026_09_17/2026_09_17-19_18_04--openvla_oft--episode=99--success=True--task=pick_up_the_black_bowl_on_the_wooden_cabinet_and_p.mp4
09/17 [19:34:03] INFO     | >> Success: True              run_libero_eval.py:238
                 INFO     | >> # episodes completed so    run_libero_eval.py:238
                          far: 99                                               
                 INFO     | >> # successes: 98 (99.0%)    run_libero_eval.py:238

 90%|█████████ | 9/10 [01:26<00:09,  9.54s/it][A                 INFO     | >>                            run_libero_eval.py:238
                          Task: pick up the black bowl on                       
                          the wooden cabinet and place it                       
                          on the plate                                          
                 INFO     | >> Starting episode 10...     run_libero_eval.py:238
                 INFO     | >> EPISODE_MANIFEST           run_libero_eval.py:238
                          {"env_seed": 362393572,                               
                          "init_state_dtype": "float64",                        
                          "init_state_index": 44,                               
                          "init_state_sha256":                                  
                          "5373a9292930daec72357f2b6da259                       
                          45cf90e28a4e31aef14e10385249dfa                       
                          db8", "init_state_shape": [92],                       
                          "model_seed": 3103604122,                             
                          "protocol": "paired",                                 
                          "task_id": 9}                                         
huggingface/tokenizers: The current process just got forked, after parallelism has already been used. Disabling parallelism to avoid deadlocks...
To disable this warning, you can either:
	- Avoid using `tokenizers` before the fork if possible
	- Explicitly set the environment variable TOKENIZERS_PARALLELISM=(true | false)
Saved rollout MP4 at path ./rollouts/2026_09_17/2026_09_17-19_18_04--openvla_oft--episode=100--success=True--task=pick_up_the_black_bowl_on_the_wooden_cabinet_and_p.mp4
09/17 [19:34:13] INFO     | >> Success: True              run_libero_eval.py:238
                 INFO     | >> # episodes completed so    run_libero_eval.py:238
                          far: 100                                              
                 INFO     | >> # successes: 99 (99.0%)    run_libero_eval.py:238

100%|██████████| 10/10 [01:36<00:00,  9.61s/it][A100%|██████████| 10/10 [01:36<00:00,  9.66s/it]
                 INFO     | >> Current task success rate: run_libero_eval.py:238
                          1.0                                                   
                 INFO     | >> Current total success      run_libero_eval.py:238
                          rate: 0.99                                            
100%|██████████| 10/10 [15:41<00:00, 97.51s/it]100%|██████████| 10/10 [15:41<00:00, 94.16s/it]
                 INFO     | >> Final results:             run_libero_eval.py:238
                 INFO     | >> Total episodes: 100        run_libero_eval.py:238
                 INFO     | >> Total successes: 99        run_libero_eval.py:238
                 INFO     | >> Overall success rate:      run_libero_eval.py:238
                          0.9900 (99.0%)                                        
