2026-09-17 20:24:53.501662: I tensorflow/core/util/port.cc:113] oneDNN custom operations are on. You may see slightly different numerical results due to floating-point round-off errors from different computation orders. To turn them off, set the environment variable `TF_ENABLE_ONEDNN_OPTS=0`.
2026-09-17 20:24:53.566071: E external/local_xla/xla/stream_executor/cuda/cuda_dnn.cc:9261] Unable to register cuDNN factory: Attempting to register factory for plugin cuDNN when one has already been registered
2026-09-17 20:24:53.566104: E external/local_xla/xla/stream_executor/cuda/cuda_fft.cc:607] Unable to register cuFFT factory: Attempting to register factory for plugin cuFFT when one has already been registered
2026-09-17 20:24:53.567854: E external/local_xla/xla/stream_executor/cuda/cuda_blas.cc:1515] Unable to register cuBLAS factory: Attempting to register factory for plugin cuBLAS when one has already been registered
2026-09-17 20:24:53.577791: I tensorflow/core/platform/cpu_feature_guard.cc:182] This TensorFlow binary is optimized to use available CPU instructions in performance-critical operations.
To enable the following instructions: AVX2 AVX512F AVX512_VNNI FMA, in other operations, rebuild TensorFlow with the appropriate compiler flags.
2026-09-17 20:24:54.457745: W tensorflow/compiler/tf2tensorrt/utils/py_utils.cc:38] TF-TRT Warning: Could not find TensorRT
[robosuite WARNING] No private macro file found! (__init__.py:7)
[robosuite WARNING] It is recommended to use a private macro file (__init__.py:8)
[robosuite WARNING] To setup, run: python /root/miniconda3/envs/qvla-oft/lib/python3.10/site-packages/robosuite/scripts/setup_macros.py (__init__.py:9)
Gym has been unmaintained since 2022 and does not support NumPy 2.0 amongst other critical functionality.
Please upgrade to Gymnasium, the maintained drop-in replacement of Gym, or contact the authors of your software and request that they upgrade.
Users of this version of Gym should be able to simply replace 'import gym' with 'import gymnasium as gym' in the vast majority of cases.
See the migration guide at https://gymnasium.farama.org/introduction/migration_guide/ for additional information.
Using LIBERO constants:
  NUM_ACTIONS_CHUNK = 8
  ACTION_DIM = 7
  PROPRIO_DIM = 8
  ACTION_PROPRIO_NORMALIZATION_TYPE = bounds_q99
If needed, manually set the correct constants in `prismatic/vla/constants.py`!
VILA is not installed. Multimodal features will not be available. To activate, please install VILA at https://github.com/NVlabs/VILA.
[official-quant] scope={"fused_vision": 105, "language": 224, "primary_vision": 93, "total": 422, "unexpected": 0, "vision": 198}
Loading checkpoint shards:   0%|          | 0/4 [00:00<?, ?it/s]Loading checkpoint shards:  25%|██▌       | 1/4 [00:00<00:00,  3.89it/s]Loading checkpoint shards:  50%|█████     | 2/4 [00:00<00:00,  4.64it/s]Loading checkpoint shards:  75%|███████▌  | 3/4 [00:00<00:00,  4.91it/s]Loading checkpoint shards: 100%|██████████| 4/4 [00:00<00:00,  5.15it/s]Loading checkpoint shards: 100%|██████████| 4/4 [00:00<00:00,  4.92it/s]
[official-awq] 1/198 vision_backbone.featurizer.patch_embed.proj
[official-awq] 2/198 vision_backbone.featurizer.blocks.0.attn.qkv
[official-awq] 3/198 vision_backbone.featurizer.blocks.0.attn.proj
[official-awq] 4/198 vision_backbone.featurizer.blocks.0.mlp.fc1
[official-awq] 5/198 vision_backbone.featurizer.blocks.0.mlp.fc2
[official-awq] 6/198 vision_backbone.featurizer.blocks.1.attn.qkv
[official-awq] 7/198 vision_backbone.featurizer.blocks.1.attn.proj
[official-awq] 8/198 vision_backbone.featurizer.blocks.1.mlp.fc1
[official-awq] 9/198 vision_backbone.featurizer.blocks.1.mlp.fc2
[official-awq] 10/198 vision_backbone.featurizer.blocks.2.attn.qkv
[official-awq] 11/198 vision_backbone.featurizer.blocks.2.attn.proj
[official-awq] 12/198 vision_backbone.featurizer.blocks.2.mlp.fc1
[official-awq] 13/198 vision_backbone.featurizer.blocks.2.mlp.fc2
[official-awq] 14/198 vision_backbone.featurizer.blocks.3.attn.qkv
[official-awq] 15/198 vision_backbone.featurizer.blocks.3.attn.proj
[official-awq] 16/198 vision_backbone.featurizer.blocks.3.mlp.fc1
[official-awq] 17/198 vision_backbone.featurizer.blocks.3.mlp.fc2
[official-awq] 18/198 vision_backbone.featurizer.blocks.4.attn.qkv
[official-awq] 19/198 vision_backbone.featurizer.blocks.4.attn.proj
[official-awq] 20/198 vision_backbone.featurizer.blocks.4.mlp.fc1
[official-awq] 21/198 vision_backbone.featurizer.blocks.4.mlp.fc2
[official-awq] 22/198 vision_backbone.featurizer.blocks.5.attn.qkv
[official-awq] 23/198 vision_backbone.featurizer.blocks.5.attn.proj
[official-awq] 24/198 vision_backbone.featurizer.blocks.5.mlp.fc1
[official-awq] 25/198 vision_backbone.featurizer.blocks.5.mlp.fc2
[official-awq] 26/198 vision_backbone.featurizer.blocks.6.attn.qkv
[official-awq] 27/198 vision_backbone.featurizer.blocks.6.attn.proj
[official-awq] 28/198 vision_backbone.featurizer.blocks.6.mlp.fc1
[official-awq] 29/198 vision_backbone.featurizer.blocks.6.mlp.fc2
[official-awq] 30/198 vision_backbone.featurizer.blocks.7.attn.qkv
[official-awq] 31/198 vision_backbone.featurizer.blocks.7.attn.proj
[official-awq] 32/198 vision_backbone.featurizer.blocks.7.mlp.fc1
[official-awq] 33/198 vision_backbone.featurizer.blocks.7.mlp.fc2
[official-awq] 34/198 vision_backbone.featurizer.blocks.8.attn.qkv
[official-awq] 35/198 vision_backbone.featurizer.blocks.8.attn.proj
[official-awq] 36/198 vision_backbone.featurizer.blocks.8.mlp.fc1
[official-awq] 37/198 vision_backbone.featurizer.blocks.8.mlp.fc2
[official-awq] 38/198 vision_backbone.featurizer.blocks.9.attn.qkv
[official-awq] 39/198 vision_backbone.featurizer.blocks.9.attn.proj
[official-awq] 40/198 vision_backbone.featurizer.blocks.9.mlp.fc1
[official-awq] 41/198 vision_backbone.featurizer.blocks.9.mlp.fc2
[official-awq] 42/198 vision_backbone.featurizer.blocks.10.attn.qkv
[official-awq] 43/198 vision_backbone.featurizer.blocks.10.attn.proj
[official-awq] 44/198 vision_backbone.featurizer.blocks.10.mlp.fc1
[official-awq] 45/198 vision_backbone.featurizer.blocks.10.mlp.fc2
[official-awq] 46/198 vision_backbone.featurizer.blocks.11.attn.qkv
[official-awq] 47/198 vision_backbone.featurizer.blocks.11.attn.proj
[official-awq] 48/198 vision_backbone.featurizer.blocks.11.mlp.fc1
[official-awq] 49/198 vision_backbone.featurizer.blocks.11.mlp.fc2
[official-awq] 50/198 vision_backbone.featurizer.blocks.12.attn.qkv
[official-awq] 51/198 vision_backbone.featurizer.blocks.12.attn.proj
[official-awq] 52/198 vision_backbone.featurizer.blocks.12.mlp.fc1
[official-awq] 53/198 vision_backbone.featurizer.blocks.12.mlp.fc2
[official-awq] 54/198 vision_backbone.featurizer.blocks.13.attn.qkv
[official-awq] 55/198 vision_backbone.featurizer.blocks.13.attn.proj
[official-awq] 56/198 vision_backbone.featurizer.blocks.13.mlp.fc1
[official-awq] 57/198 vision_backbone.featurizer.blocks.13.mlp.fc2
[official-awq] 58/198 vision_backbone.featurizer.blocks.14.attn.qkv
[official-awq] 59/198 vision_backbone.featurizer.blocks.14.attn.proj
[official-awq] 60/198 vision_backbone.featurizer.blocks.14.mlp.fc1
[official-awq] 61/198 vision_backbone.featurizer.blocks.14.mlp.fc2
[official-awq] 62/198 vision_backbone.featurizer.blocks.15.attn.qkv
[official-awq] 63/198 vision_backbone.featurizer.blocks.15.attn.proj
[official-awq] 64/198 vision_backbone.featurizer.blocks.15.mlp.fc1
[official-awq] 65/198 vision_backbone.featurizer.blocks.15.mlp.fc2
[official-awq] 66/198 vision_backbone.featurizer.blocks.16.attn.qkv
[official-awq] 67/198 vision_backbone.featurizer.blocks.16.attn.proj
[official-awq] 68/198 vision_backbone.featurizer.blocks.16.mlp.fc1
[official-awq] 69/198 vision_backbone.featurizer.blocks.16.mlp.fc2
[official-awq] 70/198 vision_backbone.featurizer.blocks.17.attn.qkv
[official-awq] 71/198 vision_backbone.featurizer.blocks.17.attn.proj
[official-awq] 72/198 vision_backbone.featurizer.blocks.17.mlp.fc1
[official-awq] 73/198 vision_backbone.featurizer.blocks.17.mlp.fc2
[official-awq] 74/198 vision_backbone.featurizer.blocks.18.attn.qkv
[official-awq] 75/198 vision_backbone.featurizer.blocks.18.attn.proj
[official-awq] 76/198 vision_backbone.featurizer.blocks.18.mlp.fc1
[official-awq] 77/198 vision_backbone.featurizer.blocks.18.mlp.fc2
[official-awq] 78/198 vision_backbone.featurizer.blocks.19.attn.qkv
[official-awq] 79/198 vision_backbone.featurizer.blocks.19.attn.proj
[official-awq] 80/198 vision_backbone.featurizer.blocks.19.mlp.fc1
[official-awq] 81/198 vision_backbone.featurizer.blocks.19.mlp.fc2
[official-awq] 82/198 vision_backbone.featurizer.blocks.20.attn.qkv
[official-awq] 83/198 vision_backbone.featurizer.blocks.20.attn.proj
[official-awq] 84/198 vision_backbone.featurizer.blocks.20.mlp.fc1
[official-awq] 85/198 vision_backbone.featurizer.blocks.20.mlp.fc2
[official-awq] 86/198 vision_backbone.featurizer.blocks.21.attn.qkv
[official-awq] 87/198 vision_backbone.featurizer.blocks.21.attn.proj
[official-awq] 88/198 vision_backbone.featurizer.blocks.21.mlp.fc1
[official-awq] 89/198 vision_backbone.featurizer.blocks.21.mlp.fc2
[official-awq] 90/198 vision_backbone.featurizer.blocks.22.attn.qkv
[official-awq] 91/198 vision_backbone.featurizer.blocks.22.attn.proj
[official-awq] 92/198 vision_backbone.featurizer.blocks.22.mlp.fc1
[official-awq] 93/198 vision_backbone.featurizer.blocks.22.mlp.fc2
[official-awq] 94/198 vision_backbone.fused_featurizer.patch_embed.proj
[official-awq] 95/198 vision_backbone.fused_featurizer.blocks.0.attn.qkv
[official-awq] 96/198 vision_backbone.fused_featurizer.blocks.0.attn.proj
[official-awq] 97/198 vision_backbone.fused_featurizer.blocks.0.mlp.fc1
[official-awq] 98/198 vision_backbone.fused_featurizer.blocks.0.mlp.fc2
[official-awq] 99/198 vision_backbone.fused_featurizer.blocks.1.attn.qkv
[official-awq] 100/198 vision_backbone.fused_featurizer.blocks.1.attn.proj
[official-awq] 101/198 vision_backbone.fused_featurizer.blocks.1.mlp.fc1
[official-awq] 102/198 vision_backbone.fused_featurizer.blocks.1.mlp.fc2
[official-awq] 103/198 vision_backbone.fused_featurizer.blocks.2.attn.qkv
[official-awq] 104/198 vision_backbone.fused_featurizer.blocks.2.attn.proj
[official-awq] 105/198 vision_backbone.fused_featurizer.blocks.2.mlp.fc1
[official-awq] 106/198 vision_backbone.fused_featurizer.blocks.2.mlp.fc2
[official-awq] 107/198 vision_backbone.fused_featurizer.blocks.3.attn.qkv
[official-awq] 108/198 vision_backbone.fused_featurizer.blocks.3.attn.proj
[official-awq] 109/198 vision_backbone.fused_featurizer.blocks.3.mlp.fc1
[official-awq] 110/198 vision_backbone.fused_featurizer.blocks.3.mlp.fc2
[official-awq] 111/198 vision_backbone.fused_featurizer.blocks.4.attn.qkv
[official-awq] 112/198 vision_backbone.fused_featurizer.blocks.4.attn.proj
[official-awq] 113/198 vision_backbone.fused_featurizer.blocks.4.mlp.fc1
[official-awq] 114/198 vision_backbone.fused_featurizer.blocks.4.mlp.fc2
[official-awq] 115/198 vision_backbone.fused_featurizer.blocks.5.attn.qkv
[official-awq] 116/198 vision_backbone.fused_featurizer.blocks.5.attn.proj
[official-awq] 117/198 vision_backbone.fused_featurizer.blocks.5.mlp.fc1
[official-awq] 118/198 vision_backbone.fused_featurizer.blocks.5.mlp.fc2
[official-awq] 119/198 vision_backbone.fused_featurizer.blocks.6.attn.qkv
<frozen importlib._bootstrap>:283: DeprecationWarning: the load_module() method is deprecated and slated for removal in Python 3.12; use exec_module() instead
[official-awq] 120/198 vision_backbone.fused_featurizer.blocks.6.attn.proj
[official-awq] 121/198 vision_backbone.fused_featurizer.blocks.6.mlp.fc1
[official-awq] 122/198 vision_backbone.fused_featurizer.blocks.6.mlp.fc2
[official-awq] 123/198 vision_backbone.fused_featurizer.blocks.7.attn.qkv
[official-awq] 124/198 vision_backbone.fused_featurizer.blocks.7.attn.proj
[official-awq] 125/198 vision_backbone.fused_featurizer.blocks.7.mlp.fc1
[official-awq] 126/198 vision_backbone.fused_featurizer.blocks.7.mlp.fc2
[official-awq] 127/198 vision_backbone.fused_featurizer.blocks.8.attn.qkv
[official-awq] 128/198 vision_backbone.fused_featurizer.blocks.8.attn.proj
[official-awq] 129/198 vision_backbone.fused_featurizer.blocks.8.mlp.fc1
[official-awq] 130/198 vision_backbone.fused_featurizer.blocks.8.mlp.fc2
[official-awq] 131/198 vision_backbone.fused_featurizer.blocks.9.attn.qkv
[official-awq] 132/198 vision_backbone.fused_featurizer.blocks.9.attn.proj
[official-awq] 133/198 vision_backbone.fused_featurizer.blocks.9.mlp.fc1
[official-awq] 134/198 vision_backbone.fused_featurizer.blocks.9.mlp.fc2
[official-awq] 135/198 vision_backbone.fused_featurizer.blocks.10.attn.qkv
[official-awq] 136/198 vision_backbone.fused_featurizer.blocks.10.attn.proj
[official-awq] 137/198 vision_backbone.fused_featurizer.blocks.10.mlp.fc1
[official-awq] 138/198 vision_backbone.fused_featurizer.blocks.10.mlp.fc2
[official-awq] 139/198 vision_backbone.fused_featurizer.blocks.11.attn.qkv
[official-awq] 140/198 vision_backbone.fused_featurizer.blocks.11.attn.proj
[official-awq] 141/198 vision_backbone.fused_featurizer.blocks.11.mlp.fc1
[official-awq] 142/198 vision_backbone.fused_featurizer.blocks.11.mlp.fc2
[official-awq] 143/198 vision_backbone.fused_featurizer.blocks.12.attn.qkv
[official-awq] 144/198 vision_backbone.fused_featurizer.blocks.12.attn.proj
[official-awq] 145/198 vision_backbone.fused_featurizer.blocks.12.mlp.fc1
[official-awq] 146/198 vision_backbone.fused_featurizer.blocks.12.mlp.fc2
[official-awq] 147/198 vision_backbone.fused_featurizer.blocks.13.attn.qkv
[official-awq] 148/198 vision_backbone.fused_featurizer.blocks.13.attn.proj
[official-awq] 149/198 vision_backbone.fused_featurizer.blocks.13.mlp.fc1
[official-awq] 150/198 vision_backbone.fused_featurizer.blocks.13.mlp.fc2
[official-awq] 151/198 vision_backbone.fused_featurizer.blocks.14.attn.qkv
[official-awq] 152/198 vision_backbone.fused_featurizer.blocks.14.attn.proj
[official-awq] 153/198 vision_backbone.fused_featurizer.blocks.14.mlp.fc1
[official-awq] 154/198 vision_backbone.fused_featurizer.blocks.14.mlp.fc2
[official-awq] 155/198 vision_backbone.fused_featurizer.blocks.15.attn.qkv
[official-awq] 156/198 vision_backbone.fused_featurizer.blocks.15.attn.proj
[official-awq] 157/198 vision_backbone.fused_featurizer.blocks.15.mlp.fc1
[official-awq] 158/198 vision_backbone.fused_featurizer.blocks.15.mlp.fc2
[official-awq] 159/198 vision_backbone.fused_featurizer.blocks.16.attn.qkv
[official-awq] 160/198 vision_backbone.fused_featurizer.blocks.16.attn.proj
[official-awq] 161/198 vision_backbone.fused_featurizer.blocks.16.mlp.fc1
[official-awq] 162/198 vision_backbone.fused_featurizer.blocks.16.mlp.fc2
[official-awq] 163/198 vision_backbone.fused_featurizer.blocks.17.attn.qkv
[official-awq] 164/198 vision_backbone.fused_featurizer.blocks.17.attn.proj
[official-awq] 165/198 vision_backbone.fused_featurizer.blocks.17.mlp.fc1
[official-awq] 166/198 vision_backbone.fused_featurizer.blocks.17.mlp.fc2
[official-awq] 167/198 vision_backbone.fused_featurizer.blocks.18.attn.qkv
[official-awq] 168/198 vision_backbone.fused_featurizer.blocks.18.attn.proj
[official-awq] 169/198 vision_backbone.fused_featurizer.blocks.18.mlp.fc1
[official-awq] 170/198 vision_backbone.fused_featurizer.blocks.18.mlp.fc2
[official-awq] 171/198 vision_backbone.fused_featurizer.blocks.19.attn.qkv
[official-awq] 172/198 vision_backbone.fused_featurizer.blocks.19.attn.proj
[official-awq] 173/198 vision_backbone.fused_featurizer.blocks.19.mlp.fc1
[official-awq] 174/198 vision_backbone.fused_featurizer.blocks.19.mlp.fc2
[official-awq] 175/198 vision_backbone.fused_featurizer.blocks.20.attn.qkv
[official-awq] 176/198 vision_backbone.fused_featurizer.blocks.20.attn.proj
[official-awq] 177/198 vision_backbone.fused_featurizer.blocks.20.mlp.fc1
[official-awq] 178/198 vision_backbone.fused_featurizer.blocks.20.mlp.fc2
[official-awq] 179/198 vision_backbone.fused_featurizer.blocks.21.attn.qkv
[official-awq] 180/198 vision_backbone.fused_featurizer.blocks.21.attn.proj
[official-awq] 181/198 vision_backbone.fused_featurizer.blocks.21.mlp.fc1
[official-awq] 182/198 vision_backbone.fused_featurizer.blocks.21.mlp.fc2
[official-awq] 183/198 vision_backbone.fused_featurizer.blocks.22.attn.qkv
[official-awq] 184/198 vision_backbone.fused_featurizer.blocks.22.attn.proj
[official-awq] 185/198 vision_backbone.fused_featurizer.blocks.22.mlp.fc1
[official-awq] 186/198 vision_backbone.fused_featurizer.blocks.22.mlp.fc2
[official-awq] 187/198 vision_backbone.fused_featurizer.blocks.23.attn.qkv
[official-awq] 188/198 vision_backbone.fused_featurizer.blocks.23.attn.proj
[official-awq] 189/198 vision_backbone.fused_featurizer.blocks.23.mlp.fc1
[official-awq] 190/198 vision_backbone.fused_featurizer.blocks.23.mlp.fc2
[official-awq] 191/198 vision_backbone.fused_featurizer.blocks.24.attn.qkv
[official-awq] 192/198 vision_backbone.fused_featurizer.blocks.24.attn.proj
[official-awq] 193/198 vision_backbone.fused_featurizer.blocks.24.mlp.fc1
[official-awq] 194/198 vision_backbone.fused_featurizer.blocks.24.mlp.fc2
[official-awq] 195/198 vision_backbone.fused_featurizer.blocks.25.attn.qkv
[official-awq] 196/198 vision_backbone.fused_featurizer.blocks.25.attn.proj
[official-awq] 197/198 vision_backbone.fused_featurizer.blocks.25.mlp.fc1
[official-awq] 198/198 vision_backbone.fused_featurizer.blocks.25.mlp.fc2
[official-quant] method=awq weight_bits=2 activation_bits=16 profile_targets=422 scope=vision
[official-quant] BF16 exclusions=projector,proprio_projector,action_head,embeddings,norms
[official-quant] candidate={"applied_target_bits": {"2": 198}, "applied_targets": 198, "name": "w2-no-clip-primary-g64", "profiles": [{"path": "/root/autodl-tmp/qvla-repro/artifacts/awq-spatial-20260912-163735-1136/profiles/w2.pt", "sha256": "4fe1d2aa9a4e89fbaa5f9eb358ac6526d899195f774378b476742b801c7f4ccc"}, {"path": "/root/autodl-tmp/qvla-repro/artifacts/awq-primary-group-20260913-213127-3342/profiles/w2-g64.pt", "sha256": "947a849114a402978ae60995a652cd3212ded8d66f6ee7e0f3eeb3484712b3b8"}], "removed_language_clips": 160, "scope": "vision", "target_group_counts": {"128": 329, "64": 93}, "w4_layers": ""}
[official-quant] using preloaded model
09/17 [20:25:36] INFO     | >> Logging to local log file: run_libero_eval.py:223
                          /root/autodl-tmp/qvla-repro/eva                       
                          l/awq-scope-shard-vision-w2-05-                       
                          14-20260917-202448-31883/vision                       
                          -w2/EVAL-libero_spatial-openvla                       
                          -2026_09_17-20_25_12.txt                              
                 INFO     | >> SEED_PROTOCOL {"env_seed": run_libero_eval.py:238
                          0, "model_seed": 0, "protocol":                       
                          "paired",                                             
                          "pythonhashseed_at_launch":                           
                          "0", "runner_sha256":                                 
                          "fe37e8097c286e1946e5194a1f817a                       
                          2b2362d167a6a5a49443c5aa20314d8                       
                          873", "strict": false}                                
[info] using task orders [0, 1, 2, 3, 4, 5, 6, 7, 8, 9]
                 INFO     | >> Task suite: libero_spatial run_libero_eval.py:238
  0%|          | 0/10 [00:00<?, ?it/s]                 INFO     | >> Using default initial      run_libero_eval.py:238
                          states                                                

  0%|          | 0/10 [00:00<?, ?it/s][A09/17 [20:25:39] INFO     | >>                            run_libero_eval.py:238
                          Task: pick up the black bowl                          
                          between the plate and the                             
                          ramekin and place it on the                           
                          plate                                                 
                 INFO     | >> Starting episode 1...      run_libero_eval.py:238
                 INFO     | >> EPISODE_MANIFEST           run_libero_eval.py:238
                          {"env_seed": 2920509582,                              
                          "init_state_dtype": "float64",                        
                          "init_state_index": 5,                                
                          "init_state_sha256":                                  
                          "c9c2f8022034e9a0705daab34a7f5b                       
                          f9947ac939dfc5cf5a0ab493a377028                       
                          a02", "init_state_shape": [92],                       
                          "model_seed": 4110909047,                             
                          "protocol": "paired",                                 
                          "task_id": 0}                                         
huggingface/tokenizers: The current process just got forked, after parallelism has already been used. Disabling parallelism to avoid deadlocks...
To disable this warning, you can either:
	- Avoid using `tokenizers` before the fork if possible
	- Explicitly set the environment variable TOKENIZERS_PARALLELISM=(true | false)
Saved rollout MP4 at path ./rollouts/2026_09_17/2026_09_17-20_25_12--openvla_oft--episode=1--success=True--task=pick_up_the_black_bowl_between_the_plate_and_the_r.mp4
09/17 [20:25:47] INFO     | >> Success: True              run_libero_eval.py:238
                 INFO     | >> # episodes completed so    run_libero_eval.py:238
                          far: 1                                                
                 INFO     | >> # successes: 1 (100.0%)    run_libero_eval.py:238

 10%|█         | 1/10 [00:08<01:12,  8.07s/it][A                 INFO     | >>                            run_libero_eval.py:238
                          Task: pick up the black bowl                          
                          between the plate and the                             
                          ramekin and place it on the                           
                          plate                                                 
                 INFO     | >> Starting episode 2...      run_libero_eval.py:238
                 INFO     | >> EPISODE_MANIFEST           run_libero_eval.py:238
                          {"env_seed": 90430444,                                
                          "init_state_dtype": "float64",                        
                          "init_state_index": 6,                                
                          "init_state_sha256":                                  
                          "784dba596f01025199c62c3e262748                       
                          c68f1f3b6ff92df2fd36aab8b5263bc                       
                          0ce", "init_state_shape": [92],                       
                          "model_seed": 3154189564,                             
                          "protocol": "paired",                                 
                          "task_id": 0}                                         
huggingface/tokenizers: The current process just got forked, after parallelism has already been used. Disabling parallelism to avoid deadlocks...
To disable this warning, you can either:
	- Avoid using `tokenizers` before the fork if possible
	- Explicitly set the environment variable TOKENIZERS_PARALLELISM=(true | false)
Saved rollout MP4 at path ./rollouts/2026_09_17/2026_09_17-20_25_12--openvla_oft--episode=2--success=True--task=pick_up_the_black_bowl_between_the_plate_and_the_r.mp4
09/17 [20:25:54] INFO     | >> Success: True              run_libero_eval.py:238
                 INFO     | >> # episodes completed so    run_libero_eval.py:238
                          far: 2                                                
                 INFO     | >> # successes: 2 (100.0%)    run_libero_eval.py:238

 20%|██        | 2/10 [00:15<01:01,  7.68s/it][A                 INFO     | >>                            run_libero_eval.py:238
                          Task: pick up the black bowl                          
                          between the plate and the                             
                          ramekin and place it on the                           
                          plate                                                 
                 INFO     | >> Starting episode 3...      run_libero_eval.py:238
                 INFO     | >> EPISODE_MANIFEST           run_libero_eval.py:238
                          {"env_seed": 2593257767,                              
                          "init_state_dtype": "float64",                        
                          "init_state_index": 7,                                
                          "init_state_sha256":                                  
                          "d297dd693cb3e13a607d16f211730e                       
                          28c50b463f597f066ef2a424a8a0361                       
                          86c", "init_state_shape": [92],                       
                          "model_seed": 3181712472,                             
                          "protocol": "paired",                                 
                          "task_id": 0}                                         
huggingface/tokenizers: The current process just got forked, after parallelism has already been used. Disabling parallelism to avoid deadlocks...
To disable this warning, you can either:
	- Avoid using `tokenizers` before the fork if possible
	- Explicitly set the environment variable TOKENIZERS_PARALLELISM=(true | false)
Saved rollout MP4 at path ./rollouts/2026_09_17/2026_09_17-20_25_12--openvla_oft--episode=3--success=True--task=pick_up_the_black_bowl_between_the_plate_and_the_r.mp4
09/17 [20:26:02] INFO     | >> Success: True              run_libero_eval.py:238
                 INFO     | >> # episodes completed so    run_libero_eval.py:238
                          far: 3                                                
                 INFO     | >> # successes: 3 (100.0%)    run_libero_eval.py:238

 30%|███       | 3/10 [00:23<00:54,  7.77s/it][A                 INFO     | >>                            run_libero_eval.py:238
                          Task: pick up the black bowl                          
                          between the plate and the                             
                          ramekin and place it on the                           
                          plate                                                 
                 INFO     | >> Starting episode 4...      run_libero_eval.py:238
                 INFO     | >> EPISODE_MANIFEST           run_libero_eval.py:238
                          {"env_seed": 3459110301,                              
                          "init_state_dtype": "float64",                        
                          "init_state_index": 8,                                
                          "init_state_sha256":                                  
                          "3f628d77bb395ff9ff2b248e18e5de                       
                          a19d9b1103ed48b55df4eafa29188bd                       
                          9f0", "init_state_shape": [92],                       
                          "model_seed": 441765833,                              
                          "protocol": "paired",                                 
                          "task_id": 0}                                         
huggingface/tokenizers: The current process just got forked, after parallelism has already been used. Disabling parallelism to avoid deadlocks...
To disable this warning, you can either:
	- Avoid using `tokenizers` before the fork if possible
	- Explicitly set the environment variable TOKENIZERS_PARALLELISM=(true | false)
Saved rollout MP4 at path ./rollouts/2026_09_17/2026_09_17-20_25_12--openvla_oft--episode=4--success=True--task=pick_up_the_black_bowl_between_the_plate_and_the_r.mp4
09/17 [20:26:10] INFO     | >> Success: True              run_libero_eval.py:238
                 INFO     | >> # episodes completed so    run_libero_eval.py:238
                          far: 4                                                
                 INFO     | >> # successes: 4 (100.0%)    run_libero_eval.py:238

 40%|████      | 4/10 [00:31<00:46,  7.72s/it][A                 INFO     | >>                            run_libero_eval.py:238
                          Task: pick up the black bowl                          
                          between the plate and the                             
                          ramekin and place it on the                           
                          plate                                                 
                 INFO     | >> Starting episode 5...      run_libero_eval.py:238
                 INFO     | >> EPISODE_MANIFEST           run_libero_eval.py:238
                          {"env_seed": 3221137945,                              
                          "init_state_dtype": "float64",                        
                          "init_state_index": 9,                                
                          "init_state_sha256":                                  
                          "6ccefe4bd69954c98ddc32f1acdcff                       
                          81b5a66ed4304391089bbc027172b66                       
                          d64", "init_state_shape": [92],                       
                          "model_seed": 1987439733,                             
                          "protocol": "paired",                                 
                          "task_id": 0}                                         
huggingface/tokenizers: The current process just got forked, after parallelism has already been used. Disabling parallelism to avoid deadlocks...
To disable this warning, you can either:
	- Avoid using `tokenizers` before the fork if possible
	- Explicitly set the environment variable TOKENIZERS_PARALLELISM=(true | false)
Saved rollout MP4 at path ./rollouts/2026_09_17/2026_09_17-20_25_12--openvla_oft--episode=5--success=True--task=pick_up_the_black_bowl_between_the_plate_and_the_r.mp4
09/17 [20:26:18] INFO     | >> Success: True              run_libero_eval.py:238
                 INFO     | >> # episodes completed so    run_libero_eval.py:238
                          far: 5                                                
                 INFO     | >> # successes: 5 (100.0%)    run_libero_eval.py:238

 50%|█████     | 5/10 [00:38<00:38,  7.74s/it][A                 INFO     | >>                            run_libero_eval.py:238
                          Task: pick up the black bowl                          
                          between the plate and the                             
                          ramekin and place it on the                           
                          plate                                                 
                 INFO     | >> Starting episode 6...      run_libero_eval.py:238
                 INFO     | >> EPISODE_MANIFEST           run_libero_eval.py:238
                          {"env_seed": 1329864394,                              
                          "init_state_dtype": "float64",                        
                          "init_state_index": 10,                               
                          "init_state_sha256":                                  
                          "f6ce6f7f25326bedc23933bb436b5f                       
                          6eb4810cef61184635c75395e557e18                       
                          08f", "init_state_shape": [92],                       
                          "model_seed": 3620232980,                             
                          "protocol": "paired",                                 
                          "task_id": 0}                                         
huggingface/tokenizers: The current process just got forked, after parallelism has already been used. Disabling parallelism to avoid deadlocks...
To disable this warning, you can either:
	- Avoid using `tokenizers` before the fork if possible
	- Explicitly set the environment variable TOKENIZERS_PARALLELISM=(true | false)
Saved rollout MP4 at path ./rollouts/2026_09_17/2026_09_17-20_25_12--openvla_oft--episode=6--success=True--task=pick_up_the_black_bowl_between_the_plate_and_the_r.mp4
09/17 [20:26:25] INFO     | >> Success: True              run_libero_eval.py:238
                 INFO     | >> # episodes completed so    run_libero_eval.py:238
                          far: 6                                                
                 INFO     | >> # successes: 6 (100.0%)    run_libero_eval.py:238

 60%|██████    | 6/10 [00:46<00:30,  7.64s/it][A                 INFO     | >>                            run_libero_eval.py:238
                          Task: pick up the black bowl                          
                          between the plate and the                             
                          ramekin and place it on the                           
                          plate                                                 
                 INFO     | >> Starting episode 7...      run_libero_eval.py:238
                 INFO     | >> EPISODE_MANIFEST           run_libero_eval.py:238
                          {"env_seed": 3367941717,                              
                          "init_state_dtype": "float64",                        
                          "init_state_index": 11,                               
                          "init_state_sha256":                                  
                          "f9b377d4c4ca5e3bef55b3eff25992                       
                          29c22f2d944cd5df22c9a8b68882d9d                       
                          c11", "init_state_shape": [92],                       
                          "model_seed": 2622996838,                             
                          "protocol": "paired",                                 
                          "task_id": 0}                                         
huggingface/tokenizers: The current process just got forked, after parallelism has already been used. Disabling parallelism to avoid deadlocks...
To disable this warning, you can either:
	- Avoid using `tokenizers` before the fork if possible
	- Explicitly set the environment variable TOKENIZERS_PARALLELISM=(true | false)
Saved rollout MP4 at path ./rollouts/2026_09_17/2026_09_17-20_25_12--openvla_oft--episode=7--success=True--task=pick_up_the_black_bowl_between_the_plate_and_the_r.mp4
09/17 [20:26:33] INFO     | >> Success: True              run_libero_eval.py:238
                 INFO     | >> # episodes completed so    run_libero_eval.py:238
                          far: 7                                                
                 INFO     | >> # successes: 7 (100.0%)    run_libero_eval.py:238

 70%|███████   | 7/10 [00:53<00:22,  7.63s/it][A                 INFO     | >>                            run_libero_eval.py:238
                          Task: pick up the black bowl                          
                          between the plate and the                             
                          ramekin and place it on the                           
                          plate                                                 
                 INFO     | >> Starting episode 8...      run_libero_eval.py:238
                 INFO     | >> EPISODE_MANIFEST           run_libero_eval.py:238
                          {"env_seed": 1261377523,                              
                          "init_state_dtype": "float64",                        
                          "init_state_index": 12,                               
                          "init_state_sha256":                                  
                          "504db0289ad1061538940e63d39bcf                       
                          c82bf536dbf5f9083a1692a0e3a2852                       
                          d79", "init_state_shape": [92],                       
                          "model_seed": 3415611406,                             
                          "protocol": "paired",                                 
                          "task_id": 0}                                         
huggingface/tokenizers: The current process just got forked, after parallelism has already been used. Disabling parallelism to avoid deadlocks...
To disable this warning, you can either:
	- Avoid using `tokenizers` before the fork if possible
	- Explicitly set the environment variable TOKENIZERS_PARALLELISM=(true | false)
Saved rollout MP4 at path ./rollouts/2026_09_17/2026_09_17-20_25_12--openvla_oft--episode=8--success=True--task=pick_up_the_black_bowl_between_the_plate_and_the_r.mp4
09/17 [20:26:41] INFO     | >> Success: True              run_libero_eval.py:238
                 INFO     | >> # episodes completed so    run_libero_eval.py:238
                          far: 8                                                
                 INFO     | >> # successes: 8 (100.0%)    run_libero_eval.py:238

 80%|████████  | 8/10 [01:01<00:15,  7.69s/it][A                 INFO     | >>                            run_libero_eval.py:238
                          Task: pick up the black bowl                          
                          between the plate and the                             
                          ramekin and place it on the                           
                          plate                                                 
                 INFO     | >> Starting episode 9...      run_libero_eval.py:238
                 INFO     | >> EPISODE_MANIFEST           run_libero_eval.py:238
                          {"env_seed": 2986157208,                              
                          "init_state_dtype": "float64",                        
                          "init_state_index": 13,                               
                          "init_state_sha256":                                  
                          "2fd168faf38ffee7943a97f4f9589b                       
                          8e4ed4acb89670c3004a6541dcc4925                       
                          bc6", "init_state_shape": [92],                       
                          "model_seed": 487119605,                              
                          "protocol": "paired",                                 
                          "task_id": 0}                                         
huggingface/tokenizers: The current process just got forked, after parallelism has already been used. Disabling parallelism to avoid deadlocks...
To disable this warning, you can either:
	- Avoid using `tokenizers` before the fork if possible
	- Explicitly set the environment variable TOKENIZERS_PARALLELISM=(true | false)
Saved rollout MP4 at path ./rollouts/2026_09_17/2026_09_17-20_25_12--openvla_oft--episode=9--success=True--task=pick_up_the_black_bowl_between_the_plate_and_the_r.mp4
09/17 [20:26:48] INFO     | >> Success: True              run_libero_eval.py:238
                 INFO     | >> # episodes completed so    run_libero_eval.py:238
                          far: 9                                                
                 INFO     | >> # successes: 9 (100.0%)    run_libero_eval.py:238

 90%|█████████ | 9/10 [01:09<00:07,  7.60s/it][A                 INFO     | >>                            run_libero_eval.py:238
                          Task: pick up the black bowl                          
                          between the plate and the                             
                          ramekin and place it on the                           
                          plate                                                 
                 INFO     | >> Starting episode 10...     run_libero_eval.py:238
                 INFO     | >> EPISODE_MANIFEST           run_libero_eval.py:238
                          {"env_seed": 3224135206,                              
                          "init_state_dtype": "float64",                        
                          "init_state_index": 14,                               
                          "init_state_sha256":                                  
                          "a695298e9ef752b05e4d30c817ab1e                       
                          2061a6136d65242dac7a2cce63f858b                       
                          9fd", "init_state_shape": [92],                       
                          "model_seed": 4123379645,                             
                          "protocol": "paired",                                 
                          "task_id": 0}                                         
huggingface/tokenizers: The current process just got forked, after parallelism has already been used. Disabling parallelism to avoid deadlocks...
To disable this warning, you can either:
	- Avoid using `tokenizers` before the fork if possible
	- Explicitly set the environment variable TOKENIZERS_PARALLELISM=(true | false)
Saved rollout MP4 at path ./rollouts/2026_09_17/2026_09_17-20_25_12--openvla_oft--episode=10--success=True--task=pick_up_the_black_bowl_between_the_plate_and_the_r.mp4
09/17 [20:26:56] INFO     | >> Success: True              run_libero_eval.py:238
                 INFO     | >> # episodes completed so    run_libero_eval.py:238
                          far: 10                                               
                 INFO     | >> # successes: 10 (100.0%)   run_libero_eval.py:238

100%|██████████| 10/10 [01:16<00:00,  7.62s/it][A100%|██████████| 10/10 [01:16<00:00,  7.67s/it]
                 INFO     | >> Current task success rate: run_libero_eval.py:238
                          1.0                                                   
                 INFO     | >> Current total success      run_libero_eval.py:238
                          rate: 1.0                                             
 10%|█         | 1/10 [01:20<12:02, 80.23s/it]                 INFO     | >> Using default initial      run_libero_eval.py:238
                          states                                                

  0%|          | 0/10 [00:00<?, ?it/s][A09/17 [20:26:59] INFO     | >>                            run_libero_eval.py:238
                          Task: pick up the black bowl                          
                          next to the ramekin and place                         
                          it on the plate                                       
                 INFO     | >> Starting episode 1...      run_libero_eval.py:238
                 INFO     | >> EPISODE_MANIFEST           run_libero_eval.py:238
                          {"env_seed": 2720709901,                              
                          "init_state_dtype": "float64",                        
                          "init_state_index": 5,                                
                          "init_state_sha256":                                  
                          "d0345028d24b7dda175db33c7eb0e5                       
                          c1d4df2fdf5620c51dd3641fdc77750                       
                          964", "init_state_shape": [92],                       
                          "model_seed": 2466788813,                             
                          "protocol": "paired",                                 
                          "task_id": 1}                                         
huggingface/tokenizers: The current process just got forked, after parallelism has already been used. Disabling parallelism to avoid deadlocks...
To disable this warning, you can either:
	- Avoid using `tokenizers` before the fork if possible
	- Explicitly set the environment variable TOKENIZERS_PARALLELISM=(true | false)
Saved rollout MP4 at path ./rollouts/2026_09_17/2026_09_17-20_25_12--openvla_oft--episode=11--success=True--task=pick_up_the_black_bowl_next_to_the_ramekin_and_pla.mp4
09/17 [20:27:07] INFO     | >> Success: True              run_libero_eval.py:238
                 INFO     | >> # episodes completed so    run_libero_eval.py:238
                          far: 11                                               
                 INFO     | >> # successes: 11 (100.0%)   run_libero_eval.py:238

 10%|█         | 1/10 [00:08<01:13,  8.20s/it][A                 INFO     | >>                            run_libero_eval.py:238
                          Task: pick up the black bowl                          
                          next to the ramekin and place                         
                          it on the plate                                       
                 INFO     | >> Starting episode 2...      run_libero_eval.py:238
                 INFO     | >> EPISODE_MANIFEST           run_libero_eval.py:238
                          {"env_seed": 1980140999,                              
                          "init_state_dtype": "float64",                        
                          "init_state_index": 6,                                
                          "init_state_sha256":                                  
                          "74548b977713394a062b37d064eb85                       
                          7cc795b1dd9e3dd6f72236514b2f854                       
                          04c", "init_state_shape": [92],                       
                          "model_seed": 2663980325,                             
                          "protocol": "paired",                                 
                          "task_id": 1}                                         
huggingface/tokenizers: The current process just got forked, after parallelism has already been used. Disabling parallelism to avoid deadlocks...
To disable this warning, you can either:
	- Avoid using `tokenizers` before the fork if possible
	- Explicitly set the environment variable TOKENIZERS_PARALLELISM=(true | false)
Saved rollout MP4 at path ./rollouts/2026_09_17/2026_09_17-20_25_12--openvla_oft--episode=12--success=True--task=pick_up_the_black_bowl_next_to_the_ramekin_and_pla.mp4
09/17 [20:27:15] INFO     | >> Success: True              run_libero_eval.py:238
                 INFO     | >> # episodes completed so    run_libero_eval.py:238
                          far: 12                                               
                 INFO     | >> # successes: 12 (100.0%)   run_libero_eval.py:238

 20%|██        | 2/10 [00:16<01:06,  8.27s/it][A                 INFO     | >>                            run_libero_eval.py:238
                          Task: pick up the black bowl                          
                          next to the ramekin and place                         
                          it on the plate                                       
                 INFO     | >> Starting episode 3...      run_libero_eval.py:238
                 INFO     | >> EPISODE_MANIFEST           run_libero_eval.py:238
                          {"env_seed": 355043717,                               
                          "init_state_dtype": "float64",                        
                          "init_state_index": 7,                                
                          "init_state_sha256":                                  
                          "a45364f84a9e141a83181828fb6b8f                       
                          b37a162e7e85d8636fa891064717f1f                       
                          95e", "init_state_shape": [92],                       
                          "model_seed": 1895985625,                             
                          "protocol": "paired",                                 
                          "task_id": 1}                                         
huggingface/tokenizers: The current process just got forked, after parallelism has already been used. Disabling parallelism to avoid deadlocks...
To disable this warning, you can either:
	- Avoid using `tokenizers` before the fork if possible
	- Explicitly set the environment variable TOKENIZERS_PARALLELISM=(true | false)
Saved rollout MP4 at path ./rollouts/2026_09_17/2026_09_17-20_25_12--openvla_oft--episode=13--success=False--task=pick_up_the_black_bowl_next_to_the_ramekin_and_pla.mp4
09/17 [20:27:30] INFO     | >> Success: False             run_libero_eval.py:238
                 INFO     | >> # episodes completed so    run_libero_eval.py:238
                          far: 13                                               
                 INFO     | >> # successes: 12 (92.3%)    run_libero_eval.py:238

 30%|███       | 3/10 [00:30<01:16, 10.92s/it][A                 INFO     | >>                            run_libero_eval.py:238
                          Task: pick up the black bowl                          
                          next to the ramekin and place                         
                          it on the plate                                       
                 INFO     | >> Starting episode 4...      run_libero_eval.py:238
                 INFO     | >> EPISODE_MANIFEST           run_libero_eval.py:238
                          {"env_seed": 4285867666,                              
                          "init_state_dtype": "float64",                        
                          "init_state_index": 8,                                
                          "init_state_sha256":                                  
                          "dec62b7a7f186620b39af37c335407                       
                          1d3b720a7c93e5de1ca14e54f28bc76                       
                          d41", "init_state_shape": [92],                       
                          "model_seed": 751507276,                              
                          "protocol": "paired",                                 
                          "task_id": 1}                                         
huggingface/tokenizers: The current process just got forked, after parallelism has already been used. Disabling parallelism to avoid deadlocks...
To disable this warning, you can either:
	- Avoid using `tokenizers` before the fork if possible
	- Explicitly set the environment variable TOKENIZERS_PARALLELISM=(true | false)
Saved rollout MP4 at path ./rollouts/2026_09_17/2026_09_17-20_25_12--openvla_oft--episode=14--success=False--task=pick_up_the_black_bowl_next_to_the_ramekin_and_pla.mp4
09/17 [20:27:44] INFO     | >> Success: False             run_libero_eval.py:238
                 INFO     | >> # episodes completed so    run_libero_eval.py:238
                          far: 14                                               
                 INFO     | >> # successes: 12 (85.7%)    run_libero_eval.py:238

 40%|████      | 4/10 [00:44<01:13, 12.26s/it][A                 INFO     | >>                            run_libero_eval.py:238
                          Task: pick up the black bowl                          
                          next to the ramekin and place                         
                          it on the plate                                       
                 INFO     | >> Starting episode 5...      run_libero_eval.py:238
                 INFO     | >> EPISODE_MANIFEST           run_libero_eval.py:238
                          {"env_seed": 307292723,                               
                          "init_state_dtype": "float64",                        
                          "init_state_index": 9,                                
                          "init_state_sha256":                                  
                          "4c98afd093bda011d941abba6e2d53                       
                          d57d3b258fe56cfdfbc4dc74d50260f                       
                          9ae", "init_state_shape": [92],                       
                          "model_seed": 2609141265,                             
                          "protocol": "paired",                                 
                          "task_id": 1}                                         
huggingface/tokenizers: The current process just got forked, after parallelism has already been used. Disabling parallelism to avoid deadlocks...
To disable this warning, you can either:
	- Avoid using `tokenizers` before the fork if possible
	- Explicitly set the environment variable TOKENIZERS_PARALLELISM=(true | false)
Saved rollout MP4 at path ./rollouts/2026_09_17/2026_09_17-20_25_12--openvla_oft--episode=15--success=True--task=pick_up_the_black_bowl_next_to_the_ramekin_and_pla.mp4
09/17 [20:27:52] INFO     | >> Success: True              run_libero_eval.py:238
                 INFO     | >> # episodes completed so    run_libero_eval.py:238
                          far: 15                                               
                 INFO     | >> # successes: 13 (86.7%)    run_libero_eval.py:238

 50%|█████     | 5/10 [00:53<00:54, 10.84s/it][A                 INFO     | >>                            run_libero_eval.py:238
                          Task: pick up the black bowl                          
                          next to the ramekin and place                         
                          it on the plate                                       
                 INFO     | >> Starting episode 6...      run_libero_eval.py:238
                 INFO     | >> EPISODE_MANIFEST           run_libero_eval.py:238
                          {"env_seed": 1479659323,                              
                          "init_state_dtype": "float64",                        
                          "init_state_index": 10,                               
                          "init_state_sha256":                                  
                          "b0c9ecec06f999784b644016624af9                       
                          27deef020c8c7afee36946fd439c9f4                       
                          5d3", "init_state_shape": [92],                       
                          "model_seed": 1635856022,                             
                          "protocol": "paired",                                 
                          "task_id": 1}                                         
huggingface/tokenizers: The current process just got forked, after parallelism has already been used. Disabling parallelism to avoid deadlocks...
To disable this warning, you can either:
	- Avoid using `tokenizers` before the fork if possible
	- Explicitly set the environment variable TOKENIZERS_PARALLELISM=(true | false)
Saved rollout MP4 at path ./rollouts/2026_09_17/2026_09_17-20_25_12--openvla_oft--episode=16--success=True--task=pick_up_the_black_bowl_next_to_the_ramekin_and_pla.mp4
09/17 [20:28:01] INFO     | >> Success: True              run_libero_eval.py:238
                 INFO     | >> # episodes completed so    run_libero_eval.py:238
                          far: 16                                               
                 INFO     | >> # successes: 14 (87.5%)    run_libero_eval.py:238

 60%|██████    | 6/10 [01:01<00:39,  9.99s/it][A                 INFO     | >>                            run_libero_eval.py:238
                          Task: pick up the black bowl                          
                          next to the ramekin and place                         
                          it on the plate                                       
                 INFO     | >> Starting episode 7...      run_libero_eval.py:238
                 INFO     | >> EPISODE_MANIFEST           run_libero_eval.py:238
                          {"env_seed": 1800060776,                              
                          "init_state_dtype": "float64",                        
                          "init_state_index": 11,                               
                          "init_state_sha256":                                  
                          "dbec87b164a53746107bf8c0d65457                       
                          de9b6c7b34eb033d5feaf6484af0b33                       
                          6d3", "init_state_shape": [92],                       
                          "model_seed": 4034484714,                             
                          "protocol": "paired",                                 
                          "task_id": 1}                                         
huggingface/tokenizers: The current process just got forked, after parallelism has already been used. Disabling parallelism to avoid deadlocks...
To disable this warning, you can either:
	- Avoid using `tokenizers` before the fork if possible
	- Explicitly set the environment variable TOKENIZERS_PARALLELISM=(true | false)
Saved rollout MP4 at path ./rollouts/2026_09_17/2026_09_17-20_25_12--openvla_oft--episode=17--success=True--task=pick_up_the_black_bowl_next_to_the_ramekin_and_pla.mp4
09/17 [20:28:09] INFO     | >> Success: True              run_libero_eval.py:238
                 INFO     | >> # episodes completed so    run_libero_eval.py:238
                          far: 17                                               
                 INFO     | >> # successes: 15 (88.2%)    run_libero_eval.py:238

 70%|███████   | 7/10 [01:09<00:28,  9.45s/it][A                 INFO     | >>                            run_libero_eval.py:238
                          Task: pick up the black bowl                          
                          next to the ramekin and place                         
                          it on the plate                                       
                 INFO     | >> Starting episode 8...      run_libero_eval.py:238
                 INFO     | >> EPISODE_MANIFEST           run_libero_eval.py:238
                          {"env_seed": 4263442405,                              
                          "init_state_dtype": "float64",                        
                          "init_state_index": 12,                               
                          "init_state_sha256":                                  
                          "b006cf551055a36a035803ef84f01d                       
                          8fd6a00d1d5d2683ce2afbe0ae4b71e                       
                          bdb", "init_state_shape": [92],                       
                          "model_seed": 3143823984,                             
                          "protocol": "paired",                                 
                          "task_id": 1}                                         
huggingface/tokenizers: The current process just got forked, after parallelism has already been used. Disabling parallelism to avoid deadlocks...
To disable this warning, you can either:
	- Avoid using `tokenizers` before the fork if possible
	- Explicitly set the environment variable TOKENIZERS_PARALLELISM=(true | false)
Saved rollout MP4 at path ./rollouts/2026_09_17/2026_09_17-20_25_12--openvla_oft--episode=18--success=True--task=pick_up_the_black_bowl_next_to_the_ramekin_and_pla.mp4
09/17 [20:28:17] INFO     | >> Success: True              run_libero_eval.py:238
                 INFO     | >> # episodes completed so    run_libero_eval.py:238
                          far: 18                                               
                 INFO     | >> # successes: 16 (88.9%)    run_libero_eval.py:238

 80%|████████  | 8/10 [01:18<00:18,  9.19s/it][A                 INFO     | >>                            run_libero_eval.py:238
                          Task: pick up the black bowl                          
                          next to the ramekin and place                         
                          it on the plate                                       
                 INFO     | >> Starting episode 9...      run_libero_eval.py:238
09/17 [20:28:18] INFO     | >> EPISODE_MANIFEST           run_libero_eval.py:238
                          {"env_seed": 2824353230,                              
                          "init_state_dtype": "float64",                        
                          "init_state_index": 13,                               
                          "init_state_sha256":                                  
                          "6f694f45d065ddf64d33eb4fdcc791                       
                          477ad36584a304eea9d83b0c0545830                       
                          79b", "init_state_shape": [92],                       
                          "model_seed": 1812688483,                             
                          "protocol": "paired",                                 
                          "task_id": 1}                                         
huggingface/tokenizers: The current process just got forked, after parallelism has already been used. Disabling parallelism to avoid deadlocks...
To disable this warning, you can either:
	- Avoid using `tokenizers` before the fork if possible
	- Explicitly set the environment variable TOKENIZERS_PARALLELISM=(true | false)
Saved rollout MP4 at path ./rollouts/2026_09_17/2026_09_17-20_25_12--openvla_oft--episode=19--success=True--task=pick_up_the_black_bowl_next_to_the_ramekin_and_pla.mp4
09/17 [20:28:26] INFO     | >> Success: True              run_libero_eval.py:238
                 INFO     | >> # episodes completed so    run_libero_eval.py:238
                          far: 19                                               
                 INFO     | >> # successes: 17 (89.5%)    run_libero_eval.py:238

 90%|█████████ | 9/10 [01:27<00:09,  9.03s/it][A                 INFO     | >>                            run_libero_eval.py:238
                          Task: pick up the black bowl                          
                          next to the ramekin and place                         
                          it on the plate                                       
                 INFO     | >> Starting episode 10...     run_libero_eval.py:238
                 INFO     | >> EPISODE_MANIFEST           run_libero_eval.py:238
                          {"env_seed": 1625302639,                              
                          "init_state_dtype": "float64",                        
                          "init_state_index": 14,                               
                          "init_state_sha256":                                  
                          "0525c9e710afca2e894805d74ab686                       
                          0315c289ef216629f858714d595f164                       
                          99d", "init_state_shape": [92],                       
                          "model_seed": 3082037721,                             
                          "protocol": "paired",                                 
                          "task_id": 1}                                         
huggingface/tokenizers: The current process just got forked, after parallelism has already been used. Disabling parallelism to avoid deadlocks...
To disable this warning, you can either:
	- Avoid using `tokenizers` before the fork if possible
	- Explicitly set the environment variable TOKENIZERS_PARALLELISM=(true | false)
Saved rollout MP4 at path ./rollouts/2026_09_17/2026_09_17-20_25_12--openvla_oft--episode=20--success=False--task=pick_up_the_black_bowl_next_to_the_ramekin_and_pla.mp4
09/17 [20:28:41] INFO     | >> Success: False             run_libero_eval.py:238
                 INFO     | >> # episodes completed so    run_libero_eval.py:238
                          far: 20                                               
                 INFO     | >> # successes: 17 (85.0%)    run_libero_eval.py:238

100%|██████████| 10/10 [01:42<00:00, 10.81s/it][A100%|██████████| 10/10 [01:42<00:00, 10.20s/it]
                 INFO     | >> Current task success rate: run_libero_eval.py:238
                          0.7                                                   
                 INFO     | >> Current total success      run_libero_eval.py:238
                          rate: 0.85                                            
 20%|██        | 2/10 [03:05<12:39, 94.93s/it]                 INFO     | >> Using default initial      run_libero_eval.py:238
                          states                                                

  0%|          | 0/10 [00:00<?, ?it/s][A09/17 [20:28:44] INFO     | >>                            run_libero_eval.py:238
                          Task: pick up the black bowl                          
                          from table center and place it                        
                          on the plate                                          
                 INFO     | >> Starting episode 1...      run_libero_eval.py:238
                 INFO     | >> EPISODE_MANIFEST           run_libero_eval.py:238
                          {"env_seed": 1320153655,                              
                          "init_state_dtype": "float64",                        
                          "init_state_index": 5,                                
                          "init_state_sha256":                                  
                          "244227d010ee2b731b1226316f6f51                       
                          ddc0b589941068f68e88e7778eabf2e                       
                          302", "init_state_shape": [92],                       
                          "model_seed": 550830392,                              
                          "protocol": "paired",                                 
                          "task_id": 2}                                         
huggingface/tokenizers: The current process just got forked, after parallelism has already been used. Disabling parallelism to avoid deadlocks...
To disable this warning, you can either:
	- Avoid using `tokenizers` before the fork if possible
	- Explicitly set the environment variable TOKENIZERS_PARALLELISM=(true | false)
Saved rollout MP4 at path ./rollouts/2026_09_17/2026_09_17-20_25_12--openvla_oft--episode=21--success=True--task=pick_up_the_black_bowl_from_table_center_and_place.mp4
09/17 [20:28:53] INFO     | >> Success: True              run_libero_eval.py:238
                 INFO     | >> # episodes completed so    run_libero_eval.py:238
                          far: 21                                               
                 INFO     | >> # successes: 18 (85.7%)    run_libero_eval.py:238

 10%|█         | 1/10 [00:08<01:20,  8.91s/it][A                 INFO     | >>                            run_libero_eval.py:238
                          Task: pick up the black bowl                          
                          from table center and place it                        
                          on the plate                                          
                 INFO     | >> Starting episode 2...      run_libero_eval.py:238
                 INFO     | >> EPISODE_MANIFEST           run_libero_eval.py:238
                          {"env_seed": 3154410349,                              
                          "init_state_dtype": "float64",                        
                          "init_state_index": 6,                                
                          "init_state_sha256":                                  
                          "015663b2e58bace14677f65f8871f6                       
                          22d3c7c24fb3938114fbacaa91ff56d                       
                          38b", "init_state_shape": [92],                       
                          "model_seed": 2606276245,                             
                          "protocol": "paired",                                 
                          "task_id": 2}                                         
huggingface/tokenizers: The current process just got forked, after parallelism has already been used. Disabling parallelism to avoid deadlocks...
To disable this warning, you can either:
	- Avoid using `tokenizers` before the fork if possible
	- Explicitly set the environment variable TOKENIZERS_PARALLELISM=(true | false)
Saved rollout MP4 at path ./rollouts/2026_09_17/2026_09_17-20_25_12--openvla_oft--episode=22--success=True--task=pick_up_the_black_bowl_from_table_center_and_place.mp4
09/17 [20:29:02] INFO     | >> Success: True              run_libero_eval.py:238
                 INFO     | >> # episodes completed so    run_libero_eval.py:238
                          far: 22                                               
                 INFO     | >> # successes: 19 (86.4%)    run_libero_eval.py:238

 20%|██        | 2/10 [00:17<01:10,  8.77s/it][A                 INFO     | >>                            run_libero_eval.py:238
                          Task: pick up the black bowl                          
                          from table center and place it                        
                          on the plate                                          
                 INFO     | >> Starting episode 3...      run_libero_eval.py:238
                 INFO     | >> EPISODE_MANIFEST           run_libero_eval.py:238
                          {"env_seed": 3995789380,                              
                          "init_state_dtype": "float64",                        
                          "init_state_index": 7,                                
                          "init_state_sha256":                                  
                          "3e05dba60bf1a41c0bc853e8480cee                       
                          4f4a7c58fc86ae62cec40fdc9e5f61c                       
                          be0", "init_state_shape": [92],                       
                          "model_seed": 1923587010,                             
                          "protocol": "paired",                                 
                          "task_id": 2}                                         
huggingface/tokenizers: The current process just got forked, after parallelism has already been used. Disabling parallelism to avoid deadlocks...
To disable this warning, you can either:
	- Avoid using `tokenizers` before the fork if possible
	- Explicitly set the environment variable TOKENIZERS_PARALLELISM=(true | false)
Saved rollout MP4 at path ./rollouts/2026_09_17/2026_09_17-20_25_12--openvla_oft--episode=23--success=True--task=pick_up_the_black_bowl_from_table_center_and_place.mp4
09/17 [20:29:10] INFO     | >> Success: True              run_libero_eval.py:238
                 INFO     | >> # episodes completed so    run_libero_eval.py:238
                          far: 23                                               
                 INFO     | >> # successes: 20 (87.0%)    run_libero_eval.py:238

 30%|███       | 3/10 [00:26<01:00,  8.69s/it][A09/17 [20:29:11] INFO     | >>                            run_libero_eval.py:238
                          Task: pick up the black bowl                          
                          from table center and place it                        
                          on the plate                                          
                 INFO     | >> Starting episode 4...      run_libero_eval.py:238
                 INFO     | >> EPISODE_MANIFEST           run_libero_eval.py:238
                          {"env_seed": 1352003176,                              
                          "init_state_dtype": "float64",                        
                          "init_state_index": 8,                                
                          "init_state_sha256":                                  
                          "10d28a829243d7c83db659e2c66233                       
                          f7bee106f22cfe5b2261f9f9831ebac                       
                          708", "init_state_shape": [92],                       
                          "model_seed": 344153472,                              
                          "protocol": "paired",                                 
                          "task_id": 2}                                         
huggingface/tokenizers: The current process just got forked, after parallelism has already been used. Disabling parallelism to avoid deadlocks...
To disable this warning, you can either:
	- Avoid using `tokenizers` before the fork if possible
	- Explicitly set the environment variable TOKENIZERS_PARALLELISM=(true | false)
Saved rollout MP4 at path ./rollouts/2026_09_17/2026_09_17-20_25_12--openvla_oft--episode=24--success=True--task=pick_up_the_black_bowl_from_table_center_and_place.mp4
09/17 [20:29:19] INFO     | >> Success: True              run_libero_eval.py:238
                 INFO     | >> # episodes completed so    run_libero_eval.py:238
                          far: 24                                               
                 INFO     | >> # successes: 21 (87.5%)    run_libero_eval.py:238

 40%|████      | 4/10 [00:34<00:51,  8.66s/it][A                 INFO     | >>                            run_libero_eval.py:238
                          Task: pick up the black bowl                          
                          from table center and place it                        
                          on the plate                                          
                 INFO     | >> Starting episode 5...      run_libero_eval.py:238
                 INFO     | >> EPISODE_MANIFEST           run_libero_eval.py:238
                          {"env_seed": 706024588,                               
                          "init_state_dtype": "float64",                        
                          "init_state_index": 9,                                
                          "init_state_sha256":                                  
                          "864819f19088c1c5f38f9b06923cce                       
                          bd4818892a4bb231cedc71b892d2a2b                       
                          c67", "init_state_shape": [92],                       
                          "model_seed": 1165687323,                             
                          "protocol": "paired",                                 
                          "task_id": 2}                                         
huggingface/tokenizers: The current process just got forked, after parallelism has already been used. Disabling parallelism to avoid deadlocks...
To disable this warning, you can either:
	- Avoid using `tokenizers` before the fork if possible
	- Explicitly set the environment variable TOKENIZERS_PARALLELISM=(true | false)
Saved rollout MP4 at path ./rollouts/2026_09_17/2026_09_17-20_25_12--openvla_oft--episode=25--success=True--task=pick_up_the_black_bowl_from_table_center_and_place.mp4
09/17 [20:29:28] INFO     | >> Success: True              run_libero_eval.py:238
                 INFO     | >> # episodes completed so    run_libero_eval.py:238
                          far: 25                                               
                 INFO     | >> # successes: 22 (88.0%)    run_libero_eval.py:238

 50%|█████     | 5/10 [00:43<00:42,  8.59s/it][A                 INFO     | >>                            run_libero_eval.py:238
                          Task: pick up the black bowl                          
                          from table center and place it                        
                          on the plate                                          
                 INFO     | >> Starting episode 6...      run_libero_eval.py:238
                 INFO     | >> EPISODE_MANIFEST           run_libero_eval.py:238
                          {"env_seed": 871938409,                               
                          "init_state_dtype": "float64",                        
                          "init_state_index": 10,                               
                          "init_state_sha256":                                  
                          "a5783c80f66d8ee9f612b35b9451f4                       
                          d856d51490248ddfafb528e325f8e67                       
                          64c", "init_state_shape": [92],                       
                          "model_seed": 1743506058,                             
                          "protocol": "paired",                                 
                          "task_id": 2}                                         
huggingface/tokenizers: The current process just got forked, after parallelism has already been used. Disabling parallelism to avoid deadlocks...
To disable this warning, you can either:
	- Avoid using `tokenizers` before the fork if possible
	- Explicitly set the environment variable TOKENIZERS_PARALLELISM=(true | false)
Saved rollout MP4 at path ./rollouts/2026_09_17/2026_09_17-20_25_12--openvla_oft--episode=26--success=True--task=pick_up_the_black_bowl_from_table_center_and_place.mp4
09/17 [20:29:36] INFO     | >> Success: True              run_libero_eval.py:238
                 INFO     | >> # episodes completed so    run_libero_eval.py:238
                          far: 26                                               
                 INFO     | >> # successes: 23 (88.5%)    run_libero_eval.py:238

 60%|██████    | 6/10 [00:51<00:33,  8.46s/it][A                 INFO     | >>                            run_libero_eval.py:238
                          Task: pick up the black bowl                          
                          from table center and place it                        
                          on the plate                                          
                 INFO     | >> Starting episode 7...      run_libero_eval.py:238
                 INFO     | >> EPISODE_MANIFEST           run_libero_eval.py:238
                          {"env_seed": 4049915308,                              
                          "init_state_dtype": "float64",                        
                          "init_state_index": 11,                               
                          "init_state_sha256":                                  
                          "47530669e02bf233026da635b80921                       
                          63537080a7031e3a43201feab9274a9                       
                          d04", "init_state_shape": [92],                       
                          "model_seed": 3623366274,                             
                          "protocol": "paired",                                 
                          "task_id": 2}                                         
huggingface/tokenizers: The current process just got forked, after parallelism has already been used. Disabling parallelism to avoid deadlocks...
To disable this warning, you can either:
	- Avoid using `tokenizers` before the fork if possible
	- Explicitly set the environment variable TOKENIZERS_PARALLELISM=(true | false)
Saved rollout MP4 at path ./rollouts/2026_09_17/2026_09_17-20_25_12--openvla_oft--episode=27--success=True--task=pick_up_the_black_bowl_from_table_center_and_place.mp4
09/17 [20:29:44] INFO     | >> Success: True              run_libero_eval.py:238
                 INFO     | >> # episodes completed so    run_libero_eval.py:238
                          far: 27                                               
                 INFO     | >> # successes: 24 (88.9%)    run_libero_eval.py:238

 70%|███████   | 7/10 [00:59<00:25,  8.42s/it][A                 INFO     | >>                            run_libero_eval.py:238
                          Task: pick up the black bowl                          
                          from table center and place it                        
                          on the plate                                          
                 INFO     | >> Starting episode 8...      run_libero_eval.py:238
                 INFO     | >> EPISODE_MANIFEST           run_libero_eval.py:238
                          {"env_seed": 2137693549,                              
                          "init_state_dtype": "float64",                        
                          "init_state_index": 12,                               
                          "init_state_sha256":                                  
                          "44c095bf575781a707629ff0af5acc                       
                          9e80ab7ddcf2ac9c9fb6245249dec60                       
                          60b", "init_state_shape": [92],                       
                          "model_seed": 1150359646,                             
                          "protocol": "paired",                                 
                          "task_id": 2}                                         
huggingface/tokenizers: The current process just got forked, after parallelism has already been used. Disabling parallelism to avoid deadlocks...
To disable this warning, you can either:
	- Avoid using `tokenizers` before the fork if possible
	- Explicitly set the environment variable TOKENIZERS_PARALLELISM=(true | false)
Saved rollout MP4 at path ./rollouts/2026_09_17/2026_09_17-20_25_12--openvla_oft--episode=28--success=True--task=pick_up_the_black_bowl_from_table_center_and_place.mp4
09/17 [20:29:52] INFO     | >> Success: True              run_libero_eval.py:238
                 INFO     | >> # episodes completed so    run_libero_eval.py:238
                          far: 28                                               
                 INFO     | >> # successes: 25 (89.3%)    run_libero_eval.py:238

 80%|████████  | 8/10 [01:08<00:16,  8.36s/it][A                 INFO     | >>                            run_libero_eval.py:238
                          Task: pick up the black bowl                          
                          from table center and place it                        
                          on the plate                                          
                 INFO     | >> Starting episode 9...      run_libero_eval.py:238
                 INFO     | >> EPISODE_MANIFEST           run_libero_eval.py:238
                          {"env_seed": 4178136764,                              
                          "init_state_dtype": "float64",                        
                          "init_state_index": 13,                               
                          "init_state_sha256":                                  
                          "bf439eb9bbf4ded8477d245ff49e8f                       
                          f00c520c79607cdc50d4238c46c0441                       
                          4af", "init_state_shape": [92],                       
                          "model_seed": 3520759812,                             
                          "protocol": "paired",                                 
                          "task_id": 2}                                         
huggingface/tokenizers: The current process just got forked, after parallelism has already been used. Disabling parallelism to avoid deadlocks...
To disable this warning, you can either:
	- Avoid using `tokenizers` before the fork if possible
	- Explicitly set the environment variable TOKENIZERS_PARALLELISM=(true | false)
Saved rollout MP4 at path ./rollouts/2026_09_17/2026_09_17-20_25_12--openvla_oft--episode=29--success=True--task=pick_up_the_black_bowl_from_table_center_and_place.mp4
09/17 [20:30:01] INFO     | >> Success: True              run_libero_eval.py:238
                 INFO     | >> # episodes completed so    run_libero_eval.py:238
                          far: 29                                               
                 INFO     | >> # successes: 26 (89.7%)    run_libero_eval.py:238

 90%|█████████ | 9/10 [01:16<00:08,  8.36s/it][A                 INFO     | >>                            run_libero_eval.py:238
                          Task: pick up the black bowl                          
                          from table center and place it                        
                          on the plate                                          
                 INFO     | >> Starting episode 10...     run_libero_eval.py:238
                 INFO     | >> EPISODE_MANIFEST           run_libero_eval.py:238
                          {"env_seed": 409871007,                               
                          "init_state_dtype": "float64",                        
                          "init_state_index": 14,                               
                          "init_state_sha256":                                  
                          "fa7608e3c09171809707e8ea49121d                       
                          ebab0c56c38b1060a676d295fdcc633                       
                          928", "init_state_shape": [92],                       
                          "model_seed": 3263310779,                             
                          "protocol": "paired",                                 
                          "task_id": 2}                                         
huggingface/tokenizers: The current process just got forked, after parallelism has already been used. Disabling parallelism to avoid deadlocks...
To disable this warning, you can either:
	- Avoid using `tokenizers` before the fork if possible
	- Explicitly set the environment variable TOKENIZERS_PARALLELISM=(true | false)
Saved rollout MP4 at path ./rollouts/2026_09_17/2026_09_17-20_25_12--openvla_oft--episode=30--success=True--task=pick_up_the_black_bowl_from_table_center_and_place.mp4
09/17 [20:30:09] INFO     | >> Success: True              run_libero_eval.py:238
                 INFO     | >> # episodes completed so    run_libero_eval.py:238
                          far: 30                                               
                 INFO     | >> # successes: 27 (90.0%)    run_libero_eval.py:238

100%|██████████| 10/10 [01:24<00:00,  8.34s/it][A100%|██████████| 10/10 [01:24<00:00,  8.47s/it]
                 INFO     | >> Current task success rate: run_libero_eval.py:238
                          1.0                                                   
                 INFO     | >> Current total success      run_libero_eval.py:238
                          rate: 0.9                                             
 30%|███       | 3/10 [04:33<10:42, 91.78s/it]                 INFO     | >> Using default initial      run_libero_eval.py:238
                          states                                                

  0%|          | 0/10 [00:00<?, ?it/s][A09/17 [20:30:12] INFO     | >>                            run_libero_eval.py:238
                          Task: pick up the black bowl on                       
                          the cookie box and place it on                        
                          the plate                                             
                 INFO     | >> Starting episode 1...      run_libero_eval.py:238
                 INFO     | >> EPISODE_MANIFEST           run_libero_eval.py:238
                          {"env_seed": 3987898825,                              
                          "init_state_dtype": "float64",                        
                          "init_state_index": 5,                                
                          "init_state_sha256":                                  
                          "6dac57dbcf0ffc62ca6a37b1334c61                       
                          683200e4b3e944c2de2eb98563b1c6d                       
                          f56", "init_state_shape": [92],                       
                          "model_seed": 3527698013,                             
                          "protocol": "paired",                                 
                          "task_id": 3}                                         
huggingface/tokenizers: The current process just got forked, after parallelism has already been used. Disabling parallelism to avoid deadlocks...
To disable this warning, you can either:
	- Avoid using `tokenizers` before the fork if possible
	- Explicitly set the environment variable TOKENIZERS_PARALLELISM=(true | false)
Saved rollout MP4 at path ./rollouts/2026_09_17/2026_09_17-20_25_12--openvla_oft--episode=31--success=True--task=pick_up_the_black_bowl_on_the_cookie_box_and_place.mp4
09/17 [20:30:20] INFO     | >> Success: True              run_libero_eval.py:238
                 INFO     | >> # episodes completed so    run_libero_eval.py:238
                          far: 31                                               
                 INFO     | >> # successes: 28 (90.3%)    run_libero_eval.py:238

 10%|█         | 1/10 [00:07<01:11,  7.99s/it][A                 INFO     | >>                            run_libero_eval.py:238
                          Task: pick up the black bowl on                       
                          the cookie box and place it on                        
                          the plate                                             
                 INFO     | >> Starting episode 2...      run_libero_eval.py:238
                 INFO     | >> EPISODE_MANIFEST           run_libero_eval.py:238
                          {"env_seed": 748821386,                               
                          "init_state_dtype": "float64",                        
                          "init_state_index": 6,                                
                          "init_state_sha256":                                  
                          "cc809ea238ea9d71bcd0fa683f60c5                       
                          1f7d2a3864963da43149e4df35d0eed                       
                          85f", "init_state_shape": [92],                       
                          "model_seed": 2357097212,                             
                          "protocol": "paired",                                 
                          "task_id": 3}                                         
huggingface/tokenizers: The current process just got forked, after parallelism has already been used. Disabling parallelism to avoid deadlocks...
To disable this warning, you can either:
	- Avoid using `tokenizers` before the fork if possible
	- Explicitly set the environment variable TOKENIZERS_PARALLELISM=(true | false)
Saved rollout MP4 at path ./rollouts/2026_09_17/2026_09_17-20_25_12--openvla_oft--episode=32--success=True--task=pick_up_the_black_bowl_on_the_cookie_box_and_place.mp4
09/17 [20:30:28] INFO     | >> Success: True              run_libero_eval.py:238
                 INFO     | >> # episodes completed so    run_libero_eval.py:238
                          far: 32                                               
                 INFO     | >> # successes: 29 (90.6%)    run_libero_eval.py:238

 20%|██        | 2/10 [00:16<01:04,  8.02s/it][A                 INFO     | >>                            run_libero_eval.py:238
                          Task: pick up the black bowl on                       
                          the cookie box and place it on                        
                          the plate                                             
                 INFO     | >> Starting episode 3...      run_libero_eval.py:238
                 INFO     | >> EPISODE_MANIFEST           run_libero_eval.py:238
                          {"env_seed": 3351635119,                              
                          "init_state_dtype": "float64",                        
                          "init_state_index": 7,                                
                          "init_state_sha256":                                  
                          "b58022b980ae6497859d4ad985cfa8                       
                          9b16832f4c7f82cd2abb8b03cb2e0f6                       
                          119", "init_state_shape": [92],                       
                          "model_seed": 2057051480,                             
                          "protocol": "paired",                                 
                          "task_id": 3}                                         
huggingface/tokenizers: The current process just got forked, after parallelism has already been used. Disabling parallelism to avoid deadlocks...
To disable this warning, you can either:
	- Avoid using `tokenizers` before the fork if possible
	- Explicitly set the environment variable TOKENIZERS_PARALLELISM=(true | false)
Saved rollout MP4 at path ./rollouts/2026_09_17/2026_09_17-20_25_12--openvla_oft--episode=33--success=True--task=pick_up_the_black_bowl_on_the_cookie_box_and_place.mp4
09/17 [20:30:36] INFO     | >> Success: True              run_libero_eval.py:238
                 INFO     | >> # episodes completed so    run_libero_eval.py:238
                          far: 33                                               
                 INFO     | >> # successes: 30 (90.9%)    run_libero_eval.py:238

 30%|███       | 3/10 [00:24<00:56,  8.07s/it][A                 INFO     | >>                            run_libero_eval.py:238
                          Task: pick up the black bowl on                       
                          the cookie box and place it on                        
                          the plate                                             
                 INFO     | >> Starting episode 4...      run_libero_eval.py:238
                 INFO     | >> EPISODE_MANIFEST           run_libero_eval.py:238
                          {"env_seed": 1502850896,                              
                          "init_state_dtype": "float64",                        
                          "init_state_index": 8,                                
                          "init_state_sha256":                                  
                          "7d5f3b9821665f85bbf943b1da3fa0                       
                          3d53b694bc8751b4503a39a7351734f                       
                          89b", "init_state_shape": [92],                       
                          "model_seed": 3041705555,                             
                          "protocol": "paired",                                 
                          "task_id": 3}                                         
huggingface/tokenizers: The current process just got forked, after parallelism has already been used. Disabling parallelism to avoid deadlocks...
To disable this warning, you can either:
	- Avoid using `tokenizers` before the fork if possible
	- Explicitly set the environment variable TOKENIZERS_PARALLELISM=(true | false)
Saved rollout MP4 at path ./rollouts/2026_09_17/2026_09_17-20_25_12--openvla_oft--episode=34--success=True--task=pick_up_the_black_bowl_on_the_cookie_box_and_place.mp4
09/17 [20:30:45] INFO     | >> Success: True              run_libero_eval.py:238
                 INFO     | >> # episodes completed so    run_libero_eval.py:238
                          far: 34                                               
                 INFO     | >> # successes: 31 (91.2%)    run_libero_eval.py:238

 40%|████      | 4/10 [00:32<00:48,  8.11s/it][A                 INFO     | >>                            run_libero_eval.py:238
                          Task: pick up the black bowl on                       
                          the cookie box and place it on                        
                          the plate                                             
                 INFO     | >> Starting episode 5...      run_libero_eval.py:238
                 INFO     | >> EPISODE_MANIFEST           run_libero_eval.py:238
                          {"env_seed": 4002874428,                              
                          "init_state_dtype": "float64",                        
                          "init_state_index": 9,                                
                          "init_state_sha256":                                  
                          "d60041b13e4f125b32f1d55912b939                       
                          701a3ddfc2815acb15484be856e2943                       
                          dae", "init_state_shape": [92],                       
                          "model_seed": 1571737591,                             
                          "protocol": "paired",                                 
                          "task_id": 3}                                         
huggingface/tokenizers: The current process just got forked, after parallelism has already been used. Disabling parallelism to avoid deadlocks...
To disable this warning, you can either:
	- Avoid using `tokenizers` before the fork if possible
	- Explicitly set the environment variable TOKENIZERS_PARALLELISM=(true | false)
Saved rollout MP4 at path ./rollouts/2026_09_17/2026_09_17-20_25_12--openvla_oft--episode=35--success=True--task=pick_up_the_black_bowl_on_the_cookie_box_and_place.mp4
09/17 [20:30:53] INFO     | >> Success: True              run_libero_eval.py:238
                 INFO     | >> # episodes completed so    run_libero_eval.py:238
                          far: 35                                               
                 INFO     | >> # successes: 32 (91.4%)    run_libero_eval.py:238

 50%|█████     | 5/10 [00:40<00:41,  8.24s/it][A                 INFO     | >>                            run_libero_eval.py:238
                          Task: pick up the black bowl on                       
                          the cookie box and place it on                        
                          the plate                                             
                 INFO     | >> Starting episode 6...      run_libero_eval.py:238
                 INFO     | >> EPISODE_MANIFEST           run_libero_eval.py:238
                          {"env_seed": 2305601320,                              
                          "init_state_dtype": "float64",                        
                          "init_state_index": 10,                               
                          "init_state_sha256":                                  
                          "769f3a08b75e4357785695fb798592                       
                          0bb2e312d05b9b99ec76c182555afab                       
                          656", "init_state_shape": [92],                       
                          "model_seed": 2447635993,                             
                          "protocol": "paired",                                 
                          "task_id": 3}                                         
huggingface/tokenizers: The current process just got forked, after parallelism has already been used. Disabling parallelism to avoid deadlocks...
To disable this warning, you can either:
	- Avoid using `tokenizers` before the fork if possible
	- Explicitly set the environment variable TOKENIZERS_PARALLELISM=(true | false)
Saved rollout MP4 at path ./rollouts/2026_09_17/2026_09_17-20_25_12--openvla_oft--episode=36--success=True--task=pick_up_the_black_bowl_on_the_cookie_box_and_place.mp4
09/17 [20:31:01] INFO     | >> Success: True              run_libero_eval.py:238
                 INFO     | >> # episodes completed so    run_libero_eval.py:238
                          far: 36                                               
                 INFO     | >> # successes: 33 (91.7%)    run_libero_eval.py:238

 60%|██████    | 6/10 [00:49<00:33,  8.29s/it][A                 INFO     | >>                            run_libero_eval.py:238
                          Task: pick up the black bowl on                       
                          the cookie box and place it on                        
                          the plate                                             
                 INFO     | >> Starting episode 7...      run_libero_eval.py:238
                 INFO     | >> EPISODE_MANIFEST           run_libero_eval.py:238
                          {"env_seed": 2496862514,                              
                          "init_state_dtype": "float64",                        
                          "init_state_index": 11,                               
                          "init_state_sha256":                                  
                          "9ede7c34efdb378d99cbab23cf7a1c                       
                          5160188fb17e2f54308ce3b4fbb6712                       
                          d58", "init_state_shape": [92],                       
                          "model_seed": 1859926275,                             
                          "protocol": "paired",                                 
                          "task_id": 3}                                         
huggingface/tokenizers: The current process just got forked, after parallelism has already been used. Disabling parallelism to avoid deadlocks...
To disable this warning, you can either:
	- Avoid using `tokenizers` before the fork if possible
	- Explicitly set the environment variable TOKENIZERS_PARALLELISM=(true | false)
Saved rollout MP4 at path ./rollouts/2026_09_17/2026_09_17-20_25_12--openvla_oft--episode=37--success=True--task=pick_up_the_black_bowl_on_the_cookie_box_and_place.mp4
09/17 [20:31:10] INFO     | >> Success: True              run_libero_eval.py:238
                 INFO     | >> # episodes completed so    run_libero_eval.py:238
                          far: 37                                               
                 INFO     | >> # successes: 34 (91.9%)    run_libero_eval.py:238

 70%|███████   | 7/10 [00:57<00:24,  8.26s/it][A                 INFO     | >>                            run_libero_eval.py:238
                          Task: pick up the black bowl on                       
                          the cookie box and place it on                        
                          the plate                                             
                 INFO     | >> Starting episode 8...      run_libero_eval.py:238
                 INFO     | >> EPISODE_MANIFEST           run_libero_eval.py:238
                          {"env_seed": 2118269906,                              
                          "init_state_dtype": "float64",                        
                          "init_state_index": 12,                               
                          "init_state_sha256":                                  
                          "0a03f52fd9b04847f49d54916274b6                       
                          c8bac86898e31b582cfd7b5b3c3fcae                       
                          0df", "init_state_shape": [92],                       
                          "model_seed": 2138052992,                             
                          "protocol": "paired",                                 
                          "task_id": 3}                                         
huggingface/tokenizers: The current process just got forked, after parallelism has already been used. Disabling parallelism to avoid deadlocks...
To disable this warning, you can either:
	- Avoid using `tokenizers` before the fork if possible
	- Explicitly set the environment variable TOKENIZERS_PARALLELISM=(true | false)
Saved rollout MP4 at path ./rollouts/2026_09_17/2026_09_17-20_25_12--openvla_oft--episode=38--success=True--task=pick_up_the_black_bowl_on_the_cookie_box_and_place.mp4
09/17 [20:31:18] INFO     | >> Success: True              run_libero_eval.py:238
                 INFO     | >> # episodes completed so    run_libero_eval.py:238
                          far: 38                                               
                 INFO     | >> # successes: 35 (92.1%)    run_libero_eval.py:238

 80%|████████  | 8/10 [01:05<00:16,  8.25s/it][A                 INFO     | >>                            run_libero_eval.py:238
                          Task: pick up the black bowl on                       
                          the cookie box and place it on                        
                          the plate                                             
                 INFO     | >> Starting episode 9...      run_libero_eval.py:238
                 INFO     | >> EPISODE_MANIFEST           run_libero_eval.py:238
                          {"env_seed": 3218618991,                              
                          "init_state_dtype": "float64",                        
                          "init_state_index": 13,                               
                          "init_state_sha256":                                  
                          "796c143330826bb9f4544037bed5bd                       
                          f85fff4e5d92eb32bdfecaf382ea948                       
                          e8f", "init_state_shape": [92],                       
                          "model_seed": 3969868260,                             
                          "protocol": "paired",                                 
                          "task_id": 3}                                         
huggingface/tokenizers: The current process just got forked, after parallelism has already been used. Disabling parallelism to avoid deadlocks...
To disable this warning, you can either:
	- Avoid using `tokenizers` before the fork if possible
	- Explicitly set the environment variable TOKENIZERS_PARALLELISM=(true | false)
Saved rollout MP4 at path ./rollouts/2026_09_17/2026_09_17-20_25_12--openvla_oft--episode=39--success=True--task=pick_up_the_black_bowl_on_the_cookie_box_and_place.mp4
09/17 [20:31:27] INFO     | >> Success: True              run_libero_eval.py:238
                 INFO     | >> # episodes completed so    run_libero_eval.py:238
                          far: 39                                               
                 INFO     | >> # successes: 36 (92.3%)    run_libero_eval.py:238

 90%|█████████ | 9/10 [01:14<00:08,  8.50s/it][A                 INFO     | >>                            run_libero_eval.py:238
                          Task: pick up the black bowl on                       
                          the cookie box and place it on                        
                          the plate                                             
                 INFO     | >> Starting episode 10...     run_libero_eval.py:238
                 INFO     | >> EPISODE_MANIFEST           run_libero_eval.py:238
                          {"env_seed": 1718505283,                              
                          "init_state_dtype": "float64",                        
                          "init_state_index": 14,                               
                          "init_state_sha256":                                  
                          "6cf18c532b8185267195e43178fe22                       
                          383f03c14c097cba540e5d20f1adc0a                       
                          34c", "init_state_shape": [92],                       
                          "model_seed": 1741829862,                             
                          "protocol": "paired",                                 
                          "task_id": 3}                                         
huggingface/tokenizers: The current process just got forked, after parallelism has already been used. Disabling parallelism to avoid deadlocks...
To disable this warning, you can either:
	- Avoid using `tokenizers` before the fork if possible
	- Explicitly set the environment variable TOKENIZERS_PARALLELISM=(true | false)
Saved rollout MP4 at path ./rollouts/2026_09_17/2026_09_17-20_25_12--openvla_oft--episode=40--success=True--task=pick_up_the_black_bowl_on_the_cookie_box_and_place.mp4
09/17 [20:31:35] INFO     | >> Success: True              run_libero_eval.py:238
                 INFO     | >> # episodes completed so    run_libero_eval.py:238
                          far: 40                                               
                 INFO     | >> # successes: 37 (92.5%)    run_libero_eval.py:238

100%|██████████| 10/10 [01:23<00:00,  8.51s/it][A100%|██████████| 10/10 [01:23<00:00,  8.32s/it]
                 INFO     | >> Current task success rate: run_libero_eval.py:238
                          1.0                                                   
                 INFO     | >> Current total success      run_libero_eval.py:238
                          rate: 0.925                                           
 40%|████      | 4/10 [05:59<08:58, 89.68s/it]09/17 [20:31:36] INFO     | >> Using default initial      run_libero_eval.py:238
                          states                                                

  0%|          | 0/10 [00:00<?, ?it/s][A09/17 [20:31:39] INFO     | >>                            run_libero_eval.py:238
                          Task: pick up the black bowl in                       
                          the top drawer of the wooden                          
                          cabinet and place it on the                           
                          plate                                                 
                 INFO     | >> Starting episode 1...      run_libero_eval.py:238
                 INFO     | >> EPISODE_MANIFEST           run_libero_eval.py:238
                          {"env_seed": 3540813242,                              
                          "init_state_dtype": "float64",                        
                          "init_state_index": 5,                                
                          "init_state_sha256":                                  
                          "b87346216738a7ce42130dcd154c43                       
                          380035d684b66a383eaa412aa7d7295                       
                          b7c", "init_state_shape": [92],                       
                          "model_seed": 837752708,                              
                          "protocol": "paired",                                 
                          "task_id": 4}                                         
huggingface/tokenizers: The current process just got forked, after parallelism has already been used. Disabling parallelism to avoid deadlocks...
To disable this warning, you can either:
	- Avoid using `tokenizers` before the fork if possible
	- Explicitly set the environment variable TOKENIZERS_PARALLELISM=(true | false)
Saved rollout MP4 at path ./rollouts/2026_09_17/2026_09_17-20_25_12--openvla_oft--episode=41--success=True--task=pick_up_the_black_bowl_in_the_top_drawer_of_the_wo.mp4
09/17 [20:31:49] INFO     | >> Success: True              run_libero_eval.py:238
                 INFO     | >> # episodes completed so    run_libero_eval.py:238
                          far: 41                                               
                 INFO     | >> # successes: 38 (92.7%)    run_libero_eval.py:238

 10%|█         | 1/10 [00:09<01:27,  9.73s/it][A                 INFO     | >>                            run_libero_eval.py:238
                          Task: pick up the black bowl in                       
                          the top drawer of the wooden                          
                          cabinet and place it on the                           
                          plate                                                 
                 INFO     | >> Starting episode 2...      run_libero_eval.py:238
                 INFO     | >> EPISODE_MANIFEST           run_libero_eval.py:238
                          {"env_seed": 3714354992,                              
                          "init_state_dtype": "float64",                        
                          "init_state_index": 6,                                
                          "init_state_sha256":                                  
                          "58efbae8fa8cdf03edfa2542dbbda4                       
                          caf806bdf5268b8320a00f1549b00be                       
                          c95", "init_state_shape": [92],                       
                          "model_seed": 2961343796,                             
                          "protocol": "paired",                                 
                          "task_id": 4}                                         
huggingface/tokenizers: The current process just got forked, after parallelism has already been used. Disabling parallelism to avoid deadlocks...
To disable this warning, you can either:
	- Avoid using `tokenizers` before the fork if possible
	- Explicitly set the environment variable TOKENIZERS_PARALLELISM=(true | false)
Saved rollout MP4 at path ./rollouts/2026_09_17/2026_09_17-20_25_12--openvla_oft--episode=42--success=True--task=pick_up_the_black_bowl_in_the_top_drawer_of_the_wo.mp4
09/17 [20:31:58] INFO     | >> Success: True              run_libero_eval.py:238
                 INFO     | >> # episodes completed so    run_libero_eval.py:238
                          far: 42                                               
                 INFO     | >> # successes: 39 (92.9%)    run_libero_eval.py:238

 20%|██        | 2/10 [00:19<01:18,  9.78s/it][A                 INFO     | >>                            run_libero_eval.py:238
                          Task: pick up the black bowl in                       
                          the top drawer of the wooden                          
                          cabinet and place it on the                           
                          plate                                                 
                 INFO     | >> Starting episode 3...      run_libero_eval.py:238
                 INFO     | >> EPISODE_MANIFEST           run_libero_eval.py:238
                          {"env_seed": 98182254,                                
                          "init_state_dtype": "float64",                        
                          "init_state_index": 7,                                
                          "init_state_sha256":                                  
                          "f90125fb43ad6d5983af928adc76f7                       
                          ad7520f2ce624dbd25bb45e1888a5a9                       
                          e56", "init_state_shape": [92],                       
                          "model_seed": 3730720358,                             
                          "protocol": "paired",                                 
                          "task_id": 4}                                         
huggingface/tokenizers: The current process just got forked, after parallelism has already been used. Disabling parallelism to avoid deadlocks...
To disable this warning, you can either:
	- Avoid using `tokenizers` before the fork if possible
	- Explicitly set the environment variable TOKENIZERS_PARALLELISM=(true | false)
Saved rollout MP4 at path ./rollouts/2026_09_17/2026_09_17-20_25_12--openvla_oft--episode=43--success=True--task=pick_up_the_black_bowl_in_the_top_drawer_of_the_wo.mp4
09/17 [20:32:08] INFO     | >> Success: True              run_libero_eval.py:238
                 INFO     | >> # episodes completed so    run_libero_eval.py:238
                          far: 43                                               
                 INFO     | >> # successes: 40 (93.0%)    run_libero_eval.py:238

 30%|███       | 3/10 [00:29<01:08,  9.82s/it][A                 INFO     | >>                            run_libero_eval.py:238
                          Task: pick up the black bowl in                       
                          the top drawer of the wooden                          
                          cabinet and place it on the                           
                          plate                                                 
                 INFO     | >> Starting episode 4...      run_libero_eval.py:238
                 INFO     | >> EPISODE_MANIFEST           run_libero_eval.py:238
                          {"env_seed": 3891202893,                              
                          "init_state_dtype": "float64",                        
                          "init_state_index": 8,                                
                          "init_state_sha256":                                  
                          "2b61811f6b6a9a61b89a236fd0b30a                       
                          5b10539a70b67c34209624cfdf52af4                       
                          e5a", "init_state_shape": [92],                       
                          "model_seed": 157600660,                              
                          "protocol": "paired",                                 
                          "task_id": 4}                                         
huggingface/tokenizers: The current process just got forked, after parallelism has already been used. Disabling parallelism to avoid deadlocks...
To disable this warning, you can either:
	- Avoid using `tokenizers` before the fork if possible
	- Explicitly set the environment variable TOKENIZERS_PARALLELISM=(true | false)
Saved rollout MP4 at path ./rollouts/2026_09_17/2026_09_17-20_25_12--openvla_oft--episode=44--success=True--task=pick_up_the_black_bowl_in_the_top_drawer_of_the_wo.mp4
09/17 [20:32:18] INFO     | >> Success: True              run_libero_eval.py:238
                 INFO     | >> # episodes completed so    run_libero_eval.py:238
                          far: 44                                               
                 INFO     | >> # successes: 41 (93.2%)    run_libero_eval.py:238

 40%|████      | 4/10 [00:39<00:58,  9.74s/it][A                 INFO     | >>                            run_libero_eval.py:238
                          Task: pick up the black bowl in                       
                          the top drawer of the wooden                          
                          cabinet and place it on the                           
                          plate                                                 
                 INFO     | >> Starting episode 5...      run_libero_eval.py:238
                 INFO     | >> EPISODE_MANIFEST           run_libero_eval.py:238
                          {"env_seed": 372916700,                               
                          "init_state_dtype": "float64",                        
                          "init_state_index": 9,                                
                          "init_state_sha256":                                  
                          "6a71ea6e55326efc34ec666f301a01                       
                          8286ad06f19222511f0c3af44896801                       
                          580", "init_state_shape": [92],                       
                          "model_seed": 4112920766,                             
                          "protocol": "paired",                                 
                          "task_id": 4}                                         
huggingface/tokenizers: The current process just got forked, after parallelism has already been used. Disabling parallelism to avoid deadlocks...
To disable this warning, you can either:
	- Avoid using `tokenizers` before the fork if possible
	- Explicitly set the environment variable TOKENIZERS_PARALLELISM=(true | false)
Saved rollout MP4 at path ./rollouts/2026_09_17/2026_09_17-20_25_12--openvla_oft--episode=45--success=True--task=pick_up_the_black_bowl_in_the_top_drawer_of_the_wo.mp4
09/17 [20:32:28] INFO     | >> Success: True              run_libero_eval.py:238
                 INFO     | >> # episodes completed so    run_libero_eval.py:238
                          far: 45                                               
                 INFO     | >> # successes: 42 (93.3%)    run_libero_eval.py:238

 50%|█████     | 5/10 [00:48<00:48,  9.74s/it][A                 INFO     | >>                            run_libero_eval.py:238
                          Task: pick up the black bowl in                       
                          the top drawer of the wooden                          
                          cabinet and place it on the                           
                          plate                                                 
                 INFO     | >> Starting episode 6...      run_libero_eval.py:238
                 INFO     | >> EPISODE_MANIFEST           run_libero_eval.py:238
                          {"env_seed": 3468706112,                              
                          "init_state_dtype": "float64",                        
                          "init_state_index": 10,                               
                          "init_state_sha256":                                  
                          "7bb0de6b71378924db79db6837d316                       
                          79f6792129b7d9861f58532ba7332d6                       
                          eb3", "init_state_shape": [92],                       
                          "model_seed": 2193637331,                             
                          "protocol": "paired",                                 
                          "task_id": 4}                                         
huggingface/tokenizers: The current process just got forked, after parallelism has already been used. Disabling parallelism to avoid deadlocks...
To disable this warning, you can either:
	- Avoid using `tokenizers` before the fork if possible
	- Explicitly set the environment variable TOKENIZERS_PARALLELISM=(true | false)
Saved rollout MP4 at path ./rollouts/2026_09_17/2026_09_17-20_25_12--openvla_oft--episode=46--success=True--task=pick_up_the_black_bowl_in_the_top_drawer_of_the_wo.mp4
09/17 [20:32:37] INFO     | >> Success: True              run_libero_eval.py:238
                 INFO     | >> # episodes completed so    run_libero_eval.py:238
                          far: 46                                               
                 INFO     | >> # successes: 43 (93.5%)    run_libero_eval.py:238

 60%|██████    | 6/10 [00:58<00:38,  9.66s/it][A                 INFO     | >>                            run_libero_eval.py:238
                          Task: pick up the black bowl in                       
                          the top drawer of the wooden                          
                          cabinet and place it on the                           
                          plate                                                 
                 INFO     | >> Starting episode 7...      run_libero_eval.py:238
                 INFO     | >> EPISODE_MANIFEST           run_libero_eval.py:238
                          {"env_seed": 1009899069,                              
                          "init_state_dtype": "float64",                        
                          "init_state_index": 11,                               
                          "init_state_sha256":                                  
                          "7ca087b8eea266273cbf99c09f51cc                       
                          5cfee48a1e6408b367fedf168fc1c9c                       
                          b15", "init_state_shape": [92],                       
                          "model_seed": 2493649820,                             
                          "protocol": "paired",                                 
                          "task_id": 4}                                         
huggingface/tokenizers: The current process just got forked, after parallelism has already been used. Disabling parallelism to avoid deadlocks...
To disable this warning, you can either:
	- Avoid using `tokenizers` before the fork if possible
	- Explicitly set the environment variable TOKENIZERS_PARALLELISM=(true | false)
Saved rollout MP4 at path ./rollouts/2026_09_17/2026_09_17-20_25_12--openvla_oft--episode=47--success=True--task=pick_up_the_black_bowl_in_the_top_drawer_of_the_wo.mp4
09/17 [20:32:47] INFO     | >> Success: True              run_libero_eval.py:238
                 INFO     | >> # episodes completed so    run_libero_eval.py:238
                          far: 47                                               
                 INFO     | >> # successes: 44 (93.6%)    run_libero_eval.py:238

 70%|███████   | 7/10 [01:08<00:29,  9.78s/it][A                 INFO     | >>                            run_libero_eval.py:238
                          Task: pick up the black bowl in                       
                          the top drawer of the wooden                          
                          cabinet and place it on the                           
                          plate                                                 
                 INFO     | >> Starting episode 8...      run_libero_eval.py:238
                 INFO     | >> EPISODE_MANIFEST           run_libero_eval.py:238
                          {"env_seed": 852532106,                               
                          "init_state_dtype": "float64",                        
                          "init_state_index": 12,                               
                          "init_state_sha256":                                  
                          "08c27762b56ead1630b15d284b71f5                       
                          91009a21d824139674181aae9060b98                       
                          920", "init_state_shape": [92],                       
                          "model_seed": 598337569,                              
                          "protocol": "paired",                                 
                          "task_id": 4}                                         
huggingface/tokenizers: The current process just got forked, after parallelism has already been used. Disabling parallelism to avoid deadlocks...
To disable this warning, you can either:
	- Avoid using `tokenizers` before the fork if possible
	- Explicitly set the environment variable TOKENIZERS_PARALLELISM=(true | false)
Saved rollout MP4 at path ./rollouts/2026_09_17/2026_09_17-20_25_12--openvla_oft--episode=48--success=True--task=pick_up_the_black_bowl_in_the_top_drawer_of_the_wo.mp4
09/17 [20:32:57] INFO     | >> Success: True              run_libero_eval.py:238
                 INFO     | >> # episodes completed so    run_libero_eval.py:238
                          far: 48                                               
                 INFO     | >> # successes: 45 (93.8%)    run_libero_eval.py:238

 80%|████████  | 8/10 [01:18<00:19,  9.86s/it][A                 INFO     | >>                            run_libero_eval.py:238
                          Task: pick up the black bowl in                       
                          the top drawer of the wooden                          
                          cabinet and place it on the                           
                          plate                                                 
                 INFO     | >> Starting episode 9...      run_libero_eval.py:238
                 INFO     | >> EPISODE_MANIFEST           run_libero_eval.py:238
                          {"env_seed": 1859882902,                              
                          "init_state_dtype": "float64",                        
                          "init_state_index": 13,                               
                          "init_state_sha256":                                  
                          "066159b34ab7fd2c9a3292b11143f7                       
                          a8d51f697aff2ea00ea90e7eeeeb06e                       
                          2ba", "init_state_shape": [92],                       
                          "model_seed": 2613584866,                             
                          "protocol": "paired",                                 
                          "task_id": 4}                                         
huggingface/tokenizers: The current process just got forked, after parallelism has already been used. Disabling parallelism to avoid deadlocks...
To disable this warning, you can either:
	- Avoid using `tokenizers` before the fork if possible
	- Explicitly set the environment variable TOKENIZERS_PARALLELISM=(true | false)
Saved rollout MP4 at path ./rollouts/2026_09_17/2026_09_17-20_25_12--openvla_oft--episode=49--success=True--task=pick_up_the_black_bowl_in_the_top_drawer_of_the_wo.mp4
09/17 [20:33:07] INFO     | >> Success: True              run_libero_eval.py:238
                 INFO     | >> # episodes completed so    run_libero_eval.py:238
                          far: 49                                               
                 INFO     | >> # successes: 46 (93.9%)    run_libero_eval.py:238

 90%|█████████ | 9/10 [01:28<00:09,  9.91s/it][A                 INFO     | >>                            run_libero_eval.py:238
                          Task: pick up the black bowl in                       
                          the top drawer of the wooden                          
                          cabinet and place it on the                           
                          plate                                                 
                 INFO     | >> Starting episode 10...     run_libero_eval.py:238
                 INFO     | >> EPISODE_MANIFEST           run_libero_eval.py:238
                          {"env_seed": 627429061,                               
                          "init_state_dtype": "float64",                        
                          "init_state_index": 14,                               
                          "init_state_sha256":                                  
                          "cf92dad8abe4770b520ec4e6bf4a9c                       
                          074cbdc829e6c7bffae73060682dee7                       
                          d69", "init_state_shape": [92],                       
                          "model_seed": 3517308286,                             
                          "protocol": "paired",                                 
                          "task_id": 4}                                         
huggingface/tokenizers: The current process just got forked, after parallelism has already been used. Disabling parallelism to avoid deadlocks...
To disable this warning, you can either:
	- Avoid using `tokenizers` before the fork if possible
	- Explicitly set the environment variable TOKENIZERS_PARALLELISM=(true | false)
Saved rollout MP4 at path ./rollouts/2026_09_17/2026_09_17-20_25_12--openvla_oft--episode=50--success=True--task=pick_up_the_black_bowl_in_the_top_drawer_of_the_wo.mp4
09/17 [20:33:17] INFO     | >> Success: True              run_libero_eval.py:238
                 INFO     | >> # episodes completed so    run_libero_eval.py:238
                          far: 50                                               
                 INFO     | >> # successes: 47 (94.0%)    run_libero_eval.py:238

100%|██████████| 10/10 [01:38<00:00,  9.88s/it][A100%|██████████| 10/10 [01:38<00:00,  9.82s/it]
                 INFO     | >> Current task success rate: run_libero_eval.py:238
                          1.0                                                   
                 INFO     | >> Current total success      run_libero_eval.py:238
                          rate: 0.94                                            
 50%|█████     | 5/10 [07:41<07:49, 93.96s/it]                 INFO     | >> Using default initial      run_libero_eval.py:238
                          states                                                

  0%|          | 0/10 [00:00<?, ?it/s][A09/17 [20:33:20] INFO     | >>                            run_libero_eval.py:238
                          Task: pick up the black bowl on                       
                          the ramekin and place it on the                       
                          plate                                                 
                 INFO     | >> Starting episode 1...      run_libero_eval.py:238
                 INFO     | >> EPISODE_MANIFEST           run_libero_eval.py:238
                          {"env_seed": 195921136,                               
                          "init_state_dtype": "float64",                        
                          "init_state_index": 5,                                
                          "init_state_sha256":                                  
                          "8a66e26dcb5684fb06268d8558ec89                       
                          cb48b496d3ba03c491d620ac3d37bba                       
                          6ba", "init_state_shape": [92],                       
                          "model_seed": 2704172120,                             
                          "protocol": "paired",                                 
                          "task_id": 5}                                         
huggingface/tokenizers: The current process just got forked, after parallelism has already been used. Disabling parallelism to avoid deadlocks...
To disable this warning, you can either:
	- Avoid using `tokenizers` before the fork if possible
	- Explicitly set the environment variable TOKENIZERS_PARALLELISM=(true | false)
Saved rollout MP4 at path ./rollouts/2026_09_17/2026_09_17-20_25_12--openvla_oft--episode=51--success=True--task=pick_up_the_black_bowl_on_the_ramekin_and_place_it.mp4
09/17 [20:33:29] INFO     | >> Success: True              run_libero_eval.py:238
                 INFO     | >> # episodes completed so    run_libero_eval.py:238
                          far: 51                                               
                 INFO     | >> # successes: 48 (94.1%)    run_libero_eval.py:238

 10%|█         | 1/10 [00:08<01:14,  8.31s/it][A                 INFO     | >>                            run_libero_eval.py:238
                          Task: pick up the black bowl on                       
                          the ramekin and place it on the                       
                          plate                                                 
                 INFO     | >> Starting episode 2...      run_libero_eval.py:238
                 INFO     | >> EPISODE_MANIFEST           run_libero_eval.py:238
                          {"env_seed": 148153071,                               
                          "init_state_dtype": "float64",                        
                          "init_state_index": 6,                                
                          "init_state_sha256":                                  
                          "a9b966c9cf9cc8d424d7ae20f2e72e                       
                          57c828aef13f172c2643fa7f7d3b194                       
                          181", "init_state_shape": [92],                       
                          "model_seed": 1621750818,                             
                          "protocol": "paired",                                 
                          "task_id": 5}                                         
huggingface/tokenizers: The current process just got forked, after parallelism has already been used. Disabling parallelism to avoid deadlocks...
To disable this warning, you can either:
	- Avoid using `tokenizers` before the fork if possible
	- Explicitly set the environment variable TOKENIZERS_PARALLELISM=(true | false)
Saved rollout MP4 at path ./rollouts/2026_09_17/2026_09_17-20_25_12--openvla_oft--episode=52--success=True--task=pick_up_the_black_bowl_on_the_ramekin_and_place_it.mp4
09/17 [20:33:37] INFO     | >> Success: True              run_libero_eval.py:238
                 INFO     | >> # episodes completed so    run_libero_eval.py:238
                          far: 52                                               
                 INFO     | >> # successes: 49 (94.2%)    run_libero_eval.py:238

 20%|██        | 2/10 [00:16<01:07,  8.41s/it][A                 INFO     | >>                            run_libero_eval.py:238
                          Task: pick up the black bowl on                       
                          the ramekin and place it on the                       
                          plate                                                 
                 INFO     | >> Starting episode 3...      run_libero_eval.py:238
                 INFO     | >> EPISODE_MANIFEST           run_libero_eval.py:238
                          {"env_seed": 2581305755,                              
                          "init_state_dtype": "float64",                        
                          "init_state_index": 7,                                
                          "init_state_sha256":                                  
                          "987aabd844775a9b57c09e65ce787d                       
                          cc8b38ef6f8b0c5565dbd48c83ba6ce                       
                          d2f", "init_state_shape": [92],                       
                          "model_seed": 1633783552,                             
                          "protocol": "paired",                                 
                          "task_id": 5}                                         
huggingface/tokenizers: The current process just got forked, after parallelism has already been used. Disabling parallelism to avoid deadlocks...
To disable this warning, you can either:
	- Avoid using `tokenizers` before the fork if possible
	- Explicitly set the environment variable TOKENIZERS_PARALLELISM=(true | false)
Saved rollout MP4 at path ./rollouts/2026_09_17/2026_09_17-20_25_12--openvla_oft--episode=53--success=True--task=pick_up_the_black_bowl_on_the_ramekin_and_place_it.mp4
09/17 [20:33:46] INFO     | >> Success: True              run_libero_eval.py:238
                 INFO     | >> # episodes completed so    run_libero_eval.py:238
                          far: 53                                               
                 INFO     | >> # successes: 50 (94.3%)    run_libero_eval.py:238

 30%|███       | 3/10 [00:25<00:59,  8.46s/it][A                 INFO     | >>                            run_libero_eval.py:238
                          Task: pick up the black bowl on                       
                          the ramekin and place it on the                       
                          plate                                                 
                 INFO     | >> Starting episode 4...      run_libero_eval.py:238
                 INFO     | >> EPISODE_MANIFEST           run_libero_eval.py:238
                          {"env_seed": 3545051791,                              
                          "init_state_dtype": "float64",                        
                          "init_state_index": 8,                                
                          "init_state_sha256":                                  
                          "d6c4a596a6f3f6e5bb1b2366f1a459                       
                          8afaca8d263b0a4e50652479a1ee117                       
                          ed7", "init_state_shape": [92],                       
                          "model_seed": 3910483305,                             
                          "protocol": "paired",                                 
                          "task_id": 5}                                         
huggingface/tokenizers: The current process just got forked, after parallelism has already been used. Disabling parallelism to avoid deadlocks...
To disable this warning, you can either:
	- Avoid using `tokenizers` before the fork if possible
	- Explicitly set the environment variable TOKENIZERS_PARALLELISM=(true | false)
Saved rollout MP4 at path ./rollouts/2026_09_17/2026_09_17-20_25_12--openvla_oft--episode=54--success=False--task=pick_up_the_black_bowl_on_the_ramekin_and_place_it.mp4
09/17 [20:34:01] INFO     | >> Success: False             run_libero_eval.py:238
                 INFO     | >> # episodes completed so    run_libero_eval.py:238
                          far: 54                                               
                 INFO     | >> # successes: 50 (92.6%)    run_libero_eval.py:238

 40%|████      | 4/10 [00:40<01:06, 11.16s/it][A                 INFO     | >>                            run_libero_eval.py:238
                          Task: pick up the black bowl on                       
                          the ramekin and place it on the                       
                          plate                                                 
                 INFO     | >> Starting episode 5...      run_libero_eval.py:238
                 INFO     | >> EPISODE_MANIFEST           run_libero_eval.py:238
                          {"env_seed": 3492466183,                              
                          "init_state_dtype": "float64",                        
                          "init_state_index": 9,                                
                          "init_state_sha256":                                  
                          "b97e853cb653df09c54d36b06bd56c                       
                          40dff4222ea2f6c4a01d6847e1a9b60                       
                          7eb", "init_state_shape": [92],                       
                          "model_seed": 808358117,                              
                          "protocol": "paired",                                 
                          "task_id": 5}                                         
huggingface/tokenizers: The current process just got forked, after parallelism has already been used. Disabling parallelism to avoid deadlocks...
To disable this warning, you can either:
	- Avoid using `tokenizers` before the fork if possible
	- Explicitly set the environment variable TOKENIZERS_PARALLELISM=(true | false)
Saved rollout MP4 at path ./rollouts/2026_09_17/2026_09_17-20_25_12--openvla_oft--episode=55--success=False--task=pick_up_the_black_bowl_on_the_ramekin_and_place_it.mp4
09/17 [20:34:16] INFO     | >> Success: False             run_libero_eval.py:238
09/17 [20:34:17] INFO     | >> # episodes completed so    run_libero_eval.py:238
                          far: 55                                               
                 INFO     | >> # successes: 50 (90.9%)    run_libero_eval.py:238

 50%|█████     | 5/10 [00:56<01:03, 12.77s/it][A                 INFO     | >>                            run_libero_eval.py:238
                          Task: pick up the black bowl on                       
                          the ramekin and place it on the                       
                          plate                                                 
                 INFO     | >> Starting episode 6...      run_libero_eval.py:238
                 INFO     | >> EPISODE_MANIFEST           run_libero_eval.py:238
                          {"env_seed": 3656938426,                              
                          "init_state_dtype": "float64",                        
                          "init_state_index": 10,                               
                          "init_state_sha256":                                  
                          "bfaff55ad30b79eb4f16c1791d3353                       
                          527b55561b017b783ffc10277aa2649                       
                          4e0", "init_state_shape": [92],                       
                          "model_seed": 471562028,                              
                          "protocol": "paired",                                 
                          "task_id": 5}                                         
huggingface/tokenizers: The current process just got forked, after parallelism has already been used. Disabling parallelism to avoid deadlocks...
To disable this warning, you can either:
	- Avoid using `tokenizers` before the fork if possible
	- Explicitly set the environment variable TOKENIZERS_PARALLELISM=(true | false)
Saved rollout MP4 at path ./rollouts/2026_09_17/2026_09_17-20_25_12--openvla_oft--episode=56--success=True--task=pick_up_the_black_bowl_on_the_ramekin_and_place_it.mp4
09/17 [20:34:25] INFO     | >> Success: True              run_libero_eval.py:238
                 INFO     | >> # episodes completed so    run_libero_eval.py:238
                          far: 56                                               
                 INFO     | >> # successes: 51 (91.1%)    run_libero_eval.py:238

 60%|██████    | 6/10 [01:04<00:45, 11.34s/it][A                 INFO     | >>                            run_libero_eval.py:238
                          Task: pick up the black bowl on                       
                          the ramekin and place it on the                       
                          plate                                                 
                 INFO     | >> Starting episode 7...      run_libero_eval.py:238
                 INFO     | >> EPISODE_MANIFEST           run_libero_eval.py:238
                          {"env_seed": 2035309818,                              
                          "init_state_dtype": "float64",                        
                          "init_state_index": 11,                               
                          "init_state_sha256":                                  
                          "ff39aa05adeb3467ae4e7003d9b14f                       
                          9f9d307101ecb6ef43d415020975ee3                       
                          ba8", "init_state_shape": [92],                       
                          "model_seed": 3234983578,                             
                          "protocol": "paired",                                 
                          "task_id": 5}                                         
huggingface/tokenizers: The current process just got forked, after parallelism has already been used. Disabling parallelism to avoid deadlocks...
To disable this warning, you can either:
	- Avoid using `tokenizers` before the fork if possible
	- Explicitly set the environment variable TOKENIZERS_PARALLELISM=(true | false)
Saved rollout MP4 at path ./rollouts/2026_09_17/2026_09_17-20_25_12--openvla_oft--episode=57--success=True--task=pick_up_the_black_bowl_on_the_ramekin_and_place_it.mp4
09/17 [20:34:33] INFO     | >> Success: True              run_libero_eval.py:238
                 INFO     | >> # episodes completed so    run_libero_eval.py:238
                          far: 57                                               
                 INFO     | >> # successes: 52 (91.2%)    run_libero_eval.py:238

 70%|███████   | 7/10 [01:12<00:30, 10.25s/it][A                 INFO     | >>                            run_libero_eval.py:238
                          Task: pick up the black bowl on                       
                          the ramekin and place it on the                       
                          plate                                                 
                 INFO     | >> Starting episode 8...      run_libero_eval.py:238
                 INFO     | >> EPISODE_MANIFEST           run_libero_eval.py:238
                          {"env_seed": 80518552,                                
                          "init_state_dtype": "float64",                        
                          "init_state_index": 12,                               
                          "init_state_sha256":                                  
                          "1035069b81bb91a6134b4ca623b290                       
                          76df3a99387db6110fabbe0b7aa70d5                       
                          437", "init_state_shape": [92],                       
                          "model_seed": 423312444,                              
                          "protocol": "paired",                                 
                          "task_id": 5}                                         
huggingface/tokenizers: The current process just got forked, after parallelism has already been used. Disabling parallelism to avoid deadlocks...
To disable this warning, you can either:
	- Avoid using `tokenizers` before the fork if possible
	- Explicitly set the environment variable TOKENIZERS_PARALLELISM=(true | false)
Saved rollout MP4 at path ./rollouts/2026_09_17/2026_09_17-20_25_12--openvla_oft--episode=58--success=True--task=pick_up_the_black_bowl_on_the_ramekin_and_place_it.mp4
09/17 [20:34:42] INFO     | >> Success: True              run_libero_eval.py:238
                 INFO     | >> # episodes completed so    run_libero_eval.py:238
                          far: 58                                               
                 INFO     | >> # successes: 53 (91.4%)    run_libero_eval.py:238

 80%|████████  | 8/10 [01:21<00:19,  9.71s/it][A                 INFO     | >>                            run_libero_eval.py:238
                          Task: pick up the black bowl on                       
                          the ramekin and place it on the                       
                          plate                                                 
                 INFO     | >> Starting episode 9...      run_libero_eval.py:238
                 INFO     | >> EPISODE_MANIFEST           run_libero_eval.py:238
                          {"env_seed": 3329673678,                              
                          "init_state_dtype": "float64",                        
                          "init_state_index": 13,                               
                          "init_state_sha256":                                  
                          "3731069406dc50d234dfc8e8cdff9b                       
                          2a4e2e00970ebd0d000af7dea9884a4                       
                          236", "init_state_shape": [92],                       
                          "model_seed": 3626548186,                             
                          "protocol": "paired",                                 
                          "task_id": 5}                                         
huggingface/tokenizers: The current process just got forked, after parallelism has already been used. Disabling parallelism to avoid deadlocks...
To disable this warning, you can either:
	- Avoid using `tokenizers` before the fork if possible
	- Explicitly set the environment variable TOKENIZERS_PARALLELISM=(true | false)
Saved rollout MP4 at path ./rollouts/2026_09_17/2026_09_17-20_25_12--openvla_oft--episode=59--success=True--task=pick_up_the_black_bowl_on_the_ramekin_and_place_it.mp4
09/17 [20:34:50] INFO     | >> Success: True              run_libero_eval.py:238
                 INFO     | >> # episodes completed so    run_libero_eval.py:238
                          far: 59                                               
                 INFO     | >> # successes: 54 (91.5%)    run_libero_eval.py:238

 90%|█████████ | 9/10 [01:30<00:09,  9.45s/it][A09/17 [20:34:51] INFO     | >>                            run_libero_eval.py:238
                          Task: pick up the black bowl on                       
                          the ramekin and place it on the                       
                          plate                                                 
                 INFO     | >> Starting episode 10...     run_libero_eval.py:238
                 INFO     | >> EPISODE_MANIFEST           run_libero_eval.py:238
                          {"env_seed": 2576723984,                              
                          "init_state_dtype": "float64",                        
                          "init_state_index": 14,                               
                          "init_state_sha256":                                  
                          "a5932cf3fc7c1839b68d324f8e7241                       
                          08874c30a15b7936c821543aaff1866                       
                          3a6", "init_state_shape": [92],                       
                          "model_seed": 2693348730,                             
                          "protocol": "paired",                                 
                          "task_id": 5}                                         
huggingface/tokenizers: The current process just got forked, after parallelism has already been used. Disabling parallelism to avoid deadlocks...
To disable this warning, you can either:
	- Avoid using `tokenizers` before the fork if possible
	- Explicitly set the environment variable TOKENIZERS_PARALLELISM=(true | false)
Saved rollout MP4 at path ./rollouts/2026_09_17/2026_09_17-20_25_12--openvla_oft--episode=60--success=True--task=pick_up_the_black_bowl_on_the_ramekin_and_place_it.mp4
09/17 [20:34:59] INFO     | >> Success: True              run_libero_eval.py:238
                 INFO     | >> # episodes completed so    run_libero_eval.py:238
                          far: 60                                               
                 INFO     | >> # successes: 55 (91.7%)    run_libero_eval.py:238

100%|██████████| 10/10 [01:38<00:00,  9.09s/it][A100%|██████████| 10/10 [01:38<00:00,  9.85s/it]
                 INFO     | >> Current task success rate: run_libero_eval.py:238
                          0.8                                                   
                 INFO     | >> Current total success      run_libero_eval.py:238
                          rate: 0.9166666666666666                              
 60%|██████    | 6/10 [09:23<06:26, 96.62s/it]                 INFO     | >> Using default initial      run_libero_eval.py:238
                          states                                                

  0%|          | 0/10 [00:00<?, ?it/s][A09/17 [20:35:02] INFO     | >>                            run_libero_eval.py:238
                          Task: pick up the black bowl                          
                          next to the cookie box and                            
                          place it on the plate                                 
                 INFO     | >> Starting episode 1...      run_libero_eval.py:238
                 INFO     | >> EPISODE_MANIFEST           run_libero_eval.py:238
                          {"env_seed": 817051687,                               
                          "init_state_dtype": "float64",                        
                          "init_state_index": 5,                                
                          "init_state_sha256":                                  
                          "5a499b730ad51bec1d7a79a787b43d                       
                          d62eb4c99b34d13f92a74cafebf7b6f                       
                          9de", "init_state_shape": [92],                       
                          "model_seed": 2986975463,                             
                          "protocol": "paired",                                 
                          "task_id": 6}                                         
huggingface/tokenizers: The current process just got forked, after parallelism has already been used. Disabling parallelism to avoid deadlocks...
To disable this warning, you can either:
	- Avoid using `tokenizers` before the fork if possible
	- Explicitly set the environment variable TOKENIZERS_PARALLELISM=(true | false)
Saved rollout MP4 at path ./rollouts/2026_09_17/2026_09_17-20_25_12--openvla_oft--episode=61--success=True--task=pick_up_the_black_bowl_next_to_the_cookie_box_and_.mp4
09/17 [20:35:11] INFO     | >> Success: True              run_libero_eval.py:238
                 INFO     | >> # episodes completed so    run_libero_eval.py:238
                          far: 61                                               
                 INFO     | >> # successes: 56 (91.8%)    run_libero_eval.py:238

 10%|█         | 1/10 [00:09<01:21,  9.09s/it][A                 INFO     | >>                            run_libero_eval.py:238
                          Task: pick up the black bowl                          
                          next to the cookie box and                            
                          place it on the plate                                 
                 INFO     | >> Starting episode 2...      run_libero_eval.py:238
                 INFO     | >> EPISODE_MANIFEST           run_libero_eval.py:238
                          {"env_seed": 3519949638,                              
                          "init_state_dtype": "float64",                        
                          "init_state_index": 6,                                
                          "init_state_sha256":                                  
                          "9fe1e2e5914a33d82379a012d69199                       
                          ead3e5a7248d4ca37da81786863dbc6                       
                          43d", "init_state_shape": [92],                       
                          "model_seed": 2837676184,                             
                          "protocol": "paired",                                 
                          "task_id": 6}                                         
huggingface/tokenizers: The current process just got forked, after parallelism has already been used. Disabling parallelism to avoid deadlocks...
To disable this warning, you can either:
	- Avoid using `tokenizers` before the fork if possible
	- Explicitly set the environment variable TOKENIZERS_PARALLELISM=(true | false)
Saved rollout MP4 at path ./rollouts/2026_09_17/2026_09_17-20_25_12--openvla_oft--episode=62--success=True--task=pick_up_the_black_bowl_next_to_the_cookie_box_and_.mp4
09/17 [20:35:20] INFO     | >> Success: True              run_libero_eval.py:238
                 INFO     | >> # episodes completed so    run_libero_eval.py:238
                          far: 62                                               
                 INFO     | >> # successes: 57 (91.9%)    run_libero_eval.py:238

 20%|██        | 2/10 [00:18<01:12,  9.11s/it][A                 INFO     | >>                            run_libero_eval.py:238
                          Task: pick up the black bowl                          
                          next to the cookie box and                            
                          place it on the plate                                 
                 INFO     | >> Starting episode 3...      run_libero_eval.py:238
                 INFO     | >> EPISODE_MANIFEST           run_libero_eval.py:238
                          {"env_seed": 1179455625,                              
                          "init_state_dtype": "float64",                        
                          "init_state_index": 7,                                
                          "init_state_sha256":                                  
                          "f0dc954a7059fa3185a63ea648be5f                       
                          a5fac395b27f135e0771adc594f837b                       
                          49c", "init_state_shape": [92],                       
                          "model_seed": 2951695608,                             
                          "protocol": "paired",                                 
                          "task_id": 6}                                         
huggingface/tokenizers: The current process just got forked, after parallelism has already been used. Disabling parallelism to avoid deadlocks...
To disable this warning, you can either:
	- Avoid using `tokenizers` before the fork if possible
	- Explicitly set the environment variable TOKENIZERS_PARALLELISM=(true | false)
Saved rollout MP4 at path ./rollouts/2026_09_17/2026_09_17-20_25_12--openvla_oft--episode=63--success=True--task=pick_up_the_black_bowl_next_to_the_cookie_box_and_.mp4
09/17 [20:35:29] INFO     | >> Success: True              run_libero_eval.py:238
                 INFO     | >> # episodes completed so    run_libero_eval.py:238
                          far: 63                                               
                 INFO     | >> # successes: 58 (92.1%)    run_libero_eval.py:238

 30%|███       | 3/10 [00:27<01:03,  9.05s/it][A                 INFO     | >>                            run_libero_eval.py:238
                          Task: pick up the black bowl                          
                          next to the cookie box and                            
                          place it on the plate                                 
                 INFO     | >> Starting episode 4...      run_libero_eval.py:238
                 INFO     | >> EPISODE_MANIFEST           run_libero_eval.py:238
                          {"env_seed": 3268505317,                              
                          "init_state_dtype": "float64",                        
                          "init_state_index": 8,                                
                          "init_state_sha256":                                  
                          "949373f1f909d26e57ace693cadbd2                       
                          1aa658d89546cf2f4ded0fd3e17a460                       
                          6ac", "init_state_shape": [92],                       
                          "model_seed": 1618128254,                             
                          "protocol": "paired",                                 
                          "task_id": 6}                                         
huggingface/tokenizers: The current process just got forked, after parallelism has already been used. Disabling parallelism to avoid deadlocks...
To disable this warning, you can either:
	- Avoid using `tokenizers` before the fork if possible
	- Explicitly set the environment variable TOKENIZERS_PARALLELISM=(true | false)
Saved rollout MP4 at path ./rollouts/2026_09_17/2026_09_17-20_25_12--openvla_oft--episode=64--success=True--task=pick_up_the_black_bowl_next_to_the_cookie_box_and_.mp4
09/17 [20:35:39] INFO     | >> Success: True              run_libero_eval.py:238
                 INFO     | >> # episodes completed so    run_libero_eval.py:238
                          far: 64                                               
                 INFO     | >> # successes: 59 (92.2%)    run_libero_eval.py:238

 40%|████      | 4/10 [00:36<00:55,  9.17s/it][A                 INFO     | >>                            run_libero_eval.py:238
                          Task: pick up the black bowl                          
                          next to the cookie box and                            
                          place it on the plate                                 
                 INFO     | >> Starting episode 5...      run_libero_eval.py:238
                 INFO     | >> EPISODE_MANIFEST           run_libero_eval.py:238
                          {"env_seed": 1021821383,                              
                          "init_state_dtype": "float64",                        
                          "init_state_index": 9,                                
                          "init_state_sha256":                                  
                          "0ffc5da6f449cc4be5f2d6fbe4ea56                       
                          9c870e80a127d9aef2bced08e1407e4                       
                          b5f", "init_state_shape": [92],                       
                          "model_seed": 1310436415,                             
                          "protocol": "paired",                                 
                          "task_id": 6}                                         
huggingface/tokenizers: The current process just got forked, after parallelism has already been used. Disabling parallelism to avoid deadlocks...
To disable this warning, you can either:
	- Avoid using `tokenizers` before the fork if possible
	- Explicitly set the environment variable TOKENIZERS_PARALLELISM=(true | false)
Saved rollout MP4 at path ./rollouts/2026_09_17/2026_09_17-20_25_12--openvla_oft--episode=65--success=True--task=pick_up_the_black_bowl_next_to_the_cookie_box_and_.mp4
09/17 [20:35:48] INFO     | >> Success: True              run_libero_eval.py:238
                 INFO     | >> # episodes completed so    run_libero_eval.py:238
                          far: 65                                               
                 INFO     | >> # successes: 60 (92.3%)    run_libero_eval.py:238

 50%|█████     | 5/10 [00:45<00:45,  9.10s/it][A                 INFO     | >>                            run_libero_eval.py:238
                          Task: pick up the black bowl                          
                          next to the cookie box and                            
                          place it on the plate                                 
                 INFO     | >> Starting episode 6...      run_libero_eval.py:238
                 INFO     | >> EPISODE_MANIFEST           run_libero_eval.py:238
                          {"env_seed": 1376862275,                              
                          "init_state_dtype": "float64",                        
                          "init_state_index": 10,                               
                          "init_state_sha256":                                  
                          "eaf7293a6bf87fbf51f658f8b9f304                       
                          1bb271b943e2b32b84852f939acb653                       
                          f15", "init_state_shape": [92],                       
                          "model_seed": 90998460,                               
                          "protocol": "paired",                                 
                          "task_id": 6}                                         
huggingface/tokenizers: The current process just got forked, after parallelism has already been used. Disabling parallelism to avoid deadlocks...
To disable this warning, you can either:
	- Avoid using `tokenizers` before the fork if possible
	- Explicitly set the environment variable TOKENIZERS_PARALLELISM=(true | false)
Saved rollout MP4 at path ./rollouts/2026_09_17/2026_09_17-20_25_12--openvla_oft--episode=66--success=True--task=pick_up_the_black_bowl_next_to_the_cookie_box_and_.mp4
09/17 [20:35:57] INFO     | >> Success: True              run_libero_eval.py:238
                 INFO     | >> # episodes completed so    run_libero_eval.py:238
                          far: 66                                               
                 INFO     | >> # successes: 61 (92.4%)    run_libero_eval.py:238

 60%|██████    | 6/10 [00:54<00:36,  9.09s/it][A                 INFO     | >>                            run_libero_eval.py:238
                          Task: pick up the black bowl                          
                          next to the cookie box and                            
                          place it on the plate                                 
                 INFO     | >> Starting episode 7...      run_libero_eval.py:238
                 INFO     | >> EPISODE_MANIFEST           run_libero_eval.py:238
                          {"env_seed": 3810235033,                              
                          "init_state_dtype": "float64",                        
                          "init_state_index": 11,                               
                          "init_state_sha256":                                  
                          "086d92098f70b4304ee849a551a884                       
                          1bc5540af72329890224b8c9d7eb426                       
                          9aa", "init_state_shape": [92],                       
                          "model_seed": 3224610980,                             
                          "protocol": "paired",                                 
                          "task_id": 6}                                         
huggingface/tokenizers: The current process just got forked, after parallelism has already been used. Disabling parallelism to avoid deadlocks...
To disable this warning, you can either:
	- Avoid using `tokenizers` before the fork if possible
	- Explicitly set the environment variable TOKENIZERS_PARALLELISM=(true | false)
Saved rollout MP4 at path ./rollouts/2026_09_17/2026_09_17-20_25_12--openvla_oft--episode=67--success=True--task=pick_up_the_black_bowl_next_to_the_cookie_box_and_.mp4
09/17 [20:36:06] INFO     | >> Success: True              run_libero_eval.py:238
                 INFO     | >> # episodes completed so    run_libero_eval.py:238
                          far: 67                                               
                 INFO     | >> # successes: 62 (92.5%)    run_libero_eval.py:238

 70%|███████   | 7/10 [01:03<00:27,  9.16s/it][A                 INFO     | >>                            run_libero_eval.py:238
                          Task: pick up the black bowl                          
                          next to the cookie box and                            
                          place it on the plate                                 
                 INFO     | >> Starting episode 8...      run_libero_eval.py:238
                 INFO     | >> EPISODE_MANIFEST           run_libero_eval.py:238
                          {"env_seed": 2225701122,                              
                          "init_state_dtype": "float64",                        
                          "init_state_index": 12,                               
                          "init_state_sha256":                                  
                          "6d69d364b3ba6a780de6a6b553be10                       
                          2a7076031abb03b27e25d10867efcaa                       
                          40a", "init_state_shape": [92],                       
                          "model_seed": 1730676684,                             
                          "protocol": "paired",                                 
                          "task_id": 6}                                         
huggingface/tokenizers: The current process just got forked, after parallelism has already been used. Disabling parallelism to avoid deadlocks...
To disable this warning, you can either:
	- Avoid using `tokenizers` before the fork if possible
	- Explicitly set the environment variable TOKENIZERS_PARALLELISM=(true | false)
Saved rollout MP4 at path ./rollouts/2026_09_17/2026_09_17-20_25_12--openvla_oft--episode=68--success=True--task=pick_up_the_black_bowl_next_to_the_cookie_box_and_.mp4
09/17 [20:36:15] INFO     | >> Success: True              run_libero_eval.py:238
                 INFO     | >> # episodes completed so    run_libero_eval.py:238
                          far: 68                                               
                 INFO     | >> # successes: 63 (92.6%)    run_libero_eval.py:238

 80%|████████  | 8/10 [01:13<00:18,  9.19s/it][A                 INFO     | >>                            run_libero_eval.py:238
                          Task: pick up the black bowl                          
                          next to the cookie box and                            
                          place it on the plate                                 
                 INFO     | >> Starting episode 9...      run_libero_eval.py:238
                 INFO     | >> EPISODE_MANIFEST           run_libero_eval.py:238
                          {"env_seed": 1252869262,                              
                          "init_state_dtype": "float64",                        
                          "init_state_index": 13,                               
                          "init_state_sha256":                                  
                          "5b5f5be6756670be320c90d8ddc74a                       
                          90debb4c433c896028bac1169196d00                       
                          f26", "init_state_shape": [92],                       
                          "model_seed": 948762575,                              
                          "protocol": "paired",                                 
                          "task_id": 6}                                         
huggingface/tokenizers: The current process just got forked, after parallelism has already been used. Disabling parallelism to avoid deadlocks...
To disable this warning, you can either:
	- Avoid using `tokenizers` before the fork if possible
	- Explicitly set the environment variable TOKENIZERS_PARALLELISM=(true | false)
Saved rollout MP4 at path ./rollouts/2026_09_17/2026_09_17-20_25_12--openvla_oft--episode=69--success=True--task=pick_up_the_black_bowl_next_to_the_cookie_box_and_.mp4
09/17 [20:36:24] INFO     | >> Success: True              run_libero_eval.py:238
                 INFO     | >> # episodes completed so    run_libero_eval.py:238
                          far: 69                                               
                 INFO     | >> # successes: 64 (92.8%)    run_libero_eval.py:238

 90%|█████████ | 9/10 [01:21<00:08,  8.94s/it][A                 INFO     | >>                            run_libero_eval.py:238
                          Task: pick up the black bowl                          
                          next to the cookie box and                            
                          place it on the plate                                 
                 INFO     | >> Starting episode 10...     run_libero_eval.py:238
                 INFO     | >> EPISODE_MANIFEST           run_libero_eval.py:238
                          {"env_seed": 1420580096,                              
                          "init_state_dtype": "float64",                        
                          "init_state_index": 14,                               
                          "init_state_sha256":                                  
                          "42f14bceb4a4442495e345b5e2cae5                       
                          a449eaa30105c546c8349a09bbba379                       
                          d34", "init_state_shape": [92],                       
                          "model_seed": 3970509889,                             
                          "protocol": "paired",                                 
                          "task_id": 6}                                         
huggingface/tokenizers: The current process just got forked, after parallelism has already been used. Disabling parallelism to avoid deadlocks...
To disable this warning, you can either:
	- Avoid using `tokenizers` before the fork if possible
	- Explicitly set the environment variable TOKENIZERS_PARALLELISM=(true | false)
Saved rollout MP4 at path ./rollouts/2026_09_17/2026_09_17-20_25_12--openvla_oft--episode=70--success=True--task=pick_up_the_black_bowl_next_to_the_cookie_box_and_.mp4
09/17 [20:36:33] INFO     | >> Success: True              run_libero_eval.py:238
                 INFO     | >> # episodes completed so    run_libero_eval.py:238
                          far: 70                                               
                 INFO     | >> # successes: 65 (92.9%)    run_libero_eval.py:238

100%|██████████| 10/10 [01:30<00:00,  9.06s/it][A100%|██████████| 10/10 [01:30<00:00,  9.09s/it]
                 INFO     | >> Current task success rate: run_libero_eval.py:238
                          1.0                                                   
                 INFO     | >> Current total success      run_libero_eval.py:238
                          rate: 0.9285714285714286                              
 70%|███████   | 7/10 [10:57<04:47, 95.79s/it]                 INFO     | >> Using default initial      run_libero_eval.py:238
                          states                                                

  0%|          | 0/10 [00:00<?, ?it/s][A09/17 [20:36:36] INFO     | >>                            run_libero_eval.py:238
                          Task: pick up the black bowl on                       
                          the stove and place it on the                         
                          plate                                                 
                 INFO     | >> Starting episode 1...      run_libero_eval.py:238
                 INFO     | >> EPISODE_MANIFEST           run_libero_eval.py:238
                          {"env_seed": 2755095330,                              
                          "init_state_dtype": "float64",                        
                          "init_state_index": 5,                                
                          "init_state_sha256":                                  
                          "b887ede88d157e4e55c6c31aa79eec                       
                          7ea0c950034f6111fd9f619c423469d                       
                          483", "init_state_shape": [92],                       
                          "model_seed": 3911580404,                             
                          "protocol": "paired",                                 
                          "task_id": 7}                                         
huggingface/tokenizers: The current process just got forked, after parallelism has already been used. Disabling parallelism to avoid deadlocks...
To disable this warning, you can either:
	- Avoid using `tokenizers` before the fork if possible
	- Explicitly set the environment variable TOKENIZERS_PARALLELISM=(true | false)
Saved rollout MP4 at path ./rollouts/2026_09_17/2026_09_17-20_25_12--openvla_oft--episode=71--success=True--task=pick_up_the_black_bowl_on_the_stove_and_place_it_o.mp4
09/17 [20:36:45] INFO     | >> Success: True              run_libero_eval.py:238
                 INFO     | >> # episodes completed so    run_libero_eval.py:238
                          far: 71                                               
                 INFO     | >> # successes: 66 (93.0%)    run_libero_eval.py:238

 10%|█         | 1/10 [00:09<01:21,  9.07s/it][A                 INFO     | >>                            run_libero_eval.py:238
                          Task: pick up the black bowl on                       
                          the stove and place it on the                         
                          plate                                                 
                 INFO     | >> Starting episode 2...      run_libero_eval.py:238
                 INFO     | >> EPISODE_MANIFEST           run_libero_eval.py:238
                          {"env_seed": 1197697093,                              
                          "init_state_dtype": "float64",                        
                          "init_state_index": 6,                                
                          "init_state_sha256":                                  
                          "583801d2f7fa2816c9b5a290cd4e95                       
                          4a88c7b5a43f9bc4c7735ba26633f79                       
                          97d", "init_state_shape": [92],                       
                          "model_seed": 34433123,                               
                          "protocol": "paired",                                 
                          "task_id": 7}                                         
huggingface/tokenizers: The current process just got forked, after parallelism has already been used. Disabling parallelism to avoid deadlocks...
To disable this warning, you can either:
	- Avoid using `tokenizers` before the fork if possible
	- Explicitly set the environment variable TOKENIZERS_PARALLELISM=(true | false)
Saved rollout MP4 at path ./rollouts/2026_09_17/2026_09_17-20_25_12--openvla_oft--episode=72--success=True--task=pick_up_the_black_bowl_on_the_stove_and_place_it_o.mp4
09/17 [20:36:55] INFO     | >> Success: True              run_libero_eval.py:238
                 INFO     | >> # episodes completed so    run_libero_eval.py:238
                          far: 72                                               
                 INFO     | >> # successes: 67 (93.1%)    run_libero_eval.py:238

 20%|██        | 2/10 [00:19<01:17,  9.72s/it][A                 INFO     | >>                            run_libero_eval.py:238
                          Task: pick up the black bowl on                       
                          the stove and place it on the                         
                          plate                                                 
                 INFO     | >> Starting episode 3...      run_libero_eval.py:238
                 INFO     | >> EPISODE_MANIFEST           run_libero_eval.py:238
                          {"env_seed": 1111197035,                              
                          "init_state_dtype": "float64",                        
                          "init_state_index": 7,                                
                          "init_state_sha256":                                  
                          "7a2ae9fdc7b6512f45182c6c1eb060                       
                          5cfc023075e306c0c5909078fe235db                       
                          309", "init_state_shape": [92],                       
                          "model_seed": 370948222,                              
                          "protocol": "paired",                                 
                          "task_id": 7}                                         
huggingface/tokenizers: The current process just got forked, after parallelism has already been used. Disabling parallelism to avoid deadlocks...
To disable this warning, you can either:
	- Avoid using `tokenizers` before the fork if possible
	- Explicitly set the environment variable TOKENIZERS_PARALLELISM=(true | false)
Saved rollout MP4 at path ./rollouts/2026_09_17/2026_09_17-20_25_12--openvla_oft--episode=73--success=True--task=pick_up_the_black_bowl_on_the_stove_and_place_it_o.mp4
09/17 [20:37:05] INFO     | >> Success: True              run_libero_eval.py:238
                 INFO     | >> # episodes completed so    run_libero_eval.py:238
                          far: 73                                               
                 INFO     | >> # successes: 68 (93.2%)    run_libero_eval.py:238

 30%|███       | 3/10 [00:29<01:09,  9.90s/it][A                 INFO     | >>                            run_libero_eval.py:238
                          Task: pick up the black bowl on                       
                          the stove and place it on the                         
                          plate                                                 
                 INFO     | >> Starting episode 4...      run_libero_eval.py:238
                 INFO     | >> EPISODE_MANIFEST           run_libero_eval.py:238
                          {"env_seed": 3113684588,                              
                          "init_state_dtype": "float64",                        
                          "init_state_index": 8,                                
                          "init_state_sha256":                                  
                          "ab1daae4e2f98cfe102420e3659a5e                       
                          9b27643619d8637f8985b729db38be5                       
                          b54", "init_state_shape": [92],                       
                          "model_seed": 2440714535,                             
                          "protocol": "paired",                                 
                          "task_id": 7}                                         
huggingface/tokenizers: The current process just got forked, after parallelism has already been used. Disabling parallelism to avoid deadlocks...
To disable this warning, you can either:
	- Avoid using `tokenizers` before the fork if possible
	- Explicitly set the environment variable TOKENIZERS_PARALLELISM=(true | false)
Saved rollout MP4 at path ./rollouts/2026_09_17/2026_09_17-20_25_12--openvla_oft--episode=74--success=False--task=pick_up_the_black_bowl_on_the_stove_and_place_it_o.mp4
09/17 [20:37:20] INFO     | >> Success: False             run_libero_eval.py:238
                 INFO     | >> # episodes completed so    run_libero_eval.py:238
                          far: 74                                               
                 INFO     | >> # successes: 68 (91.9%)    run_libero_eval.py:238

 40%|████      | 4/10 [00:44<01:11, 11.84s/it][A                 INFO     | >>                            run_libero_eval.py:238
                          Task: pick up the black bowl on                       
                          the stove and place it on the                         
                          plate                                                 
                 INFO     | >> Starting episode 5...      run_libero_eval.py:238
                 INFO     | >> EPISODE_MANIFEST           run_libero_eval.py:238
                          {"env_seed": 25912323,                                
                          "init_state_dtype": "float64",                        
                          "init_state_index": 9,                                
                          "init_state_sha256":                                  
                          "546f905e8563676df7f13cf4071337                       
                          c8e75b41ba50d997ad1732d0d666be5                       
                          0f5", "init_state_shape": [92],                       
                          "model_seed": 115094259,                              
                          "protocol": "paired",                                 
                          "task_id": 7}                                         
huggingface/tokenizers: The current process just got forked, after parallelism has already been used. Disabling parallelism to avoid deadlocks...
To disable this warning, you can either:
	- Avoid using `tokenizers` before the fork if possible
	- Explicitly set the environment variable TOKENIZERS_PARALLELISM=(true | false)
Saved rollout MP4 at path ./rollouts/2026_09_17/2026_09_17-20_25_12--openvla_oft--episode=75--success=True--task=pick_up_the_black_bowl_on_the_stove_and_place_it_o.mp4
09/17 [20:37:30] INFO     | >> Success: True              run_libero_eval.py:238
                 INFO     | >> # episodes completed so    run_libero_eval.py:238
                          far: 75                                               
                 INFO     | >> # successes: 69 (92.0%)    run_libero_eval.py:238

 50%|█████     | 5/10 [00:53<00:54, 10.99s/it][A                 INFO     | >>                            run_libero_eval.py:238
                          Task: pick up the black bowl on                       
                          the stove and place it on the                         
                          plate                                                 
                 INFO     | >> Starting episode 6...      run_libero_eval.py:238
                 INFO     | >> EPISODE_MANIFEST           run_libero_eval.py:238
                          {"env_seed": 474105403,                               
                          "init_state_dtype": "float64",                        
                          "init_state_index": 10,                               
                          "init_state_sha256":                                  
                          "134b79de0703478113dd0dcff51a78                       
                          fc95723a65f5bc0ace2fea3a4b42970                       
                          6ce", "init_state_shape": [92],                       
                          "model_seed": 3723604219,                             
                          "protocol": "paired",                                 
                          "task_id": 7}                                         
huggingface/tokenizers: The current process just got forked, after parallelism has already been used. Disabling parallelism to avoid deadlocks...
To disable this warning, you can either:
	- Avoid using `tokenizers` before the fork if possible
	- Explicitly set the environment variable TOKENIZERS_PARALLELISM=(true | false)
Saved rollout MP4 at path ./rollouts/2026_09_17/2026_09_17-20_25_12--openvla_oft--episode=76--success=True--task=pick_up_the_black_bowl_on_the_stove_and_place_it_o.mp4
09/17 [20:37:40] INFO     | >> Success: True              run_libero_eval.py:238
                 INFO     | >> # episodes completed so    run_libero_eval.py:238
                          far: 76                                               
                 INFO     | >> # successes: 70 (92.1%)    run_libero_eval.py:238

 60%|██████    | 6/10 [01:03<00:42, 10.62s/it][A                 INFO     | >>                            run_libero_eval.py:238
                          Task: pick up the black bowl on                       
                          the stove and place it on the                         
                          plate                                                 
                 INFO     | >> Starting episode 7...      run_libero_eval.py:238
                 INFO     | >> EPISODE_MANIFEST           run_libero_eval.py:238
                          {"env_seed": 2739635432,                              
                          "init_state_dtype": "float64",                        
                          "init_state_index": 11,                               
                          "init_state_sha256":                                  
                          "86e1a1699c62958a3e3fe25e7f8a59                       
                          8cd67698b05f68e4c44d5ccfe3a34d2                       
                          415", "init_state_shape": [92],                       
                          "model_seed": 2937720409,                             
                          "protocol": "paired",                                 
                          "task_id": 7}                                         
huggingface/tokenizers: The current process just got forked, after parallelism has already been used. Disabling parallelism to avoid deadlocks...
To disable this warning, you can either:
	- Avoid using `tokenizers` before the fork if possible
	- Explicitly set the environment variable TOKENIZERS_PARALLELISM=(true | false)
Saved rollout MP4 at path ./rollouts/2026_09_17/2026_09_17-20_25_12--openvla_oft--episode=77--success=True--task=pick_up_the_black_bowl_on_the_stove_and_place_it_o.mp4
09/17 [20:37:50] INFO     | >> Success: True              run_libero_eval.py:238
                 INFO     | >> # episodes completed so    run_libero_eval.py:238
                          far: 77                                               
                 INFO     | >> # successes: 71 (92.2%)    run_libero_eval.py:238

 70%|███████   | 7/10 [01:13<00:31, 10.43s/it][A                 INFO     | >>                            run_libero_eval.py:238
                          Task: pick up the black bowl on                       
                          the stove and place it on the                         
                          plate                                                 
                 INFO     | >> Starting episode 8...      run_libero_eval.py:238
                 INFO     | >> EPISODE_MANIFEST           run_libero_eval.py:238
                          {"env_seed": 48631512,                                
                          "init_state_dtype": "float64",                        
                          "init_state_index": 12,                               
                          "init_state_sha256":                                  
                          "da8243989fd7207ad4188c0b956659                       
                          84656070c8d5f5c8fe7450de83d3db9                       
                          467", "init_state_shape": [92],                       
                          "model_seed": 4106591835,                             
                          "protocol": "paired",                                 
                          "task_id": 7}                                         
huggingface/tokenizers: The current process just got forked, after parallelism has already been used. Disabling parallelism to avoid deadlocks...
To disable this warning, you can either:
	- Avoid using `tokenizers` before the fork if possible
	- Explicitly set the environment variable TOKENIZERS_PARALLELISM=(true | false)
Saved rollout MP4 at path ./rollouts/2026_09_17/2026_09_17-20_25_12--openvla_oft--episode=78--success=True--task=pick_up_the_black_bowl_on_the_stove_and_place_it_o.mp4
09/17 [20:38:00] INFO     | >> Success: True              run_libero_eval.py:238
                 INFO     | >> # episodes completed so    run_libero_eval.py:238
                          far: 78                                               
                 INFO     | >> # successes: 72 (92.3%)    run_libero_eval.py:238

 80%|████████  | 8/10 [01:23<00:20, 10.31s/it][A                 INFO     | >>                            run_libero_eval.py:238
                          Task: pick up the black bowl on                       
                          the stove and place it on the                         
                          plate                                                 
                 INFO     | >> Starting episode 9...      run_libero_eval.py:238
                 INFO     | >> EPISODE_MANIFEST           run_libero_eval.py:238
                          {"env_seed": 1578249781,                              
                          "init_state_dtype": "float64",                        
                          "init_state_index": 13,                               
                          "init_state_sha256":                                  
                          "97cdc22f59d8f3ca1195ffe3005c25                       
                          7478fa743b2edc7427950718b01381a                       
                          7ae", "init_state_shape": [92],                       
                          "model_seed": 3838608503,                             
                          "protocol": "paired",                                 
                          "task_id": 7}                                         
huggingface/tokenizers: The current process just got forked, after parallelism has already been used. Disabling parallelism to avoid deadlocks...
To disable this warning, you can either:
	- Avoid using `tokenizers` before the fork if possible
	- Explicitly set the environment variable TOKENIZERS_PARALLELISM=(true | false)
Saved rollout MP4 at path ./rollouts/2026_09_17/2026_09_17-20_25_12--openvla_oft--episode=79--success=True--task=pick_up_the_black_bowl_on_the_stove_and_place_it_o.mp4
09/17 [20:38:10] INFO     | >> Success: True              run_libero_eval.py:238
                 INFO     | >> # episodes completed so    run_libero_eval.py:238
                          far: 79                                               
                 INFO     | >> # successes: 73 (92.4%)    run_libero_eval.py:238

 90%|█████████ | 9/10 [01:33<00:10, 10.32s/it][A                 INFO     | >>                            run_libero_eval.py:238
                          Task: pick up the black bowl on                       
                          the stove and place it on the                         
                          plate                                                 
                 INFO     | >> Starting episode 10...     run_libero_eval.py:238
                 INFO     | >> EPISODE_MANIFEST           run_libero_eval.py:238
                          {"env_seed": 4224321642,                              
                          "init_state_dtype": "float64",                        
                          "init_state_index": 14,                               
                          "init_state_sha256":                                  
                          "ab04f435365a442c36f1fcfaf55412                       
                          b385fb16192a1abca51fc22276b8f81                       
                          f71", "init_state_shape": [92],                       
                          "model_seed": 1939103098,                             
                          "protocol": "paired",                                 
                          "task_id": 7}                                         
huggingface/tokenizers: The current process just got forked, after parallelism has already been used. Disabling parallelism to avoid deadlocks...
To disable this warning, you can either:
	- Avoid using `tokenizers` before the fork if possible
	- Explicitly set the environment variable TOKENIZERS_PARALLELISM=(true | false)
Saved rollout MP4 at path ./rollouts/2026_09_17/2026_09_17-20_25_12--openvla_oft--episode=80--success=False--task=pick_up_the_black_bowl_on_the_stove_and_place_it_o.mp4
09/17 [20:38:26] INFO     | >> Success: False             run_libero_eval.py:238
                 INFO     | >> # episodes completed so    run_libero_eval.py:238
                          far: 80                                               
                 INFO     | >> # successes: 73 (91.2%)    run_libero_eval.py:238

100%|██████████| 10/10 [01:49<00:00, 11.93s/it][A100%|██████████| 10/10 [01:49<00:00, 10.95s/it]
                 INFO     | >> Current task success rate: run_libero_eval.py:238
                          0.8                                                   
                 INFO     | >> Current total success      run_libero_eval.py:238
                          rate: 0.9125                                          
 80%|████████  | 8/10 [12:50<03:22, 101.19s/it]                 INFO     | >> Using default initial      run_libero_eval.py:238
                          states                                                

  0%|          | 0/10 [00:00<?, ?it/s][A09/17 [20:38:29] INFO     | >>                            run_libero_eval.py:238
                          Task: pick up the black bowl                          
                          next to the plate and place it                        
                          on the plate                                          
                 INFO     | >> Starting episode 1...      run_libero_eval.py:238
                 INFO     | >> EPISODE_MANIFEST           run_libero_eval.py:238
                          {"env_seed": 1238714754,                              
                          "init_state_dtype": "float64",                        
                          "init_state_index": 5,                                
                          "init_state_sha256":                                  
                          "6b4f91c1a15155e7f0a6ce3085bea1                       
                          0bef88c0cb5fa46526cf7115c56ca93                       
                          0e4", "init_state_shape": [92],                       
                          "model_seed": 1579726468,                             
                          "protocol": "paired",                                 
                          "task_id": 8}                                         
huggingface/tokenizers: The current process just got forked, after parallelism has already been used. Disabling parallelism to avoid deadlocks...
To disable this warning, you can either:
	- Avoid using `tokenizers` before the fork if possible
	- Explicitly set the environment variable TOKENIZERS_PARALLELISM=(true | false)
Saved rollout MP4 at path ./rollouts/2026_09_17/2026_09_17-20_25_12--openvla_oft--episode=81--success=True--task=pick_up_the_black_bowl_next_to_the_plate_and_place.mp4
09/17 [20:38:37] INFO     | >> Success: True              run_libero_eval.py:238
                 INFO     | >> # episodes completed so    run_libero_eval.py:238
                          far: 81                                               
                 INFO     | >> # successes: 74 (91.4%)    run_libero_eval.py:238

 10%|█         | 1/10 [00:08<01:14,  8.27s/it][A                 INFO     | >>                            run_libero_eval.py:238
                          Task: pick up the black bowl                          
                          next to the plate and place it                        
                          on the plate                                          
                 INFO     | >> Starting episode 2...      run_libero_eval.py:238
                 INFO     | >> EPISODE_MANIFEST           run_libero_eval.py:238
                          {"env_seed": 311933947,                               
                          "init_state_dtype": "float64",                        
                          "init_state_index": 6,                                
                          "init_state_sha256":                                  
                          "e6c8b330e200dfac047d69461946ed                       
                          fa16c7526af280af94e5f035ca3f04a                       
                          88e", "init_state_shape": [92],                       
                          "model_seed": 3920860468,                             
                          "protocol": "paired",                                 
                          "task_id": 8}                                         
huggingface/tokenizers: The current process just got forked, after parallelism has already been used. Disabling parallelism to avoid deadlocks...
To disable this warning, you can either:
	- Avoid using `tokenizers` before the fork if possible
	- Explicitly set the environment variable TOKENIZERS_PARALLELISM=(true | false)
Saved rollout MP4 at path ./rollouts/2026_09_17/2026_09_17-20_25_12--openvla_oft--episode=82--success=True--task=pick_up_the_black_bowl_next_to_the_plate_and_place.mp4
09/17 [20:38:46] INFO     | >> Success: True              run_libero_eval.py:238
                 INFO     | >> # episodes completed so    run_libero_eval.py:238
                          far: 82                                               
                 INFO     | >> # successes: 75 (91.5%)    run_libero_eval.py:238

 20%|██        | 2/10 [00:16<01:06,  8.29s/it][A                 INFO     | >>                            run_libero_eval.py:238
                          Task: pick up the black bowl                          
                          next to the plate and place it                        
                          on the plate                                          
                 INFO     | >> Starting episode 3...      run_libero_eval.py:238
                 INFO     | >> EPISODE_MANIFEST           run_libero_eval.py:238
                          {"env_seed": 1895236238,                              
                          "init_state_dtype": "float64",                        
                          "init_state_index": 7,                                
                          "init_state_sha256":                                  
                          "b0c0e39e2152058d077abf5025369e                       
                          5183dc4b393291a638d59a529c54de2                       
                          a63", "init_state_shape": [92],                       
                          "model_seed": 1872252116,                             
                          "protocol": "paired",                                 
                          "task_id": 8}                                         
huggingface/tokenizers: The current process just got forked, after parallelism has already been used. Disabling parallelism to avoid deadlocks...
To disable this warning, you can either:
	- Avoid using `tokenizers` before the fork if possible
	- Explicitly set the environment variable TOKENIZERS_PARALLELISM=(true | false)
Saved rollout MP4 at path ./rollouts/2026_09_17/2026_09_17-20_25_12--openvla_oft--episode=83--success=True--task=pick_up_the_black_bowl_next_to_the_plate_and_place.mp4
09/17 [20:38:54] INFO     | >> Success: True              run_libero_eval.py:238
                 INFO     | >> # episodes completed so    run_libero_eval.py:238
                          far: 83                                               
                 INFO     | >> # successes: 76 (91.6%)    run_libero_eval.py:238

 30%|███       | 3/10 [00:24<00:57,  8.22s/it][A                 INFO     | >>                            run_libero_eval.py:238
                          Task: pick up the black bowl                          
                          next to the plate and place it                        
                          on the plate                                          
                 INFO     | >> Starting episode 4...      run_libero_eval.py:238
                 INFO     | >> EPISODE_MANIFEST           run_libero_eval.py:238
                          {"env_seed": 125097745,                               
                          "init_state_dtype": "float64",                        
                          "init_state_index": 8,                                
                          "init_state_sha256":                                  
                          "5cdf91438b981a12625fd104367717                       
                          52a3d3a34bc99b3865800876064d71f                       
                          6ac", "init_state_shape": [92],                       
                          "model_seed": 3022301049,                             
                          "protocol": "paired",                                 
                          "task_id": 8}                                         
huggingface/tokenizers: The current process just got forked, after parallelism has already been used. Disabling parallelism to avoid deadlocks...
To disable this warning, you can either:
	- Avoid using `tokenizers` before the fork if possible
	- Explicitly set the environment variable TOKENIZERS_PARALLELISM=(true | false)
Saved rollout MP4 at path ./rollouts/2026_09_17/2026_09_17-20_25_12--openvla_oft--episode=84--success=True--task=pick_up_the_black_bowl_next_to_the_plate_and_place.mp4
09/17 [20:39:02] INFO     | >> Success: True              run_libero_eval.py:238
                 INFO     | >> # episodes completed so    run_libero_eval.py:238
                          far: 84                                               
                 INFO     | >> # successes: 77 (91.7%)    run_libero_eval.py:238

 40%|████      | 4/10 [00:33<00:49,  8.30s/it][A                 INFO     | >>                            run_libero_eval.py:238
                          Task: pick up the black bowl                          
                          next to the plate and place it                        
                          on the plate                                          
                 INFO     | >> Starting episode 5...      run_libero_eval.py:238
                 INFO     | >> EPISODE_MANIFEST           run_libero_eval.py:238
                          {"env_seed": 1723525530,                              
                          "init_state_dtype": "float64",                        
                          "init_state_index": 9,                                
                          "init_state_sha256":                                  
                          "caf2ae97e43664e04a6534a50c176d                       
                          b42a116e6ccc6c963a6646f725ac075                       
                          45e", "init_state_shape": [92],                       
                          "model_seed": 2590999359,                             
                          "protocol": "paired",                                 
                          "task_id": 8}                                         
huggingface/tokenizers: The current process just got forked, after parallelism has already been used. Disabling parallelism to avoid deadlocks...
To disable this warning, you can either:
	- Avoid using `tokenizers` before the fork if possible
	- Explicitly set the environment variable TOKENIZERS_PARALLELISM=(true | false)
Saved rollout MP4 at path ./rollouts/2026_09_17/2026_09_17-20_25_12--openvla_oft--episode=85--success=True--task=pick_up_the_black_bowl_next_to_the_plate_and_place.mp4
09/17 [20:39:11] INFO     | >> Success: True              run_libero_eval.py:238
                 INFO     | >> # episodes completed so    run_libero_eval.py:238
                          far: 85                                               
                 INFO     | >> # successes: 78 (91.8%)    run_libero_eval.py:238

 50%|█████     | 5/10 [00:41<00:41,  8.39s/it][A                 INFO     | >>                            run_libero_eval.py:238
                          Task: pick up the black bowl                          
                          next to the plate and place it                        
                          on the plate                                          
                 INFO     | >> Starting episode 6...      run_libero_eval.py:238
                 INFO     | >> EPISODE_MANIFEST           run_libero_eval.py:238
                          {"env_seed": 3333673379,                              
                          "init_state_dtype": "float64",                        
                          "init_state_index": 10,                               
                          "init_state_sha256":                                  
                          "e6f05a53e5845b0332df031c9505cd                       
                          9fbe0ab7eb64c29fb9da4952f280441                       
                          48c", "init_state_shape": [92],                       
                          "model_seed": 3256588049,                             
                          "protocol": "paired",                                 
                          "task_id": 8}                                         
huggingface/tokenizers: The current process just got forked, after parallelism has already been used. Disabling parallelism to avoid deadlocks...
To disable this warning, you can either:
	- Avoid using `tokenizers` before the fork if possible
	- Explicitly set the environment variable TOKENIZERS_PARALLELISM=(true | false)
Saved rollout MP4 at path ./rollouts/2026_09_17/2026_09_17-20_25_12--openvla_oft--episode=86--success=True--task=pick_up_the_black_bowl_next_to_the_plate_and_place.mp4
09/17 [20:39:19] INFO     | >> Success: True              run_libero_eval.py:238
                 INFO     | >> # episodes completed so    run_libero_eval.py:238
                          far: 86                                               
                 INFO     | >> # successes: 79 (91.9%)    run_libero_eval.py:238

 60%|██████    | 6/10 [00:50<00:33,  8.45s/it][A                 INFO     | >>                            run_libero_eval.py:238
                          Task: pick up the black bowl                          
                          next to the plate and place it                        
                          on the plate                                          
                 INFO     | >> Starting episode 7...      run_libero_eval.py:238
                 INFO     | >> EPISODE_MANIFEST           run_libero_eval.py:238
                          {"env_seed": 1254250806,                              
                          "init_state_dtype": "float64",                        
                          "init_state_index": 11,                               
                          "init_state_sha256":                                  
                          "a4bd8a6e1ff1837fb1e9464878301e                       
                          0bb49cc600be2e261e5a749dcd572bb                       
                          4aa", "init_state_shape": [92],                       
                          "model_seed": 2671992869,                             
                          "protocol": "paired",                                 
                          "task_id": 8}                                         
huggingface/tokenizers: The current process just got forked, after parallelism has already been used. Disabling parallelism to avoid deadlocks...
To disable this warning, you can either:
	- Avoid using `tokenizers` before the fork if possible
	- Explicitly set the environment variable TOKENIZERS_PARALLELISM=(true | false)
Saved rollout MP4 at path ./rollouts/2026_09_17/2026_09_17-20_25_12--openvla_oft--episode=87--success=True--task=pick_up_the_black_bowl_next_to_the_plate_and_place.mp4
09/17 [20:39:27] INFO     | >> Success: True              run_libero_eval.py:238
                 INFO     | >> # episodes completed so    run_libero_eval.py:238
                          far: 87                                               
                 INFO     | >> # successes: 80 (92.0%)    run_libero_eval.py:238

 70%|███████   | 7/10 [00:58<00:24,  8.33s/it][A                 INFO     | >>                            run_libero_eval.py:238
                          Task: pick up the black bowl                          
                          next to the plate and place it                        
                          on the plate                                          
                 INFO     | >> Starting episode 8...      run_libero_eval.py:238
                 INFO     | >> EPISODE_MANIFEST           run_libero_eval.py:238
                          {"env_seed": 1834286833,                              
                          "init_state_dtype": "float64",                        
                          "init_state_index": 12,                               
                          "init_state_sha256":                                  
                          "22d3ac1a1c779c4a9f8249421bbe58                       
                          f887c47cb7f7dd8302409066bf3074f                       
                          628", "init_state_shape": [92],                       
                          "model_seed": 3777975822,                             
                          "protocol": "paired",                                 
                          "task_id": 8}                                         
huggingface/tokenizers: The current process just got forked, after parallelism has already been used. Disabling parallelism to avoid deadlocks...
To disable this warning, you can either:
	- Avoid using `tokenizers` before the fork if possible
	- Explicitly set the environment variable TOKENIZERS_PARALLELISM=(true | false)
Saved rollout MP4 at path ./rollouts/2026_09_17/2026_09_17-20_25_12--openvla_oft--episode=88--success=True--task=pick_up_the_black_bowl_next_to_the_plate_and_place.mp4
09/17 [20:39:36] INFO     | >> Success: True              run_libero_eval.py:238
                 INFO     | >> # episodes completed so    run_libero_eval.py:238
                          far: 88                                               
                 INFO     | >> # successes: 81 (92.0%)    run_libero_eval.py:238

 80%|████████  | 8/10 [01:06<00:16,  8.43s/it][A                 INFO     | >>                            run_libero_eval.py:238
                          Task: pick up the black bowl                          
                          next to the plate and place it                        
                          on the plate                                          
                 INFO     | >> Starting episode 9...      run_libero_eval.py:238
                 INFO     | >> EPISODE_MANIFEST           run_libero_eval.py:238
                          {"env_seed": 593177407,                               
                          "init_state_dtype": "float64",                        
                          "init_state_index": 13,                               
                          "init_state_sha256":                                  
                          "2398199a160896a8388fc8bf236829                       
                          b9b45f4b05af5c9fc4b30d1fcdbfc46                       
                          b20", "init_state_shape": [92],                       
                          "model_seed": 1911258691,                             
                          "protocol": "paired",                                 
                          "task_id": 8}                                         
huggingface/tokenizers: The current process just got forked, after parallelism has already been used. Disabling parallelism to avoid deadlocks...
To disable this warning, you can either:
	- Avoid using `tokenizers` before the fork if possible
	- Explicitly set the environment variable TOKENIZERS_PARALLELISM=(true | false)
Saved rollout MP4 at path ./rollouts/2026_09_17/2026_09_17-20_25_12--openvla_oft--episode=89--success=True--task=pick_up_the_black_bowl_next_to_the_plate_and_place.mp4
09/17 [20:39:44] INFO     | >> Success: True              run_libero_eval.py:238
                 INFO     | >> # episodes completed so    run_libero_eval.py:238
                          far: 89                                               
                 INFO     | >> # successes: 82 (92.1%)    run_libero_eval.py:238

 90%|█████████ | 9/10 [01:15<00:08,  8.31s/it][A                 INFO     | >>                            run_libero_eval.py:238
                          Task: pick up the black bowl                          
                          next to the plate and place it                        
                          on the plate                                          
                 INFO     | >> Starting episode 10...     run_libero_eval.py:238
                 INFO     | >> EPISODE_MANIFEST           run_libero_eval.py:238
                          {"env_seed": 3327769094,                              
                          "init_state_dtype": "float64",                        
                          "init_state_index": 14,                               
                          "init_state_sha256":                                  
                          "249d796cf13fea915ea0930c2cb94f                       
                          5a4cccc0341be5758ea6cc64bf13693                       
                          6a0", "init_state_shape": [92],                       
                          "model_seed": 3778379061,                             
                          "protocol": "paired",                                 
                          "task_id": 8}                                         
huggingface/tokenizers: The current process just got forked, after parallelism has already been used. Disabling parallelism to avoid deadlocks...
To disable this warning, you can either:
	- Avoid using `tokenizers` before the fork if possible
	- Explicitly set the environment variable TOKENIZERS_PARALLELISM=(true | false)
Saved rollout MP4 at path ./rollouts/2026_09_17/2026_09_17-20_25_12--openvla_oft--episode=90--success=True--task=pick_up_the_black_bowl_next_to_the_plate_and_place.mp4
09/17 [20:39:53] INFO     | >> Success: True              run_libero_eval.py:238
                 INFO     | >> # episodes completed so    run_libero_eval.py:238
                          far: 90                                               
                 INFO     | >> # successes: 83 (92.2%)    run_libero_eval.py:238

100%|██████████| 10/10 [01:23<00:00,  8.50s/it][A100%|██████████| 10/10 [01:23<00:00,  8.39s/it]
                 INFO     | >> Current task success rate: run_libero_eval.py:238
                          1.0                                                   
                 INFO     | >> Current total success      run_libero_eval.py:238
                          rate: 0.9222222222222223                              
 90%|█████████ | 9/10 [14:17<01:36, 96.87s/it]                  INFO     | >> Using default initial      run_libero_eval.py:238
                          states                                                

  0%|          | 0/10 [00:00<?, ?it/s][A09/17 [20:39:56] INFO     | >>                            run_libero_eval.py:238
                          Task: pick up the black bowl on                       
                          the wooden cabinet and place it                       
                          on the plate                                          
                 INFO     | >> Starting episode 1...      run_libero_eval.py:238
                 INFO     | >> EPISODE_MANIFEST           run_libero_eval.py:238
                          {"env_seed": 3119629661,                              
                          "init_state_dtype": "float64",                        
                          "init_state_index": 5,                                
                          "init_state_sha256":                                  
                          "3696f68817ba2c2ce9da0453042f1b                       
                          a257245c07b7a4a814be58e0903b20e                       
                          fcf", "init_state_shape": [92],                       
                          "model_seed": 3542413795,                             
                          "protocol": "paired",                                 
                          "task_id": 9}                                         
huggingface/tokenizers: The current process just got forked, after parallelism has already been used. Disabling parallelism to avoid deadlocks...
To disable this warning, you can either:
	- Avoid using `tokenizers` before the fork if possible
	- Explicitly set the environment variable TOKENIZERS_PARALLELISM=(true | false)
Saved rollout MP4 at path ./rollouts/2026_09_17/2026_09_17-20_25_12--openvla_oft--episode=91--success=True--task=pick_up_the_black_bowl_on_the_wooden_cabinet_and_p.mp4
09/17 [20:40:06] INFO     | >> Success: True              run_libero_eval.py:238
                 INFO     | >> # episodes completed so    run_libero_eval.py:238
                          far: 91                                               
                 INFO     | >> # successes: 84 (92.3%)    run_libero_eval.py:238

 10%|█         | 1/10 [00:09<01:25,  9.54s/it][A                 INFO     | >>                            run_libero_eval.py:238
                          Task: pick up the black bowl on                       
                          the wooden cabinet and place it                       
                          on the plate                                          
                 INFO     | >> Starting episode 2...      run_libero_eval.py:238
                 INFO     | >> EPISODE_MANIFEST           run_libero_eval.py:238
                          {"env_seed": 1550231648,                              
                          "init_state_dtype": "float64",                        
                          "init_state_index": 6,                                
                          "init_state_sha256":                                  
                          "54598c38c111468114f1ba90bd651e                       
                          a406747053136212c6e48a29dcecc1d                       
                          89d", "init_state_shape": [92],                       
                          "model_seed": 2956024805,                             
                          "protocol": "paired",                                 
                          "task_id": 9}                                         
huggingface/tokenizers: The current process just got forked, after parallelism has already been used. Disabling parallelism to avoid deadlocks...
To disable this warning, you can either:
	- Avoid using `tokenizers` before the fork if possible
	- Explicitly set the environment variable TOKENIZERS_PARALLELISM=(true | false)
Saved rollout MP4 at path ./rollouts/2026_09_17/2026_09_17-20_25_12--openvla_oft--episode=92--success=True--task=pick_up_the_black_bowl_on_the_wooden_cabinet_and_p.mp4
09/17 [20:40:16] INFO     | >> Success: True              run_libero_eval.py:238
                 INFO     | >> # episodes completed so    run_libero_eval.py:238
                          far: 92                                               
                 INFO     | >> # successes: 85 (92.4%)    run_libero_eval.py:238

 20%|██        | 2/10 [00:19<01:18,  9.78s/it][A                 INFO     | >>                            run_libero_eval.py:238
                          Task: pick up the black bowl on                       
                          the wooden cabinet and place it                       
                          on the plate                                          
                 INFO     | >> Starting episode 3...      run_libero_eval.py:238
                 INFO     | >> EPISODE_MANIFEST           run_libero_eval.py:238
                          {"env_seed": 1076517777,                              
                          "init_state_dtype": "float64",                        
                          "init_state_index": 7,                                
                          "init_state_sha256":                                  
                          "f4e929cfbc734ce820906169165ff4                       
                          cd18d641e944a183f686943303751b9                       
                          fd6", "init_state_shape": [92],                       
                          "model_seed": 4195687758,                             
                          "protocol": "paired",                                 
                          "task_id": 9}                                         
huggingface/tokenizers: The current process just got forked, after parallelism has already been used. Disabling parallelism to avoid deadlocks...
To disable this warning, you can either:
	- Avoid using `tokenizers` before the fork if possible
	- Explicitly set the environment variable TOKENIZERS_PARALLELISM=(true | false)
Saved rollout MP4 at path ./rollouts/2026_09_17/2026_09_17-20_25_12--openvla_oft--episode=93--success=True--task=pick_up_the_black_bowl_on_the_wooden_cabinet_and_p.mp4
09/17 [20:40:25] INFO     | >> Success: True              run_libero_eval.py:238
                 INFO     | >> # episodes completed so    run_libero_eval.py:238
                          far: 93                                               
                 INFO     | >> # successes: 86 (92.5%)    run_libero_eval.py:238

 30%|███       | 3/10 [00:29<01:07,  9.70s/it][A                 INFO     | >>                            run_libero_eval.py:238
                          Task: pick up the black bowl on                       
                          the wooden cabinet and place it                       
                          on the plate                                          
                 INFO     | >> Starting episode 4...      run_libero_eval.py:238
                 INFO     | >> EPISODE_MANIFEST           run_libero_eval.py:238
                          {"env_seed": 1161406313,                              
                          "init_state_dtype": "float64",                        
                          "init_state_index": 8,                                
                          "init_state_sha256":                                  
                          "b1ed9a6a0930dfb10e2a1e103608cb                       
                          68bae0f2bff2cf89ed283a6ebe00c28                       
                          f96", "init_state_shape": [92],                       
                          "model_seed": 2395291537,                             
                          "protocol": "paired",                                 
                          "task_id": 9}                                         
huggingface/tokenizers: The current process just got forked, after parallelism has already been used. Disabling parallelism to avoid deadlocks...
To disable this warning, you can either:
	- Avoid using `tokenizers` before the fork if possible
	- Explicitly set the environment variable TOKENIZERS_PARALLELISM=(true | false)
Saved rollout MP4 at path ./rollouts/2026_09_17/2026_09_17-20_25_12--openvla_oft--episode=94--success=True--task=pick_up_the_black_bowl_on_the_wooden_cabinet_and_p.mp4
09/17 [20:40:35] INFO     | >> Success: True              run_libero_eval.py:238
                 INFO     | >> # episodes completed so    run_libero_eval.py:238
                          far: 94                                               
                 INFO     | >> # successes: 87 (92.6%)    run_libero_eval.py:238

 40%|████      | 4/10 [00:39<00:58,  9.83s/it][A                 INFO     | >>                            run_libero_eval.py:238
                          Task: pick up the black bowl on                       
                          the wooden cabinet and place it                       
                          on the plate                                          
                 INFO     | >> Starting episode 5...      run_libero_eval.py:238
                 INFO     | >> EPISODE_MANIFEST           run_libero_eval.py:238
                          {"env_seed": 2676125635,                              
                          "init_state_dtype": "float64",                        
                          "init_state_index": 9,                                
                          "init_state_sha256":                                  
                          "1798c4b6a1487a8d4cbe773e8c4ac1                       
                          be5ac48439f0c3df53adc5cf84f757c                       
                          c1f", "init_state_shape": [92],                       
                          "model_seed": 2955358067,                             
                          "protocol": "paired",                                 
                          "task_id": 9}                                         
huggingface/tokenizers: The current process just got forked, after parallelism has already been used. Disabling parallelism to avoid deadlocks...
To disable this warning, you can either:
	- Avoid using `tokenizers` before the fork if possible
	- Explicitly set the environment variable TOKENIZERS_PARALLELISM=(true | false)
Saved rollout MP4 at path ./rollouts/2026_09_17/2026_09_17-20_25_12--openvla_oft--episode=95--success=True--task=pick_up_the_black_bowl_on_the_wooden_cabinet_and_p.mp4
09/17 [20:40:46] INFO     | >> Success: True              run_libero_eval.py:238
                 INFO     | >> # episodes completed so    run_libero_eval.py:238
                          far: 95                                               
                 INFO     | >> # successes: 88 (92.6%)    run_libero_eval.py:238

 50%|█████     | 5/10 [00:49<00:50, 10.02s/it][A                 INFO     | >>                            run_libero_eval.py:238
                          Task: pick up the black bowl on                       
                          the wooden cabinet and place it                       
                          on the plate                                          
                 INFO     | >> Starting episode 6...      run_libero_eval.py:238
                 INFO     | >> EPISODE_MANIFEST           run_libero_eval.py:238
                          {"env_seed": 3929609263,                              
                          "init_state_dtype": "float64",                        
                          "init_state_index": 10,                               
                          "init_state_sha256":                                  
                          "40079500b684bdfbb3f25d84d83bfe                       
                          317f80795775b599d07f1cc36aea830                       
                          616", "init_state_shape": [92],                       
                          "model_seed": 2728615080,                             
                          "protocol": "paired",                                 
                          "task_id": 9}                                         
huggingface/tokenizers: The current process just got forked, after parallelism has already been used. Disabling parallelism to avoid deadlocks...
To disable this warning, you can either:
	- Avoid using `tokenizers` before the fork if possible
	- Explicitly set the environment variable TOKENIZERS_PARALLELISM=(true | false)
Saved rollout MP4 at path ./rollouts/2026_09_17/2026_09_17-20_25_12--openvla_oft--episode=96--success=True--task=pick_up_the_black_bowl_on_the_wooden_cabinet_and_p.mp4
09/17 [20:40:56] INFO     | >> Success: True              run_libero_eval.py:238
                 INFO     | >> # episodes completed so    run_libero_eval.py:238
                          far: 96                                               
                 INFO     | >> # successes: 89 (92.7%)    run_libero_eval.py:238

 60%|██████    | 6/10 [00:59<00:40, 10.02s/it][A                 INFO     | >>                            run_libero_eval.py:238
                          Task: pick up the black bowl on                       
                          the wooden cabinet and place it                       
                          on the plate                                          
                 INFO     | >> Starting episode 7...      run_libero_eval.py:238
                 INFO     | >> EPISODE_MANIFEST           run_libero_eval.py:238
                          {"env_seed": 2915452792,                              
                          "init_state_dtype": "float64",                        
                          "init_state_index": 11,                               
                          "init_state_sha256":                                  
                          "f65cf8d853b7dde7059cf39b95312d                       
                          dcb8a7348644a4ab69349cc52091c8c                       
                          f08", "init_state_shape": [92],                       
                          "model_seed": 3640358633,                             
                          "protocol": "paired",                                 
                          "task_id": 9}                                         
huggingface/tokenizers: The current process just got forked, after parallelism has already been used. Disabling parallelism to avoid deadlocks...
To disable this warning, you can either:
	- Avoid using `tokenizers` before the fork if possible
	- Explicitly set the environment variable TOKENIZERS_PARALLELISM=(true | false)
Saved rollout MP4 at path ./rollouts/2026_09_17/2026_09_17-20_25_12--openvla_oft--episode=97--success=True--task=pick_up_the_black_bowl_on_the_wooden_cabinet_and_p.mp4
09/17 [20:41:06] INFO     | >> Success: True              run_libero_eval.py:238
                 INFO     | >> # episodes completed so    run_libero_eval.py:238
                          far: 97                                               
                 INFO     | >> # successes: 90 (92.8%)    run_libero_eval.py:238

 70%|███████   | 7/10 [01:09<00:29,  9.95s/it][A                 INFO     | >>                            run_libero_eval.py:238
                          Task: pick up the black bowl on                       
                          the wooden cabinet and place it                       
                          on the plate                                          
                 INFO     | >> Starting episode 8...      run_libero_eval.py:238
                 INFO     | >> EPISODE_MANIFEST           run_libero_eval.py:238
                          {"env_seed": 2831503876,                              
                          "init_state_dtype": "float64",                        
                          "init_state_index": 12,                               
                          "init_state_sha256":                                  
                          "13ce745b9607f6b8d98864b6ac40c2                       
                          d526fd7ddd64cd912a00dfacc4214b2                       
                          8b0", "init_state_shape": [92],                       
                          "model_seed": 2036743087,                             
                          "protocol": "paired",                                 
                          "task_id": 9}                                         
huggingface/tokenizers: The current process just got forked, after parallelism has already been used. Disabling parallelism to avoid deadlocks...
To disable this warning, you can either:
	- Avoid using `tokenizers` before the fork if possible
	- Explicitly set the environment variable TOKENIZERS_PARALLELISM=(true | false)
Saved rollout MP4 at path ./rollouts/2026_09_17/2026_09_17-20_25_12--openvla_oft--episode=98--success=True--task=pick_up_the_black_bowl_on_the_wooden_cabinet_and_p.mp4
09/17 [20:41:15] INFO     | >> Success: True              run_libero_eval.py:238
                 INFO     | >> # episodes completed so    run_libero_eval.py:238
                          far: 98                                               
                 INFO     | >> # successes: 91 (92.9%)    run_libero_eval.py:238

 80%|████████  | 8/10 [01:18<00:19,  9.84s/it][A                 INFO     | >>                            run_libero_eval.py:238
                          Task: pick up the black bowl on                       
                          the wooden cabinet and place it                       
                          on the plate                                          
                 INFO     | >> Starting episode 9...      run_libero_eval.py:238
                 INFO     | >> EPISODE_MANIFEST           run_libero_eval.py:238
                          {"env_seed": 719444467,                               
                          "init_state_dtype": "float64",                        
                          "init_state_index": 13,                               
                          "init_state_sha256":                                  
                          "ed9093014c75f523152e1e046dce0f                       
                          928a134b4a56288ebd3979ac38e1034                       
                          bca", "init_state_shape": [92],                       
                          "model_seed": 3537217315,                             
                          "protocol": "paired",                                 
                          "task_id": 9}                                         
huggingface/tokenizers: The current process just got forked, after parallelism has already been used. Disabling parallelism to avoid deadlocks...
To disable this warning, you can either:
	- Avoid using `tokenizers` before the fork if possible
	- Explicitly set the environment variable TOKENIZERS_PARALLELISM=(true | false)
Saved rollout MP4 at path ./rollouts/2026_09_17/2026_09_17-20_25_12--openvla_oft--episode=99--success=True--task=pick_up_the_black_bowl_on_the_wooden_cabinet_and_p.mp4
09/17 [20:41:25] INFO     | >> Success: True              run_libero_eval.py:238
                 INFO     | >> # episodes completed so    run_libero_eval.py:238
                          far: 99                                               
                 INFO     | >> # successes: 92 (92.9%)    run_libero_eval.py:238

 90%|█████████ | 9/10 [01:28<00:09,  9.78s/it][A                 INFO     | >>                            run_libero_eval.py:238
                          Task: pick up the black bowl on                       
                          the wooden cabinet and place it                       
                          on the plate                                          
                 INFO     | >> Starting episode 10...     run_libero_eval.py:238
                 INFO     | >> EPISODE_MANIFEST           run_libero_eval.py:238
                          {"env_seed": 3107928531,                              
                          "init_state_dtype": "float64",                        
                          "init_state_index": 14,                               
                          "init_state_sha256":                                  
                          "ea57df2d58f867c189b2f0bd2b5eac                       
                          2e2402ada4f3082dd0233f33d5109c2                       
                          3dc", "init_state_shape": [92],                       
                          "model_seed": 1216034687,                             
                          "protocol": "paired",                                 
                          "task_id": 9}                                         
huggingface/tokenizers: The current process just got forked, after parallelism has already been used. Disabling parallelism to avoid deadlocks...
To disable this warning, you can either:
	- Avoid using `tokenizers` before the fork if possible
	- Explicitly set the environment variable TOKENIZERS_PARALLELISM=(true | false)
Saved rollout MP4 at path ./rollouts/2026_09_17/2026_09_17-20_25_12--openvla_oft--episode=100--success=True--task=pick_up_the_black_bowl_on_the_wooden_cabinet_and_p.mp4
09/17 [20:41:34] INFO     | >> Success: True              run_libero_eval.py:238
                 INFO     | >> # episodes completed so    run_libero_eval.py:238
                          far: 100                                              
                 INFO     | >> # successes: 93 (93.0%)    run_libero_eval.py:238

100%|██████████| 10/10 [01:38<00:00,  9.69s/it][A100%|██████████| 10/10 [01:38<00:00,  9.80s/it]
                 INFO     | >> Current task success rate: run_libero_eval.py:238
                          1.0                                                   
                 INFO     | >> Current total success      run_libero_eval.py:238
                          rate: 0.93                                            
100%|██████████| 10/10 [15:58<00:00, 98.25s/it]100%|██████████| 10/10 [15:58<00:00, 95.89s/it]
09/17 [20:41:35] INFO     | >> Final results:             run_libero_eval.py:238
                 INFO     | >> Total episodes: 100        run_libero_eval.py:238
                 INFO     | >> Total successes: 93        run_libero_eval.py:238
                 INFO     | >> Overall success rate:      run_libero_eval.py:238
                          0.9300 (93.0%)                                        
