2026-09-18 01:49:29.872053: I tensorflow/core/util/port.cc:113] oneDNN custom operations are on. You may see slightly different numerical results due to floating-point round-off errors from different computation orders. To turn them off, set the environment variable `TF_ENABLE_ONEDNN_OPTS=0`.
2026-09-18 01:49:29.910623: E external/local_xla/xla/stream_executor/cuda/cuda_dnn.cc:9261] Unable to register cuDNN factory: Attempting to register factory for plugin cuDNN when one has already been registered
2026-09-18 01:49:29.910644: E external/local_xla/xla/stream_executor/cuda/cuda_fft.cc:607] Unable to register cuFFT factory: Attempting to register factory for plugin cuFFT when one has already been registered
2026-09-18 01:49:29.911938: E external/local_xla/xla/stream_executor/cuda/cuda_blas.cc:1515] Unable to register cuBLAS factory: Attempting to register factory for plugin cuBLAS when one has already been registered
2026-09-18 01:49:29.918053: I tensorflow/core/platform/cpu_feature_guard.cc:182] This TensorFlow binary is optimized to use available CPU instructions in performance-critical operations.
To enable the following instructions: AVX2 AVX512F AVX512_VNNI FMA, in other operations, rebuild TensorFlow with the appropriate compiler flags.
2026-09-18 01:49:30.686842: W tensorflow/compiler/tf2tensorrt/utils/py_utils.cc:38] TF-TRT Warning: Could not find TensorRT
[robosuite WARNING] No private macro file found! (__init__.py:7)
[robosuite WARNING] It is recommended to use a private macro file (__init__.py:8)
[robosuite WARNING] To setup, run: python /root/miniconda3/envs/qvla-oft/lib/python3.10/site-packages/robosuite/scripts/setup_macros.py (__init__.py:9)
Gym has been unmaintained since 2022 and does not support NumPy 2.0 amongst other critical functionality.
Please upgrade to Gymnasium, the maintained drop-in replacement of Gym, or contact the authors of your software and request that they upgrade.
Users of this version of Gym should be able to simply replace 'import gym' with 'import gymnasium as gym' in the vast majority of cases.
See the migration guide at https://gymnasium.farama.org/introduction/migration_guide/ for additional information.
Using LIBERO constants:
  NUM_ACTIONS_CHUNK = 8
  ACTION_DIM = 7
  PROPRIO_DIM = 8
  ACTION_PROPRIO_NORMALIZATION_TYPE = bounds_q99
If needed, manually set the correct constants in `prismatic/vla/constants.py`!
VILA is not installed. Multimodal features will not be available. To activate, please install VILA at https://github.com/NVlabs/VILA.
[official-quant] scope={"fused_vision": 105, "language": 224, "primary_vision": 93, "total": 422, "unexpected": 0, "vision": 198}
Loading checkpoint shards:   0%|          | 0/4 [00:00<?, ?it/s]Loading checkpoint shards:  25%|██▌       | 1/4 [00:00<00:00,  4.22it/s]Loading checkpoint shards:  50%|█████     | 2/4 [00:00<00:00,  4.95it/s]Loading checkpoint shards:  75%|███████▌  | 3/4 [00:00<00:00,  5.25it/s]Loading checkpoint shards: 100%|██████████| 4/4 [00:00<00:00,  5.52it/s]Loading checkpoint shards: 100%|██████████| 4/4 [00:00<00:00,  5.27it/s]
[official-awq] 1/198 vision_backbone.featurizer.patch_embed.proj
[official-awq] 2/198 vision_backbone.featurizer.blocks.0.attn.qkv
[official-awq] 3/198 vision_backbone.featurizer.blocks.0.attn.proj
[official-awq] 4/198 vision_backbone.featurizer.blocks.0.mlp.fc1
[official-awq] 5/198 vision_backbone.featurizer.blocks.0.mlp.fc2
[official-awq] 6/198 vision_backbone.featurizer.blocks.1.attn.qkv
[official-awq] 7/198 vision_backbone.featurizer.blocks.1.attn.proj
[official-awq] 8/198 vision_backbone.featurizer.blocks.1.mlp.fc1
[official-awq] 9/198 vision_backbone.featurizer.blocks.1.mlp.fc2
[official-awq] 10/198 vision_backbone.featurizer.blocks.2.attn.qkv
[official-awq] 11/198 vision_backbone.featurizer.blocks.2.attn.proj
[official-awq] 12/198 vision_backbone.featurizer.blocks.2.mlp.fc1
[official-awq] 13/198 vision_backbone.featurizer.blocks.2.mlp.fc2
[official-awq] 14/198 vision_backbone.featurizer.blocks.3.attn.qkv
[official-awq] 15/198 vision_backbone.featurizer.blocks.3.attn.proj
[official-awq] 16/198 vision_backbone.featurizer.blocks.3.mlp.fc1
[official-awq] 17/198 vision_backbone.featurizer.blocks.3.mlp.fc2
[official-awq] 18/198 vision_backbone.featurizer.blocks.4.attn.qkv
[official-awq] 19/198 vision_backbone.featurizer.blocks.4.attn.proj
[official-awq] 20/198 vision_backbone.featurizer.blocks.4.mlp.fc1
[official-awq] 21/198 vision_backbone.featurizer.blocks.4.mlp.fc2
[official-awq] 22/198 vision_backbone.featurizer.blocks.5.attn.qkv
[official-awq] 23/198 vision_backbone.featurizer.blocks.5.attn.proj
[official-awq] 24/198 vision_backbone.featurizer.blocks.5.mlp.fc1
[official-awq] 25/198 vision_backbone.featurizer.blocks.5.mlp.fc2
[official-awq] 26/198 vision_backbone.featurizer.blocks.6.attn.qkv
[official-awq] 27/198 vision_backbone.featurizer.blocks.6.attn.proj
[official-awq] 28/198 vision_backbone.featurizer.blocks.6.mlp.fc1
[official-awq] 29/198 vision_backbone.featurizer.blocks.6.mlp.fc2
[official-awq] 30/198 vision_backbone.featurizer.blocks.7.attn.qkv
[official-awq] 31/198 vision_backbone.featurizer.blocks.7.attn.proj
[official-awq] 32/198 vision_backbone.featurizer.blocks.7.mlp.fc1
[official-awq] 33/198 vision_backbone.featurizer.blocks.7.mlp.fc2
[official-awq] 34/198 vision_backbone.featurizer.blocks.8.attn.qkv
[official-awq] 35/198 vision_backbone.featurizer.blocks.8.attn.proj
[official-awq] 36/198 vision_backbone.featurizer.blocks.8.mlp.fc1
[official-awq] 37/198 vision_backbone.featurizer.blocks.8.mlp.fc2
[official-awq] 38/198 vision_backbone.featurizer.blocks.9.attn.qkv
[official-awq] 39/198 vision_backbone.featurizer.blocks.9.attn.proj
[official-awq] 40/198 vision_backbone.featurizer.blocks.9.mlp.fc1
[official-awq] 41/198 vision_backbone.featurizer.blocks.9.mlp.fc2
[official-awq] 42/198 vision_backbone.featurizer.blocks.10.attn.qkv
[official-awq] 43/198 vision_backbone.featurizer.blocks.10.attn.proj
[official-awq] 44/198 vision_backbone.featurizer.blocks.10.mlp.fc1
[official-awq] 45/198 vision_backbone.featurizer.blocks.10.mlp.fc2
[official-awq] 46/198 vision_backbone.featurizer.blocks.11.attn.qkv
[official-awq] 47/198 vision_backbone.featurizer.blocks.11.attn.proj
[official-awq] 48/198 vision_backbone.featurizer.blocks.11.mlp.fc1
[official-awq] 49/198 vision_backbone.featurizer.blocks.11.mlp.fc2
[official-awq] 50/198 vision_backbone.featurizer.blocks.12.attn.qkv
[official-awq] 51/198 vision_backbone.featurizer.blocks.12.attn.proj
[official-awq] 52/198 vision_backbone.featurizer.blocks.12.mlp.fc1
[official-awq] 53/198 vision_backbone.featurizer.blocks.12.mlp.fc2
[official-awq] 54/198 vision_backbone.featurizer.blocks.13.attn.qkv
[official-awq] 55/198 vision_backbone.featurizer.blocks.13.attn.proj
[official-awq] 56/198 vision_backbone.featurizer.blocks.13.mlp.fc1
[official-awq] 57/198 vision_backbone.featurizer.blocks.13.mlp.fc2
[official-awq] 58/198 vision_backbone.featurizer.blocks.14.attn.qkv
[official-awq] 59/198 vision_backbone.featurizer.blocks.14.attn.proj
[official-awq] 60/198 vision_backbone.featurizer.blocks.14.mlp.fc1
[official-awq] 61/198 vision_backbone.featurizer.blocks.14.mlp.fc2
[official-awq] 62/198 vision_backbone.featurizer.blocks.15.attn.qkv
[official-awq] 63/198 vision_backbone.featurizer.blocks.15.attn.proj
[official-awq] 64/198 vision_backbone.featurizer.blocks.15.mlp.fc1
[official-awq] 65/198 vision_backbone.featurizer.blocks.15.mlp.fc2
[official-awq] 66/198 vision_backbone.featurizer.blocks.16.attn.qkv
[official-awq] 67/198 vision_backbone.featurizer.blocks.16.attn.proj
[official-awq] 68/198 vision_backbone.featurizer.blocks.16.mlp.fc1
[official-awq] 69/198 vision_backbone.featurizer.blocks.16.mlp.fc2
[official-awq] 70/198 vision_backbone.featurizer.blocks.17.attn.qkv
[official-awq] 71/198 vision_backbone.featurizer.blocks.17.attn.proj
[official-awq] 72/198 vision_backbone.featurizer.blocks.17.mlp.fc1
[official-awq] 73/198 vision_backbone.featurizer.blocks.17.mlp.fc2
[official-awq] 74/198 vision_backbone.featurizer.blocks.18.attn.qkv
[official-awq] 75/198 vision_backbone.featurizer.blocks.18.attn.proj
[official-awq] 76/198 vision_backbone.featurizer.blocks.18.mlp.fc1
[official-awq] 77/198 vision_backbone.featurizer.blocks.18.mlp.fc2
[official-awq] 78/198 vision_backbone.featurizer.blocks.19.attn.qkv
[official-awq] 79/198 vision_backbone.featurizer.blocks.19.attn.proj
[official-awq] 80/198 vision_backbone.featurizer.blocks.19.mlp.fc1
[official-awq] 81/198 vision_backbone.featurizer.blocks.19.mlp.fc2
[official-awq] 82/198 vision_backbone.featurizer.blocks.20.attn.qkv
[official-awq] 83/198 vision_backbone.featurizer.blocks.20.attn.proj
[official-awq] 84/198 vision_backbone.featurizer.blocks.20.mlp.fc1
[official-awq] 85/198 vision_backbone.featurizer.blocks.20.mlp.fc2
[official-awq] 86/198 vision_backbone.featurizer.blocks.21.attn.qkv
[official-awq] 87/198 vision_backbone.featurizer.blocks.21.attn.proj
[official-awq] 88/198 vision_backbone.featurizer.blocks.21.mlp.fc1
[official-awq] 89/198 vision_backbone.featurizer.blocks.21.mlp.fc2
[official-awq] 90/198 vision_backbone.featurizer.blocks.22.attn.qkv
[official-awq] 91/198 vision_backbone.featurizer.blocks.22.attn.proj
[official-awq] 92/198 vision_backbone.featurizer.blocks.22.mlp.fc1
[official-awq] 93/198 vision_backbone.featurizer.blocks.22.mlp.fc2
[official-awq] 94/198 vision_backbone.fused_featurizer.patch_embed.proj
[official-awq] 95/198 vision_backbone.fused_featurizer.blocks.0.attn.qkv
[official-awq] 96/198 vision_backbone.fused_featurizer.blocks.0.attn.proj
[official-awq] 97/198 vision_backbone.fused_featurizer.blocks.0.mlp.fc1
[official-awq] 98/198 vision_backbone.fused_featurizer.blocks.0.mlp.fc2
[official-awq] 99/198 vision_backbone.fused_featurizer.blocks.1.attn.qkv
[official-awq] 100/198 vision_backbone.fused_featurizer.blocks.1.attn.proj
[official-awq] 101/198 vision_backbone.fused_featurizer.blocks.1.mlp.fc1
[official-awq] 102/198 vision_backbone.fused_featurizer.blocks.1.mlp.fc2
[official-awq] 103/198 vision_backbone.fused_featurizer.blocks.2.attn.qkv
[official-awq] 104/198 vision_backbone.fused_featurizer.blocks.2.attn.proj
[official-awq] 105/198 vision_backbone.fused_featurizer.blocks.2.mlp.fc1
[official-awq] 106/198 vision_backbone.fused_featurizer.blocks.2.mlp.fc2
[official-awq] 107/198 vision_backbone.fused_featurizer.blocks.3.attn.qkv
[official-awq] 108/198 vision_backbone.fused_featurizer.blocks.3.attn.proj
[official-awq] 109/198 vision_backbone.fused_featurizer.blocks.3.mlp.fc1
[official-awq] 110/198 vision_backbone.fused_featurizer.blocks.3.mlp.fc2
[official-awq] 111/198 vision_backbone.fused_featurizer.blocks.4.attn.qkv
[official-awq] 112/198 vision_backbone.fused_featurizer.blocks.4.attn.proj
[official-awq] 113/198 vision_backbone.fused_featurizer.blocks.4.mlp.fc1
[official-awq] 114/198 vision_backbone.fused_featurizer.blocks.4.mlp.fc2
[official-awq] 115/198 vision_backbone.fused_featurizer.blocks.5.attn.qkv
[official-awq] 116/198 vision_backbone.fused_featurizer.blocks.5.attn.proj
[official-awq] 117/198 vision_backbone.fused_featurizer.blocks.5.mlp.fc1
[official-awq] 118/198 vision_backbone.fused_featurizer.blocks.5.mlp.fc2
[official-awq] 119/198 vision_backbone.fused_featurizer.blocks.6.attn.qkv
<frozen importlib._bootstrap>:283: DeprecationWarning: the load_module() method is deprecated and slated for removal in Python 3.12; use exec_module() instead
[official-awq] 120/198 vision_backbone.fused_featurizer.blocks.6.attn.proj
[official-awq] 121/198 vision_backbone.fused_featurizer.blocks.6.mlp.fc1
[official-awq] 122/198 vision_backbone.fused_featurizer.blocks.6.mlp.fc2
[official-awq] 123/198 vision_backbone.fused_featurizer.blocks.7.attn.qkv
[official-awq] 124/198 vision_backbone.fused_featurizer.blocks.7.attn.proj
[official-awq] 125/198 vision_backbone.fused_featurizer.blocks.7.mlp.fc1
[official-awq] 126/198 vision_backbone.fused_featurizer.blocks.7.mlp.fc2
[official-awq] 127/198 vision_backbone.fused_featurizer.blocks.8.attn.qkv
[official-awq] 128/198 vision_backbone.fused_featurizer.blocks.8.attn.proj
[official-awq] 129/198 vision_backbone.fused_featurizer.blocks.8.mlp.fc1
[official-awq] 130/198 vision_backbone.fused_featurizer.blocks.8.mlp.fc2
[official-awq] 131/198 vision_backbone.fused_featurizer.blocks.9.attn.qkv
[official-awq] 132/198 vision_backbone.fused_featurizer.blocks.9.attn.proj
[official-awq] 133/198 vision_backbone.fused_featurizer.blocks.9.mlp.fc1
[official-awq] 134/198 vision_backbone.fused_featurizer.blocks.9.mlp.fc2
[official-awq] 135/198 vision_backbone.fused_featurizer.blocks.10.attn.qkv
[official-awq] 136/198 vision_backbone.fused_featurizer.blocks.10.attn.proj
[official-awq] 137/198 vision_backbone.fused_featurizer.blocks.10.mlp.fc1
[official-awq] 138/198 vision_backbone.fused_featurizer.blocks.10.mlp.fc2
[official-awq] 139/198 vision_backbone.fused_featurizer.blocks.11.attn.qkv
[official-awq] 140/198 vision_backbone.fused_featurizer.blocks.11.attn.proj
[official-awq] 141/198 vision_backbone.fused_featurizer.blocks.11.mlp.fc1
[official-awq] 142/198 vision_backbone.fused_featurizer.blocks.11.mlp.fc2
[official-awq] 143/198 vision_backbone.fused_featurizer.blocks.12.attn.qkv
[official-awq] 144/198 vision_backbone.fused_featurizer.blocks.12.attn.proj
[official-awq] 145/198 vision_backbone.fused_featurizer.blocks.12.mlp.fc1
[official-awq] 146/198 vision_backbone.fused_featurizer.blocks.12.mlp.fc2
[official-awq] 147/198 vision_backbone.fused_featurizer.blocks.13.attn.qkv
[official-awq] 148/198 vision_backbone.fused_featurizer.blocks.13.attn.proj
[official-awq] 149/198 vision_backbone.fused_featurizer.blocks.13.mlp.fc1
[official-awq] 150/198 vision_backbone.fused_featurizer.blocks.13.mlp.fc2
[official-awq] 151/198 vision_backbone.fused_featurizer.blocks.14.attn.qkv
[official-awq] 152/198 vision_backbone.fused_featurizer.blocks.14.attn.proj
[official-awq] 153/198 vision_backbone.fused_featurizer.blocks.14.mlp.fc1
[official-awq] 154/198 vision_backbone.fused_featurizer.blocks.14.mlp.fc2
[official-awq] 155/198 vision_backbone.fused_featurizer.blocks.15.attn.qkv
[official-awq] 156/198 vision_backbone.fused_featurizer.blocks.15.attn.proj
[official-awq] 157/198 vision_backbone.fused_featurizer.blocks.15.mlp.fc1
[official-awq] 158/198 vision_backbone.fused_featurizer.blocks.15.mlp.fc2
[official-awq] 159/198 vision_backbone.fused_featurizer.blocks.16.attn.qkv
[official-awq] 160/198 vision_backbone.fused_featurizer.blocks.16.attn.proj
[official-awq] 161/198 vision_backbone.fused_featurizer.blocks.16.mlp.fc1
[official-awq] 162/198 vision_backbone.fused_featurizer.blocks.16.mlp.fc2
[official-awq] 163/198 vision_backbone.fused_featurizer.blocks.17.attn.qkv
[official-awq] 164/198 vision_backbone.fused_featurizer.blocks.17.attn.proj
[official-awq] 165/198 vision_backbone.fused_featurizer.blocks.17.mlp.fc1
[official-awq] 166/198 vision_backbone.fused_featurizer.blocks.17.mlp.fc2
[official-awq] 167/198 vision_backbone.fused_featurizer.blocks.18.attn.qkv
[official-awq] 168/198 vision_backbone.fused_featurizer.blocks.18.attn.proj
[official-awq] 169/198 vision_backbone.fused_featurizer.blocks.18.mlp.fc1
[official-awq] 170/198 vision_backbone.fused_featurizer.blocks.18.mlp.fc2
[official-awq] 171/198 vision_backbone.fused_featurizer.blocks.19.attn.qkv
[official-awq] 172/198 vision_backbone.fused_featurizer.blocks.19.attn.proj
[official-awq] 173/198 vision_backbone.fused_featurizer.blocks.19.mlp.fc1
[official-awq] 174/198 vision_backbone.fused_featurizer.blocks.19.mlp.fc2
[official-awq] 175/198 vision_backbone.fused_featurizer.blocks.20.attn.qkv
[official-awq] 176/198 vision_backbone.fused_featurizer.blocks.20.attn.proj
[official-awq] 177/198 vision_backbone.fused_featurizer.blocks.20.mlp.fc1
[official-awq] 178/198 vision_backbone.fused_featurizer.blocks.20.mlp.fc2
[official-awq] 179/198 vision_backbone.fused_featurizer.blocks.21.attn.qkv
[official-awq] 180/198 vision_backbone.fused_featurizer.blocks.21.attn.proj
[official-awq] 181/198 vision_backbone.fused_featurizer.blocks.21.mlp.fc1
[official-awq] 182/198 vision_backbone.fused_featurizer.blocks.21.mlp.fc2
[official-awq] 183/198 vision_backbone.fused_featurizer.blocks.22.attn.qkv
[official-awq] 184/198 vision_backbone.fused_featurizer.blocks.22.attn.proj
[official-awq] 185/198 vision_backbone.fused_featurizer.blocks.22.mlp.fc1
[official-awq] 186/198 vision_backbone.fused_featurizer.blocks.22.mlp.fc2
[official-awq] 187/198 vision_backbone.fused_featurizer.blocks.23.attn.qkv
[official-awq] 188/198 vision_backbone.fused_featurizer.blocks.23.attn.proj
[official-awq] 189/198 vision_backbone.fused_featurizer.blocks.23.mlp.fc1
[official-awq] 190/198 vision_backbone.fused_featurizer.blocks.23.mlp.fc2
[official-awq] 191/198 vision_backbone.fused_featurizer.blocks.24.attn.qkv
[official-awq] 192/198 vision_backbone.fused_featurizer.blocks.24.attn.proj
[official-awq] 193/198 vision_backbone.fused_featurizer.blocks.24.mlp.fc1
[official-awq] 194/198 vision_backbone.fused_featurizer.blocks.24.mlp.fc2
[official-awq] 195/198 vision_backbone.fused_featurizer.blocks.25.attn.qkv
[official-awq] 196/198 vision_backbone.fused_featurizer.blocks.25.attn.proj
[official-awq] 197/198 vision_backbone.fused_featurizer.blocks.25.mlp.fc1
[official-awq] 198/198 vision_backbone.fused_featurizer.blocks.25.mlp.fc2
[official-quant] method=awq weight_bits=2 activation_bits=16 profile_targets=422 scope=vision
[official-quant] BF16 exclusions=projector,proprio_projector,action_head,embeddings,norms
[official-quant] candidate={"applied_target_bits": {"2": 198}, "applied_targets": 198, "name": "w2-no-clip-primary-g64", "profiles": [{"path": "/root/autodl-tmp/qvla-repro/artifacts/awq-spatial-20260912-163735-1136/profiles/w2.pt", "sha256": "4fe1d2aa9a4e89fbaa5f9eb358ac6526d899195f774378b476742b801c7f4ccc"}, {"path": "/root/autodl-tmp/qvla-repro/artifacts/awq-primary-group-20260913-213127-3342/profiles/w2-g64.pt", "sha256": "947a849114a402978ae60995a652cd3212ded8d66f6ee7e0f3eeb3484712b3b8"}], "removed_language_clips": 160, "scope": "vision", "target_group_counts": {"128": 329, "64": 93}, "w4_layers": ""}
[official-quant] using preloaded model
09/18 [01:50:11] INFO     | >> Logging to local log file: run_libero_eval.py:223
                          /root/autodl-tmp/qvla-repro/eva                       
                          l/awq-scope-shard-vision-w2-40-                       
                          49-20260918-014925-69712/vision                       
                          -w2/EVAL-libero_spatial-openvla                       
                          -2026_09_18-01_49_48.txt                              
                 INFO     | >> SEED_PROTOCOL {"env_seed": run_libero_eval.py:238
                          0, "model_seed": 0, "protocol":                       
                          "paired",                                             
                          "pythonhashseed_at_launch":                           
                          "0", "runner_sha256":                                 
                          "fe37e8097c286e1946e5194a1f817a                       
                          2b2362d167a6a5a49443c5aa20314d8                       
                          873", "strict": false}                                
[info] using task orders [0, 1, 2, 3, 4, 5, 6, 7, 8, 9]
                 INFO     | >> Task suite: libero_spatial run_libero_eval.py:238
  0%|          | 0/10 [00:00<?, ?it/s]                 INFO     | >> Using default initial      run_libero_eval.py:238
                          states                                                

  0%|          | 0/10 [00:00<?, ?it/s][A09/18 [01:50:14] INFO     | >>                            run_libero_eval.py:238
                          Task: pick up the black bowl                          
                          between the plate and the                             
                          ramekin and place it on the                           
                          plate                                                 
                 INFO     | >> Starting episode 1...      run_libero_eval.py:238
                 INFO     | >> EPISODE_MANIFEST           run_libero_eval.py:238
                          {"env_seed": 2548554968,                              
                          "init_state_dtype": "float64",                        
                          "init_state_index": 40,                               
                          "init_state_sha256":                                  
                          "bc6923b7fe71c729548dee27861427                       
                          01ea693c2393518b193fe72736fe21e                       
                          3ad", "init_state_shape": [92],                       
                          "model_seed": 2394677759,                             
                          "protocol": "paired",                                 
                          "task_id": 0}                                         
huggingface/tokenizers: The current process just got forked, after parallelism has already been used. Disabling parallelism to avoid deadlocks...
To disable this warning, you can either:
	- Avoid using `tokenizers` before the fork if possible
	- Explicitly set the environment variable TOKENIZERS_PARALLELISM=(true | false)
Saved rollout MP4 at path ./rollouts/2026_09_18/2026_09_18-01_49_48--openvla_oft--episode=1--success=True--task=pick_up_the_black_bowl_between_the_plate_and_the_r.mp4
09/18 [01:50:22] INFO     | >> Success: True              run_libero_eval.py:238
                 INFO     | >> # episodes completed so    run_libero_eval.py:238
                          far: 1                                                
                 INFO     | >> # successes: 1 (100.0%)    run_libero_eval.py:238

 10%|█         | 1/10 [00:07<01:09,  7.67s/it][A                 INFO     | >>                            run_libero_eval.py:238
                          Task: pick up the black bowl                          
                          between the plate and the                             
                          ramekin and place it on the                           
                          plate                                                 
                 INFO     | >> Starting episode 2...      run_libero_eval.py:238
                 INFO     | >> EPISODE_MANIFEST           run_libero_eval.py:238
                          {"env_seed": 229560242,                               
                          "init_state_dtype": "float64",                        
                          "init_state_index": 41,                               
                          "init_state_sha256":                                  
                          "cbb7e020f73c995a89981cf99c92ca                       
                          59344493183d4ffe6ee75840444eeff                       
                          19f", "init_state_shape": [92],                       
                          "model_seed": 4246475949,                             
                          "protocol": "paired",                                 
                          "task_id": 0}                                         
huggingface/tokenizers: The current process just got forked, after parallelism has already been used. Disabling parallelism to avoid deadlocks...
To disable this warning, you can either:
	- Avoid using `tokenizers` before the fork if possible
	- Explicitly set the environment variable TOKENIZERS_PARALLELISM=(true | false)
Saved rollout MP4 at path ./rollouts/2026_09_18/2026_09_18-01_49_48--openvla_oft--episode=2--success=True--task=pick_up_the_black_bowl_between_the_plate_and_the_r.mp4
09/18 [01:50:29] INFO     | >> Success: True              run_libero_eval.py:238
                 INFO     | >> # episodes completed so    run_libero_eval.py:238
                          far: 2                                                
                 INFO     | >> # successes: 2 (100.0%)    run_libero_eval.py:238

 20%|██        | 2/10 [00:14<00:58,  7.34s/it][A                 INFO     | >>                            run_libero_eval.py:238
                          Task: pick up the black bowl                          
                          between the plate and the                             
                          ramekin and place it on the                           
                          plate                                                 
                 INFO     | >> Starting episode 3...      run_libero_eval.py:238
                 INFO     | >> EPISODE_MANIFEST           run_libero_eval.py:238
                          {"env_seed": 3441278823,                              
                          "init_state_dtype": "float64",                        
                          "init_state_index": 42,                               
                          "init_state_sha256":                                  
                          "82a2bae1656cc86cddc631b84746c5                       
                          baa9eac8d87f1168ed5b813ccbbb7b8                       
                          605", "init_state_shape": [92],                       
                          "model_seed": 1322631691,                             
                          "protocol": "paired",                                 
                          "task_id": 0}                                         
huggingface/tokenizers: The current process just got forked, after parallelism has already been used. Disabling parallelism to avoid deadlocks...
To disable this warning, you can either:
	- Avoid using `tokenizers` before the fork if possible
	- Explicitly set the environment variable TOKENIZERS_PARALLELISM=(true | false)
Saved rollout MP4 at path ./rollouts/2026_09_18/2026_09_18-01_49_48--openvla_oft--episode=3--success=True--task=pick_up_the_black_bowl_between_the_plate_and_the_r.mp4
09/18 [01:50:36] INFO     | >> Success: True              run_libero_eval.py:238
                 INFO     | >> # episodes completed so    run_libero_eval.py:238
                          far: 3                                                
                 INFO     | >> # successes: 3 (100.0%)    run_libero_eval.py:238

 30%|███       | 3/10 [00:22<00:52,  7.45s/it][A                 INFO     | >>                            run_libero_eval.py:238
                          Task: pick up the black bowl                          
                          between the plate and the                             
                          ramekin and place it on the                           
                          plate                                                 
                 INFO     | >> Starting episode 4...      run_libero_eval.py:238
                 INFO     | >> EPISODE_MANIFEST           run_libero_eval.py:238
                          {"env_seed": 2773030168,                              
                          "init_state_dtype": "float64",                        
                          "init_state_index": 43,                               
                          "init_state_sha256":                                  
                          "73edd1cd3c0667f1be358d67fcdfc4                       
                          b560825472796bf6aee53a762ba26a4                       
                          c66", "init_state_shape": [92],                       
                          "model_seed": 1147093789,                             
                          "protocol": "paired",                                 
                          "task_id": 0}                                         
huggingface/tokenizers: The current process just got forked, after parallelism has already been used. Disabling parallelism to avoid deadlocks...
To disable this warning, you can either:
	- Avoid using `tokenizers` before the fork if possible
	- Explicitly set the environment variable TOKENIZERS_PARALLELISM=(true | false)
Saved rollout MP4 at path ./rollouts/2026_09_18/2026_09_18-01_49_48--openvla_oft--episode=4--success=True--task=pick_up_the_black_bowl_between_the_plate_and_the_r.mp4
09/18 [01:50:44] INFO     | >> Success: True              run_libero_eval.py:238
                 INFO     | >> # episodes completed so    run_libero_eval.py:238
                          far: 4                                                
                 INFO     | >> # successes: 4 (100.0%)    run_libero_eval.py:238

 40%|████      | 4/10 [00:29<00:44,  7.46s/it][A                 INFO     | >>                            run_libero_eval.py:238
                          Task: pick up the black bowl                          
                          between the plate and the                             
                          ramekin and place it on the                           
                          plate                                                 
                 INFO     | >> Starting episode 5...      run_libero_eval.py:238
                 INFO     | >> EPISODE_MANIFEST           run_libero_eval.py:238
                          {"env_seed": 599105653,                               
                          "init_state_dtype": "float64",                        
                          "init_state_index": 44,                               
                          "init_state_sha256":                                  
                          "e5e5740072f7787db30d3b6108e23c                       
                          17b2ae6e372c2bd441579d8674e4cc2                       
                          b2a", "init_state_shape": [92],                       
                          "model_seed": 1507175424,                             
                          "protocol": "paired",                                 
                          "task_id": 0}                                         
huggingface/tokenizers: The current process just got forked, after parallelism has already been used. Disabling parallelism to avoid deadlocks...
To disable this warning, you can either:
	- Avoid using `tokenizers` before the fork if possible
	- Explicitly set the environment variable TOKENIZERS_PARALLELISM=(true | false)
Saved rollout MP4 at path ./rollouts/2026_09_18/2026_09_18-01_49_48--openvla_oft--episode=5--success=True--task=pick_up_the_black_bowl_between_the_plate_and_the_r.mp4
09/18 [01:50:51] INFO     | >> Success: True              run_libero_eval.py:238
                 INFO     | >> # episodes completed so    run_libero_eval.py:238
                          far: 5                                                
                 INFO     | >> # successes: 5 (100.0%)    run_libero_eval.py:238

 50%|█████     | 5/10 [00:36<00:36,  7.35s/it][A                 INFO     | >>                            run_libero_eval.py:238
                          Task: pick up the black bowl                          
                          between the plate and the                             
                          ramekin and place it on the                           
                          plate                                                 
                 INFO     | >> Starting episode 6...      run_libero_eval.py:238
                 INFO     | >> EPISODE_MANIFEST           run_libero_eval.py:238
                          {"env_seed": 4215005786,                              
                          "init_state_dtype": "float64",                        
                          "init_state_index": 45,                               
                          "init_state_sha256":                                  
                          "aeed457c3aaa84628169ec809ab31f                       
                          ea7d3baed43d4e0e68970d01485d8b4                       
                          987", "init_state_shape": [92],                       
                          "model_seed": 1611577170,                             
                          "protocol": "paired",                                 
                          "task_id": 0}                                         
huggingface/tokenizers: The current process just got forked, after parallelism has already been used. Disabling parallelism to avoid deadlocks...
To disable this warning, you can either:
	- Avoid using `tokenizers` before the fork if possible
	- Explicitly set the environment variable TOKENIZERS_PARALLELISM=(true | false)
Saved rollout MP4 at path ./rollouts/2026_09_18/2026_09_18-01_49_48--openvla_oft--episode=6--success=True--task=pick_up_the_black_bowl_between_the_plate_and_the_r.mp4
09/18 [01:50:58] INFO     | >> Success: True              run_libero_eval.py:238
                 INFO     | >> # episodes completed so    run_libero_eval.py:238
                          far: 6                                                
                 INFO     | >> # successes: 6 (100.0%)    run_libero_eval.py:238

 60%|██████    | 6/10 [00:44<00:29,  7.30s/it][A                 INFO     | >>                            run_libero_eval.py:238
                          Task: pick up the black bowl                          
                          between the plate and the                             
                          ramekin and place it on the                           
                          plate                                                 
                 INFO     | >> Starting episode 7...      run_libero_eval.py:238
                 INFO     | >> EPISODE_MANIFEST           run_libero_eval.py:238
                          {"env_seed": 1732376798,                              
                          "init_state_dtype": "float64",                        
                          "init_state_index": 46,                               
                          "init_state_sha256":                                  
                          "54b3e75ce4b8126c50bc354ae6c534                       
                          c6e9c2f6180a86a8cc97100a598c808                       
                          2f1", "init_state_shape": [92],                       
                          "model_seed": 1854073269,                             
                          "protocol": "paired",                                 
                          "task_id": 0}                                         
huggingface/tokenizers: The current process just got forked, after parallelism has already been used. Disabling parallelism to avoid deadlocks...
To disable this warning, you can either:
	- Avoid using `tokenizers` before the fork if possible
	- Explicitly set the environment variable TOKENIZERS_PARALLELISM=(true | false)
Saved rollout MP4 at path ./rollouts/2026_09_18/2026_09_18-01_49_48--openvla_oft--episode=7--success=True--task=pick_up_the_black_bowl_between_the_plate_and_the_r.mp4
09/18 [01:51:05] INFO     | >> Success: True              run_libero_eval.py:238
                 INFO     | >> # episodes completed so    run_libero_eval.py:238
                          far: 7                                                
                 INFO     | >> # successes: 7 (100.0%)    run_libero_eval.py:238

 70%|███████   | 7/10 [00:51<00:21,  7.29s/it][A                 INFO     | >>                            run_libero_eval.py:238
                          Task: pick up the black bowl                          
                          between the plate and the                             
                          ramekin and place it on the                           
                          plate                                                 
                 INFO     | >> Starting episode 8...      run_libero_eval.py:238
                 INFO     | >> EPISODE_MANIFEST           run_libero_eval.py:238
                          {"env_seed": 301706372,                               
                          "init_state_dtype": "float64",                        
                          "init_state_index": 47,                               
                          "init_state_sha256":                                  
                          "4f5e968e3f8a21ea074562fb9ce67e                       
                          13dc39cfba572b37e5cc18e15d8f939                       
                          a1f", "init_state_shape": [92],                       
                          "model_seed": 647178796,                              
                          "protocol": "paired",                                 
                          "task_id": 0}                                         
huggingface/tokenizers: The current process just got forked, after parallelism has already been used. Disabling parallelism to avoid deadlocks...
To disable this warning, you can either:
	- Avoid using `tokenizers` before the fork if possible
	- Explicitly set the environment variable TOKENIZERS_PARALLELISM=(true | false)
Saved rollout MP4 at path ./rollouts/2026_09_18/2026_09_18-01_49_48--openvla_oft--episode=8--success=True--task=pick_up_the_black_bowl_between_the_plate_and_the_r.mp4
09/18 [01:51:13] INFO     | >> Success: True              run_libero_eval.py:238
                 INFO     | >> # episodes completed so    run_libero_eval.py:238
                          far: 8                                                
                 INFO     | >> # successes: 8 (100.0%)    run_libero_eval.py:238

 80%|████████  | 8/10 [00:59<00:14,  7.45s/it][A                 INFO     | >>                            run_libero_eval.py:238
                          Task: pick up the black bowl                          
                          between the plate and the                             
                          ramekin and place it on the                           
                          plate                                                 
                 INFO     | >> Starting episode 9...      run_libero_eval.py:238
                 INFO     | >> EPISODE_MANIFEST           run_libero_eval.py:238
                          {"env_seed": 1741847142,                              
                          "init_state_dtype": "float64",                        
                          "init_state_index": 48,                               
                          "init_state_sha256":                                  
                          "14331e45a001f601d1a68e2824d6d7                       
                          49ce477bcb0c29f127b12d5ac08087d                       
                          57d", "init_state_shape": [92],                       
                          "model_seed": 3513033951,                             
                          "protocol": "paired",                                 
                          "task_id": 0}                                         
huggingface/tokenizers: The current process just got forked, after parallelism has already been used. Disabling parallelism to avoid deadlocks...
To disable this warning, you can either:
	- Avoid using `tokenizers` before the fork if possible
	- Explicitly set the environment variable TOKENIZERS_PARALLELISM=(true | false)
Saved rollout MP4 at path ./rollouts/2026_09_18/2026_09_18-01_49_48--openvla_oft--episode=9--success=True--task=pick_up_the_black_bowl_between_the_plate_and_the_r.mp4
09/18 [01:51:21] INFO     | >> Success: True              run_libero_eval.py:238
                 INFO     | >> # episodes completed so    run_libero_eval.py:238
                          far: 9                                                
                 INFO     | >> # successes: 9 (100.0%)    run_libero_eval.py:238

 90%|█████████ | 9/10 [01:06<00:07,  7.47s/it][A                 INFO     | >>                            run_libero_eval.py:238
                          Task: pick up the black bowl                          
                          between the plate and the                             
                          ramekin and place it on the                           
                          plate                                                 
                 INFO     | >> Starting episode 10...     run_libero_eval.py:238
                 INFO     | >> EPISODE_MANIFEST           run_libero_eval.py:238
                          {"env_seed": 1839010978,                              
                          "init_state_dtype": "float64",                        
                          "init_state_index": 49,                               
                          "init_state_sha256":                                  
                          "80d1403d4b3f6adeff4ed42fe0f4a5                       
                          dc70b570e6d59ae52aa7f0afd3d9194                       
                          4be", "init_state_shape": [92],                       
                          "model_seed": 3176067782,                             
                          "protocol": "paired",                                 
                          "task_id": 0}                                         
huggingface/tokenizers: The current process just got forked, after parallelism has already been used. Disabling parallelism to avoid deadlocks...
To disable this warning, you can either:
	- Avoid using `tokenizers` before the fork if possible
	- Explicitly set the environment variable TOKENIZERS_PARALLELISM=(true | false)
Saved rollout MP4 at path ./rollouts/2026_09_18/2026_09_18-01_49_48--openvla_oft--episode=10--success=True--task=pick_up_the_black_bowl_between_the_plate_and_the_r.mp4
09/18 [01:51:28] INFO     | >> Success: True              run_libero_eval.py:238
                 INFO     | >> # episodes completed so    run_libero_eval.py:238
                          far: 10                                               
                 INFO     | >> # successes: 10 (100.0%)   run_libero_eval.py:238

100%|██████████| 10/10 [01:13<00:00,  7.34s/it][A100%|██████████| 10/10 [01:13<00:00,  7.38s/it]
                 INFO     | >> Current task success rate: run_libero_eval.py:238
                          1.0                                                   
                 INFO     | >> Current total success      run_libero_eval.py:238
                          rate: 1.0                                             
 10%|█         | 1/10 [01:17<11:35, 77.22s/it]                 INFO     | >> Using default initial      run_libero_eval.py:238
                          states                                                

  0%|          | 0/10 [00:00<?, ?it/s][A09/18 [01:51:31] INFO     | >>                            run_libero_eval.py:238
                          Task: pick up the black bowl                          
                          next to the ramekin and place                         
                          it on the plate                                       
                 INFO     | >> Starting episode 1...      run_libero_eval.py:238
                 INFO     | >> EPISODE_MANIFEST           run_libero_eval.py:238
                          {"env_seed": 2806436868,                              
                          "init_state_dtype": "float64",                        
                          "init_state_index": 40,                               
                          "init_state_sha256":                                  
                          "670623563d5211c7992f4e27249a22                       
                          3da74ea355a474318bc68e0781804a2                       
                          43c", "init_state_shape": [92],                       
                          "model_seed": 2127363018,                             
                          "protocol": "paired",                                 
                          "task_id": 1}                                         
huggingface/tokenizers: The current process just got forked, after parallelism has already been used. Disabling parallelism to avoid deadlocks...
To disable this warning, you can either:
	- Avoid using `tokenizers` before the fork if possible
	- Explicitly set the environment variable TOKENIZERS_PARALLELISM=(true | false)
Saved rollout MP4 at path ./rollouts/2026_09_18/2026_09_18-01_49_48--openvla_oft--episode=11--success=False--task=pick_up_the_black_bowl_next_to_the_ramekin_and_pla.mp4
09/18 [01:51:45] INFO     | >> Success: False             run_libero_eval.py:238
                 INFO     | >> # episodes completed so    run_libero_eval.py:238
                          far: 11                                               
                 INFO     | >> # successes: 10 (90.9%)    run_libero_eval.py:238

 10%|█         | 1/10 [00:13<02:03, 13.74s/it][A                 INFO     | >>                            run_libero_eval.py:238
                          Task: pick up the black bowl                          
                          next to the ramekin and place                         
                          it on the plate                                       
                 INFO     | >> Starting episode 2...      run_libero_eval.py:238
                 INFO     | >> EPISODE_MANIFEST           run_libero_eval.py:238
                          {"env_seed": 4089571247,                              
                          "init_state_dtype": "float64",                        
                          "init_state_index": 41,                               
                          "init_state_sha256":                                  
                          "3f434992f45fc6db5024222cb297fc                       
                          fe4fc616be7e693e2f5874bbc225998                       
                          0f4", "init_state_shape": [92],                       
                          "model_seed": 1408277139,                             
                          "protocol": "paired",                                 
                          "task_id": 1}                                         
huggingface/tokenizers: The current process just got forked, after parallelism has already been used. Disabling parallelism to avoid deadlocks...
To disable this warning, you can either:
	- Avoid using `tokenizers` before the fork if possible
	- Explicitly set the environment variable TOKENIZERS_PARALLELISM=(true | false)
Saved rollout MP4 at path ./rollouts/2026_09_18/2026_09_18-01_49_48--openvla_oft--episode=12--success=True--task=pick_up_the_black_bowl_next_to_the_ramekin_and_pla.mp4
09/18 [01:51:53] INFO     | >> Success: True              run_libero_eval.py:238
                 INFO     | >> # episodes completed so    run_libero_eval.py:238
                          far: 12                                               
                 INFO     | >> # successes: 11 (91.7%)    run_libero_eval.py:238

 20%|██        | 2/10 [00:22<01:24, 10.60s/it][A                 INFO     | >>                            run_libero_eval.py:238
                          Task: pick up the black bowl                          
                          next to the ramekin and place                         
                          it on the plate                                       
                 INFO     | >> Starting episode 3...      run_libero_eval.py:238
                 INFO     | >> EPISODE_MANIFEST           run_libero_eval.py:238
                          {"env_seed": 982869153,                               
                          "init_state_dtype": "float64",                        
                          "init_state_index": 42,                               
                          "init_state_sha256":                                  
                          "641fa7949fc2b6515971870f3b6143                       
                          fc51ee8028556bc57c69236ed3a7634                       
                          126", "init_state_shape": [92],                       
                          "model_seed": 2474327722,                             
                          "protocol": "paired",                                 
                          "task_id": 1}                                         
huggingface/tokenizers: The current process just got forked, after parallelism has already been used. Disabling parallelism to avoid deadlocks...
To disable this warning, you can either:
	- Avoid using `tokenizers` before the fork if possible
	- Explicitly set the environment variable TOKENIZERS_PARALLELISM=(true | false)
Saved rollout MP4 at path ./rollouts/2026_09_18/2026_09_18-01_49_48--openvla_oft--episode=13--success=False--task=pick_up_the_black_bowl_next_to_the_ramekin_and_pla.mp4
09/18 [01:52:07] INFO     | >> Success: False             run_libero_eval.py:238
                 INFO     | >> # episodes completed so    run_libero_eval.py:238
                          far: 13                                               
                 INFO     | >> # successes: 11 (84.6%)    run_libero_eval.py:238

 30%|███       | 3/10 [00:36<01:25, 12.28s/it][A                 INFO     | >>                            run_libero_eval.py:238
                          Task: pick up the black bowl                          
                          next to the ramekin and place                         
                          it on the plate                                       
                 INFO     | >> Starting episode 4...      run_libero_eval.py:238
                 INFO     | >> EPISODE_MANIFEST           run_libero_eval.py:238
                          {"env_seed": 2144334309,                              
                          "init_state_dtype": "float64",                        
                          "init_state_index": 43,                               
                          "init_state_sha256":                                  
                          "2fc5db2ab789cc349a32c9c42c0f2e                       
                          a45d3cc27c6019588cadb68ba540ac1                       
                          e0b", "init_state_shape": [92],                       
                          "model_seed": 2114291554,                             
                          "protocol": "paired",                                 
                          "task_id": 1}                                         
huggingface/tokenizers: The current process just got forked, after parallelism has already been used. Disabling parallelism to avoid deadlocks...
To disable this warning, you can either:
	- Avoid using `tokenizers` before the fork if possible
	- Explicitly set the environment variable TOKENIZERS_PARALLELISM=(true | false)
Saved rollout MP4 at path ./rollouts/2026_09_18/2026_09_18-01_49_48--openvla_oft--episode=14--success=True--task=pick_up_the_black_bowl_next_to_the_ramekin_and_pla.mp4
09/18 [01:52:16] INFO     | >> Success: True              run_libero_eval.py:238
                 INFO     | >> # episodes completed so    run_libero_eval.py:238
                          far: 14                                               
                 INFO     | >> # successes: 12 (85.7%)    run_libero_eval.py:238

 40%|████      | 4/10 [00:44<01:04, 10.76s/it][A                 INFO     | >>                            run_libero_eval.py:238
                          Task: pick up the black bowl                          
                          next to the ramekin and place                         
                          it on the plate                                       
                 INFO     | >> Starting episode 5...      run_libero_eval.py:238
                 INFO     | >> EPISODE_MANIFEST           run_libero_eval.py:238
                          {"env_seed": 2624970628,                              
                          "init_state_dtype": "float64",                        
                          "init_state_index": 44,                               
                          "init_state_sha256":                                  
                          "5ab6edffd41b7a7e81423febceb824                       
                          9359fa8f4ab3fcda862d11607b13ed0                       
                          700", "init_state_shape": [92],                       
                          "model_seed": 4119263672,                             
                          "protocol": "paired",                                 
                          "task_id": 1}                                         
huggingface/tokenizers: The current process just got forked, after parallelism has already been used. Disabling parallelism to avoid deadlocks...
To disable this warning, you can either:
	- Avoid using `tokenizers` before the fork if possible
	- Explicitly set the environment variable TOKENIZERS_PARALLELISM=(true | false)
Saved rollout MP4 at path ./rollouts/2026_09_18/2026_09_18-01_49_48--openvla_oft--episode=15--success=True--task=pick_up_the_black_bowl_next_to_the_ramekin_and_pla.mp4
09/18 [01:52:24] INFO     | >> Success: True              run_libero_eval.py:238
                 INFO     | >> # episodes completed so    run_libero_eval.py:238
                          far: 15                                               
                 INFO     | >> # successes: 13 (86.7%)    run_libero_eval.py:238

 50%|█████     | 5/10 [00:53<00:49,  9.87s/it][A                 INFO     | >>                            run_libero_eval.py:238
                          Task: pick up the black bowl                          
                          next to the ramekin and place                         
                          it on the plate                                       
                 INFO     | >> Starting episode 6...      run_libero_eval.py:238
                 INFO     | >> EPISODE_MANIFEST           run_libero_eval.py:238
                          {"env_seed": 412679868,                               
                          "init_state_dtype": "float64",                        
                          "init_state_index": 45,                               
                          "init_state_sha256":                                  
                          "f79d4d21159c657a528a4fb0c9c10b                       
                          b1d473e2595f8d5ac0780507a157185                       
                          eee", "init_state_shape": [92],                       
                          "model_seed": 2098898157,                             
                          "protocol": "paired",                                 
                          "task_id": 1}                                         
huggingface/tokenizers: The current process just got forked, after parallelism has already been used. Disabling parallelism to avoid deadlocks...
To disable this warning, you can either:
	- Avoid using `tokenizers` before the fork if possible
	- Explicitly set the environment variable TOKENIZERS_PARALLELISM=(true | false)
Saved rollout MP4 at path ./rollouts/2026_09_18/2026_09_18-01_49_48--openvla_oft--episode=16--success=False--task=pick_up_the_black_bowl_next_to_the_ramekin_and_pla.mp4
09/18 [01:52:38] INFO     | >> Success: False             run_libero_eval.py:238
                 INFO     | >> # episodes completed so    run_libero_eval.py:238
                          far: 16                                               
                 INFO     | >> # successes: 13 (81.2%)    run_libero_eval.py:238

 60%|██████    | 6/10 [01:07<00:45, 11.35s/it][A                 INFO     | >>                            run_libero_eval.py:238
                          Task: pick up the black bowl                          
                          next to the ramekin and place                         
                          it on the plate                                       
                 INFO     | >> Starting episode 7...      run_libero_eval.py:238
                 INFO     | >> EPISODE_MANIFEST           run_libero_eval.py:238
                          {"env_seed": 1398216352,                              
                          "init_state_dtype": "float64",                        
                          "init_state_index": 46,                               
                          "init_state_sha256":                                  
                          "c8b9606909cd34025dae7bcbe3c11d                       
                          f89f26a6617c1934e98b9c49af7a9b5                       
                          59c", "init_state_shape": [92],                       
                          "model_seed": 635895520,                              
                          "protocol": "paired",                                 
                          "task_id": 1}                                         
huggingface/tokenizers: The current process just got forked, after parallelism has already been used. Disabling parallelism to avoid deadlocks...
To disable this warning, you can either:
	- Avoid using `tokenizers` before the fork if possible
	- Explicitly set the environment variable TOKENIZERS_PARALLELISM=(true | false)
Saved rollout MP4 at path ./rollouts/2026_09_18/2026_09_18-01_49_48--openvla_oft--episode=17--success=True--task=pick_up_the_black_bowl_next_to_the_ramekin_and_pla.mp4
09/18 [01:52:47] INFO     | >> Success: True              run_libero_eval.py:238
                 INFO     | >> # episodes completed so    run_libero_eval.py:238
                          far: 17                                               
                 INFO     | >> # successes: 14 (82.4%)    run_libero_eval.py:238

 70%|███████   | 7/10 [01:15<00:31, 10.46s/it][A                 INFO     | >>                            run_libero_eval.py:238
                          Task: pick up the black bowl                          
                          next to the ramekin and place                         
                          it on the plate                                       
                 INFO     | >> Starting episode 8...      run_libero_eval.py:238
                 INFO     | >> EPISODE_MANIFEST           run_libero_eval.py:238
                          {"env_seed": 425169792,                               
                          "init_state_dtype": "float64",                        
                          "init_state_index": 47,                               
                          "init_state_sha256":                                  
                          "59a712c55409ee2c49087d209aab4c                       
                          a1474a7879e3071be37b1c762e45b3b                       
                          ffd", "init_state_shape": [92],                       
                          "model_seed": 943839910,                              
                          "protocol": "paired",                                 
                          "task_id": 1}                                         
huggingface/tokenizers: The current process just got forked, after parallelism has already been used. Disabling parallelism to avoid deadlocks...
To disable this warning, you can either:
	- Avoid using `tokenizers` before the fork if possible
	- Explicitly set the environment variable TOKENIZERS_PARALLELISM=(true | false)
Saved rollout MP4 at path ./rollouts/2026_09_18/2026_09_18-01_49_48--openvla_oft--episode=18--success=False--task=pick_up_the_black_bowl_next_to_the_ramekin_and_pla.mp4
09/18 [01:53:01] INFO     | >> Success: False             run_libero_eval.py:238
                 INFO     | >> # episodes completed so    run_libero_eval.py:238
                          far: 18                                               
                 INFO     | >> # successes: 14 (77.8%)    run_libero_eval.py:238

 80%|████████  | 8/10 [01:30<00:23, 11.75s/it][A                 INFO     | >>                            run_libero_eval.py:238
                          Task: pick up the black bowl                          
                          next to the ramekin and place                         
                          it on the plate                                       
                 INFO     | >> Starting episode 9...      run_libero_eval.py:238
                 INFO     | >> EPISODE_MANIFEST           run_libero_eval.py:238
                          {"env_seed": 1990084044,                              
                          "init_state_dtype": "float64",                        
                          "init_state_index": 48,                               
                          "init_state_sha256":                                  
                          "350bf488c06f0918ecef5cc9dc56a1                       
                          63821d4dce5b9e53923f6b8f5f46c48                       
                          213", "init_state_shape": [92],                       
                          "model_seed": 2829823387,                             
                          "protocol": "paired",                                 
                          "task_id": 1}                                         
huggingface/tokenizers: The current process just got forked, after parallelism has already been used. Disabling parallelism to avoid deadlocks...
To disable this warning, you can either:
	- Avoid using `tokenizers` before the fork if possible
	- Explicitly set the environment variable TOKENIZERS_PARALLELISM=(true | false)
Saved rollout MP4 at path ./rollouts/2026_09_18/2026_09_18-01_49_48--openvla_oft--episode=19--success=True--task=pick_up_the_black_bowl_next_to_the_ramekin_and_pla.mp4
09/18 [01:53:10] INFO     | >> Success: True              run_libero_eval.py:238
                 INFO     | >> # episodes completed so    run_libero_eval.py:238
                          far: 19                                               
                 INFO     | >> # successes: 15 (78.9%)    run_libero_eval.py:238

 90%|█████████ | 9/10 [01:39<00:10, 10.82s/it][A                 INFO     | >>                            run_libero_eval.py:238
                          Task: pick up the black bowl                          
                          next to the ramekin and place                         
                          it on the plate                                       
                 INFO     | >> Starting episode 10...     run_libero_eval.py:238
                 INFO     | >> EPISODE_MANIFEST           run_libero_eval.py:238
                          {"env_seed": 4022403081,                              
                          "init_state_dtype": "float64",                        
                          "init_state_index": 49,                               
                          "init_state_sha256":                                  
                          "5a5b6913c479b18c86010683d35206                       
                          0eb68f382f2de75e6b68ac1f3dae5e1                       
                          1ea", "init_state_shape": [92],                       
                          "model_seed": 805964948,                              
                          "protocol": "paired",                                 
                          "task_id": 1}                                         
huggingface/tokenizers: The current process just got forked, after parallelism has already been used. Disabling parallelism to avoid deadlocks...
To disable this warning, you can either:
	- Avoid using `tokenizers` before the fork if possible
	- Explicitly set the environment variable TOKENIZERS_PARALLELISM=(true | false)
Saved rollout MP4 at path ./rollouts/2026_09_18/2026_09_18-01_49_48--openvla_oft--episode=20--success=False--task=pick_up_the_black_bowl_next_to_the_ramekin_and_pla.mp4
09/18 [01:53:25] INFO     | >> Success: False             run_libero_eval.py:238
                 INFO     | >> # episodes completed so    run_libero_eval.py:238
                          far: 20                                               
                 INFO     | >> # successes: 15 (75.0%)    run_libero_eval.py:238

100%|██████████| 10/10 [01:53<00:00, 11.97s/it][A100%|██████████| 10/10 [01:53<00:00, 11.38s/it]
                 INFO     | >> Current task success rate: run_libero_eval.py:238
                          0.5                                                   
                 INFO     | >> Current total success      run_libero_eval.py:238
                          rate: 0.75                                            
 20%|██        | 2/10 [03:14<13:24, 100.60s/it]                 INFO     | >> Using default initial      run_libero_eval.py:238
                          states                                                

  0%|          | 0/10 [00:00<?, ?it/s][A09/18 [01:53:28] INFO     | >>                            run_libero_eval.py:238
                          Task: pick up the black bowl                          
                          from table center and place it                        
                          on the plate                                          
                 INFO     | >> Starting episode 1...      run_libero_eval.py:238
                 INFO     | >> EPISODE_MANIFEST           run_libero_eval.py:238
                          {"env_seed": 498767105,                               
                          "init_state_dtype": "float64",                        
                          "init_state_index": 40,                               
                          "init_state_sha256":                                  
                          "331aade7c83ff9afadeefe292e6ae5                       
                          024c222c81908b2887fc74d51d40f4b                       
                          147", "init_state_shape": [92],                       
                          "model_seed": 2760126984,                             
                          "protocol": "paired",                                 
                          "task_id": 2}                                         
huggingface/tokenizers: The current process just got forked, after parallelism has already been used. Disabling parallelism to avoid deadlocks...
To disable this warning, you can either:
	- Avoid using `tokenizers` before the fork if possible
	- Explicitly set the environment variable TOKENIZERS_PARALLELISM=(true | false)
Saved rollout MP4 at path ./rollouts/2026_09_18/2026_09_18-01_49_48--openvla_oft--episode=21--success=True--task=pick_up_the_black_bowl_from_table_center_and_place.mp4
09/18 [01:53:36] INFO     | >> Success: True              run_libero_eval.py:238
                 INFO     | >> # episodes completed so    run_libero_eval.py:238
                          far: 21                                               
                 INFO     | >> # successes: 16 (76.2%)    run_libero_eval.py:238

 10%|█         | 1/10 [00:08<01:13,  8.15s/it][A                 INFO     | >>                            run_libero_eval.py:238
                          Task: pick up the black bowl                          
                          from table center and place it                        
                          on the plate                                          
                 INFO     | >> Starting episode 2...      run_libero_eval.py:238
                 INFO     | >> EPISODE_MANIFEST           run_libero_eval.py:238
                          {"env_seed": 4092670113,                              
                          "init_state_dtype": "float64",                        
                          "init_state_index": 41,                               
                          "init_state_sha256":                                  
                          "42be1ba84bc8aefda6cc515e767d66                       
                          7cb5edc84a3fc1cabc6fc5c16f34452                       
                          802", "init_state_shape": [92],                       
                          "model_seed": 1049218456,                             
                          "protocol": "paired",                                 
                          "task_id": 2}                                         
huggingface/tokenizers: The current process just got forked, after parallelism has already been used. Disabling parallelism to avoid deadlocks...
To disable this warning, you can either:
	- Avoid using `tokenizers` before the fork if possible
	- Explicitly set the environment variable TOKENIZERS_PARALLELISM=(true | false)
Saved rollout MP4 at path ./rollouts/2026_09_18/2026_09_18-01_49_48--openvla_oft--episode=22--success=True--task=pick_up_the_black_bowl_from_table_center_and_place.mp4
09/18 [01:53:44] INFO     | >> Success: True              run_libero_eval.py:238
                 INFO     | >> # episodes completed so    run_libero_eval.py:238
                          far: 22                                               
                 INFO     | >> # successes: 17 (77.3%)    run_libero_eval.py:238

 20%|██        | 2/10 [00:16<01:05,  8.17s/it][A                 INFO     | >>                            run_libero_eval.py:238
                          Task: pick up the black bowl                          
                          from table center and place it                        
                          on the plate                                          
                 INFO     | >> Starting episode 3...      run_libero_eval.py:238
                 INFO     | >> EPISODE_MANIFEST           run_libero_eval.py:238
                          {"env_seed": 3696263769,                              
                          "init_state_dtype": "float64",                        
                          "init_state_index": 42,                               
                          "init_state_sha256":                                  
                          "e163c8a989a23ad63861f9ce95b7c3                       
                          2daa2dbf6a778c45341b89b8811a8e4                       
                          1d0", "init_state_shape": [92],                       
                          "model_seed": 4070546608,                             
                          "protocol": "paired",                                 
                          "task_id": 2}                                         
huggingface/tokenizers: The current process just got forked, after parallelism has already been used. Disabling parallelism to avoid deadlocks...
To disable this warning, you can either:
	- Avoid using `tokenizers` before the fork if possible
	- Explicitly set the environment variable TOKENIZERS_PARALLELISM=(true | false)
Saved rollout MP4 at path ./rollouts/2026_09_18/2026_09_18-01_49_48--openvla_oft--episode=23--success=True--task=pick_up_the_black_bowl_from_table_center_and_place.mp4
09/18 [01:53:53] INFO     | >> Success: True              run_libero_eval.py:238
                 INFO     | >> # episodes completed so    run_libero_eval.py:238
                          far: 23                                               
                 INFO     | >> # successes: 18 (78.3%)    run_libero_eval.py:238

 30%|███       | 3/10 [00:24<00:57,  8.26s/it][A                 INFO     | >>                            run_libero_eval.py:238
                          Task: pick up the black bowl                          
                          from table center and place it                        
                          on the plate                                          
                 INFO     | >> Starting episode 4...      run_libero_eval.py:238
                 INFO     | >> EPISODE_MANIFEST           run_libero_eval.py:238
                          {"env_seed": 2706133589,                              
                          "init_state_dtype": "float64",                        
                          "init_state_index": 43,                               
                          "init_state_sha256":                                  
                          "49e8f18c75d2c5a118b7eb1eb8b00d                       
                          65e0c31dca64b66e83ac3a21bf4f32c                       
                          b97", "init_state_shape": [92],                       
                          "model_seed": 1827267706,                             
                          "protocol": "paired",                                 
                          "task_id": 2}                                         
huggingface/tokenizers: The current process just got forked, after parallelism has already been used. Disabling parallelism to avoid deadlocks...
To disable this warning, you can either:
	- Avoid using `tokenizers` before the fork if possible
	- Explicitly set the environment variable TOKENIZERS_PARALLELISM=(true | false)
Saved rollout MP4 at path ./rollouts/2026_09_18/2026_09_18-01_49_48--openvla_oft--episode=24--success=True--task=pick_up_the_black_bowl_from_table_center_and_place.mp4
09/18 [01:54:01] INFO     | >> Success: True              run_libero_eval.py:238
                 INFO     | >> # episodes completed so    run_libero_eval.py:238
                          far: 24                                               
                 INFO     | >> # successes: 19 (79.2%)    run_libero_eval.py:238

 40%|████      | 4/10 [00:32<00:49,  8.23s/it][A                 INFO     | >>                            run_libero_eval.py:238
                          Task: pick up the black bowl                          
                          from table center and place it                        
                          on the plate                                          
                 INFO     | >> Starting episode 5...      run_libero_eval.py:238
                 INFO     | >> EPISODE_MANIFEST           run_libero_eval.py:238
                          {"env_seed": 442371259,                               
                          "init_state_dtype": "float64",                        
                          "init_state_index": 44,                               
                          "init_state_sha256":                                  
                          "1a28afe01b6fcc720bb64f8f8632fb                       
                          32b1124d71e4c809ce4ec116ef8e513                       
                          a58", "init_state_shape": [92],                       
                          "model_seed": 2903259647,                             
                          "protocol": "paired",                                 
                          "task_id": 2}                                         
huggingface/tokenizers: The current process just got forked, after parallelism has already been used. Disabling parallelism to avoid deadlocks...
To disable this warning, you can either:
	- Avoid using `tokenizers` before the fork if possible
	- Explicitly set the environment variable TOKENIZERS_PARALLELISM=(true | false)
Saved rollout MP4 at path ./rollouts/2026_09_18/2026_09_18-01_49_48--openvla_oft--episode=25--success=True--task=pick_up_the_black_bowl_from_table_center_and_place.mp4
09/18 [01:54:09] INFO     | >> Success: True              run_libero_eval.py:238
                 INFO     | >> # episodes completed so    run_libero_eval.py:238
                          far: 25                                               
                 INFO     | >> # successes: 20 (80.0%)    run_libero_eval.py:238

 50%|█████     | 5/10 [00:41<00:41,  8.22s/it][A                 INFO     | >>                            run_libero_eval.py:238
                          Task: pick up the black bowl                          
                          from table center and place it                        
                          on the plate                                          
                 INFO     | >> Starting episode 6...      run_libero_eval.py:238
                 INFO     | >> EPISODE_MANIFEST           run_libero_eval.py:238
                          {"env_seed": 3950244284,                              
                          "init_state_dtype": "float64",                        
                          "init_state_index": 45,                               
                          "init_state_sha256":                                  
                          "918a0f7ae544673a763398420d1a7c                       
                          15c373ea38695ca38f52ba4996c43e7                       
                          a6d", "init_state_shape": [92],                       
                          "model_seed": 2083605657,                             
                          "protocol": "paired",                                 
                          "task_id": 2}                                         
huggingface/tokenizers: The current process just got forked, after parallelism has already been used. Disabling parallelism to avoid deadlocks...
To disable this warning, you can either:
	- Avoid using `tokenizers` before the fork if possible
	- Explicitly set the environment variable TOKENIZERS_PARALLELISM=(true | false)
Saved rollout MP4 at path ./rollouts/2026_09_18/2026_09_18-01_49_48--openvla_oft--episode=26--success=True--task=pick_up_the_black_bowl_from_table_center_and_place.mp4
09/18 [01:54:17] INFO     | >> Success: True              run_libero_eval.py:238
                 INFO     | >> # episodes completed so    run_libero_eval.py:238
                          far: 26                                               
                 INFO     | >> # successes: 21 (80.8%)    run_libero_eval.py:238

 60%|██████    | 6/10 [00:49<00:32,  8.24s/it][A                 INFO     | >>                            run_libero_eval.py:238
                          Task: pick up the black bowl                          
                          from table center and place it                        
                          on the plate                                          
                 INFO     | >> Starting episode 7...      run_libero_eval.py:238
                 INFO     | >> EPISODE_MANIFEST           run_libero_eval.py:238
                          {"env_seed": 1989382542,                              
                          "init_state_dtype": "float64",                        
                          "init_state_index": 46,                               
                          "init_state_sha256":                                  
                          "3427a168ba24740f56ed0fbbaa0c7f                       
                          684391154d9759cd326301dd619ff82                       
                          618", "init_state_shape": [92],                       
                          "model_seed": 1959857874,                             
                          "protocol": "paired",                                 
                          "task_id": 2}                                         
huggingface/tokenizers: The current process just got forked, after parallelism has already been used. Disabling parallelism to avoid deadlocks...
To disable this warning, you can either:
	- Avoid using `tokenizers` before the fork if possible
	- Explicitly set the environment variable TOKENIZERS_PARALLELISM=(true | false)
Saved rollout MP4 at path ./rollouts/2026_09_18/2026_09_18-01_49_48--openvla_oft--episode=27--success=True--task=pick_up_the_black_bowl_from_table_center_and_place.mp4
09/18 [01:54:25] INFO     | >> Success: True              run_libero_eval.py:238
                 INFO     | >> # episodes completed so    run_libero_eval.py:238
                          far: 27                                               
09/18 [01:54:26] INFO     | >> # successes: 22 (81.5%)    run_libero_eval.py:238

 70%|███████   | 7/10 [00:57<00:24,  8.24s/it][A                 INFO     | >>                            run_libero_eval.py:238
                          Task: pick up the black bowl                          
                          from table center and place it                        
                          on the plate                                          
                 INFO     | >> Starting episode 8...      run_libero_eval.py:238
                 INFO     | >> EPISODE_MANIFEST           run_libero_eval.py:238
                          {"env_seed": 1955218558,                              
                          "init_state_dtype": "float64",                        
                          "init_state_index": 47,                               
                          "init_state_sha256":                                  
                          "a6e64088e298a32030c8f152139fb7                       
                          32bd77e932b024716ff6203cc133bb0                       
                          a0e", "init_state_shape": [92],                       
                          "model_seed": 1524464040,                             
                          "protocol": "paired",                                 
                          "task_id": 2}                                         
huggingface/tokenizers: The current process just got forked, after parallelism has already been used. Disabling parallelism to avoid deadlocks...
To disable this warning, you can either:
	- Avoid using `tokenizers` before the fork if possible
	- Explicitly set the environment variable TOKENIZERS_PARALLELISM=(true | false)
Saved rollout MP4 at path ./rollouts/2026_09_18/2026_09_18-01_49_48--openvla_oft--episode=28--success=True--task=pick_up_the_black_bowl_from_table_center_and_place.mp4
09/18 [01:54:34] INFO     | >> Success: True              run_libero_eval.py:238
                 INFO     | >> # episodes completed so    run_libero_eval.py:238
                          far: 28                                               
                 INFO     | >> # successes: 23 (82.1%)    run_libero_eval.py:238

 80%|████████  | 8/10 [01:05<00:16,  8.29s/it][A                 INFO     | >>                            run_libero_eval.py:238
                          Task: pick up the black bowl                          
                          from table center and place it                        
                          on the plate                                          
                 INFO     | >> Starting episode 9...      run_libero_eval.py:238
                 INFO     | >> EPISODE_MANIFEST           run_libero_eval.py:238
                          {"env_seed": 2392964692,                              
                          "init_state_dtype": "float64",                        
                          "init_state_index": 48,                               
                          "init_state_sha256":                                  
                          "48f0949b13a759c3d62bf385522785                       
                          15dbcd69a6216b32b340f8627109344                       
                          6f8", "init_state_shape": [92],                       
                          "model_seed": 3440829925,                             
                          "protocol": "paired",                                 
                          "task_id": 2}                                         
huggingface/tokenizers: The current process just got forked, after parallelism has already been used. Disabling parallelism to avoid deadlocks...
To disable this warning, you can either:
	- Avoid using `tokenizers` before the fork if possible
	- Explicitly set the environment variable TOKENIZERS_PARALLELISM=(true | false)
Saved rollout MP4 at path ./rollouts/2026_09_18/2026_09_18-01_49_48--openvla_oft--episode=29--success=True--task=pick_up_the_black_bowl_from_table_center_and_place.mp4
09/18 [01:54:42] INFO     | >> Success: True              run_libero_eval.py:238
                 INFO     | >> # episodes completed so    run_libero_eval.py:238
                          far: 29                                               
                 INFO     | >> # successes: 24 (82.8%)    run_libero_eval.py:238

 90%|█████████ | 9/10 [01:14<00:08,  8.33s/it][A                 INFO     | >>                            run_libero_eval.py:238
                          Task: pick up the black bowl                          
                          from table center and place it                        
                          on the plate                                          
                 INFO     | >> Starting episode 10...     run_libero_eval.py:238
                 INFO     | >> EPISODE_MANIFEST           run_libero_eval.py:238
                          {"env_seed": 1684192834,                              
                          "init_state_dtype": "float64",                        
                          "init_state_index": 49,                               
                          "init_state_sha256":                                  
                          "d76e44f29bd43b5fd70783aaff1471                       
                          066fd8ab774311c1b298916b60a728d                       
                          f1b", "init_state_shape": [92],                       
                          "model_seed": 702398939,                              
                          "protocol": "paired",                                 
                          "task_id": 2}                                         
huggingface/tokenizers: The current process just got forked, after parallelism has already been used. Disabling parallelism to avoid deadlocks...
To disable this warning, you can either:
	- Avoid using `tokenizers` before the fork if possible
	- Explicitly set the environment variable TOKENIZERS_PARALLELISM=(true | false)
Saved rollout MP4 at path ./rollouts/2026_09_18/2026_09_18-01_49_48--openvla_oft--episode=30--success=True--task=pick_up_the_black_bowl_from_table_center_and_place.mp4
09/18 [01:54:51] INFO     | >> Success: True              run_libero_eval.py:238
                 INFO     | >> # episodes completed so    run_libero_eval.py:238
                          far: 30                                               
                 INFO     | >> # successes: 25 (83.3%)    run_libero_eval.py:238

100%|██████████| 10/10 [01:23<00:00,  8.43s/it][A100%|██████████| 10/10 [01:23<00:00,  8.30s/it]
                 INFO     | >> Current task success rate: run_libero_eval.py:238
                          1.0                                                   
                 INFO     | >> Current total success      run_libero_eval.py:238
                          rate: 0.8333333333333334                              
 30%|███       | 3/10 [04:40<10:58, 94.06s/it]                  INFO     | >> Using default initial      run_libero_eval.py:238
                          states                                                

  0%|          | 0/10 [00:00<?, ?it/s][A09/18 [01:54:54] INFO     | >>                            run_libero_eval.py:238
                          Task: pick up the black bowl on                       
                          the cookie box and place it on                        
                          the plate                                             
                 INFO     | >> Starting episode 1...      run_libero_eval.py:238
                 INFO     | >> EPISODE_MANIFEST           run_libero_eval.py:238
                          {"env_seed": 1610377573,                              
                          "init_state_dtype": "float64",                        
                          "init_state_index": 40,                               
                          "init_state_sha256":                                  
                          "b3e627d26f03251ec85c9bde01e7c4                       
                          201299ce29398710422b2d590d08b18                       
                          fb4", "init_state_shape": [92],                       
                          "model_seed": 3549543789,                             
                          "protocol": "paired",                                 
                          "task_id": 3}                                         
huggingface/tokenizers: The current process just got forked, after parallelism has already been used. Disabling parallelism to avoid deadlocks...
To disable this warning, you can either:
	- Avoid using `tokenizers` before the fork if possible
	- Explicitly set the environment variable TOKENIZERS_PARALLELISM=(true | false)
Saved rollout MP4 at path ./rollouts/2026_09_18/2026_09_18-01_49_48--openvla_oft--episode=31--success=True--task=pick_up_the_black_bowl_on_the_cookie_box_and_place.mp4
09/18 [01:55:03] INFO     | >> Success: True              run_libero_eval.py:238
                 INFO     | >> # episodes completed so    run_libero_eval.py:238
                          far: 31                                               
                 INFO     | >> # successes: 26 (83.9%)    run_libero_eval.py:238

 10%|█         | 1/10 [00:08<01:16,  8.45s/it][A                 INFO     | >>                            run_libero_eval.py:238
                          Task: pick up the black bowl on                       
                          the cookie box and place it on                        
                          the plate                                             
                 INFO     | >> Starting episode 2...      run_libero_eval.py:238
                 INFO     | >> EPISODE_MANIFEST           run_libero_eval.py:238
                          {"env_seed": 3210704787,                              
                          "init_state_dtype": "float64",                        
                          "init_state_index": 41,                               
                          "init_state_sha256":                                  
                          "0e02cbdee0437e61c30dc14f1282a7                       
                          9e5654cbc127cc4182f388123cec761                       
                          88f", "init_state_shape": [92],                       
                          "model_seed": 2129717691,                             
                          "protocol": "paired",                                 
                          "task_id": 3}                                         
huggingface/tokenizers: The current process just got forked, after parallelism has already been used. Disabling parallelism to avoid deadlocks...
To disable this warning, you can either:
	- Avoid using `tokenizers` before the fork if possible
	- Explicitly set the environment variable TOKENIZERS_PARALLELISM=(true | false)
Saved rollout MP4 at path ./rollouts/2026_09_18/2026_09_18-01_49_48--openvla_oft--episode=32--success=True--task=pick_up_the_black_bowl_on_the_cookie_box_and_place.mp4
09/18 [01:55:11] INFO     | >> Success: True              run_libero_eval.py:238
                 INFO     | >> # episodes completed so    run_libero_eval.py:238
                          far: 32                                               
                 INFO     | >> # successes: 27 (84.4%)    run_libero_eval.py:238

 20%|██        | 2/10 [00:16<01:06,  8.30s/it][A                 INFO     | >>                            run_libero_eval.py:238
                          Task: pick up the black bowl on                       
                          the cookie box and place it on                        
                          the plate                                             
                 INFO     | >> Starting episode 3...      run_libero_eval.py:238
                 INFO     | >> EPISODE_MANIFEST           run_libero_eval.py:238
                          {"env_seed": 3865796345,                              
                          "init_state_dtype": "float64",                        
                          "init_state_index": 42,                               
                          "init_state_sha256":                                  
                          "76baab81ad3a52f8f53427b392fe39                       
                          763a7f2b85a9445ea84f30d25affd10                       
                          b86", "init_state_shape": [92],                       
                          "model_seed": 1731147995,                             
                          "protocol": "paired",                                 
                          "task_id": 3}                                         
huggingface/tokenizers: The current process just got forked, after parallelism has already been used. Disabling parallelism to avoid deadlocks...
To disable this warning, you can either:
	- Avoid using `tokenizers` before the fork if possible
	- Explicitly set the environment variable TOKENIZERS_PARALLELISM=(true | false)
Saved rollout MP4 at path ./rollouts/2026_09_18/2026_09_18-01_49_48--openvla_oft--episode=33--success=True--task=pick_up_the_black_bowl_on_the_cookie_box_and_place.mp4
09/18 [01:55:19] INFO     | >> Success: True              run_libero_eval.py:238
                 INFO     | >> # episodes completed so    run_libero_eval.py:238
                          far: 33                                               
                 INFO     | >> # successes: 28 (84.8%)    run_libero_eval.py:238

 30%|███       | 3/10 [00:25<00:58,  8.43s/it][A                 INFO     | >>                            run_libero_eval.py:238
                          Task: pick up the black bowl on                       
                          the cookie box and place it on                        
                          the plate                                             
                 INFO     | >> Starting episode 4...      run_libero_eval.py:238
                 INFO     | >> EPISODE_MANIFEST           run_libero_eval.py:238
                          {"env_seed": 1568532716,                              
                          "init_state_dtype": "float64",                        
                          "init_state_index": 43,                               
                          "init_state_sha256":                                  
                          "161886d30f365a4e7835f969728471                       
                          83b8566b40bb2dccbab3691ea523177                       
                          23b", "init_state_shape": [92],                       
                          "model_seed": 1108243006,                             
                          "protocol": "paired",                                 
                          "task_id": 3}                                         
huggingface/tokenizers: The current process just got forked, after parallelism has already been used. Disabling parallelism to avoid deadlocks...
To disable this warning, you can either:
	- Avoid using `tokenizers` before the fork if possible
	- Explicitly set the environment variable TOKENIZERS_PARALLELISM=(true | false)
Saved rollout MP4 at path ./rollouts/2026_09_18/2026_09_18-01_49_48--openvla_oft--episode=34--success=True--task=pick_up_the_black_bowl_on_the_cookie_box_and_place.mp4
09/18 [01:55:27] INFO     | >> Success: True              run_libero_eval.py:238
                 INFO     | >> # episodes completed so    run_libero_eval.py:238
                          far: 34                                               
                 INFO     | >> # successes: 29 (85.3%)    run_libero_eval.py:238

 40%|████      | 4/10 [00:33<00:49,  8.24s/it][A                 INFO     | >>                            run_libero_eval.py:238
                          Task: pick up the black bowl on                       
                          the cookie box and place it on                        
                          the plate                                             
                 INFO     | >> Starting episode 5...      run_libero_eval.py:238
                 INFO     | >> EPISODE_MANIFEST           run_libero_eval.py:238
                          {"env_seed": 1592047138,                              
                          "init_state_dtype": "float64",                        
                          "init_state_index": 44,                               
                          "init_state_sha256":                                  
                          "1aee406422e3a6836f0fa274fcb72b                       
                          489f2038ee56c0aeb335e88d14fef8d                       
                          6ed", "init_state_shape": [92],                       
                          "model_seed": 3182607692,                             
                          "protocol": "paired",                                 
                          "task_id": 3}                                         
huggingface/tokenizers: The current process just got forked, after parallelism has already been used. Disabling parallelism to avoid deadlocks...
To disable this warning, you can either:
	- Avoid using `tokenizers` before the fork if possible
	- Explicitly set the environment variable TOKENIZERS_PARALLELISM=(true | false)
Saved rollout MP4 at path ./rollouts/2026_09_18/2026_09_18-01_49_48--openvla_oft--episode=35--success=True--task=pick_up_the_black_bowl_on_the_cookie_box_and_place.mp4
09/18 [01:55:35] INFO     | >> Success: True              run_libero_eval.py:238
                 INFO     | >> # episodes completed so    run_libero_eval.py:238
                          far: 35                                               
                 INFO     | >> # successes: 30 (85.7%)    run_libero_eval.py:238

 50%|█████     | 5/10 [00:41<00:40,  8.12s/it][A                 INFO     | >>                            run_libero_eval.py:238
                          Task: pick up the black bowl on                       
                          the cookie box and place it on                        
                          the plate                                             
                 INFO     | >> Starting episode 6...      run_libero_eval.py:238
                 INFO     | >> EPISODE_MANIFEST           run_libero_eval.py:238
                          {"env_seed": 1555665035,                              
                          "init_state_dtype": "float64",                        
                          "init_state_index": 45,                               
                          "init_state_sha256":                                  
                          "c0c1341319bb4ff603051411661c71                       
                          cdda11b1577d4bf36eedd8015bef231                       
                          c20", "init_state_shape": [92],                       
                          "model_seed": 3916229738,                             
                          "protocol": "paired",                                 
                          "task_id": 3}                                         
huggingface/tokenizers: The current process just got forked, after parallelism has already been used. Disabling parallelism to avoid deadlocks...
To disable this warning, you can either:
	- Avoid using `tokenizers` before the fork if possible
	- Explicitly set the environment variable TOKENIZERS_PARALLELISM=(true | false)
Saved rollout MP4 at path ./rollouts/2026_09_18/2026_09_18-01_49_48--openvla_oft--episode=36--success=True--task=pick_up_the_black_bowl_on_the_cookie_box_and_place.mp4
09/18 [01:55:43] INFO     | >> Success: True              run_libero_eval.py:238
                 INFO     | >> # episodes completed so    run_libero_eval.py:238
                          far: 36                                               
                 INFO     | >> # successes: 31 (86.1%)    run_libero_eval.py:238

 60%|██████    | 6/10 [00:49<00:32,  8.06s/it][A                 INFO     | >>                            run_libero_eval.py:238
                          Task: pick up the black bowl on                       
                          the cookie box and place it on                        
                          the plate                                             
                 INFO     | >> Starting episode 7...      run_libero_eval.py:238
                 INFO     | >> EPISODE_MANIFEST           run_libero_eval.py:238
                          {"env_seed": 3878865789,                              
                          "init_state_dtype": "float64",                        
                          "init_state_index": 46,                               
                          "init_state_sha256":                                  
                          "fddd2fdfc1106380989a912c32bc28                       
                          22120797428604773abbb3dbb496393                       
                          ac9", "init_state_shape": [92],                       
                          "model_seed": 1671958709,                             
                          "protocol": "paired",                                 
                          "task_id": 3}                                         
huggingface/tokenizers: The current process just got forked, after parallelism has already been used. Disabling parallelism to avoid deadlocks...
To disable this warning, you can either:
	- Avoid using `tokenizers` before the fork if possible
	- Explicitly set the environment variable TOKENIZERS_PARALLELISM=(true | false)
Saved rollout MP4 at path ./rollouts/2026_09_18/2026_09_18-01_49_48--openvla_oft--episode=37--success=True--task=pick_up_the_black_bowl_on_the_cookie_box_and_place.mp4
09/18 [01:55:51] INFO     | >> Success: True              run_libero_eval.py:238
                 INFO     | >> # episodes completed so    run_libero_eval.py:238
                          far: 37                                               
                 INFO     | >> # successes: 32 (86.5%)    run_libero_eval.py:238

 70%|███████   | 7/10 [00:56<00:24,  8.01s/it][A                 INFO     | >>                            run_libero_eval.py:238
                          Task: pick up the black bowl on                       
                          the cookie box and place it on                        
                          the plate                                             
                 INFO     | >> Starting episode 8...      run_libero_eval.py:238
                 INFO     | >> EPISODE_MANIFEST           run_libero_eval.py:238
                          {"env_seed": 1012803538,                              
                          "init_state_dtype": "float64",                        
                          "init_state_index": 47,                               
                          "init_state_sha256":                                  
                          "ff6eb7a3e2f731455339a4e18b9525                       
                          3fbe3d637629b8a420d1ab4ab862b14                       
                          c2c", "init_state_shape": [92],                       
                          "model_seed": 1736052250,                             
                          "protocol": "paired",                                 
                          "task_id": 3}                                         
huggingface/tokenizers: The current process just got forked, after parallelism has already been used. Disabling parallelism to avoid deadlocks...
To disable this warning, you can either:
	- Avoid using `tokenizers` before the fork if possible
	- Explicitly set the environment variable TOKENIZERS_PARALLELISM=(true | false)
Saved rollout MP4 at path ./rollouts/2026_09_18/2026_09_18-01_49_48--openvla_oft--episode=38--success=True--task=pick_up_the_black_bowl_on_the_cookie_box_and_place.mp4
09/18 [01:55:59] INFO     | >> Success: True              run_libero_eval.py:238
                 INFO     | >> # episodes completed so    run_libero_eval.py:238
                          far: 38                                               
                 INFO     | >> # successes: 33 (86.8%)    run_libero_eval.py:238

 80%|████████  | 8/10 [01:05<00:16,  8.09s/it][A                 INFO     | >>                            run_libero_eval.py:238
                          Task: pick up the black bowl on                       
                          the cookie box and place it on                        
                          the plate                                             
                 INFO     | >> Starting episode 9...      run_libero_eval.py:238
                 INFO     | >> EPISODE_MANIFEST           run_libero_eval.py:238
                          {"env_seed": 2029235663,                              
                          "init_state_dtype": "float64",                        
                          "init_state_index": 48,                               
                          "init_state_sha256":                                  
                          "1d510958095b4e025666708756a278                       
                          fb42c249a651924a66baa2799f06978                       
                          3d4", "init_state_shape": [92],                       
                          "model_seed": 3945289724,                             
                          "protocol": "paired",                                 
                          "task_id": 3}                                         
huggingface/tokenizers: The current process just got forked, after parallelism has already been used. Disabling parallelism to avoid deadlocks...
To disable this warning, you can either:
	- Avoid using `tokenizers` before the fork if possible
	- Explicitly set the environment variable TOKENIZERS_PARALLELISM=(true | false)
Saved rollout MP4 at path ./rollouts/2026_09_18/2026_09_18-01_49_48--openvla_oft--episode=39--success=True--task=pick_up_the_black_bowl_on_the_cookie_box_and_place.mp4
09/18 [01:56:08] INFO     | >> Success: True              run_libero_eval.py:238
                 INFO     | >> # episodes completed so    run_libero_eval.py:238
                          far: 39                                               
                 INFO     | >> # successes: 34 (87.2%)    run_libero_eval.py:238

 90%|█████████ | 9/10 [01:13<00:08,  8.15s/it][A                 INFO     | >>                            run_libero_eval.py:238
                          Task: pick up the black bowl on                       
                          the cookie box and place it on                        
                          the plate                                             
                 INFO     | >> Starting episode 10...     run_libero_eval.py:238
                 INFO     | >> EPISODE_MANIFEST           run_libero_eval.py:238
                          {"env_seed": 2654291109,                              
                          "init_state_dtype": "float64",                        
                          "init_state_index": 49,                               
                          "init_state_sha256":                                  
                          "ff1ccf054cd500323a4baa963795dd                       
                          7dea85c785a0231a6541bd33704d237                       
                          be3", "init_state_shape": [92],                       
                          "model_seed": 3326157905,                             
                          "protocol": "paired",                                 
                          "task_id": 3}                                         
huggingface/tokenizers: The current process just got forked, after parallelism has already been used. Disabling parallelism to avoid deadlocks...
To disable this warning, you can either:
	- Avoid using `tokenizers` before the fork if possible
	- Explicitly set the environment variable TOKENIZERS_PARALLELISM=(true | false)
Saved rollout MP4 at path ./rollouts/2026_09_18/2026_09_18-01_49_48--openvla_oft--episode=40--success=True--task=pick_up_the_black_bowl_on_the_cookie_box_and_place.mp4
09/18 [01:56:16] INFO     | >> Success: True              run_libero_eval.py:238
                 INFO     | >> # episodes completed so    run_libero_eval.py:238
                          far: 40                                               
                 INFO     | >> # successes: 35 (87.5%)    run_libero_eval.py:238

100%|██████████| 10/10 [01:21<00:00,  8.10s/it][A100%|██████████| 10/10 [01:21<00:00,  8.15s/it]
                 INFO     | >> Current task success rate: run_libero_eval.py:238
                          1.0                                                   
                 INFO     | >> Current total success      run_libero_eval.py:238
                          rate: 0.875                                           
 40%|████      | 4/10 [06:05<09:02, 90.36s/it]                 INFO     | >> Using default initial      run_libero_eval.py:238
                          states                                                

  0%|          | 0/10 [00:00<?, ?it/s][A09/18 [01:56:19] INFO     | >>                            run_libero_eval.py:238
                          Task: pick up the black bowl in                       
                          the top drawer of the wooden                          
                          cabinet and place it on the                           
                          plate                                                 
                 INFO     | >> Starting episode 1...      run_libero_eval.py:238
                 INFO     | >> EPISODE_MANIFEST           run_libero_eval.py:238
                          {"env_seed": 2581674160,                              
                          "init_state_dtype": "float64",                        
                          "init_state_index": 40,                               
                          "init_state_sha256":                                  
                          "493a22fdcd25240861124092d8546a                       
                          d413a25b1ce25ea6fd54ff2a0a84b24                       
                          556", "init_state_shape": [92],                       
                          "model_seed": 1311870730,                             
                          "protocol": "paired",                                 
                          "task_id": 4}                                         
huggingface/tokenizers: The current process just got forked, after parallelism has already been used. Disabling parallelism to avoid deadlocks...
To disable this warning, you can either:
	- Avoid using `tokenizers` before the fork if possible
	- Explicitly set the environment variable TOKENIZERS_PARALLELISM=(true | false)
Saved rollout MP4 at path ./rollouts/2026_09_18/2026_09_18-01_49_48--openvla_oft--episode=41--success=True--task=pick_up_the_black_bowl_in_the_top_drawer_of_the_wo.mp4
09/18 [01:56:28] INFO     | >> Success: True              run_libero_eval.py:238
                 INFO     | >> # episodes completed so    run_libero_eval.py:238
                          far: 41                                               
                 INFO     | >> # successes: 36 (87.8%)    run_libero_eval.py:238

 10%|█         | 1/10 [00:09<01:25,  9.46s/it][A                 INFO     | >>                            run_libero_eval.py:238
                          Task: pick up the black bowl in                       
                          the top drawer of the wooden                          
                          cabinet and place it on the                           
                          plate                                                 
                 INFO     | >> Starting episode 2...      run_libero_eval.py:238
                 INFO     | >> EPISODE_MANIFEST           run_libero_eval.py:238
                          {"env_seed": 4054696833,                              
                          "init_state_dtype": "float64",                        
                          "init_state_index": 41,                               
                          "init_state_sha256":                                  
                          "9c50f85d3dad92653245505cf96599                       
                          2593d2ee45b897c2ed812c1f8085780                       
                          3bf", "init_state_shape": [92],                       
                          "model_seed": 51635521,                               
                          "protocol": "paired",                                 
                          "task_id": 4}                                         
huggingface/tokenizers: The current process just got forked, after parallelism has already been used. Disabling parallelism to avoid deadlocks...
To disable this warning, you can either:
	- Avoid using `tokenizers` before the fork if possible
	- Explicitly set the environment variable TOKENIZERS_PARALLELISM=(true | false)
Saved rollout MP4 at path ./rollouts/2026_09_18/2026_09_18-01_49_48--openvla_oft--episode=42--success=True--task=pick_up_the_black_bowl_in_the_top_drawer_of_the_wo.mp4
09/18 [01:56:38] INFO     | >> Success: True              run_libero_eval.py:238
                 INFO     | >> # episodes completed so    run_libero_eval.py:238
                          far: 42                                               
                 INFO     | >> # successes: 37 (88.1%)    run_libero_eval.py:238

 20%|██        | 2/10 [00:19<01:16,  9.59s/it][A                 INFO     | >>                            run_libero_eval.py:238
                          Task: pick up the black bowl in                       
                          the top drawer of the wooden                          
                          cabinet and place it on the                           
                          plate                                                 
                 INFO     | >> Starting episode 3...      run_libero_eval.py:238
                 INFO     | >> EPISODE_MANIFEST           run_libero_eval.py:238
                          {"env_seed": 3856881508,                              
                          "init_state_dtype": "float64",                        
                          "init_state_index": 42,                               
                          "init_state_sha256":                                  
                          "1c752bed5941b93afcc683be399edd                       
                          da2ce8b861685f6d1d849d680d69dcb                       
                          504", "init_state_shape": [92],                       
                          "model_seed": 1316239793,                             
                          "protocol": "paired",                                 
                          "task_id": 4}                                         
huggingface/tokenizers: The current process just got forked, after parallelism has already been used. Disabling parallelism to avoid deadlocks...
To disable this warning, you can either:
	- Avoid using `tokenizers` before the fork if possible
	- Explicitly set the environment variable TOKENIZERS_PARALLELISM=(true | false)
Saved rollout MP4 at path ./rollouts/2026_09_18/2026_09_18-01_49_48--openvla_oft--episode=43--success=True--task=pick_up_the_black_bowl_in_the_top_drawer_of_the_wo.mp4
09/18 [01:56:48] INFO     | >> Success: True              run_libero_eval.py:238
                 INFO     | >> # episodes completed so    run_libero_eval.py:238
                          far: 43                                               
                 INFO     | >> # successes: 38 (88.4%)    run_libero_eval.py:238

 30%|███       | 3/10 [00:28<01:07,  9.62s/it][A                 INFO     | >>                            run_libero_eval.py:238
                          Task: pick up the black bowl in                       
                          the top drawer of the wooden                          
                          cabinet and place it on the                           
                          plate                                                 
                 INFO     | >> Starting episode 4...      run_libero_eval.py:238
                 INFO     | >> EPISODE_MANIFEST           run_libero_eval.py:238
                          {"env_seed": 3717373089,                              
                          "init_state_dtype": "float64",                        
                          "init_state_index": 43,                               
                          "init_state_sha256":                                  
                          "7159279671f11c14a72b5b529afdbb                       
                          8858120e0ac786ed2ef6482d697bc7c                       
                          cb5", "init_state_shape": [92],                       
                          "model_seed": 1232941513,                             
                          "protocol": "paired",                                 
                          "task_id": 4}                                         
huggingface/tokenizers: The current process just got forked, after parallelism has already been used. Disabling parallelism to avoid deadlocks...
To disable this warning, you can either:
	- Avoid using `tokenizers` before the fork if possible
	- Explicitly set the environment variable TOKENIZERS_PARALLELISM=(true | false)
Saved rollout MP4 at path ./rollouts/2026_09_18/2026_09_18-01_49_48--openvla_oft--episode=44--success=True--task=pick_up_the_black_bowl_in_the_top_drawer_of_the_wo.mp4
09/18 [01:56:58] INFO     | >> Success: True              run_libero_eval.py:238
                 INFO     | >> # episodes completed so    run_libero_eval.py:238
                          far: 44                                               
                 INFO     | >> # successes: 39 (88.6%)    run_libero_eval.py:238

 40%|████      | 4/10 [00:38<00:58,  9.78s/it][A                 INFO     | >>                            run_libero_eval.py:238
                          Task: pick up the black bowl in                       
                          the top drawer of the wooden                          
                          cabinet and place it on the                           
                          plate                                                 
                 INFO     | >> Starting episode 5...      run_libero_eval.py:238
                 INFO     | >> EPISODE_MANIFEST           run_libero_eval.py:238
                          {"env_seed": 3174494066,                              
                          "init_state_dtype": "float64",                        
                          "init_state_index": 44,                               
                          "init_state_sha256":                                  
                          "3216aafae2d386eb58eca97b8b51ad                       
                          5d23c963ba84063ed6c0ba68623987b                       
                          371", "init_state_shape": [92],                       
                          "model_seed": 1081531344,                             
                          "protocol": "paired",                                 
                          "task_id": 4}                                         
huggingface/tokenizers: The current process just got forked, after parallelism has already been used. Disabling parallelism to avoid deadlocks...
To disable this warning, you can either:
	- Avoid using `tokenizers` before the fork if possible
	- Explicitly set the environment variable TOKENIZERS_PARALLELISM=(true | false)
Saved rollout MP4 at path ./rollouts/2026_09_18/2026_09_18-01_49_48--openvla_oft--episode=45--success=True--task=pick_up_the_black_bowl_in_the_top_drawer_of_the_wo.mp4
09/18 [01:57:08] INFO     | >> Success: True              run_libero_eval.py:238
                 INFO     | >> # episodes completed so    run_libero_eval.py:238
                          far: 45                                               
                 INFO     | >> # successes: 40 (88.9%)    run_libero_eval.py:238

 50%|█████     | 5/10 [00:49<00:49,  9.95s/it][A                 INFO     | >>                            run_libero_eval.py:238
                          Task: pick up the black bowl in                       
                          the top drawer of the wooden                          
                          cabinet and place it on the                           
                          plate                                                 
                 INFO     | >> Starting episode 6...      run_libero_eval.py:238
                 INFO     | >> EPISODE_MANIFEST           run_libero_eval.py:238
                          {"env_seed": 2874557574,                              
                          "init_state_dtype": "float64",                        
                          "init_state_index": 45,                               
                          "init_state_sha256":                                  
                          "d12e3368e6ad9301b7d632429171be                       
                          9b23b9fe1b1ab7b9062159ffe46060f                       
                          664", "init_state_shape": [92],                       
                          "model_seed": 1554191966,                             
                          "protocol": "paired",                                 
                          "task_id": 4}                                         
huggingface/tokenizers: The current process just got forked, after parallelism has already been used. Disabling parallelism to avoid deadlocks...
To disable this warning, you can either:
	- Avoid using `tokenizers` before the fork if possible
	- Explicitly set the environment variable TOKENIZERS_PARALLELISM=(true | false)
Saved rollout MP4 at path ./rollouts/2026_09_18/2026_09_18-01_49_48--openvla_oft--episode=46--success=True--task=pick_up_the_black_bowl_in_the_top_drawer_of_the_wo.mp4
09/18 [01:57:17] INFO     | >> Success: True              run_libero_eval.py:238
                 INFO     | >> # episodes completed so    run_libero_eval.py:238
                          far: 46                                               
                 INFO     | >> # successes: 41 (89.1%)    run_libero_eval.py:238

 60%|██████    | 6/10 [00:58<00:39,  9.80s/it][A                 INFO     | >>                            run_libero_eval.py:238
                          Task: pick up the black bowl in                       
                          the top drawer of the wooden                          
                          cabinet and place it on the                           
                          plate                                                 
                 INFO     | >> Starting episode 7...      run_libero_eval.py:238
                 INFO     | >> EPISODE_MANIFEST           run_libero_eval.py:238
                          {"env_seed": 1004960251,                              
                          "init_state_dtype": "float64",                        
                          "init_state_index": 46,                               
                          "init_state_sha256":                                  
                          "5b09daab114e4d3af5d84965400e51                       
                          bb5e493a6b9ce78c8d04d12f7bb1bfa                       
                          bff", "init_state_shape": [92],                       
                          "model_seed": 3964310256,                             
                          "protocol": "paired",                                 
                          "task_id": 4}                                         
huggingface/tokenizers: The current process just got forked, after parallelism has already been used. Disabling parallelism to avoid deadlocks...
To disable this warning, you can either:
	- Avoid using `tokenizers` before the fork if possible
	- Explicitly set the environment variable TOKENIZERS_PARALLELISM=(true | false)
Saved rollout MP4 at path ./rollouts/2026_09_18/2026_09_18-01_49_48--openvla_oft--episode=47--success=True--task=pick_up_the_black_bowl_in_the_top_drawer_of_the_wo.mp4
09/18 [01:57:27] INFO     | >> Success: True              run_libero_eval.py:238
                 INFO     | >> # episodes completed so    run_libero_eval.py:238
                          far: 47                                               
                 INFO     | >> # successes: 42 (89.4%)    run_libero_eval.py:238

 70%|███████   | 7/10 [01:08<00:29,  9.83s/it][A                 INFO     | >>                            run_libero_eval.py:238
                          Task: pick up the black bowl in                       
                          the top drawer of the wooden                          
                          cabinet and place it on the                           
                          plate                                                 
                 INFO     | >> Starting episode 8...      run_libero_eval.py:238
                 INFO     | >> EPISODE_MANIFEST           run_libero_eval.py:238
                          {"env_seed": 3115568711,                              
                          "init_state_dtype": "float64",                        
                          "init_state_index": 47,                               
                          "init_state_sha256":                                  
                          "eaaf7fd0994b7998df04e31ee01d27                       
                          dc01a586bc5f6ef0f65480cf20c9afb                       
                          1c9", "init_state_shape": [92],                       
                          "model_seed": 2639573391,                             
                          "protocol": "paired",                                 
                          "task_id": 4}                                         
huggingface/tokenizers: The current process just got forked, after parallelism has already been used. Disabling parallelism to avoid deadlocks...
To disable this warning, you can either:
	- Avoid using `tokenizers` before the fork if possible
	- Explicitly set the environment variable TOKENIZERS_PARALLELISM=(true | false)
Saved rollout MP4 at path ./rollouts/2026_09_18/2026_09_18-01_49_48--openvla_oft--episode=48--success=True--task=pick_up_the_black_bowl_in_the_top_drawer_of_the_wo.mp4
09/18 [01:57:37] INFO     | >> Success: True              run_libero_eval.py:238
                 INFO     | >> # episodes completed so    run_libero_eval.py:238
                          far: 48                                               
                 INFO     | >> # successes: 43 (89.6%)    run_libero_eval.py:238

 80%|████████  | 8/10 [01:18<00:19,  9.91s/it][A                 INFO     | >>                            run_libero_eval.py:238
                          Task: pick up the black bowl in                       
                          the top drawer of the wooden                          
                          cabinet and place it on the                           
                          plate                                                 
                 INFO     | >> Starting episode 9...      run_libero_eval.py:238
                 INFO     | >> EPISODE_MANIFEST           run_libero_eval.py:238
                          {"env_seed": 3131556104,                              
                          "init_state_dtype": "float64",                        
                          "init_state_index": 48,                               
                          "init_state_sha256":                                  
                          "c08b9f27005bfbc13c50875b0b1788                       
                          4fe186bf3cde0d95be7a5e2b801c04a                       
                          652", "init_state_shape": [92],                       
                          "model_seed": 2100786662,                             
                          "protocol": "paired",                                 
                          "task_id": 4}                                         
huggingface/tokenizers: The current process just got forked, after parallelism has already been used. Disabling parallelism to avoid deadlocks...
To disable this warning, you can either:
	- Avoid using `tokenizers` before the fork if possible
	- Explicitly set the environment variable TOKENIZERS_PARALLELISM=(true | false)
Saved rollout MP4 at path ./rollouts/2026_09_18/2026_09_18-01_49_48--openvla_oft--episode=49--success=True--task=pick_up_the_black_bowl_in_the_top_drawer_of_the_wo.mp4
09/18 [01:57:47] INFO     | >> Success: True              run_libero_eval.py:238
                 INFO     | >> # episodes completed so    run_libero_eval.py:238
                          far: 49                                               
                 INFO     | >> # successes: 44 (89.8%)    run_libero_eval.py:238

 90%|█████████ | 9/10 [01:28<00:09,  9.87s/it][A                 INFO     | >>                            run_libero_eval.py:238
                          Task: pick up the black bowl in                       
                          the top drawer of the wooden                          
                          cabinet and place it on the                           
                          plate                                                 
                 INFO     | >> Starting episode 10...     run_libero_eval.py:238
                 INFO     | >> EPISODE_MANIFEST           run_libero_eval.py:238
                          {"env_seed": 15171292,                                
                          "init_state_dtype": "float64",                        
                          "init_state_index": 49,                               
                          "init_state_sha256":                                  
                          "c6a4a780eee1b9319e2bfea84e8709                       
                          63dfcd46d0eb1c1f0c1aa822a7cbf81                       
                          d62", "init_state_shape": [92],                       
                          "model_seed": 3144507017,                             
                          "protocol": "paired",                                 
                          "task_id": 4}                                         
huggingface/tokenizers: The current process just got forked, after parallelism has already been used. Disabling parallelism to avoid deadlocks...
To disable this warning, you can either:
	- Avoid using `tokenizers` before the fork if possible
	- Explicitly set the environment variable TOKENIZERS_PARALLELISM=(true | false)
Saved rollout MP4 at path ./rollouts/2026_09_18/2026_09_18-01_49_48--openvla_oft--episode=50--success=True--task=pick_up_the_black_bowl_in_the_top_drawer_of_the_wo.mp4
09/18 [01:57:57] INFO     | >> Success: True              run_libero_eval.py:238
                 INFO     | >> # episodes completed so    run_libero_eval.py:238
                          far: 50                                               
                 INFO     | >> # successes: 45 (90.0%)    run_libero_eval.py:238

100%|██████████| 10/10 [01:38<00:00,  9.86s/it][A100%|██████████| 10/10 [01:38<00:00,  9.82s/it]
                 INFO     | >> Current task success rate: run_libero_eval.py:238
                          1.0                                                   
                 INFO     | >> Current total success      run_libero_eval.py:238
                          rate: 0.9                                             
 50%|█████     | 5/10 [07:46<07:51, 94.35s/it]                 INFO     | >> Using default initial      run_libero_eval.py:238
                          states                                                

  0%|          | 0/10 [00:00<?, ?it/s][A09/18 [01:58:00] INFO     | >>                            run_libero_eval.py:238
                          Task: pick up the black bowl on                       
                          the ramekin and place it on the                       
                          plate                                                 
                 INFO     | >> Starting episode 1...      run_libero_eval.py:238
                 INFO     | >> EPISODE_MANIFEST           run_libero_eval.py:238
                          {"env_seed": 3174654996,                              
                          "init_state_dtype": "float64",                        
                          "init_state_index": 40,                               
                          "init_state_sha256":                                  
                          "fce301f2427b1a80b3fa2e9024076a                       
                          be5552eb66a87bb1dd097adfd36f2b7                       
                          383", "init_state_shape": [92],                       
                          "model_seed": 2939071606,                             
                          "protocol": "paired",                                 
                          "task_id": 5}                                         
huggingface/tokenizers: The current process just got forked, after parallelism has already been used. Disabling parallelism to avoid deadlocks...
To disable this warning, you can either:
	- Avoid using `tokenizers` before the fork if possible
	- Explicitly set the environment variable TOKENIZERS_PARALLELISM=(true | false)
Saved rollout MP4 at path ./rollouts/2026_09_18/2026_09_18-01_49_48--openvla_oft--episode=51--success=False--task=pick_up_the_black_bowl_on_the_ramekin_and_place_it.mp4
09/18 [01:58:15] INFO     | >> Success: False             run_libero_eval.py:238
                 INFO     | >> # episodes completed so    run_libero_eval.py:238
                          far: 51                                               
                 INFO     | >> # successes: 45 (88.2%)    run_libero_eval.py:238

 10%|█         | 1/10 [00:15<02:16, 15.13s/it][A                 INFO     | >>                            run_libero_eval.py:238
                          Task: pick up the black bowl on                       
                          the ramekin and place it on the                       
                          plate                                                 
                 INFO     | >> Starting episode 2...      run_libero_eval.py:238
                 INFO     | >> EPISODE_MANIFEST           run_libero_eval.py:238
                          {"env_seed": 3551813349,                              
                          "init_state_dtype": "float64",                        
                          "init_state_index": 41,                               
                          "init_state_sha256":                                  
                          "00a6f816c49d836808e36e55ba2a81                       
                          999288d8c9dd92542b3712debbf58cf                       
                          465", "init_state_shape": [92],                       
                          "model_seed": 3254826698,                             
                          "protocol": "paired",                                 
                          "task_id": 5}                                         
huggingface/tokenizers: The current process just got forked, after parallelism has already been used. Disabling parallelism to avoid deadlocks...
To disable this warning, you can either:
	- Avoid using `tokenizers` before the fork if possible
	- Explicitly set the environment variable TOKENIZERS_PARALLELISM=(true | false)
Saved rollout MP4 at path ./rollouts/2026_09_18/2026_09_18-01_49_48--openvla_oft--episode=52--success=True--task=pick_up_the_black_bowl_on_the_ramekin_and_place_it.mp4
09/18 [01:58:24] INFO     | >> Success: True              run_libero_eval.py:238
                 INFO     | >> # episodes completed so    run_libero_eval.py:238
                          far: 52                                               
                 INFO     | >> # successes: 46 (88.5%)    run_libero_eval.py:238

 20%|██        | 2/10 [00:23<01:30, 11.28s/it][A                 INFO     | >>                            run_libero_eval.py:238
                          Task: pick up the black bowl on                       
                          the ramekin and place it on the                       
                          plate                                                 
                 INFO     | >> Starting episode 3...      run_libero_eval.py:238
                 INFO     | >> EPISODE_MANIFEST           run_libero_eval.py:238
                          {"env_seed": 3763543662,                              
                          "init_state_dtype": "float64",                        
                          "init_state_index": 42,                               
                          "init_state_sha256":                                  
                          "3b3246e993c93cdffc20a60bd2d13d                       
                          3adaaf4cd403a61c836b079a556af36                       
                          882", "init_state_shape": [92],                       
                          "model_seed": 1918144846,                             
                          "protocol": "paired",                                 
                          "task_id": 5}                                         
huggingface/tokenizers: The current process just got forked, after parallelism has already been used. Disabling parallelism to avoid deadlocks...
To disable this warning, you can either:
	- Avoid using `tokenizers` before the fork if possible
	- Explicitly set the environment variable TOKENIZERS_PARALLELISM=(true | false)
Saved rollout MP4 at path ./rollouts/2026_09_18/2026_09_18-01_49_48--openvla_oft--episode=53--success=False--task=pick_up_the_black_bowl_on_the_ramekin_and_place_it.mp4
09/18 [01:58:39] INFO     | >> Success: False             run_libero_eval.py:238
                 INFO     | >> # episodes completed so    run_libero_eval.py:238
                          far: 53                                               
                 INFO     | >> # successes: 46 (86.8%)    run_libero_eval.py:238

 30%|███       | 3/10 [00:38<01:30, 12.96s/it][A                 INFO     | >>                            run_libero_eval.py:238
                          Task: pick up the black bowl on                       
                          the ramekin and place it on the                       
                          plate                                                 
                 INFO     | >> Starting episode 4...      run_libero_eval.py:238
                 INFO     | >> EPISODE_MANIFEST           run_libero_eval.py:238
                          {"env_seed": 2627528898,                              
                          "init_state_dtype": "float64",                        
                          "init_state_index": 43,                               
                          "init_state_sha256":                                  
                          "9333835594cdf874264aba8d7a9d4a                       
                          e9a6844a166484ea16b34112106b86c                       
                          163", "init_state_shape": [92],                       
                          "model_seed": 2484370224,                             
                          "protocol": "paired",                                 
                          "task_id": 5}                                         
huggingface/tokenizers: The current process just got forked, after parallelism has already been used. Disabling parallelism to avoid deadlocks...
To disable this warning, you can either:
	- Avoid using `tokenizers` before the fork if possible
	- Explicitly set the environment variable TOKENIZERS_PARALLELISM=(true | false)
Saved rollout MP4 at path ./rollouts/2026_09_18/2026_09_18-01_49_48--openvla_oft--episode=54--success=True--task=pick_up_the_black_bowl_on_the_ramekin_and_place_it.mp4
09/18 [01:58:47] INFO     | >> Success: True              run_libero_eval.py:238
                 INFO     | >> # episodes completed so    run_libero_eval.py:238
                          far: 54                                               
                 INFO     | >> # successes: 47 (87.0%)    run_libero_eval.py:238

 40%|████      | 4/10 [00:46<01:06, 11.08s/it][A                 INFO     | >>                            run_libero_eval.py:238
                          Task: pick up the black bowl on                       
                          the ramekin and place it on the                       
                          plate                                                 
                 INFO     | >> Starting episode 5...      run_libero_eval.py:238
                 INFO     | >> EPISODE_MANIFEST           run_libero_eval.py:238
                          {"env_seed": 752257392,                               
                          "init_state_dtype": "float64",                        
                          "init_state_index": 44,                               
                          "init_state_sha256":                                  
                          "84677af495fb719d06a2d6d3522663                       
                          8c380f8f3f5eb0a1a234763bc991322                       
                          087", "init_state_shape": [92],                       
                          "model_seed": 88714582,                               
                          "protocol": "paired",                                 
                          "task_id": 5}                                         
huggingface/tokenizers: The current process just got forked, after parallelism has already been used. Disabling parallelism to avoid deadlocks...
To disable this warning, you can either:
	- Avoid using `tokenizers` before the fork if possible
	- Explicitly set the environment variable TOKENIZERS_PARALLELISM=(true | false)
Saved rollout MP4 at path ./rollouts/2026_09_18/2026_09_18-01_49_48--openvla_oft--episode=55--success=True--task=pick_up_the_black_bowl_on_the_ramekin_and_place_it.mp4
09/18 [01:58:55] INFO     | >> Success: True              run_libero_eval.py:238
                 INFO     | >> # episodes completed so    run_libero_eval.py:238
                          far: 55                                               
                 INFO     | >> # successes: 48 (87.3%)    run_libero_eval.py:238

 50%|█████     | 5/10 [00:55<00:50, 10.07s/it][A                 INFO     | >>                            run_libero_eval.py:238
                          Task: pick up the black bowl on                       
                          the ramekin and place it on the                       
                          plate                                                 
                 INFO     | >> Starting episode 6...      run_libero_eval.py:238
                 INFO     | >> EPISODE_MANIFEST           run_libero_eval.py:238
                          {"env_seed": 603923488,                               
                          "init_state_dtype": "float64",                        
                          "init_state_index": 45,                               
                          "init_state_sha256":                                  
                          "c42d0bcb3d42923d97b8f0d3b182fa                       
                          4c58f251b688e78502491f9abdbecc2                       
                          4a0", "init_state_shape": [92],                       
                          "model_seed": 3944718947,                             
                          "protocol": "paired",                                 
                          "task_id": 5}                                         
huggingface/tokenizers: The current process just got forked, after parallelism has already been used. Disabling parallelism to avoid deadlocks...
To disable this warning, you can either:
	- Avoid using `tokenizers` before the fork if possible
	- Explicitly set the environment variable TOKENIZERS_PARALLELISM=(true | false)
Saved rollout MP4 at path ./rollouts/2026_09_18/2026_09_18-01_49_48--openvla_oft--episode=56--success=True--task=pick_up_the_black_bowl_on_the_ramekin_and_place_it.mp4
09/18 [01:59:04] INFO     | >> Success: True              run_libero_eval.py:238
                 INFO     | >> # episodes completed so    run_libero_eval.py:238
                          far: 56                                               
                 INFO     | >> # successes: 49 (87.5%)    run_libero_eval.py:238

 60%|██████    | 6/10 [01:03<00:38,  9.57s/it][A                 INFO     | >>                            run_libero_eval.py:238
                          Task: pick up the black bowl on                       
                          the ramekin and place it on the                       
                          plate                                                 
                 INFO     | >> Starting episode 7...      run_libero_eval.py:238
                 INFO     | >> EPISODE_MANIFEST           run_libero_eval.py:238
                          {"env_seed": 739294674,                               
                          "init_state_dtype": "float64",                        
                          "init_state_index": 46,                               
                          "init_state_sha256":                                  
                          "e7a51f3e006d762b755017f9ec395e                       
                          bb9b272e716d811f5f4e22980251ce9                       
                          e0f", "init_state_shape": [92],                       
                          "model_seed": 3770319583,                             
                          "protocol": "paired",                                 
                          "task_id": 5}                                         
huggingface/tokenizers: The current process just got forked, after parallelism has already been used. Disabling parallelism to avoid deadlocks...
To disable this warning, you can either:
	- Avoid using `tokenizers` before the fork if possible
	- Explicitly set the environment variable TOKENIZERS_PARALLELISM=(true | false)
Saved rollout MP4 at path ./rollouts/2026_09_18/2026_09_18-01_49_48--openvla_oft--episode=57--success=True--task=pick_up_the_black_bowl_on_the_ramekin_and_place_it.mp4
09/18 [01:59:12] INFO     | >> Success: True              run_libero_eval.py:238
                 INFO     | >> # episodes completed so    run_libero_eval.py:238
                          far: 57                                               
                 INFO     | >> # successes: 50 (87.7%)    run_libero_eval.py:238

 70%|███████   | 7/10 [01:11<00:27,  9.12s/it][A                 INFO     | >>                            run_libero_eval.py:238
                          Task: pick up the black bowl on                       
                          the ramekin and place it on the                       
                          plate                                                 
                 INFO     | >> Starting episode 8...      run_libero_eval.py:238
                 INFO     | >> EPISODE_MANIFEST           run_libero_eval.py:238
                          {"env_seed": 906680753,                               
                          "init_state_dtype": "float64",                        
                          "init_state_index": 47,                               
                          "init_state_sha256":                                  
                          "29a92c0348dee75c131fa0beb9c776                       
                          11224fdaf778c2e18af95b88cb0b9ce                       
                          57f", "init_state_shape": [92],                       
                          "model_seed": 86586123,                               
                          "protocol": "paired",                                 
                          "task_id": 5}                                         
huggingface/tokenizers: The current process just got forked, after parallelism has already been used. Disabling parallelism to avoid deadlocks...
To disable this warning, you can either:
	- Avoid using `tokenizers` before the fork if possible
	- Explicitly set the environment variable TOKENIZERS_PARALLELISM=(true | false)
Saved rollout MP4 at path ./rollouts/2026_09_18/2026_09_18-01_49_48--openvla_oft--episode=58--success=True--task=pick_up_the_black_bowl_on_the_ramekin_and_place_it.mp4
09/18 [01:59:21] INFO     | >> Success: True              run_libero_eval.py:238
                 INFO     | >> # episodes completed so    run_libero_eval.py:238
                          far: 58                                               
                 INFO     | >> # successes: 51 (87.9%)    run_libero_eval.py:238

 80%|████████  | 8/10 [01:20<00:18,  9.00s/it][A                 INFO     | >>                            run_libero_eval.py:238
                          Task: pick up the black bowl on                       
                          the ramekin and place it on the                       
                          plate                                                 
                 INFO     | >> Starting episode 9...      run_libero_eval.py:238
                 INFO     | >> EPISODE_MANIFEST           run_libero_eval.py:238
                          {"env_seed": 3950833648,                              
                          "init_state_dtype": "float64",                        
                          "init_state_index": 48,                               
                          "init_state_sha256":                                  
                          "351c182d153de42923ed58162f88a7                       
                          c2e90587a54073fdda3fda66e1cb7d0                       
                          903", "init_state_shape": [92],                       
                          "model_seed": 1493182971,                             
                          "protocol": "paired",                                 
                          "task_id": 5}                                         
huggingface/tokenizers: The current process just got forked, after parallelism has already been used. Disabling parallelism to avoid deadlocks...
To disable this warning, you can either:
	- Avoid using `tokenizers` before the fork if possible
	- Explicitly set the environment variable TOKENIZERS_PARALLELISM=(true | false)
Saved rollout MP4 at path ./rollouts/2026_09_18/2026_09_18-01_49_48--openvla_oft--episode=59--success=True--task=pick_up_the_black_bowl_on_the_ramekin_and_place_it.mp4
09/18 [01:59:29] INFO     | >> Success: True              run_libero_eval.py:238
                 INFO     | >> # episodes completed so    run_libero_eval.py:238
                          far: 59                                               
                 INFO     | >> # successes: 52 (88.1%)    run_libero_eval.py:238

 90%|█████████ | 9/10 [01:29<00:08,  8.84s/it][A                 INFO     | >>                            run_libero_eval.py:238
                          Task: pick up the black bowl on                       
                          the ramekin and place it on the                       
                          plate                                                 
                 INFO     | >> Starting episode 10...     run_libero_eval.py:238
                 INFO     | >> EPISODE_MANIFEST           run_libero_eval.py:238
                          {"env_seed": 111379952,                               
                          "init_state_dtype": "float64",                        
                          "init_state_index": 49,                               
                          "init_state_sha256":                                  
                          "8cdf5e442c27c558616896aeee60f5                       
                          b45b8e965e7e732fddc02e6b29ea7fa                       
                          a49", "init_state_shape": [92],                       
                          "model_seed": 330876625,                              
                          "protocol": "paired",                                 
                          "task_id": 5}                                         
huggingface/tokenizers: The current process just got forked, after parallelism has already been used. Disabling parallelism to avoid deadlocks...
To disable this warning, you can either:
	- Avoid using `tokenizers` before the fork if possible
	- Explicitly set the environment variable TOKENIZERS_PARALLELISM=(true | false)
Saved rollout MP4 at path ./rollouts/2026_09_18/2026_09_18-01_49_48--openvla_oft--episode=60--success=True--task=pick_up_the_black_bowl_on_the_ramekin_and_place_it.mp4
09/18 [01:59:38] INFO     | >> Success: True              run_libero_eval.py:238
                 INFO     | >> # episodes completed so    run_libero_eval.py:238
                          far: 60                                               
                 INFO     | >> # successes: 53 (88.3%)    run_libero_eval.py:238

100%|██████████| 10/10 [01:37<00:00,  8.67s/it][A100%|██████████| 10/10 [01:37<00:00,  9.75s/it]
                 INFO     | >> Current task success rate: run_libero_eval.py:238
                          0.8                                                   
                 INFO     | >> Current total success      run_libero_eval.py:238
                          rate: 0.8833333333333333                              
 60%|██████    | 6/10 [09:27<06:26, 96.51s/it]                 INFO     | >> Using default initial      run_libero_eval.py:238
                          states                                                

  0%|          | 0/10 [00:00<?, ?it/s][A09/18 [01:59:41] INFO     | >>                            run_libero_eval.py:238
                          Task: pick up the black bowl                          
                          next to the cookie box and                            
                          place it on the plate                                 
                 INFO     | >> Starting episode 1...      run_libero_eval.py:238
                 INFO     | >> EPISODE_MANIFEST           run_libero_eval.py:238
                          {"env_seed": 2698820280,                              
                          "init_state_dtype": "float64",                        
                          "init_state_index": 40,                               
                          "init_state_sha256":                                  
                          "4d8426e49ec428b97007d3aa28e663                       
                          a133b3596c05bc190aa38f858ff9635                       
                          de3", "init_state_shape": [92],                       
                          "model_seed": 2403982409,                             
                          "protocol": "paired",                                 
                          "task_id": 6}                                         
huggingface/tokenizers: The current process just got forked, after parallelism has already been used. Disabling parallelism to avoid deadlocks...
To disable this warning, you can either:
	- Avoid using `tokenizers` before the fork if possible
	- Explicitly set the environment variable TOKENIZERS_PARALLELISM=(true | false)
Saved rollout MP4 at path ./rollouts/2026_09_18/2026_09_18-01_49_48--openvla_oft--episode=61--success=True--task=pick_up_the_black_bowl_next_to_the_cookie_box_and_.mp4
09/18 [01:59:49] INFO     | >> Success: True              run_libero_eval.py:238
                 INFO     | >> # episodes completed so    run_libero_eval.py:238
                          far: 61                                               
                 INFO     | >> # successes: 54 (88.5%)    run_libero_eval.py:238

 10%|█         | 1/10 [00:08<01:14,  8.32s/it][A                 INFO     | >>                            run_libero_eval.py:238
                          Task: pick up the black bowl                          
                          next to the cookie box and                            
                          place it on the plate                                 
                 INFO     | >> Starting episode 2...      run_libero_eval.py:238
                 INFO     | >> EPISODE_MANIFEST           run_libero_eval.py:238
                          {"env_seed": 2585947622,                              
                          "init_state_dtype": "float64",                        
                          "init_state_index": 41,                               
                          "init_state_sha256":                                  
                          "c4e1d2d630caf91ed514ed222e2278                       
                          d882b2408a892c1d7ec275246849191                       
                          43e", "init_state_shape": [92],                       
                          "model_seed": 643751680,                              
                          "protocol": "paired",                                 
                          "task_id": 6}                                         
huggingface/tokenizers: The current process just got forked, after parallelism has already been used. Disabling parallelism to avoid deadlocks...
To disable this warning, you can either:
	- Avoid using `tokenizers` before the fork if possible
	- Explicitly set the environment variable TOKENIZERS_PARALLELISM=(true | false)
Saved rollout MP4 at path ./rollouts/2026_09_18/2026_09_18-01_49_48--openvla_oft--episode=62--success=True--task=pick_up_the_black_bowl_next_to_the_cookie_box_and_.mp4
09/18 [01:59:58] INFO     | >> Success: True              run_libero_eval.py:238
                 INFO     | >> # episodes completed so    run_libero_eval.py:238
                          far: 62                                               
                 INFO     | >> # successes: 55 (88.7%)    run_libero_eval.py:238

 20%|██        | 2/10 [00:16<01:07,  8.49s/it][A                 INFO     | >>                            run_libero_eval.py:238
                          Task: pick up the black bowl                          
                          next to the cookie box and                            
                          place it on the plate                                 
                 INFO     | >> Starting episode 3...      run_libero_eval.py:238
                 INFO     | >> EPISODE_MANIFEST           run_libero_eval.py:238
                          {"env_seed": 4108900448,                              
                          "init_state_dtype": "float64",                        
                          "init_state_index": 42,                               
                          "init_state_sha256":                                  
                          "a29feaeb773e6670acd538d81283f5                       
                          9c64b18aec0ff8188abd9a960e160e5                       
                          46f", "init_state_shape": [92],                       
                          "model_seed": 2078231310,                             
                          "protocol": "paired",                                 
                          "task_id": 6}                                         
huggingface/tokenizers: The current process just got forked, after parallelism has already been used. Disabling parallelism to avoid deadlocks...
To disable this warning, you can either:
	- Avoid using `tokenizers` before the fork if possible
	- Explicitly set the environment variable TOKENIZERS_PARALLELISM=(true | false)
Saved rollout MP4 at path ./rollouts/2026_09_18/2026_09_18-01_49_48--openvla_oft--episode=63--success=True--task=pick_up_the_black_bowl_next_to_the_cookie_box_and_.mp4
09/18 [02:00:06] INFO     | >> Success: True              run_libero_eval.py:238
                 INFO     | >> # episodes completed so    run_libero_eval.py:238
                          far: 63                                               
09/18 [02:00:07] INFO     | >> # successes: 56 (88.9%)    run_libero_eval.py:238

 30%|███       | 3/10 [00:25<00:59,  8.54s/it][A                 INFO     | >>                            run_libero_eval.py:238
                          Task: pick up the black bowl                          
                          next to the cookie box and                            
                          place it on the plate                                 
                 INFO     | >> Starting episode 4...      run_libero_eval.py:238
                 INFO     | >> EPISODE_MANIFEST           run_libero_eval.py:238
                          {"env_seed": 157503332,                               
                          "init_state_dtype": "float64",                        
                          "init_state_index": 43,                               
                          "init_state_sha256":                                  
                          "784d6b7f4af78c93684ec689685c41                       
                          89cb8524c1dd7187a72d9e1f9d8a95c                       
                          a32", "init_state_shape": [92],                       
                          "model_seed": 1177698361,                             
                          "protocol": "paired",                                 
                          "task_id": 6}                                         
huggingface/tokenizers: The current process just got forked, after parallelism has already been used. Disabling parallelism to avoid deadlocks...
To disable this warning, you can either:
	- Avoid using `tokenizers` before the fork if possible
	- Explicitly set the environment variable TOKENIZERS_PARALLELISM=(true | false)
Saved rollout MP4 at path ./rollouts/2026_09_18/2026_09_18-01_49_48--openvla_oft--episode=64--success=True--task=pick_up_the_black_bowl_next_to_the_cookie_box_and_.mp4
09/18 [02:00:16] INFO     | >> Success: True              run_libero_eval.py:238
                 INFO     | >> # episodes completed so    run_libero_eval.py:238
                          far: 64                                               
                 INFO     | >> # successes: 57 (89.1%)    run_libero_eval.py:238

 40%|████      | 4/10 [00:34<00:52,  8.83s/it][A                 INFO     | >>                            run_libero_eval.py:238
                          Task: pick up the black bowl                          
                          next to the cookie box and                            
                          place it on the plate                                 
                 INFO     | >> Starting episode 5...      run_libero_eval.py:238
                 INFO     | >> EPISODE_MANIFEST           run_libero_eval.py:238
                          {"env_seed": 3940448934,                              
                          "init_state_dtype": "float64",                        
                          "init_state_index": 44,                               
                          "init_state_sha256":                                  
                          "7e22fff4325587d5faa4fb37fd0329                       
                          9da778594382f3b45374672645ff0ec                       
                          3a9", "init_state_shape": [92],                       
                          "model_seed": 1358655103,                             
                          "protocol": "paired",                                 
                          "task_id": 6}                                         
huggingface/tokenizers: The current process just got forked, after parallelism has already been used. Disabling parallelism to avoid deadlocks...
To disable this warning, you can either:
	- Avoid using `tokenizers` before the fork if possible
	- Explicitly set the environment variable TOKENIZERS_PARALLELISM=(true | false)
Saved rollout MP4 at path ./rollouts/2026_09_18/2026_09_18-01_49_48--openvla_oft--episode=65--success=True--task=pick_up_the_black_bowl_next_to_the_cookie_box_and_.mp4
09/18 [02:00:24] INFO     | >> Success: True              run_libero_eval.py:238
                 INFO     | >> # episodes completed so    run_libero_eval.py:238
                          far: 65                                               
                 INFO     | >> # successes: 58 (89.2%)    run_libero_eval.py:238

 50%|█████     | 5/10 [00:43<00:43,  8.72s/it][A                 INFO     | >>                            run_libero_eval.py:238
                          Task: pick up the black bowl                          
                          next to the cookie box and                            
                          place it on the plate                                 
                 INFO     | >> Starting episode 6...      run_libero_eval.py:238
                 INFO     | >> EPISODE_MANIFEST           run_libero_eval.py:238
                          {"env_seed": 3872737533,                              
                          "init_state_dtype": "float64",                        
                          "init_state_index": 45,                               
                          "init_state_sha256":                                  
                          "1a69936d7667002d0f9639fc59707a                       
                          6dd8a522a9d5d0fc6457165b8e4951e                       
                          87d", "init_state_shape": [92],                       
                          "model_seed": 3608390160,                             
                          "protocol": "paired",                                 
                          "task_id": 6}                                         
huggingface/tokenizers: The current process just got forked, after parallelism has already been used. Disabling parallelism to avoid deadlocks...
To disable this warning, you can either:
	- Avoid using `tokenizers` before the fork if possible
	- Explicitly set the environment variable TOKENIZERS_PARALLELISM=(true | false)
Saved rollout MP4 at path ./rollouts/2026_09_18/2026_09_18-01_49_48--openvla_oft--episode=66--success=True--task=pick_up_the_black_bowl_next_to_the_cookie_box_and_.mp4
09/18 [02:00:33] INFO     | >> Success: True              run_libero_eval.py:238
                 INFO     | >> # episodes completed so    run_libero_eval.py:238
                          far: 66                                               
                 INFO     | >> # successes: 59 (89.4%)    run_libero_eval.py:238

 60%|██████    | 6/10 [00:52<00:34,  8.75s/it][A                 INFO     | >>                            run_libero_eval.py:238
                          Task: pick up the black bowl                          
                          next to the cookie box and                            
                          place it on the plate                                 
                 INFO     | >> Starting episode 7...      run_libero_eval.py:238
                 INFO     | >> EPISODE_MANIFEST           run_libero_eval.py:238
                          {"env_seed": 1100020953,                              
                          "init_state_dtype": "float64",                        
                          "init_state_index": 46,                               
                          "init_state_sha256":                                  
                          "f5e40a343e382819bf45003eebc2bb                       
                          909ed5dc124e04a2f01515664a03f87                       
                          1e6", "init_state_shape": [92],                       
                          "model_seed": 4087587385,                             
                          "protocol": "paired",                                 
                          "task_id": 6}                                         
huggingface/tokenizers: The current process just got forked, after parallelism has already been used. Disabling parallelism to avoid deadlocks...
To disable this warning, you can either:
	- Avoid using `tokenizers` before the fork if possible
	- Explicitly set the environment variable TOKENIZERS_PARALLELISM=(true | false)
Saved rollout MP4 at path ./rollouts/2026_09_18/2026_09_18-01_49_48--openvla_oft--episode=67--success=True--task=pick_up_the_black_bowl_next_to_the_cookie_box_and_.mp4
09/18 [02:00:43] INFO     | >> Success: True              run_libero_eval.py:238
                 INFO     | >> # episodes completed so    run_libero_eval.py:238
                          far: 67                                               
                 INFO     | >> # successes: 60 (89.6%)    run_libero_eval.py:238

 70%|███████   | 7/10 [01:01<00:26,  8.99s/it][A                 INFO     | >>                            run_libero_eval.py:238
                          Task: pick up the black bowl                          
                          next to the cookie box and                            
                          place it on the plate                                 
                 INFO     | >> Starting episode 8...      run_libero_eval.py:238
                 INFO     | >> EPISODE_MANIFEST           run_libero_eval.py:238
                          {"env_seed": 4051934205,                              
                          "init_state_dtype": "float64",                        
                          "init_state_index": 47,                               
                          "init_state_sha256":                                  
                          "ff2ce0348bbfc80f7d09be07a05e9f                       
                          04b11c41ba280d6f2587356b4434f23                       
                          b95", "init_state_shape": [92],                       
                          "model_seed": 2271210947,                             
                          "protocol": "paired",                                 
                          "task_id": 6}                                         
huggingface/tokenizers: The current process just got forked, after parallelism has already been used. Disabling parallelism to avoid deadlocks...
To disable this warning, you can either:
	- Avoid using `tokenizers` before the fork if possible
	- Explicitly set the environment variable TOKENIZERS_PARALLELISM=(true | false)
Saved rollout MP4 at path ./rollouts/2026_09_18/2026_09_18-01_49_48--openvla_oft--episode=68--success=True--task=pick_up_the_black_bowl_next_to_the_cookie_box_and_.mp4
09/18 [02:00:52] INFO     | >> Success: True              run_libero_eval.py:238
                 INFO     | >> # episodes completed so    run_libero_eval.py:238
                          far: 68                                               
                 INFO     | >> # successes: 61 (89.7%)    run_libero_eval.py:238

 80%|████████  | 8/10 [01:10<00:18,  9.02s/it][A                 INFO     | >>                            run_libero_eval.py:238
                          Task: pick up the black bowl                          
                          next to the cookie box and                            
                          place it on the plate                                 
                 INFO     | >> Starting episode 9...      run_libero_eval.py:238
                 INFO     | >> EPISODE_MANIFEST           run_libero_eval.py:238
                          {"env_seed": 80968398,                                
                          "init_state_dtype": "float64",                        
                          "init_state_index": 48,                               
                          "init_state_sha256":                                  
                          "124743d27a771973786e97ccb89ce9                       
                          8d8554be780a10c6ad7faeb6150af09                       
                          d79", "init_state_shape": [92],                       
                          "model_seed": 3599038561,                             
                          "protocol": "paired",                                 
                          "task_id": 6}                                         
huggingface/tokenizers: The current process just got forked, after parallelism has already been used. Disabling parallelism to avoid deadlocks...
To disable this warning, you can either:
	- Avoid using `tokenizers` before the fork if possible
	- Explicitly set the environment variable TOKENIZERS_PARALLELISM=(true | false)
Saved rollout MP4 at path ./rollouts/2026_09_18/2026_09_18-01_49_48--openvla_oft--episode=69--success=True--task=pick_up_the_black_bowl_next_to_the_cookie_box_and_.mp4
09/18 [02:01:01] INFO     | >> Success: True              run_libero_eval.py:238
                 INFO     | >> # episodes completed so    run_libero_eval.py:238
                          far: 69                                               
                 INFO     | >> # successes: 62 (89.9%)    run_libero_eval.py:238

 90%|█████████ | 9/10 [01:19<00:09,  9.01s/it][A                 INFO     | >>                            run_libero_eval.py:238
                          Task: pick up the black bowl                          
                          next to the cookie box and                            
                          place it on the plate                                 
                 INFO     | >> Starting episode 10...     run_libero_eval.py:238
                 INFO     | >> EPISODE_MANIFEST           run_libero_eval.py:238
                          {"env_seed": 3102821187,                              
                          "init_state_dtype": "float64",                        
                          "init_state_index": 49,                               
                          "init_state_sha256":                                  
                          "3a892e49c8d9eed6572b7712beddd7                       
                          6effe0a27d65b6fb1572e40afe5e3bd                       
                          0c0", "init_state_shape": [92],                       
                          "model_seed": 912153937,                              
                          "protocol": "paired",                                 
                          "task_id": 6}                                         
huggingface/tokenizers: The current process just got forked, after parallelism has already been used. Disabling parallelism to avoid deadlocks...
To disable this warning, you can either:
	- Avoid using `tokenizers` before the fork if possible
	- Explicitly set the environment variable TOKENIZERS_PARALLELISM=(true | false)
Saved rollout MP4 at path ./rollouts/2026_09_18/2026_09_18-01_49_48--openvla_oft--episode=70--success=True--task=pick_up_the_black_bowl_next_to_the_cookie_box_and_.mp4
09/18 [02:01:10] INFO     | >> Success: True              run_libero_eval.py:238
                 INFO     | >> # episodes completed so    run_libero_eval.py:238
                          far: 70                                               
                 INFO     | >> # successes: 63 (90.0%)    run_libero_eval.py:238

100%|██████████| 10/10 [01:28<00:00,  9.10s/it][A100%|██████████| 10/10 [01:28<00:00,  8.90s/it]
                 INFO     | >> Current task success rate: run_libero_eval.py:238
                          1.0                                                   
                 INFO     | >> Current total success      run_libero_eval.py:238
                          rate: 0.9                                             
 70%|███████   | 7/10 [10:59<04:45, 95.19s/it]09/18 [02:01:11] INFO     | >> Using default initial      run_libero_eval.py:238
                          states                                                

  0%|          | 0/10 [00:00<?, ?it/s][A09/18 [02:01:14] INFO     | >>                            run_libero_eval.py:238
                          Task: pick up the black bowl on                       
                          the stove and place it on the                         
                          plate                                                 
                 INFO     | >> Starting episode 1...      run_libero_eval.py:238
                 INFO     | >> EPISODE_MANIFEST           run_libero_eval.py:238
                          {"env_seed": 2104521888,                              
                          "init_state_dtype": "float64",                        
                          "init_state_index": 40,                               
                          "init_state_sha256":                                  
                          "0f960fd4067c1a2f83622ba7fc4ef5                       
                          e113a40a1e6efa6ce7cb4fe48bfe0f3                       
                          817", "init_state_shape": [92],                       
                          "model_seed": 3570423750,                             
                          "protocol": "paired",                                 
                          "task_id": 7}                                         
huggingface/tokenizers: The current process just got forked, after parallelism has already been used. Disabling parallelism to avoid deadlocks...
To disable this warning, you can either:
	- Avoid using `tokenizers` before the fork if possible
	- Explicitly set the environment variable TOKENIZERS_PARALLELISM=(true | false)
Saved rollout MP4 at path ./rollouts/2026_09_18/2026_09_18-01_49_48--openvla_oft--episode=71--success=True--task=pick_up_the_black_bowl_on_the_stove_and_place_it_o.mp4
09/18 [02:01:25] INFO     | >> Success: True              run_libero_eval.py:238
                 INFO     | >> # episodes completed so    run_libero_eval.py:238
                          far: 71                                               
                 INFO     | >> # successes: 64 (90.1%)    run_libero_eval.py:238

 10%|█         | 1/10 [00:10<01:36, 10.71s/it][A                 INFO     | >>                            run_libero_eval.py:238
                          Task: pick up the black bowl on                       
                          the stove and place it on the                         
                          plate                                                 
                 INFO     | >> Starting episode 2...      run_libero_eval.py:238
                 INFO     | >> EPISODE_MANIFEST           run_libero_eval.py:238
                          {"env_seed": 738023324,                               
                          "init_state_dtype": "float64",                        
                          "init_state_index": 41,                               
                          "init_state_sha256":                                  
                          "2e659d845fe172789d7f5203ffc231                       
                          ec5ad87a24d27a566df48530a873a86                       
                          118", "init_state_shape": [92],                       
                          "model_seed": 1198636422,                             
                          "protocol": "paired",                                 
                          "task_id": 7}                                         
huggingface/tokenizers: The current process just got forked, after parallelism has already been used. Disabling parallelism to avoid deadlocks...
To disable this warning, you can either:
	- Avoid using `tokenizers` before the fork if possible
	- Explicitly set the environment variable TOKENIZERS_PARALLELISM=(true | false)
Saved rollout MP4 at path ./rollouts/2026_09_18/2026_09_18-01_49_48--openvla_oft--episode=72--success=True--task=pick_up_the_black_bowl_on_the_stove_and_place_it_o.mp4
09/18 [02:01:35] INFO     | >> Success: True              run_libero_eval.py:238
                 INFO     | >> # episodes completed so    run_libero_eval.py:238
                          far: 72                                               
                 INFO     | >> # successes: 65 (90.3%)    run_libero_eval.py:238

 20%|██        | 2/10 [00:21<01:25, 10.75s/it][A                 INFO     | >>                            run_libero_eval.py:238
                          Task: pick up the black bowl on                       
                          the stove and place it on the                         
                          plate                                                 
                 INFO     | >> Starting episode 3...      run_libero_eval.py:238
                 INFO     | >> EPISODE_MANIFEST           run_libero_eval.py:238
                          {"env_seed": 1873601083,                              
                          "init_state_dtype": "float64",                        
                          "init_state_index": 42,                               
                          "init_state_sha256":                                  
                          "bfc79b8f6dd96665273afd33777eb3                       
                          a9bf8d75e952e841e34679a582a11a9                       
                          510", "init_state_shape": [92],                       
                          "model_seed": 2048526989,                             
                          "protocol": "paired",                                 
                          "task_id": 7}                                         
huggingface/tokenizers: The current process just got forked, after parallelism has already been used. Disabling parallelism to avoid deadlocks...
To disable this warning, you can either:
	- Avoid using `tokenizers` before the fork if possible
	- Explicitly set the environment variable TOKENIZERS_PARALLELISM=(true | false)
Saved rollout MP4 at path ./rollouts/2026_09_18/2026_09_18-01_49_48--openvla_oft--episode=73--success=False--task=pick_up_the_black_bowl_on_the_stove_and_place_it_o.mp4
09/18 [02:01:50] INFO     | >> Success: False             run_libero_eval.py:238
                 INFO     | >> # episodes completed so    run_libero_eval.py:238
                          far: 73                                               
                 INFO     | >> # successes: 65 (89.0%)    run_libero_eval.py:238

 30%|███       | 3/10 [00:36<01:28, 12.63s/it][A                 INFO     | >>                            run_libero_eval.py:238
                          Task: pick up the black bowl on                       
                          the stove and place it on the                         
                          plate                                                 
                 INFO     | >> Starting episode 4...      run_libero_eval.py:238
                 INFO     | >> EPISODE_MANIFEST           run_libero_eval.py:238
                          {"env_seed": 3887693879,                              
                          "init_state_dtype": "float64",                        
                          "init_state_index": 43,                               
                          "init_state_sha256":                                  
                          "556325182705a8ca40f2226c9b0c46                       
                          ddcbc83d7e7017a24b9a4690feb5926                       
                          539", "init_state_shape": [92],                       
                          "model_seed": 2968814618,                             
                          "protocol": "paired",                                 
                          "task_id": 7}                                         
huggingface/tokenizers: The current process just got forked, after parallelism has already been used. Disabling parallelism to avoid deadlocks...
To disable this warning, you can either:
	- Avoid using `tokenizers` before the fork if possible
	- Explicitly set the environment variable TOKENIZERS_PARALLELISM=(true | false)
Saved rollout MP4 at path ./rollouts/2026_09_18/2026_09_18-01_49_48--openvla_oft--episode=74--success=True--task=pick_up_the_black_bowl_on_the_stove_and_place_it_o.mp4
09/18 [02:02:00] INFO     | >> Success: True              run_libero_eval.py:238
                 INFO     | >> # episodes completed so    run_libero_eval.py:238
                          far: 74                                               
                 INFO     | >> # successes: 66 (89.2%)    run_libero_eval.py:238

 40%|████      | 4/10 [00:46<01:08, 11.47s/it][A                 INFO     | >>                            run_libero_eval.py:238
                          Task: pick up the black bowl on                       
                          the stove and place it on the                         
                          plate                                                 
                 INFO     | >> Starting episode 5...      run_libero_eval.py:238
                 INFO     | >> EPISODE_MANIFEST           run_libero_eval.py:238
                          {"env_seed": 1275533594,                              
                          "init_state_dtype": "float64",                        
                          "init_state_index": 44,                               
                          "init_state_sha256":                                  
                          "c45776292c48d3a8dd383cbcf01ceb                       
                          8139867b6010a0056b47ca42fb1180b                       
                          760", "init_state_shape": [92],                       
                          "model_seed": 691339280,                              
                          "protocol": "paired",                                 
                          "task_id": 7}                                         
huggingface/tokenizers: The current process just got forked, after parallelism has already been used. Disabling parallelism to avoid deadlocks...
To disable this warning, you can either:
	- Avoid using `tokenizers` before the fork if possible
	- Explicitly set the environment variable TOKENIZERS_PARALLELISM=(true | false)
Saved rollout MP4 at path ./rollouts/2026_09_18/2026_09_18-01_49_48--openvla_oft--episode=75--success=True--task=pick_up_the_black_bowl_on_the_stove_and_place_it_o.mp4
09/18 [02:02:10] INFO     | >> Success: True              run_libero_eval.py:238
                 INFO     | >> # episodes completed so    run_libero_eval.py:238
                          far: 75                                               
                 INFO     | >> # successes: 67 (89.3%)    run_libero_eval.py:238

 50%|█████     | 5/10 [00:55<00:54, 10.85s/it][A                 INFO     | >>                            run_libero_eval.py:238
                          Task: pick up the black bowl on                       
                          the stove and place it on the                         
                          plate                                                 
                 INFO     | >> Starting episode 6...      run_libero_eval.py:238
                 INFO     | >> EPISODE_MANIFEST           run_libero_eval.py:238
                          {"env_seed": 2906979937,                              
                          "init_state_dtype": "float64",                        
                          "init_state_index": 45,                               
                          "init_state_sha256":                                  
                          "6830b4e68d19d9574651c79c44be95                       
                          819fb61f8bdb0395f912d650c32bded                       
                          9bb", "init_state_shape": [92],                       
                          "model_seed": 1733443500,                             
                          "protocol": "paired",                                 
                          "task_id": 7}                                         
huggingface/tokenizers: The current process just got forked, after parallelism has already been used. Disabling parallelism to avoid deadlocks...
To disable this warning, you can either:
	- Avoid using `tokenizers` before the fork if possible
	- Explicitly set the environment variable TOKENIZERS_PARALLELISM=(true | false)
Saved rollout MP4 at path ./rollouts/2026_09_18/2026_09_18-01_49_48--openvla_oft--episode=76--success=True--task=pick_up_the_black_bowl_on_the_stove_and_place_it_o.mp4
09/18 [02:02:19] INFO     | >> Success: True              run_libero_eval.py:238
                 INFO     | >> # episodes completed so    run_libero_eval.py:238
                          far: 76                                               
                 INFO     | >> # successes: 68 (89.5%)    run_libero_eval.py:238

 60%|██████    | 6/10 [01:05<00:41, 10.38s/it][A                 INFO     | >>                            run_libero_eval.py:238
                          Task: pick up the black bowl on                       
                          the stove and place it on the                         
                          plate                                                 
                 INFO     | >> Starting episode 7...      run_libero_eval.py:238
                 INFO     | >> EPISODE_MANIFEST           run_libero_eval.py:238
                          {"env_seed": 1308179430,                              
                          "init_state_dtype": "float64",                        
                          "init_state_index": 46,                               
                          "init_state_sha256":                                  
                          "652690e243bfc1d53ca4115864adc4                       
                          a7587623c127abb19242135faffed8a                       
                          9ce", "init_state_shape": [92],                       
                          "model_seed": 742969919,                              
                          "protocol": "paired",                                 
                          "task_id": 7}                                         
huggingface/tokenizers: The current process just got forked, after parallelism has already been used. Disabling parallelism to avoid deadlocks...
To disable this warning, you can either:
	- Avoid using `tokenizers` before the fork if possible
	- Explicitly set the environment variable TOKENIZERS_PARALLELISM=(true | false)
Saved rollout MP4 at path ./rollouts/2026_09_18/2026_09_18-01_49_48--openvla_oft--episode=77--success=True--task=pick_up_the_black_bowl_on_the_stove_and_place_it_o.mp4
09/18 [02:02:29] INFO     | >> Success: True              run_libero_eval.py:238
                 INFO     | >> # episodes completed so    run_libero_eval.py:238
                          far: 77                                               
                 INFO     | >> # successes: 69 (89.6%)    run_libero_eval.py:238

 70%|███████   | 7/10 [01:14<00:30, 10.10s/it][A                 INFO     | >>                            run_libero_eval.py:238
                          Task: pick up the black bowl on                       
                          the stove and place it on the                         
                          plate                                                 
                 INFO     | >> Starting episode 8...      run_libero_eval.py:238
                 INFO     | >> EPISODE_MANIFEST           run_libero_eval.py:238
                          {"env_seed": 1972629738,                              
                          "init_state_dtype": "float64",                        
                          "init_state_index": 47,                               
                          "init_state_sha256":                                  
                          "62add5097e9d617e5a0012137a6802                       
                          ed0bfde98849fd6c58003ae5d799875                       
                          1fc", "init_state_shape": [92],                       
                          "model_seed": 1934989639,                             
                          "protocol": "paired",                                 
                          "task_id": 7}                                         
huggingface/tokenizers: The current process just got forked, after parallelism has already been used. Disabling parallelism to avoid deadlocks...
To disable this warning, you can either:
	- Avoid using `tokenizers` before the fork if possible
	- Explicitly set the environment variable TOKENIZERS_PARALLELISM=(true | false)
Saved rollout MP4 at path ./rollouts/2026_09_18/2026_09_18-01_49_48--openvla_oft--episode=78--success=True--task=pick_up_the_black_bowl_on_the_stove_and_place_it_o.mp4
09/18 [02:02:38] INFO     | >> Success: True              run_libero_eval.py:238
                 INFO     | >> # episodes completed so    run_libero_eval.py:238
                          far: 78                                               
                 INFO     | >> # successes: 70 (89.7%)    run_libero_eval.py:238

 80%|████████  | 8/10 [01:24<00:19,  9.84s/it][A                 INFO     | >>                            run_libero_eval.py:238
                          Task: pick up the black bowl on                       
                          the stove and place it on the                         
                          plate                                                 
                 INFO     | >> Starting episode 9...      run_libero_eval.py:238
                 INFO     | >> EPISODE_MANIFEST           run_libero_eval.py:238
                          {"env_seed": 3416793725,                              
                          "init_state_dtype": "float64",                        
                          "init_state_index": 48,                               
                          "init_state_sha256":                                  
                          "2a3816644356e20bf708f08425cf2a                       
                          f1aa93a19eacb147198b68e3753335d                       
                          788", "init_state_shape": [92],                       
                          "model_seed": 1359267905,                             
                          "protocol": "paired",                                 
                          "task_id": 7}                                         
huggingface/tokenizers: The current process just got forked, after parallelism has already been used. Disabling parallelism to avoid deadlocks...
To disable this warning, you can either:
	- Avoid using `tokenizers` before the fork if possible
	- Explicitly set the environment variable TOKENIZERS_PARALLELISM=(true | false)
Saved rollout MP4 at path ./rollouts/2026_09_18/2026_09_18-01_49_48--openvla_oft--episode=79--success=True--task=pick_up_the_black_bowl_on_the_stove_and_place_it_o.mp4
09/18 [02:02:47] INFO     | >> Success: True              run_libero_eval.py:238
                 INFO     | >> # episodes completed so    run_libero_eval.py:238
                          far: 79                                               
                 INFO     | >> # successes: 71 (89.9%)    run_libero_eval.py:238

 90%|█████████ | 9/10 [01:33<00:09,  9.73s/it][A                 INFO     | >>                            run_libero_eval.py:238
                          Task: pick up the black bowl on                       
                          the stove and place it on the                         
                          plate                                                 
                 INFO     | >> Starting episode 10...     run_libero_eval.py:238
                 INFO     | >> EPISODE_MANIFEST           run_libero_eval.py:238
                          {"env_seed": 2176902890,                              
                          "init_state_dtype": "float64",                        
                          "init_state_index": 49,                               
                          "init_state_sha256":                                  
                          "1ded5e57130dd32724935dafa2bb36                       
                          401940812bfffeeca16980851c31ee4                       
                          fb6", "init_state_shape": [92],                       
                          "model_seed": 1318497224,                             
                          "protocol": "paired",                                 
                          "task_id": 7}                                         
huggingface/tokenizers: The current process just got forked, after parallelism has already been used. Disabling parallelism to avoid deadlocks...
To disable this warning, you can either:
	- Avoid using `tokenizers` before the fork if possible
	- Explicitly set the environment variable TOKENIZERS_PARALLELISM=(true | false)
Saved rollout MP4 at path ./rollouts/2026_09_18/2026_09_18-01_49_48--openvla_oft--episode=80--success=False--task=pick_up_the_black_bowl_on_the_stove_and_place_it_o.mp4
09/18 [02:03:02] INFO     | >> Success: False             run_libero_eval.py:238
                 INFO     | >> # episodes completed so    run_libero_eval.py:238
                          far: 80                                               
                 INFO     | >> # successes: 71 (88.8%)    run_libero_eval.py:238

100%|██████████| 10/10 [01:48<00:00, 11.38s/it][A100%|██████████| 10/10 [01:48<00:00, 10.86s/it]
                 INFO     | >> Current task success rate: run_libero_eval.py:238
                          0.8                                                   
                 INFO     | >> Current total success      run_libero_eval.py:238
                          rate: 0.8875                                          
 80%|████████  | 8/10 [12:52<03:21, 100.63s/it]09/18 [02:03:03] INFO     | >> Using default initial      run_libero_eval.py:238
                          states                                                

  0%|          | 0/10 [00:00<?, ?it/s][A09/18 [02:03:06] INFO     | >>                            run_libero_eval.py:238
                          Task: pick up the black bowl                          
                          next to the plate and place it                        
                          on the plate                                          
                 INFO     | >> Starting episode 1...      run_libero_eval.py:238
                 INFO     | >> EPISODE_MANIFEST           run_libero_eval.py:238
                          {"env_seed": 2738988379,                              
                          "init_state_dtype": "float64",                        
                          "init_state_index": 40,                               
                          "init_state_sha256":                                  
                          "d9d6a60fa49009cd94a9e94c31a0e0                       
                          be97f9e779c63790e949c5467adc113                       
                          104", "init_state_shape": [92],                       
                          "model_seed": 3631523744,                             
                          "protocol": "paired",                                 
                          "task_id": 8}                                         
huggingface/tokenizers: The current process just got forked, after parallelism has already been used. Disabling parallelism to avoid deadlocks...
To disable this warning, you can either:
	- Avoid using `tokenizers` before the fork if possible
	- Explicitly set the environment variable TOKENIZERS_PARALLELISM=(true | false)
Saved rollout MP4 at path ./rollouts/2026_09_18/2026_09_18-01_49_48--openvla_oft--episode=81--success=True--task=pick_up_the_black_bowl_next_to_the_plate_and_place.mp4
09/18 [02:03:14] INFO     | >> Success: True              run_libero_eval.py:238
                 INFO     | >> # episodes completed so    run_libero_eval.py:238
                          far: 81                                               
                 INFO     | >> # successes: 72 (88.9%)    run_libero_eval.py:238

 10%|█         | 1/10 [00:08<01:14,  8.26s/it][A                 INFO     | >>                            run_libero_eval.py:238
                          Task: pick up the black bowl                          
                          next to the plate and place it                        
                          on the plate                                          
                 INFO     | >> Starting episode 2...      run_libero_eval.py:238
                 INFO     | >> EPISODE_MANIFEST           run_libero_eval.py:238
                          {"env_seed": 1746279148,                              
                          "init_state_dtype": "float64",                        
                          "init_state_index": 41,                               
                          "init_state_sha256":                                  
                          "971b3c143a1181c66654263d2a7626                       
                          35655c74548ed2c53b45434d3f9d7b6                       
                          fbd", "init_state_shape": [92],                       
                          "model_seed": 2806874025,                             
                          "protocol": "paired",                                 
                          "task_id": 8}                                         
huggingface/tokenizers: The current process just got forked, after parallelism has already been used. Disabling parallelism to avoid deadlocks...
To disable this warning, you can either:
	- Avoid using `tokenizers` before the fork if possible
	- Explicitly set the environment variable TOKENIZERS_PARALLELISM=(true | false)
Saved rollout MP4 at path ./rollouts/2026_09_18/2026_09_18-01_49_48--openvla_oft--episode=82--success=True--task=pick_up_the_black_bowl_next_to_the_plate_and_place.mp4
09/18 [02:03:22] INFO     | >> Success: True              run_libero_eval.py:238
                 INFO     | >> # episodes completed so    run_libero_eval.py:238
                          far: 82                                               
                 INFO     | >> # successes: 73 (89.0%)    run_libero_eval.py:238

 20%|██        | 2/10 [00:16<01:07,  8.41s/it][A                 INFO     | >>                            run_libero_eval.py:238
                          Task: pick up the black bowl                          
                          next to the plate and place it                        
                          on the plate                                          
                 INFO     | >> Starting episode 3...      run_libero_eval.py:238
                 INFO     | >> EPISODE_MANIFEST           run_libero_eval.py:238
                          {"env_seed": 3448385024,                              
                          "init_state_dtype": "float64",                        
                          "init_state_index": 42,                               
                          "init_state_sha256":                                  
                          "71a148ed02b7d1a30edd1a7017aea8                       
                          24a15aa2f35d666667b5117d0c393c2                       
                          0e4", "init_state_shape": [92],                       
                          "model_seed": 1536421897,                             
                          "protocol": "paired",                                 
                          "task_id": 8}                                         
huggingface/tokenizers: The current process just got forked, after parallelism has already been used. Disabling parallelism to avoid deadlocks...
To disable this warning, you can either:
	- Avoid using `tokenizers` before the fork if possible
	- Explicitly set the environment variable TOKENIZERS_PARALLELISM=(true | false)
Saved rollout MP4 at path ./rollouts/2026_09_18/2026_09_18-01_49_48--openvla_oft--episode=83--success=True--task=pick_up_the_black_bowl_next_to_the_plate_and_place.mp4
09/18 [02:03:31] INFO     | >> Success: True              run_libero_eval.py:238
                 INFO     | >> # episodes completed so    run_libero_eval.py:238
                          far: 83                                               
                 INFO     | >> # successes: 74 (89.2%)    run_libero_eval.py:238

 30%|███       | 3/10 [00:25<00:58,  8.42s/it][A                 INFO     | >>                            run_libero_eval.py:238
                          Task: pick up the black bowl                          
                          next to the plate and place it                        
                          on the plate                                          
                 INFO     | >> Starting episode 4...      run_libero_eval.py:238
                 INFO     | >> EPISODE_MANIFEST           run_libero_eval.py:238
                          {"env_seed": 2753027120,                              
                          "init_state_dtype": "float64",                        
                          "init_state_index": 43,                               
                          "init_state_sha256":                                  
                          "e39a09cba440d5966ac8ad8b1c4041                       
                          90d7eed8d30db48b25ce2d92c68f85b                       
                          9e4", "init_state_shape": [92],                       
                          "model_seed": 4016870129,                             
                          "protocol": "paired",                                 
                          "task_id": 8}                                         
huggingface/tokenizers: The current process just got forked, after parallelism has already been used. Disabling parallelism to avoid deadlocks...
To disable this warning, you can either:
	- Avoid using `tokenizers` before the fork if possible
	- Explicitly set the environment variable TOKENIZERS_PARALLELISM=(true | false)
Saved rollout MP4 at path ./rollouts/2026_09_18/2026_09_18-01_49_48--openvla_oft--episode=84--success=True--task=pick_up_the_black_bowl_next_to_the_plate_and_place.mp4
09/18 [02:03:39] INFO     | >> Success: True              run_libero_eval.py:238
                 INFO     | >> # episodes completed so    run_libero_eval.py:238
                          far: 84                                               
                 INFO     | >> # successes: 75 (89.3%)    run_libero_eval.py:238

 40%|████      | 4/10 [00:33<00:50,  8.36s/it][A                 INFO     | >>                            run_libero_eval.py:238
                          Task: pick up the black bowl                          
                          next to the plate and place it                        
                          on the plate                                          
                 INFO     | >> Starting episode 5...      run_libero_eval.py:238
                 INFO     | >> EPISODE_MANIFEST           run_libero_eval.py:238
                          {"env_seed": 1713150280,                              
                          "init_state_dtype": "float64",                        
                          "init_state_index": 44,                               
                          "init_state_sha256":                                  
                          "9f8985d1386b3181771f006bec125c                       
                          44428502fff1a0c7e2c1b5b39b40fd7                       
                          5db", "init_state_shape": [92],                       
                          "model_seed": 1519658192,                             
                          "protocol": "paired",                                 
                          "task_id": 8}                                         
huggingface/tokenizers: The current process just got forked, after parallelism has already been used. Disabling parallelism to avoid deadlocks...
To disable this warning, you can either:
	- Avoid using `tokenizers` before the fork if possible
	- Explicitly set the environment variable TOKENIZERS_PARALLELISM=(true | false)
Saved rollout MP4 at path ./rollouts/2026_09_18/2026_09_18-01_49_48--openvla_oft--episode=85--success=True--task=pick_up_the_black_bowl_next_to_the_plate_and_place.mp4
09/18 [02:03:47] INFO     | >> Success: True              run_libero_eval.py:238
                 INFO     | >> # episodes completed so    run_libero_eval.py:238
                          far: 85                                               
                 INFO     | >> # successes: 76 (89.4%)    run_libero_eval.py:238

 50%|█████     | 5/10 [00:41<00:41,  8.26s/it][A                 INFO     | >>                            run_libero_eval.py:238
                          Task: pick up the black bowl                          
                          next to the plate and place it                        
                          on the plate                                          
                 INFO     | >> Starting episode 6...      run_libero_eval.py:238
                 INFO     | >> EPISODE_MANIFEST           run_libero_eval.py:238
                          {"env_seed": 3139176122,                              
                          "init_state_dtype": "float64",                        
                          "init_state_index": 45,                               
                          "init_state_sha256":                                  
                          "24f9cfa1728ed262f64521c6b3b3e7                       
                          1cdc52afa97e4e6ab77bccdebc865d0                       
                          7f2", "init_state_shape": [92],                       
                          "model_seed": 3223707390,                             
                          "protocol": "paired",                                 
                          "task_id": 8}                                         
huggingface/tokenizers: The current process just got forked, after parallelism has already been used. Disabling parallelism to avoid deadlocks...
To disable this warning, you can either:
	- Avoid using `tokenizers` before the fork if possible
	- Explicitly set the environment variable TOKENIZERS_PARALLELISM=(true | false)
Saved rollout MP4 at path ./rollouts/2026_09_18/2026_09_18-01_49_48--openvla_oft--episode=86--success=True--task=pick_up_the_black_bowl_next_to_the_plate_and_place.mp4
09/18 [02:03:56] INFO     | >> Success: True              run_libero_eval.py:238
                 INFO     | >> # episodes completed so    run_libero_eval.py:238
                          far: 86                                               
                 INFO     | >> # successes: 77 (89.5%)    run_libero_eval.py:238

 60%|██████    | 6/10 [00:50<00:33,  8.37s/it][A                 INFO     | >>                            run_libero_eval.py:238
                          Task: pick up the black bowl                          
                          next to the plate and place it                        
                          on the plate                                          
                 INFO     | >> Starting episode 7...      run_libero_eval.py:238
                 INFO     | >> EPISODE_MANIFEST           run_libero_eval.py:238
                          {"env_seed": 1778439941,                              
                          "init_state_dtype": "float64",                        
                          "init_state_index": 46,                               
                          "init_state_sha256":                                  
                          "ad9245178ee8387348b1ea63f8448e                       
                          a1ad61eda3014722b5d910f822325ed                       
                          806", "init_state_shape": [92],                       
                          "model_seed": 4828471,                                
                          "protocol": "paired",                                 
                          "task_id": 8}                                         
huggingface/tokenizers: The current process just got forked, after parallelism has already been used. Disabling parallelism to avoid deadlocks...
To disable this warning, you can either:
	- Avoid using `tokenizers` before the fork if possible
	- Explicitly set the environment variable TOKENIZERS_PARALLELISM=(true | false)
Saved rollout MP4 at path ./rollouts/2026_09_18/2026_09_18-01_49_48--openvla_oft--episode=87--success=True--task=pick_up_the_black_bowl_next_to_the_plate_and_place.mp4
09/18 [02:04:04] INFO     | >> Success: True              run_libero_eval.py:238
                 INFO     | >> # episodes completed so    run_libero_eval.py:238
                          far: 87                                               
                 INFO     | >> # successes: 78 (89.7%)    run_libero_eval.py:238

 70%|███████   | 7/10 [00:58<00:24,  8.23s/it][A                 INFO     | >>                            run_libero_eval.py:238
                          Task: pick up the black bowl                          
                          next to the plate and place it                        
                          on the plate                                          
                 INFO     | >> Starting episode 8...      run_libero_eval.py:238
                 INFO     | >> EPISODE_MANIFEST           run_libero_eval.py:238
                          {"env_seed": 842738773,                               
                          "init_state_dtype": "float64",                        
                          "init_state_index": 47,                               
                          "init_state_sha256":                                  
                          "588a468ca5f3513b762bcbdddd64b0                       
                          4b84d53eb09639895413e1f4e84c219                       
                          d6d", "init_state_shape": [92],                       
                          "model_seed": 2040028324,                             
                          "protocol": "paired",                                 
                          "task_id": 8}                                         
huggingface/tokenizers: The current process just got forked, after parallelism has already been used. Disabling parallelism to avoid deadlocks...
To disable this warning, you can either:
	- Avoid using `tokenizers` before the fork if possible
	- Explicitly set the environment variable TOKENIZERS_PARALLELISM=(true | false)
Saved rollout MP4 at path ./rollouts/2026_09_18/2026_09_18-01_49_48--openvla_oft--episode=88--success=True--task=pick_up_the_black_bowl_next_to_the_plate_and_place.mp4
09/18 [02:04:12] INFO     | >> Success: True              run_libero_eval.py:238
                 INFO     | >> # episodes completed so    run_libero_eval.py:238
                          far: 88                                               
                 INFO     | >> # successes: 79 (89.8%)    run_libero_eval.py:238

 80%|████████  | 8/10 [01:06<00:16,  8.15s/it][A                 INFO     | >>                            run_libero_eval.py:238
                          Task: pick up the black bowl                          
                          next to the plate and place it                        
                          on the plate                                          
                 INFO     | >> Starting episode 9...      run_libero_eval.py:238
                 INFO     | >> EPISODE_MANIFEST           run_libero_eval.py:238
                          {"env_seed": 4033137365,                              
                          "init_state_dtype": "float64",                        
                          "init_state_index": 48,                               
                          "init_state_sha256":                                  
                          "7177b22f02f0cee52ce2a47480c5a5                       
                          d9a486e259bc536e049be2731c5b3b2                       
                          319", "init_state_shape": [92],                       
                          "model_seed": 803687494,                              
                          "protocol": "paired",                                 
                          "task_id": 8}                                         
huggingface/tokenizers: The current process just got forked, after parallelism has already been used. Disabling parallelism to avoid deadlocks...
To disable this warning, you can either:
	- Avoid using `tokenizers` before the fork if possible
	- Explicitly set the environment variable TOKENIZERS_PARALLELISM=(true | false)
Saved rollout MP4 at path ./rollouts/2026_09_18/2026_09_18-01_49_48--openvla_oft--episode=89--success=True--task=pick_up_the_black_bowl_next_to_the_plate_and_place.mp4
09/18 [02:04:20] INFO     | >> Success: True              run_libero_eval.py:238
                 INFO     | >> # episodes completed so    run_libero_eval.py:238
                          far: 89                                               
                 INFO     | >> # successes: 80 (89.9%)    run_libero_eval.py:238

 90%|█████████ | 9/10 [01:14<00:08,  8.13s/it][A                 INFO     | >>                            run_libero_eval.py:238
                          Task: pick up the black bowl                          
                          next to the plate and place it                        
                          on the plate                                          
                 INFO     | >> Starting episode 10...     run_libero_eval.py:238
                 INFO     | >> EPISODE_MANIFEST           run_libero_eval.py:238
                          {"env_seed": 3110794515,                              
                          "init_state_dtype": "float64",                        
                          "init_state_index": 49,                               
                          "init_state_sha256":                                  
                          "037f7cfbd5fa5f9191a91bbb76310d                       
                          3ecf0a5355bd4bc977d0757a561a803                       
                          b13", "init_state_shape": [92],                       
                          "model_seed": 2053103887,                             
                          "protocol": "paired",                                 
                          "task_id": 8}                                         
huggingface/tokenizers: The current process just got forked, after parallelism has already been used. Disabling parallelism to avoid deadlocks...
To disable this warning, you can either:
	- Avoid using `tokenizers` before the fork if possible
	- Explicitly set the environment variable TOKENIZERS_PARALLELISM=(true | false)
Saved rollout MP4 at path ./rollouts/2026_09_18/2026_09_18-01_49_48--openvla_oft--episode=90--success=True--task=pick_up_the_black_bowl_next_to_the_plate_and_place.mp4
09/18 [02:04:29] INFO     | >> Success: True              run_libero_eval.py:238
                 INFO     | >> # episodes completed so    run_libero_eval.py:238
                          far: 90                                               
                 INFO     | >> # successes: 81 (90.0%)    run_libero_eval.py:238

100%|██████████| 10/10 [01:23<00:00,  8.45s/it][A100%|██████████| 10/10 [01:23<00:00,  8.33s/it]
                 INFO     | >> Current task success rate: run_libero_eval.py:238
                          1.0                                                   
                 INFO     | >> Current total success      run_libero_eval.py:238
                          rate: 0.9                                             
 90%|█████████ | 9/10 [14:18<01:36, 96.23s/it]                  INFO     | >> Using default initial      run_libero_eval.py:238
                          states                                                

  0%|          | 0/10 [00:00<?, ?it/s][A09/18 [02:04:32] INFO     | >>                            run_libero_eval.py:238
                          Task: pick up the black bowl on                       
                          the wooden cabinet and place it                       
                          on the plate                                          
                 INFO     | >> Starting episode 1...      run_libero_eval.py:238
                 INFO     | >> EPISODE_MANIFEST           run_libero_eval.py:238
                          {"env_seed": 389791207,                               
                          "init_state_dtype": "float64",                        
                          "init_state_index": 40,                               
                          "init_state_sha256":                                  
                          "7b8df71d7e03fa43a0f1b56d133b54                       
                          436fca2b4d3f39a97727c7a8012bbbf                       
                          a6e", "init_state_shape": [92],                       
                          "model_seed": 1317138090,                             
                          "protocol": "paired",                                 
                          "task_id": 9}                                         
huggingface/tokenizers: The current process just got forked, after parallelism has already been used. Disabling parallelism to avoid deadlocks...
To disable this warning, you can either:
	- Avoid using `tokenizers` before the fork if possible
	- Explicitly set the environment variable TOKENIZERS_PARALLELISM=(true | false)
Saved rollout MP4 at path ./rollouts/2026_09_18/2026_09_18-01_49_48--openvla_oft--episode=91--success=True--task=pick_up_the_black_bowl_on_the_wooden_cabinet_and_p.mp4
09/18 [02:04:42] INFO     | >> Success: True              run_libero_eval.py:238
                 INFO     | >> # episodes completed so    run_libero_eval.py:238
                          far: 91                                               
                 INFO     | >> # successes: 82 (90.1%)    run_libero_eval.py:238

 10%|█         | 1/10 [00:09<01:24,  9.41s/it][A                 INFO     | >>                            run_libero_eval.py:238
                          Task: pick up the black bowl on                       
                          the wooden cabinet and place it                       
                          on the plate                                          
                 INFO     | >> Starting episode 2...      run_libero_eval.py:238
                 INFO     | >> EPISODE_MANIFEST           run_libero_eval.py:238
                          {"env_seed": 1183100243,                              
                          "init_state_dtype": "float64",                        
                          "init_state_index": 41,                               
                          "init_state_sha256":                                  
                          "e39a876aedb344b1cb55363d8e0608                       
                          9d59db8a498bb7464c1d1433da797cf                       
                          2e4", "init_state_shape": [92],                       
                          "model_seed": 232999906,                              
                          "protocol": "paired",                                 
                          "task_id": 9}                                         
huggingface/tokenizers: The current process just got forked, after parallelism has already been used. Disabling parallelism to avoid deadlocks...
To disable this warning, you can either:
	- Avoid using `tokenizers` before the fork if possible
	- Explicitly set the environment variable TOKENIZERS_PARALLELISM=(true | false)
Saved rollout MP4 at path ./rollouts/2026_09_18/2026_09_18-01_49_48--openvla_oft--episode=92--success=True--task=pick_up_the_black_bowl_on_the_wooden_cabinet_and_p.mp4
09/18 [02:04:51] INFO     | >> Success: True              run_libero_eval.py:238
                 INFO     | >> # episodes completed so    run_libero_eval.py:238
                          far: 92                                               
                 INFO     | >> # successes: 83 (90.2%)    run_libero_eval.py:238

 20%|██        | 2/10 [00:18<01:15,  9.43s/it][A                 INFO     | >>                            run_libero_eval.py:238
                          Task: pick up the black bowl on                       
                          the wooden cabinet and place it                       
                          on the plate                                          
                 INFO     | >> Starting episode 3...      run_libero_eval.py:238
                 INFO     | >> EPISODE_MANIFEST           run_libero_eval.py:238
                          {"env_seed": 1904589927,                              
                          "init_state_dtype": "float64",                        
                          "init_state_index": 42,                               
                          "init_state_sha256":                                  
                          "0fe73bbfa1e0f61ac6099f7832b3d8                       
                          82fe5a2065f9a841a631664d1485802                       
                          a89", "init_state_shape": [92],                       
                          "model_seed": 2240493145,                             
                          "protocol": "paired",                                 
                          "task_id": 9}                                         
huggingface/tokenizers: The current process just got forked, after parallelism has already been used. Disabling parallelism to avoid deadlocks...
To disable this warning, you can either:
	- Avoid using `tokenizers` before the fork if possible
	- Explicitly set the environment variable TOKENIZERS_PARALLELISM=(true | false)
Saved rollout MP4 at path ./rollouts/2026_09_18/2026_09_18-01_49_48--openvla_oft--episode=93--success=True--task=pick_up_the_black_bowl_on_the_wooden_cabinet_and_p.mp4
09/18 [02:05:01] INFO     | >> Success: True              run_libero_eval.py:238
                 INFO     | >> # episodes completed so    run_libero_eval.py:238
                          far: 93                                               
                 INFO     | >> # successes: 84 (90.3%)    run_libero_eval.py:238

 30%|███       | 3/10 [00:28<01:06,  9.56s/it][A                 INFO     | >>                            run_libero_eval.py:238
                          Task: pick up the black bowl on                       
                          the wooden cabinet and place it                       
                          on the plate                                          
                 INFO     | >> Starting episode 4...      run_libero_eval.py:238
                 INFO     | >> EPISODE_MANIFEST           run_libero_eval.py:238
                          {"env_seed": 1562959251,                              
                          "init_state_dtype": "float64",                        
                          "init_state_index": 43,                               
                          "init_state_sha256":                                  
                          "5c72ed25d3085fb0e4bf59fa63fa3d                       
                          0923a35c60d919946147740cf18d2fc                       
                          5f4", "init_state_shape": [92],                       
                          "model_seed": 1906494545,                             
                          "protocol": "paired",                                 
                          "task_id": 9}                                         
huggingface/tokenizers: The current process just got forked, after parallelism has already been used. Disabling parallelism to avoid deadlocks...
To disable this warning, you can either:
	- Avoid using `tokenizers` before the fork if possible
	- Explicitly set the environment variable TOKENIZERS_PARALLELISM=(true | false)
Saved rollout MP4 at path ./rollouts/2026_09_18/2026_09_18-01_49_48--openvla_oft--episode=94--success=True--task=pick_up_the_black_bowl_on_the_wooden_cabinet_and_p.mp4
09/18 [02:05:10] INFO     | >> Success: True              run_libero_eval.py:238
                 INFO     | >> # episodes completed so    run_libero_eval.py:238
                          far: 94                                               
                 INFO     | >> # successes: 85 (90.4%)    run_libero_eval.py:238

 40%|████      | 4/10 [00:37<00:56,  9.48s/it][A                 INFO     | >>                            run_libero_eval.py:238
                          Task: pick up the black bowl on                       
                          the wooden cabinet and place it                       
                          on the plate                                          
                 INFO     | >> Starting episode 5...      run_libero_eval.py:238
                 INFO     | >> EPISODE_MANIFEST           run_libero_eval.py:238
                          {"env_seed": 362393572,                               
                          "init_state_dtype": "float64",                        
                          "init_state_index": 44,                               
                          "init_state_sha256":                                  
                          "5373a9292930daec72357f2b6da259                       
                          45cf90e28a4e31aef14e10385249dfa                       
                          db8", "init_state_shape": [92],                       
                          "model_seed": 3103604122,                             
                          "protocol": "paired",                                 
                          "task_id": 9}                                         
huggingface/tokenizers: The current process just got forked, after parallelism has already been used. Disabling parallelism to avoid deadlocks...
To disable this warning, you can either:
	- Avoid using `tokenizers` before the fork if possible
	- Explicitly set the environment variable TOKENIZERS_PARALLELISM=(true | false)
Saved rollout MP4 at path ./rollouts/2026_09_18/2026_09_18-01_49_48--openvla_oft--episode=95--success=True--task=pick_up_the_black_bowl_on_the_wooden_cabinet_and_p.mp4
09/18 [02:05:20] INFO     | >> Success: True              run_libero_eval.py:238
                 INFO     | >> # episodes completed so    run_libero_eval.py:238
                          far: 95                                               
                 INFO     | >> # successes: 86 (90.5%)    run_libero_eval.py:238

 50%|█████     | 5/10 [00:47<00:48,  9.62s/it][A                 INFO     | >>                            run_libero_eval.py:238
                          Task: pick up the black bowl on                       
                          the wooden cabinet and place it                       
                          on the plate                                          
                 INFO     | >> Starting episode 6...      run_libero_eval.py:238
                 INFO     | >> EPISODE_MANIFEST           run_libero_eval.py:238
                          {"env_seed": 3486997007,                              
                          "init_state_dtype": "float64",                        
                          "init_state_index": 45,                               
                          "init_state_sha256":                                  
                          "37f936abf77d94b75fac07e590fa26                       
                          37bcbbcf6881a8d40837cae7f17fcf1                       
                          68d", "init_state_shape": [92],                       
                          "model_seed": 3362489072,                             
                          "protocol": "paired",                                 
                          "task_id": 9}                                         
huggingface/tokenizers: The current process just got forked, after parallelism has already been used. Disabling parallelism to avoid deadlocks...
To disable this warning, you can either:
	- Avoid using `tokenizers` before the fork if possible
	- Explicitly set the environment variable TOKENIZERS_PARALLELISM=(true | false)
Saved rollout MP4 at path ./rollouts/2026_09_18/2026_09_18-01_49_48--openvla_oft--episode=96--success=True--task=pick_up_the_black_bowl_on_the_wooden_cabinet_and_p.mp4
09/18 [02:05:30] INFO     | >> Success: True              run_libero_eval.py:238
                 INFO     | >> # episodes completed so    run_libero_eval.py:238
                          far: 96                                               
                 INFO     | >> # successes: 87 (90.6%)    run_libero_eval.py:238

 60%|██████    | 6/10 [00:57<00:38,  9.73s/it][A                 INFO     | >>                            run_libero_eval.py:238
                          Task: pick up the black bowl on                       
                          the wooden cabinet and place it                       
                          on the plate                                          
                 INFO     | >> Starting episode 7...      run_libero_eval.py:238
                 INFO     | >> EPISODE_MANIFEST           run_libero_eval.py:238
                          {"env_seed": 3765230933,                              
                          "init_state_dtype": "float64",                        
                          "init_state_index": 46,                               
                          "init_state_sha256":                                  
                          "511e59296c4beb7b243d57c9e41d76                       
                          2ed8eff497250f796fa65ce2a585b16                       
                          51a", "init_state_shape": [92],                       
                          "model_seed": 2268066207,                             
                          "protocol": "paired",                                 
                          "task_id": 9}                                         
huggingface/tokenizers: The current process just got forked, after parallelism has already been used. Disabling parallelism to avoid deadlocks...
To disable this warning, you can either:
	- Avoid using `tokenizers` before the fork if possible
	- Explicitly set the environment variable TOKENIZERS_PARALLELISM=(true | false)
Saved rollout MP4 at path ./rollouts/2026_09_18/2026_09_18-01_49_48--openvla_oft--episode=97--success=True--task=pick_up_the_black_bowl_on_the_wooden_cabinet_and_p.mp4
09/18 [02:05:40] INFO     | >> Success: True              run_libero_eval.py:238
                 INFO     | >> # episodes completed so    run_libero_eval.py:238
                          far: 97                                               
                 INFO     | >> # successes: 88 (90.7%)    run_libero_eval.py:238

 70%|███████   | 7/10 [01:07<00:29,  9.79s/it][A                 INFO     | >>                            run_libero_eval.py:238
                          Task: pick up the black bowl on                       
                          the wooden cabinet and place it                       
                          on the plate                                          
                 INFO     | >> Starting episode 8...      run_libero_eval.py:238
                 INFO     | >> EPISODE_MANIFEST           run_libero_eval.py:238
                          {"env_seed": 2613388118,                              
                          "init_state_dtype": "float64",                        
                          "init_state_index": 47,                               
                          "init_state_sha256":                                  
                          "d01f488938b9c169d441d381187a80                       
                          4766918fe4394bfd6325e308b20a206                       
                          1d1", "init_state_shape": [92],                       
                          "model_seed": 115556393,                              
                          "protocol": "paired",                                 
                          "task_id": 9}                                         
huggingface/tokenizers: The current process just got forked, after parallelism has already been used. Disabling parallelism to avoid deadlocks...
To disable this warning, you can either:
	- Avoid using `tokenizers` before the fork if possible
	- Explicitly set the environment variable TOKENIZERS_PARALLELISM=(true | false)
Saved rollout MP4 at path ./rollouts/2026_09_18/2026_09_18-01_49_48--openvla_oft--episode=98--success=True--task=pick_up_the_black_bowl_on_the_wooden_cabinet_and_p.mp4
09/18 [02:05:49] INFO     | >> Success: True              run_libero_eval.py:238
                 INFO     | >> # episodes completed so    run_libero_eval.py:238
                          far: 98                                               
                 INFO     | >> # successes: 89 (90.8%)    run_libero_eval.py:238

 80%|████████  | 8/10 [01:17<00:19,  9.71s/it][A                 INFO     | >>                            run_libero_eval.py:238
                          Task: pick up the black bowl on                       
                          the wooden cabinet and place it                       
                          on the plate                                          
                 INFO     | >> Starting episode 9...      run_libero_eval.py:238
                 INFO     | >> EPISODE_MANIFEST           run_libero_eval.py:238
                          {"env_seed": 315129556,                               
                          "init_state_dtype": "float64",                        
                          "init_state_index": 48,                               
                          "init_state_sha256":                                  
                          "e383cb9ca532d15d777684d04e4895                       
                          8e6c86c6a82f7440610bfa47acb6c73                       
                          98f", "init_state_shape": [92],                       
                          "model_seed": 2923982392,                             
                          "protocol": "paired",                                 
                          "task_id": 9}                                         
huggingface/tokenizers: The current process just got forked, after parallelism has already been used. Disabling parallelism to avoid deadlocks...
To disable this warning, you can either:
	- Avoid using `tokenizers` before the fork if possible
	- Explicitly set the environment variable TOKENIZERS_PARALLELISM=(true | false)
Saved rollout MP4 at path ./rollouts/2026_09_18/2026_09_18-01_49_48--openvla_oft--episode=99--success=True--task=pick_up_the_black_bowl_on_the_wooden_cabinet_and_p.mp4
09/18 [02:05:59] INFO     | >> Success: True              run_libero_eval.py:238
                 INFO     | >> # episodes completed so    run_libero_eval.py:238
                          far: 99                                               
                 INFO     | >> # successes: 90 (90.9%)    run_libero_eval.py:238

 90%|█████████ | 9/10 [01:26<00:09,  9.70s/it][A                 INFO     | >>                            run_libero_eval.py:238
                          Task: pick up the black bowl on                       
                          the wooden cabinet and place it                       
                          on the plate                                          
                 INFO     | >> Starting episode 10...     run_libero_eval.py:238
                 INFO     | >> EPISODE_MANIFEST           run_libero_eval.py:238
                          {"env_seed": 3538353301,                              
                          "init_state_dtype": "float64",                        
                          "init_state_index": 49,                               
                          "init_state_sha256":                                  
                          "e3e487c4499d0d6ac7f71956603b8f                       
                          9a9fe84b62afe6b7d2ca622cfbffe3d                       
                          9dd", "init_state_shape": [92],                       
                          "model_seed": 3148363717,                             
                          "protocol": "paired",                                 
                          "task_id": 9}                                         
huggingface/tokenizers: The current process just got forked, after parallelism has already been used. Disabling parallelism to avoid deadlocks...
To disable this warning, you can either:
	- Avoid using `tokenizers` before the fork if possible
	- Explicitly set the environment variable TOKENIZERS_PARALLELISM=(true | false)
Saved rollout MP4 at path ./rollouts/2026_09_18/2026_09_18-01_49_48--openvla_oft--episode=100--success=True--task=pick_up_the_black_bowl_on_the_wooden_cabinet_and_p.mp4
09/18 [02:06:08] INFO     | >> Success: True              run_libero_eval.py:238
                 INFO     | >> # episodes completed so    run_libero_eval.py:238
                          far: 100                                              
                 INFO     | >> # successes: 91 (91.0%)    run_libero_eval.py:238

100%|██████████| 10/10 [01:35<00:00,  9.51s/it][A100%|██████████| 10/10 [01:35<00:00,  9.60s/it]
                 INFO     | >> Current task success rate: run_libero_eval.py:238
                          1.0                                                   
                 INFO     | >> Current total success      run_libero_eval.py:238
                          rate: 0.91                                            
100%|██████████| 10/10 [15:57<00:00, 97.12s/it]100%|██████████| 10/10 [15:57<00:00, 95.77s/it]
                 INFO     | >> Final results:             run_libero_eval.py:238
                 INFO     | >> Total episodes: 100        run_libero_eval.py:238
                 INFO     | >> Total successes: 91        run_libero_eval.py:238
                 INFO     | >> Overall success rate:      run_libero_eval.py:238
                          0.9100 (91.0%)                                        
